id,name,tagline,domain,Location,Investors,Employees (Current),Employees: Growth YoY (%),Investment Stage,Last Funding Amount (USD),LinkedIn Profile (Founders/CEOs),In Energize Affinity,Affinty ID
09e7d456-e9c7-4e22-9fe8-01c4485c5bf5,Fotokite,Autonomous tethered drones for firefighting,fotokite.com,"Zürich, Switzerland",,,,,,,False,1792754
10d4f6c7-7006-4ef4-8dc6-66a056b5a092,Found Energy Co,Hydrogen producer from scrap aluminum,found.energy,"Boston, Massachusetts","['J-Impact', 'Good Growth Capital', 'GiTV', 'Munich Re Ventures', 'the Autodesk Foundation', 'Massachusetts Clean Energy Center (MassCEC)', 'KOMPAS VC', 'Glenfield Partners LTD']",34.0,100.0,Seed,12000000.0,"['Peter Godart (Co-Founder, CEO): https://linkedin.com/in/petergodart', 'Gadi Ruschin (Co-Founder, CBO): https://linkedin.com/in/gadiruschin']",True,287712354
41943b33-b6bc-4ed5-9ccc-bfba8f486de0,Founderful,Invest in pre-seed startups,founderful.com,"Zürich, Switzerland",Not mentioned,67.0,24.0,Investment Fund,140000000.0,,True,294824717
fffe5a6c-b624-4fd8-bdfb-1147805a63ea,four growers,Harvesting robots developer,,,,,,,,,False,Not in Affinity
a366ebc6-d904-401a-b116-5c25354e23b8,Fourier,Modular hydrogen system producer,fourier.earth,"Palo Alto, California","['General Catalyst (Hemant Taneja)', 'Borusan Ventures', 'Positive Ventures', 'Paramark Ventures (Chunsoo Kim)', 'MCJ', 'Airbus Ventures', 'GSBackers']",16.0,0.0,Series A,18500000.0,"['Ali-Amir Aldan (Co-Founder): https://linkedin.com/in/ali-amir-aldan-a2b81b46', 'Siva Yellamraju (Co-Founder, CEO): https://linkedin.com/in/siva-yellamraju-a416b07']",True,289455871
30117179-3eb6-46ae-a54c-f693b4a3a87a,Fox Robotics,Autonomous forklift company,foxrobotics.com,"Austin, TX",,,,,,,False,258478832
e2996c3b-75aa-4de5-80f3-d06c73393b3f,Foxglove,Open-source robotics development platform,foxglove.dev,"San Francisco, California","['Amplify Partners', 'Eclipse Ventures']",42.0,5.0,Series A,15000000.0,"['Adrian Macneil (Co-Founder & CEO): https://linkedin.com/in/adrian-macneil-8259b659', 'Roman Shtylman (Co-Founder): https://linkedin.com/in/roman-shtylman-5b8462165']",True,280878049
c1b6259a-1540-4e78-aad1-b21819f0025c,fpr energy,'Concentrated Solar Thermal' technology,https://fprenergy.com/,,,,,,,,False,Not in Affinity
37780119-27ef-4871-8bf9-9bf5769c0795,Franklin Templeton Investments,Climate impact fund,franklintempleton.com,"San Mateo, CA",,1570.0,0.0,,,,True,1518499
598ecf39-7163-4f5e-a7f8-a07a70dfbc99,FranklinWH,Developer of home battery storage systems,franklinwh.com,"San Jose, CA",,,,,,,False,284328071
5b639c19-f5d4-4286-9cd9-ab729578a628,Freebee,Electric ride-hailing company,ridefreebee.com,"Miami, Florida","['Tensile Mobility', 'bp ventures']",56.0,0.0,Series A,8000000.0,"['Jason Spiegel (Co-Founder & Managing Partner): https://linkedin.com/in/jason-spiegel-4a3406a2', 'Kristopher Kimball (Co-Founder & Managing Partner): https://linkedin.com/in/kristopher-kimball-6a402b88', 'Kris Kimball (Co-Founder & Managing Partner): https://linkedin.com/in/kris-kimball-6a402b88']",True,214736882
e273b690-7fb7-432f-b60b-2a945314709a,freeflow ventures,Invest in human and planetary health challenges,,,,,,,,,False,Not in Affinity
dec69803-d4df-45bd-9e99-ebb5d1a93bd9,FreeWire Technologies,Electric vehicle charging company,freewiretech.com,"Newark, New Jersey","['Silicon Valley Bank', 'Riverstone Holdings', 'TRIREC', 'Daishin Private Equity', 'Alumni Ventures Group', 'Energy Innovation Capital', 'Octave Ventures', 'BP Ventures', 'Blue Bear Capital', 'Gly Capital Management', 'ABB Technology Ventures', 'Strawberry Creek Ventures', 'Oski Clean Energy Partners', 'Volvo Cars Tech Fund', 'BlackRock Financial Management, Inc.', 'others', 'bp ventures', 'Stanley Ventures', 'Spike Ventures']",67.0,-58.9,Series D,125000000.0,"['Arcady Sosinov (CEO, Co-Founder): https://linkedin.com/in/arcady', 'Luv Kothari (Co-Founder): https://linkedin.com/in/lkothari', 'Sanat Kamal Bahl (Cofounder, Chief Technical Product Officer): https://linkedin.com/in/sanatkamal', 'Richard (理查·) Steele (斯蒂) (Chief Engineer / Co-Founder): https://linkedin.com/in/rasteele88', 'Jawann Swislow (Co-Founder): https://linkedin.com/in/jawanns']",True,1719566
a6d3c909-b87e-4f0d-821b-a231134a73da,freezem,Insect farming technology platform,https://freeze-m.com/,,,,,,,,False,Not in Affinity
2e17afe7-09ba-4d40-bbcb-0335915d68dc,Frequenz.io,Autonomous energy management solutions,frequenz.com,"Berlin, Germany","['existing investor 468 Capital', 'Payback founder Alexander Rittweger', 'SET Ventures']",47.0,2.17,Series A,13000000.0,Tom N. (Co-Founder): https://linkedin.com/in/thomasnicolai2,True,223379252
6b4cc226-878a-460a-8e1d-95d4cb8a1f81,freshbus,Provider of an electric bus service in India,,,,,,,,,False,Not in Affinity
f701b044-e1e1-4e03-a92d-f260535fb1d5,freshflowai,AI-powered food supply chain software,freshflow.ai,"Berlin, Germany","['Caesar Ventures', 'Capnamic', 'World Fund', 'Venture Stars']",20.0,17.65,Series A,6500000.0,Carmine Paolino (Co-Founder and CTO): https://linkedin.com/in/carminepaolino,True,282208135
f362f5a9-ba0f-44a3-9220-458279215352,Freterium,Transport management software provider,freterium.com,"Casablanca, Morocco",,,,,,,False,221901736
a3699f68-801c-40e7-8d2b-ae39b5e55c08,FREYA CULTIVATION SYSTEMS,Automated greenhouse systems,freyacultivation.com,"Kaunas, Lithuania",,,,,,,False,293275290
014125c4-ea83-4096-b6d9-d5191a4f6df2,freyr battery,Solar panel assembly facility purchase,,,,,,,,,False,Not in Affinity
2035ea18-51e5-40e3-842f-3b1f0e9cf33e,friendlier,Reusable packaging company,,,,,,,,,False,Not in Affinity
d1429509-a1d5-4202-a4c3-945be29cedaf,Front Range Biosciences,Technology provider for breeding and production of new plant varieties,frontrangebio.com,"Lafayette, CO",,,,,,,False,111631983
0fb6ca9e-b9e2-4eaf-a87e-89ead88fbfa9,frontier,Facilitates carbon removal agreements,,,,,,,,,False,Not in Affinity
82b213ec-3370-4576-ac5b-6f58075da517,Frontline Wildfire Defense System,Wildfire defense company,wildfire.world,"San Francisco, CA",,,,,,,False,271672027
b5f52b2a-656f-4525-a336-9e771011659f,Frore Systems,Active device cooling maker,froresystems.com,"San Jose, California","['Addition', 'MVP Ventures', 'others', 'Mayfield Fund', 'Clear Ventures', 'Prosperity7 Ventures', 'Fidelity Management & Research Company', 'Alumni Ventures', 'Qualcomm Ventures', 'Stepstone Group']",53.0,-3.64,Series C,80000000.0,Seshu Madhavapeddy (Founder & CEO): https://linkedin.com/in/seshumadhavapeddy,True,225080762
7d2bcd96-b9cd-4552-a649-69ccd9abc50e,Automated Fruit Scouting Inc.,Agtech software maker,fruitscout.ai,"Yakima, WA",,,,,,,False,281833465
5b7e76af-4e61-422f-92fc-6e81e52b1688,Frumtak Ventures,"Invest in startups across ocean tech, energy, climate, and more",frumtak.is,Iceland,,,,,,,False,78841651
dfea6040-2a40-4216-80c6-28c2c88e7d43,FSN Capital Partners,'Compass Fund' for purpose-driven companies,fsncapital.com,"Oslo, Norway",,127.0,1.6,Investment Fund,433892000.0,"['Frode Strand-Nielsen (Founder and Managing Partner): https://linkedin.com/in/frode-strand-nielsen-2806ab121', 'Frode Strand-Nielsen (Founder & Managing Partner): https://linkedin.com/in/frode-strand-nielsen-a53a1912']",True,1630515
3c24ce33-3ded-4cd2-b355-f8580cbbaf9b,Fuchs & Eule,Energy efficiency consulting platform,fuchs-eule.de,"Hoppegarten, Germany","['Picus Capital', 'Realyze Ventures', 'SET Ventures']",89.0,0.0,Series A,,"['Thomas Christian Thiele (Co-Founder & CTO): https://linkedin.com/in/computhomas', 'Robin Behlau (Founder & CEO Valyria): https://linkedin.com/in/robin-behlau-9580a118', 'Dr. Friso Zimmermann (Co-Founder & CSO): https://linkedin.com/in/dr-friso-zimmermann-21b665105', 'Steffen Biallas (Co-Founder & Chief Financial Officer): https://linkedin.com/in/steffenbiallas']",True,292423966
d0555767-0945-48d2-a00b-048752acd3a3,FuelCell Energy,Integrated hydrogen fuel cell developer,fuelcellenergy.com,"Danbury, Connecticut",Liberty Bank,425.0,-9.57,Public Markets,6500000.0,,True,1562433
809a4cad-6469-4d6f-adaf-cdfdfac8e79b,FuelFWD,AI-powered platform for renewable fuel compliance,fuelfwd.io,"Rotterdam, Netherlands",,,,,,,False,295924726
cda87777-bc2c-44a0-a278-e0fb62633ac2,FUERGY,Provider of energy storage and management solutions,fuergy.com,"Bratislava, Slovakia",Pro Partners Holding,34.0,0.0,Series C,16000000.0,"['Branislav Kopun (Co-founder and Director of Software Development): https://linkedin.com/in/branislav-kopun-382311', 'Radoslav Stompf (Co Founder): https://linkedin.com/in/radoslav-stompf-86734116a', 'Tomas Demcak (Co-Founder & CIO): https://linkedin.com/in/tomas-demcak-1a8548138', 'Rastislav Kuba (Co-founder & CTO): https://linkedin.com/in/rastislav-kuba-103348171']",True,220369881
fe3949d1-0d1d-4933-8199-1e1739a337a8,fugu carbon,CO2 capture technology made from mass-manufactured parts,https://fugucarbon.com/,,,,,,,,False,Not in Affinity
36fae9ba-9c01-42db-b3b0-85bdfde349da,Fulcrum Bioenergy,Renewable transportation fuels from landfill waste,fulcrum-bioenergy.com,"Pleasanton, CA",,,,,,,False,1531696
7c1b96e5-2148-491e-8aa8-685ef8637530,Full Harvest,Marketplace for surplus and imperfect produce,fullharvest.com,"San Francisco, California","['Spark Capital', 'Wireframe Ventures', 'BBG Ventures', 'Stardust Equity', 'Radicle Growth', 'Astia Fund', 'Telus Ventures', 'Rethink Impact', 'Impact Engine', 'Doon Capital', 'Portfolia Food & AgTech Fund', 'Japan Airlines', 'Cultivian Sandbox', 'Cultivian Sandbox Ventures', 'Joanne Wilson', 'Seed lead Wireframe Ventures', 'Radicle Astia', 'Rent the Runway Founder Jenny Fleiss', 'Early Impact Ventures', 'Jon Scherr (CircleUp)', 'Adam Zeplain of Mark.vc', 'Rabobank', 'Translink Capital', 'Citi Impact']",49.0,0.0,Series B,5000000.0,"['Jasmina Ceho (Executive Business Partner to CEO): https://linkedin.com/in/jasminaceho', 'Christine Moseley (Founder + CEO): https://linkedin.com/in/christinemoseley']",True,3586653
f06827e7-81c0-4ea3-9806-cb75cb72f0e3,funga,Fungal-based carbon removal company,,,,,,,,,False,Not in Affinity
3f8d6c2a-d527-4fac-ab32-2057dd8f3725,Fungu'it,Filamentous fungi fermentation technology for transforming agricultural products,funguit.fr,France,,,,,,,False,299315439
6817ecd6-5107-44b2-8496-b718f84e772c,Furbnow,Energy efficiency and retrofit platform,furbnow.com,"Birmingham, United Kingdom","['Norrsken Accelerator', 'InnovateUK', 'Daniel Luhde-Thompson', 'SFC Capital', 'Nesta/Founders Factory Mission Studio']",10.0,-9.09,Seed,950000.0,"['Laurence Watson (Co-founder and Chief Product & Technology Officer): https://linkedin.com/in/laurence-watson', 'Becky Lane (Co-Founder and CEO): https://linkedin.com/in/becky-lane-30b65876']",True,289363055
57c59fbb-4238-480a-8c5e-70d81929bb87,furno,Producer of carbon-neutral cement manufacturing technology,https://www.furno.com/,,,,,,,,False,Not in Affinity
1aee016e-802d-45ad-9ffb-12f06d996cd3,Furno Materials,Retrofittable oxyfuel in cement plants platform,furno.com,"Palo Alto, CA",,,,,,,False,294648049
e85c5298-f0d9-43f8-a622-8bc410fe2ab1,fuse energy,Build a decentralized renewable energy network,,,,,,,,,False,Not in Affinity
edd1c58d-82df-47fd-8f51-3ff24943816c,fuse energy technologies,Magnetized-Liner inertial fusion (MagLIF) technology developer,,,,,,,,,False,Not in Affinity
35eefa2d-8ad0-4515-be05-e6abd58d0d06,Fusebox,Energy management system for utilities,fusebox.com,"Tallinn, Estonia",,,,,,,False,1539600
9d55cf75-2b24-4399-93f0-104df20a45d6,fusebox energy,Energy management software,,,,,,,,,False,Not in Affinity
5a582a86-e0e3-47a5-afb2-080ff882e9f9,Futraheat,High-temperature heat pumps provider,futraheat.com,"Surbiton, United Kingdom",,,,,,,False,283914183
5a380dbe-abf9-4f0d-812e-50d2ab3ba826,Future Energy Ventures,Debit-card company providing cash incentives for carbon footprint reductions,fev.vc,"Silver Spring, MD",The European Investment Fund,19.0,5.56,Investment Fund,65109000.0,"['Roger Brown (Co-Founder Swapp): https://linkedin.com/in/roger-brown-6b035567', 'Sebastian Fittko (Founder and interim CEO of innogy Innovation Hub Berlin): https://linkedin.com/in/sebastian-fittko-6342082b', 'Parsia Tayyebi 🌿 (Co-Founder, Senior Consultant): https://linkedin.com/in/parsiatayebi']",True,263706745
ed09f9ab-f22e-45e2-999e-64f476ec2bdc,Future Energy Ventures,Venture capital platform created by E.ON investing in the energy landscape,fev.vc,,The European Investment Fund,19.0,5.56,Investment Fund,65109000.0,"['Roger Brown (Co-Founder Swapp): https://linkedin.com/in/roger-brown-6b035567', 'Sebastian Fittko (Founder and interim CEO of innogy Innovation Hub Berlin): https://linkedin.com/in/sebastian-fittko-6342082b', 'Parsia Tayyebi 🌿 (Co-Founder, Senior Consultant): https://linkedin.com/in/parsiatayebi']",True,263706745
c3384203-d59d-4b10-a2b1-94caca3c0416,future farm,Alternative protein producer,,,,,,,,,False,Not in Affinity
a940cc55-94e3-43ab-8518-565426aa9c62,Future Fields,Protein biomanufacturing using fruit flies,futurefields.io,"Edmonton, Canada","['Builders VC', 'Bee Partners', 'Climate Capital', 'Green Circle Foodtech', 'AgFunder', 'Amplify Capital', 'Toyota Ventures', 'Siddhi Capital', 'Milad Alucozai of BoxOne Ventures']",36.0,-2.7,Seed,11200000.0,"['Lejjy G. (Co-Founder, Chief Product Officer): https://linkedin.com/in/lejjygafour', 'Jalene Anderson-Baron (Co-Founder): https://linkedin.com/in/jalene-anderson-baron', 'Matt Anderson-Baron (Chief Executive Officer): https://linkedin.com/in/mattandersonbaron']",True,223816829
44a43ba2-71f4-44ff-84f1-8ad9535669c2,Future Meat Technologies,Plant-based meat producer,future-meat.com,Israel,,,,,,,False,152819982
202040ba-637c-42ec-ae71-61f1b57b28e1,FutureProof Technologies,Climate risk analytics platform,futureprooftechnologies.net,"San Diego, CA",,,,,,,False,291870310
4b869fff-c916-419a-9e92-a9065ec6f621,Fuuse,EV charging operating software company,fuuse.io,"Lancaster, United Kingdom","['Par Equity', 'angel syndicate', 'YFM Equity Partners']",84.0,25.37,Series A,8700000.0,Michael Gibson (CEO): https://linkedin.com/in/michaelgibsonmiralis,True,283684906
863bd367-e76c-4133-8032-e0e4a1e47da5,fyto,Platform scaling the production of aquatic plants,,,,,,,,,False,Not in Affinity
382fa938-10df-48ff-bf5b-b39a66f70201,G2 Reverse Logistics,Reverse logistics technologies,g2rl.com,"Pittsburgh, Pennsylvania",N/A,16.0,23.08,Seed,9600000.0,,True,282494196
ccfdee4e-8c3c-4144-baaf-4fba9b2163ab,GA Drilling,Ultra-deep plasma geothermal drilling company,gadrilling.com,"Bratislava, Slovakia","['Underground Ventures', 'Nabors', 'alfa8', 'Neulogy Ventures']",64.0,-5.88,Other,15000000.0,"['Tomas Kristofic (CTO and Founder): https://linkedin.com/in/tomaskristofic', 'Igor Kocis (CEO and Founder): https://linkedin.com/in/igorkocis', 'Dušan Kočiš (Founder and Managing Partner): https://linkedin.com/in/dusankocis']",True,125395666
beacb2cb-8332-44d1-8458-3e2af9d66438,Gable Data,Collaboration platform for software and data developers,gable.ai,"Seattle, Wash.",,,,,,,False,291408800
a9782573-8f31-4f02-b16c-a8a1abaaaa53,gaeastar,Reusable clay cup producer,gaeastar.com,"Berlin, Germany",,,,,,,False,263592127
aa593622-96d3-4344-ae3d-e5b61adbd781,GAIA BioMaterials AB,Bioplastics developer,gaiabiomaterials.com,"Helsingborg, Sweden",,,,,,,False,268250136
82a27a88-0863-4733-a96b-c775cb90d3b4,Gaiascope,Wholesale electricity price forecasting startup,gaia-scope.com,"New York, New York","['Khosla Ventures', 'Y-Combinator', 'VoLo Earth Ventures']",9.0,-18.18,Seed,2000000.0,"['Lauren Kuntz (CEO and Co-Founder): https://linkedin.com/in/lauren-kuntz-8b86a588', 'Jessica Stiles (Co-Founder, COO): https://linkedin.com/in/jessica-stiles-nyer-from-tx', 'Jess Stiles (Co-Founder, COO): https://linkedin.com/in/jess-gaia', 'Lauren Kuntz (CEO and Co-Founder): https://linkedin.com/in/lauren-kuntz']",True,222330593
215d081a-1edb-482d-bdf0-64a4e8fdf7c0,Galatea Technologies,Waste management logistics software for the oil and gas industry,galateatech.com,Calgary,,,,,,,False,278651848
7077d594-601d-48d7-8188-90a8be528148,Galley Solutions,Foodtech software platform,galleysolutions.com,"San Diego, California","['Astanor Ventures', 'Zetta Venture Partners']",48.0,-12.73,Series A,14200000.0,"['Jonathan 🥕 Press (Sales Founder): https://linkedin.com/in/jonpress', 'Benji Koltai (Co-Founder, CPO): https://linkedin.com/in/benji-koltai-80b49b23']",True,222218988
efb45219-bf8a-42e0-922f-01bc29eb660f,GaltTec,Solid oxide fuel cells for portable energy,galttec.com,"Tartu, Estonia",,,,,,,False,291146120
52935d7a-1973-4fec-b7df-ea28b7ea1688,Galvanick,Industrial infrastructure cybersecurity,galvanick.com,"Los Angeles, California","['8090 Industries', 'Shrug Capital', 'Hanover Technology Investment Management', 'Village Global', 'Founders Fund', 'Countdown Capital', 'MaC Venture Capital', 'angel investors']",19.0,26.67,Seed,10000000.0,Joshua Steinman 🇺🇸 (Co-Founder): https://linkedin.com/in/jmsteinman,True,283073104
5938adab-4f9e-4603-9036-26c97787f66d,Galway Sustainable Capital,Sustainable infrastructure investment firm,galwaysustainable.com,"Washington, D.C.",,,,,,,False,290928504
5783877d-445d-4172-b390-b97aa220e91a,GALY,Developing lab-grown cotton,galy.co,"Boston, MA",,,,,,,False,224647338
8f76b491-115f-4a40-b7d1-5b74b91744a2,Gamaya,Agricultural tech company,gamaya.com,Switzerland,,,,,,,False,1779559
8ef087b2-eb3d-46f0-abdc-7dc61cd7094e,New York Botanical Garden,Open-sourced development automation platform,nybg.org,"New York, New York",Bezos Earth Fund,526.0,-0.38,Other,50000.0,,True,79717895
fb39a240-3c26-47f0-b47c-13120f7cf74d,gardyn,Way to grow food indoors and at home,,,,,,,,,False,Not in Affinity
a20e5dba-f76c-4e45-ab99-d276ca980062,Garuda Aerospace,Drone-as-a-solution startup aimed at increasing efficiency in production,garudaaerospace.com,"Chennai, India","['Ocgrow Ventures', 'Venture Catalysts', 'Peaceful Progress Funds', 'WeFounderCircle', 'San Angels', 'SphitiCap']",269.0,-15.14,Series B,11657100.0,"['Leo Peter Charles (Chief Executive Officer): https://linkedin.com/in/leo-peter-charles-b7501789', 'Agnishwar Jayaprakash (Founder): https://linkedin.com/in/agnishwarjayaprakash', 'Rithika Mohan (Co-Founder): https://linkedin.com/in/rithika-mohan-11235b72', 'Madhu G N (Deputy Chief Executive Officer & Chief Growth Officer): https://linkedin.com/in/madhu-g-n-1b3656221']",True,279244283
9052ea5a-0da8-45d0-8439-7fd89d44cbcf,Gather AI,Developer of computer vision and AI-powered warehouse inventory technology,gather.ai,"Pittsburgh, Pennsylvania","['Tribeca Venture Partners', 'Expa', 'Dundee Venture Capital', 'Bling Capital', 'Bain Capital Ventures', 'Xplorer Capital', 'XRC Labs', '99 tartans']",65.0,10.17,Series A,17000000.0,"['Sankalp Arora (Chief Executive Officer): https://linkedin.com/in/sankalp-arora-autonomy', 'Robb Myer (Cofounder & Investor): https://linkedin.com/in/robbmyer', 'Geetesh Dubey (Chief Executive Officer): https://linkedin.com/in/geetesh-dubey-120b16259', 'Daniel Maturana (Chief Executive Officer): https://linkedin.com/in/daniel-maturana']",True,222330468
982f3ba6-d4ec-4121-9253-e6486022f028,Gatik,Making autonomous vehicles for business-to-business short-haul logistics,gatik.ai,"Mountain View, California","['Innovation Endeavors', 'Trucks Venture Capital', 'Dynamo Venture Capital', 'Fontinalis Partners', 'AngelPad', 'Goodyear']",134.0,8.94,Other,,"['Gautam Narang (CEO & Co-Founder): https://linkedin.com/in/gautam2410', 'Apeksha Kumavat (Co-Founder & Chief Engineer): https://linkedin.com/in/apekshakumavat', 'Arjun Narang (Co-Founder and CTO): https://linkedin.com/in/narangarjun']",True,147494212
18df909a-23a6-4153-80d6-129e25e2f53e,gavan,Make sustainable plant-based butter alternatives,,,,,,,,,False,Not in Affinity
6b3dee04-55f0-40b5-ae8f-7843736100ea,gazelle wind power,Make floating platforms for offshore wind turbines,https://www.gazellewindpower.com/,,,,,,,,False,Not in Affinity
05870524-0463-4daf-aa8c-43563708443e,gdi,Developer of silicon anodes for lithium-ion batteries,,,,,,,,,False,Not in Affinity
cd9e7dc6-968a-4a0d-a331-fd4f00bd51c1,Gecko Robotics,Robots and software for infrastructure inspection,geckorobotics.com,"Pittsburgh, Pennsylvania","['Founders Fund', 'Y Combinator', 'The Westly Group', 'Next47', 'Drive Capital', 'USIT', 'Snowpoint Ventures', 'XYZ', 'Y-Combinator', 'others', 'Gokul Rajaram', 'Mark Cuban', 'Drive Capital’s Mark Kvamme', 'Jake Seid', 'XN', 'Justin Kan', 'Josh Reeves', 'Joe Lonsdale']",323.0,14.54,Series C,100000000.0,,True,2537540
8eddd253-7353-4f79-9eea-9479c89fe413,GEF Capital Partners,Private equity focused on climate investment,gefcapital.com,"Washington, D.C.","['HQ Capital', 'Nordea', 'Quilvest Capital Partners', 'ODDO BHF', 'Första AP-fonden', 'Blue Earth Capital', 'Granite Capital Management']",50.0,6.38,Investment Fund,325000000.0,Alexandre Alvim (Co-Founder and Managing Partner): https://linkedin.com/in/alexalvim,True,198217486
2a75141a-8ef0-4995-8924-074d46b4a394,Geltor,Bio design startup making animal-free proteins,geltor.com,"San Leandro, CA",,,,,,,False,142375122
bc77fce3-fb13-489b-bbce-058914431438,genecis,Startup developing compostable plastic from waste,,,,,,,,,False,Not in Affinity
ac6f4c7a-9589-45f4-8e0f-6f31177ee1a1,genecis bioindustries,Turning food waste into compostable plastics,,,,,,,,,False,Not in Affinity
25dfaf30-6e15-410e-a3ed-4a26662086f0,Genemod,Workspace collaboration software platform for biopharma research,genemod.net,"Seattle, WA",,,,,,,False,222170886
0ffb11a5-d566-4610-8cfe-b7180c96152d,general catalyst,Exploring an IPO to become the first U.S. venture capital firm to go public,https://generatecapital.com/,,,,,,,,False,Not in Affinity
5eaba3f0-a229-482d-a1a2-83ff5646191a,General Fusion,Build a demonstration of its fusion reactor,generalfusion.com,"Richmond, Canada",,,,,,,False,1696810
dca0606c-d8f7-4835-8bca-424758f0d2ef,general galactic,Capture CO2 from the air and make synthetic methane,,,,,,,,,False,Not in Affinity
9d26084a-f5ab-431b-906b-4f005ccc68e7,General Matter,Producing high-assay low-enriched uranium fuel,generalmatter.com,"San Francisco, CA",,,,,,,False,297104471
ccc7bbff-a9d8-4dac-8793-fd682951bc12,Generate Capital,Funding clean energy projects,generatecapital.com,"San Francisco, California",N/A,325.0,9.8,,1500000000.0,Jigar Shah (Co-Founder and President): https://linkedin.com/in/jigarshahdc,True,2187291
51e1056c-d489-4384-a79b-21a2c46b6015,generative engineering,Developer of software for modeling and testing designs,,,,,,,,,False,Not in Affinity
5134ef56-d18e-418c-bc38-e3f2f1f76d79,Genia Bioenergy,Biogas projects company,geniabioenergy.com,"Valencia, Spain",,,,,,,False,293855093
c7087087-6f17-46cd-8c14-9bab9d6c0b3c,Genial Care,Autism care company,genialcare.com.br,"São Paulo, Brazil",,,,,,,False,262780538
a929584a-aba6-41d3-bb18-70b9183c8191,General Logistics,Freight tracking technology developer,genlogs.io,"Washington, District of Columbia","['Venture53', 'JHH Ventures', 'ASC Ventures', 'Plug and Play Ventures', 'Steel Atlas', 'TitletownTech', 'Autotech Ventures', 'BBQ Capital']",41.0,95.24,Seed,6000000.0,Joe Sherman (Co-Founder): https://linkedin.com/in/joe-sherman-3070893a,True,289723291
b040be21-4a2a-4bdb-ac86-713ec5926077,Genomatica,Maker of sustainable materials,genomatica.com,"San Diego, CA",,,,,,,False,1548722
42d437a7-1796-4700-b617-326df4120109,gently,Second-hand clothing platform,,,,,,,,,False,Not in Affinity
b8209a13-412f-4915-a7a9-e8d18695ae8c,genus power infrastructure,Smart meter solutions provider,,,,,,,,,False,Not in Affinity
18836446-b272-46b0-a21c-e0688cfb0f08,GeologicAI,Digital rock analysis platform,geologicai.com,"Calgary, Canada","['Breakthrough Energy Ventures', 'Export Development Canada']",154.0,10.0,Series A,10000000.0,Grant Sanden (CEO of GeologicAI Inc.): https://linkedin.com/in/grant-sanden-748b9365,True,291367634
6458ab42-a1eb-435a-b804-4eb31558fa80,GeoPura,Hydrogen-based zero emission fuels developer,geopura.com,"Newcastle upon Tyne, United Kingdom","['UK Infrastructure Bank', 'GM Ventures', 'Barclays Sustainable Impact Capital', 'SWEN Capital Partners', 'SWEN CP', 'Swen Capital Partners', 'the UK Infrastructure Bank', 'General Motors Ventures', 'Siemens Energy']",98.0,22.5,Debt,22000000.0,,True,279382717
73ecd58f-77ff-48aa-8036-57085f4f0520,Geothermal Engineering,Developer and operator of geothermal energy plants,geothermalengineering.co.uk,"London, United Kingdom",,,,,,,False,1648476
4734c88e-9792-4590-a64c-d26e07738fa2,geox,Analyze climate-related real estate risks,https://www.geox.com/,,,,,,,,False,Not in Affinity
cda4688d-4b78-4651-bfe6-cecc386e916b,gethenry,Provider of electric last-mile delivery bikes,,,,,,,,,False,Not in Affinity
49afd777-3255-408c-a345-57046bdfaa7a,Getmobil,Refurbished and recycled electronics marketplace,getmobil.com,"Sisil, Turkey",,,,,,,False,285854390
a3c8c109-81fb-48e6-b82a-0423b7d39131,GHGSat,Maker of greenhouse gas monitoring technology,ghgsat.com,"Montreal, Canada","['Space Capital', 'Investissement Québec', 'OGCI Climate Investments', 'Space Angels', 'Schlumberger', 'Fonds de solidarité des travailleurs du Québec', 'Business Development Bank of Canada', 'Climate Investment', 'Fonds de solidarité FTQ', 'Japan Energy Fund', 'Government of Québec’s Investissement Québec', 'BDC Capital', 'Bank of Montreal (BMO)', 'Government of Québec']",169.0,18.18,Series C,44000000.0,,True,152149363
ec5677f2-8ef1-43bc-ab4c-50c9058c2a7a,Giga Storage,Large-scale energy storage developer,giga-storage.com,"Santo André, Brazil",,,,,,,False,263372701
11f00190-bb8a-4a9e-abd2-6dcde4d747b3,GigaCrop,Photosynthesis advancement company,gigacrop.com,"Berkeley, CA",,,,,,,False,301874727
04055d84-beec-42d3-bb8d-5d7ce77a8a86,Giraffe Financial Inc.,IRA tax credits platform,giraffefinancialinc.com,"Brooklyn, NY",,,,,,,False,291718215
95449eff-8454-4aa8-8bc0-34f5cde02f62,GIRASOLE ENERGIES,Independent producer of photovoltaic electricity,girasole-energies.com,"Boulogne-billancourt, France",,,,,,,False,289889701
69176fee-35d4-44c8-9fac-f7f25d8d84de,GIREVE,Connects mobility stakeholders with EV charging stations,gireve.com,"Sèvres, France","['Demeter', 'existing shareholders', 'Partech’s Impact Fund', 'Partech Impact']",69.0,11.29,Series C,20000000.0,,True,152149692
54504e77-8f1f-4e44-8f64-408952d648e5,gitlab,Remote web-based development operations company,,,,,,,,,False,Not in Affinity
a84065a1-003c-4166-b526-44b362c34d56,Glacier,Recycling robotics startup,endwaste.io,"San Francisco, California","['VSC Ventures', 'AlleyCorp', 'Overture Climate VC', 'Jeff Immelt', 'Sierra Peterson', 'Manik Gupta', 'New Enterprise Associates', 'Amazon’s Climate Pledge Fund', 'Elemental Excelerator', 'others', 'Overlap Holdings', 'Elysium', 'Ecosystem Integrity Fund', 'Cox Exponential']",32.0,14.29,Series A,16000000.0,,True,225157543
4afef0fb-b837-41e7-855a-72593bcf0c95,glassdome,Regulatory compliance and emissions tracking platform for manufacturers,,,,,,,,,False,Not in Affinity
45f3b3f3-6137-4fb6-a93e-384a9f517aaa,GlassPoint Solar,Solar thermal provider for industrial decarbonization,glasspoint.com,"Fremont, California","['300PPM', 'Chrysalix Energy Venture Capital', 'Nth Power', 'State General Reserve Fund', 'Royal Dutch Shell', 'several additional industrial leaders', 'RockPort Capital', 'Tomas Sigurdsson', ""GlassPoint's existing investors"", 'Malcolm Turnbull', 'State General Reserve Fund (SGRF)', 'MIG Capital']",61.0,-4.69,Series A,2500000.0,"['Zaki Selim (Non Executive Chairman): https://linkedin.com/in/zaki-selim-67386180', 'Pete von Behrens (Co-Founder and Chief Technology Officer): https://linkedin.com/in/pete-von-behrens-8b35951', 'Rod MacGregor (Co-Founder & CEO): https://linkedin.com/in/rod-macgregor-787a39']",True,1541613
2f3a3347-237d-44d6-9ea3-caa786433a17,Glimpse,Developer of battery quality technology,glimp.se,"Somerville, Massachusetts","['Flybridge Capital Partners', 'battery and EV angel investors', 'Ibex Mobility']",17.0,6.25,Seed,4000000.0,"['Eric Moch (Cofounder and CEO): https://linkedin.com/in/ericmoch', 'Peter Attia (Cofounder and CTO): https://linkedin.com/in/peter-m-attia', 'Patrick Herring (Cofounder and CSO): https://linkedin.com/in/patrick-herring-0b874341']",True,294806008
0f485e1f-2caa-43ee-9275-56ee919b3c74,Glint Solar,Software for assessing sites for solar energy projects,glintsolar.co,"Oslo, Norway","['Plug And Play Tech Center', 'Antler Innovation']",3.0,,,,"['Even J. Kvelland (Co-founder & Chief Operating Officer): https://linkedin.com/in/evenkvelland', 'Harald Olderheim (CEO): https://linkedin.com/in/harald-olderheim-075495']",True,262589761
6060bc45-b4c7-4498-bd53-e01df489363d,global sea mineral resources,Deep sea mineral exploration company,,,,,,,,,False,Not in Affinity
6c80ccff-719b-4a6a-aae5-826953024404,global surface intelligence,Utilizing satellite data to provide forestry analytics,,,,,,,,,False,Not in Affinity
94b54158-e6d4-4550-907c-1dd20776412f,Global Thermostat,Direct air capture company,globalthermostat.com,"New York, New York",U.S. Small Business Administration.,17.0,-50.0,Other,,"['Graciela Chichilnisky (CEO): https://linkedin.com/in/graciela-chichilnisky-1a57848', 'Peter Eisenberger (Co-Founder and Managing Director): https://linkedin.com/in/peter-eisenberger-17322766', 'Paul Nahi (Chief Executive Officer): https://linkedin.com/in/paulnahi']",True,1728855
1cf96f1d-6eaf-4ad7-8732-c0670478df37,glowb,Solar and battery solutions marketplace,,,,,,,,,False,Not in Affinity
1ca37033-eb13-46b2-a19d-988140cac3a1,gnt,Invests in plant-based food challenges,,,,,,,,,False,Not in Affinity
a04b52dd-fc3d-4e60-8391-40ac3f8db80c,go eve,Rapid EV charging provider,,,,,,,,,False,Not in Affinity
470d4929-dacc-446f-ab2b-a1bdf33b58b7,Go To-U,EV digital experience platform,go-tou.com,"Los Angeles, CA",,,,,,,False,220045819
4abe6d99-f11b-4e27-ac52-b00b8c93015f,goEgoNetwork,EV charging infrastructure solution provider,goegonetwork.com,India,,,,,,,False,279455835
c47cc1b1-2a90-4dca-8103-557603065b4e,GoExpedi,Supply chain and analytics for industrials and energy,goexpedi.com,"Houston, Texas","['Hack VC', 'Top Tier Capital Partners', 'CSL Ventures', 'Blue Bear Capital', 'Bowery Capital', 'SaaS Ventures', 'Crosslink Capital', 'other current investors', 'several angel and industry investors', 'strategic angel investors', 'San Jose Pension Fund']",25.0,-26.47,Series C,25000000.0,"['Jonathon J. Howey (Technical Founder (Co-Founder) // Chief Architect // Engineering Leadership): https://linkedin.com/in/jjhowey', 'Jonathan Hamilton (Co-Founder and COO): https://linkedin.com/in/jonathan-hamilton-16913046', 'Lawrence P Neal (Co-Founder & President): https://linkedin.com/in/lawrence-p-neal-ceo', 'Timothy Neal (Co-Founder & CEO): https://linkedin.com/in/timothyneal2']",True,147495447
1064cf5f-7257-484c-9411-0516be6617a0,Gogoro,Electric scooters and battery swapping platform,gogoro.com,"Taoyuan, Taiwan",,,,,,,False,1729789
196ca3c5-031b-45e7-8925-adc1eb473553,Gomboc Ai,Cloud infrastructure remediation platform,gomboc.ai,"New York, NY",,,,,,,False,285802609
c3264973-0ed4-4fc8-a0ed-43ba76cfa6f1,gometro,Fleet management optimization software developer,https://www.gometro.com/,,,,,,,,False,Not in Affinity
9bdd0e79-593c-4d41-ba29-1e98aa033be0,goodcarbon,Nature-based solutions marketplace platform,goodcarbon.earth,"Berlin, Germany",,31.0,24.0,Seed,5500000.0,Jerome Cochet (Co-Founder & MD at goodcarbon): https://linkedin.com/in/jerome-cochet-ab836b4,True,285094588
e9747d11-5f5d-43fa-9a34-37c79e449ee5,GoodLeap,Solar financing company,goodleap.com,"Bay Area, CA",,,,,,,False,282691655
9ec19fb5-3b7b-4641-bc95-f935c3d3b517,Goodr,Surplus food management platform,goodr.co,"Atlanta, Georgia","['Precursor Ventures', 'Emerson Collective.', 'Halogen Ventures', 'Unreasonable Ventures', 'Backstage Capital', 'Capital One Ventures', 'Trail Mix Ventures', 'Atlanta Emerging Markets, Inc.']",26.0,-23.53,Debt,300000.0,,True,150791487
5dbe2c73-459c-4984-bf26-23b49f4f7c0c,goodsam foods,High-quality cocoa products from Colombia,https://goodsamfoods.com/,,,,,,,,False,Not in Affinity
668f1cc1-a69d-4b55-8bae-7d32e81b4df9,GoodShip,Platform for freight network orchestration and procurement,goodship.io,"Nashville, Tennessee","['Flexport Fund', 'Sope Creek Capital', 'FUSE VC', 'Kindergarten Ventures', 'Ironspring Ventures', 'FUSE', 'Chicago Ventures', 'Innovation Endeavors LLC', 'Cercano Management', '53 Stations', 'Andrew Silver', 'Bessemer Venture Partners', 'Nichole Wischoff', 'other angels', 'Fuse VC']",32.0,39.13,Series A,8000000.0,"['Ryan Soskin (Co-Founder & CEO): https://linkedin.com/in/ryansoskin', 'David Tsai (Co-Founder & CTO): https://linkedin.com/in/davidtsai']",True,286507755
a865ba45-8055-4030-8fc6-79098432c0e4,Goodwings,Sustainability tool for travel platform,goodwings.com,"Copenhagen, Denmark","['JTB USA', 'Global Cleantech Capital']",49.0,2.08,Other,2900000.0,"['Christian Møller-Holst (Founder): https://linkedin.com/in/christianmollerholst', 'Christian Honoré (Founder): https://linkedin.com/in/christianhonore']",True,161868558
f9280205-386f-4e91-8b64-681703476d0e,gopeer,Educational technology pairing college students with K-12 students,,,,,,,,,False,Not in Affinity
2bbf659c-d0b7-4757-83f2-1792d8eda07d,Gorilla,Utility data management platform,gorilla.co,"Antwerp, Belgium","['PMV', 'Beringea', 'VLAIO', 'Headline', 'Flemish investment company PMV']",111.0,29.07,Series B,23000000.0,"['Tom Vroemans (Co-Founder & Chairman): https://linkedin.com/in/tomvroemans', 'Ruben Van den Bossche (Co-founder & CEO): https://linkedin.com/in/rubenvdb', 'Nick Verbaendert (Co-founder & investor): https://linkedin.com/in/verbaendert']",True,224846595
34829c66-f400-463d-8c62-cf04d179b589,GOSU Data Lab,Developer of an AI-driven video coach,gosu.ai,Lithuania,,,,,,,False,223167337
5d1ea283-8691-41cf-8e37-278ce878cc8e,Gotham Greens,Tech-enabled greenhouses operator,gothamgreens.com,New York,,,,,,,False,1745478
9fb8ea48-5709-4df5-8da4-e6dff9baaf85,GoTo Global,Vehicle sharing tech platform,gotoglobal.com,Israel,,,,,,,False,280950587
b9174ffa-e2e4-4766-ad09-09354e5b3c12,gouach,Manufacturer of eco-designed batteries,,,,,,,,,False,Not in Affinity
5b233b3f-9d23-4415-b4bf-87783b1d4c4e,gourmey,Cultivated meat company,,,,,,,,,False,Not in Affinity
6e6422d8-e3ee-4527-91fd-87e13809a444,Gozen Bioworks,Lab-grown leather developer,gozen-bioworks.com,"Beşiktaş, Turkey",,,,,,,False,291873238
c505a124-e89d-48e8-b9f3-be4fc4c96d44,gps renewables,Waste to energy tech company,,,,,,,,,False,Not in Affinity
db90fcfe-5b75-4fb3-8408-ac266d339f79,Gr3n Recycling,Recycling company,gr3n-recycling.com,Switzerland,,,,,,,False,143638203
03920ac9-9dd6-4ad0-9f45-9fe439e006a1,gradiant,Cleantech water treatment company,,,,,,,,,False,Not in Affinity
66330198-da94-48c6-b194-423157467c40,Gradient,Climate-friendly air conditioner with heat pump developer,gradient.co,"San Francisco, CA",,,,,,,False,205513781
3d25066b-2667-4d1d-aa45-f2ecf8064535,gradient comfort,HVAC solutions provider,https://gradientcomfort.com/,,,,,,,,False,Not in Affinity
56156b16-e499-4bfe-a766-be02579fcb17,Gradyent,Digital twin energy grid platform,gradyent.ai,"Rotterdam, Netherlands","['ENERGIIQ', 'Eneco', 'Capricorn Partners', 'Helen Ventures', 'Blue Earth Capital', 'SEB Greentech Venture Capital', 'Energiiq', 'Eneco Ventures']",106.0,26.19,Series B,28000000.0,Freek Smelt (Co-Founder): https://linkedin.com/in/freek-smelt-b87b4ba,True,224904512
d98d0bac-c7cc-4c77-b447-2ea84a8cb917,Grafana Labs,Maker of an operational dashboard,grafana.com,"New York, New York","['Coatue', 'J.P. Morgan', 'Sequoia Capital', 'Lightspeed Venture Partners', 'Lead Edge Capital', 'GIC', 'CapitalG', 'K5 Global']",1381.0,8.83,Series D,270000000.0,"['Anthony Woods (Co-Founder): https://linkedin.com/in/anthonywoods1', 'Torkel Ödegaard (Co-Founder): https://linkedin.com/in/torkel-%C3%B6degaard-806010b']",True,79707977
34abc24c-035c-4deb-87d4-ebc6c2b894a9,Grafbase,Data platform for developers,grafbase.com,"Stockholm, Sweden",,,,,,,False,278676533
ce1d4262-cf05-4dce-8476-561b57d9a291,grainchain,Software platform for blockchain and IoT innovations for agriculture,,,,,,,,,False,Not in Affinity
74e7288c-3ca3-4a3e-8ab8-ca09a583840a,Granite Source Power,Battery energy storage developer,granitesourcepower.energy,"Middleton, DE",,,,,,,False,290866036
674c622b-b8cf-42c7-a314-261905f8bb32,granta autonomy,Developer of autonomous unmanned aerial vehicles for intelligence and surveillance,https://grantaautonomy.com/,,,,,,,,False,Not in Affinity
cf2ca29f-a43d-4912-9c50-737792daddf7,granular energy,Helping companies match energy consumption with zero-carbon power around the clock,,,,,,,,,False,Not in Affinity
56fec669-e84b-4b50-82b6-882c492aecd6,granulate,Computing workload optimization,,,,,,,,,False,Not in Affinity
330e8c3d-eda5-4f3d-8587-86cf4f2dcbfb,GraphEnergyTech,Highly conductive graphene electrodes developer,graphenergytech.com,"Lausanne, Switzerland",,,,,,,False,289995080
3def649b-d5cc-4a77-9cf3-d9646b878162,graphite innovation & technologies,Green marine coating systems company,,,,,,,,,False,Not in Affinity
830c5388-c872-4abf-b6b1-b55f9fd2a220,Graphitic Energy,Texas pilot plant converting natural gas to hydrogen and graphite,graphitic.com,"Goleta, California",,26.0,,,35469225.0,,True,301629813
936b47ae-d02d-4857-9017-3d7cbf07c973,Graphyte,Biomass burial-based carbon removal,graphyte.co,"San Francisco, U.S.",,,,,,Guy New York (Co-Founder): https://linkedin.com/in/guynewyork,True,221006174
f7b00d9e-928f-4446-b676-b8b2243caa25,grassa,Extract protein from grasses,,,,,,,,,False,Not in Affinity
4d41d9b5-8b1f-4443-a9a9-69671376f675,GravitHy - a sustainable iron and steel,Low-carbon iron production using hydrogen,gravithy.eu,"Marseille, France",,,,,,,False,288306269
c8b99503-a0da-414a-8882-a2772a0577ed,Green Badger,SaaS developer for managing sustainable construction,getgreenbadger.com,"Savannah, Georgia","['Hamilton Ventures', 'Shadow Ventures', 'additional private investment partners', 'GroundBreak Ventures']",14.0,7.69,Seed,1125000.0,Tommy Linstroth (CEO): https://linkedin.com/in/tommylinstroth,True,112072615
38d63890-3a6b-4122-b946-00b149878fe8,Green Eagle Solutions,Automation software developer for the renewables sector,greeneaglesolutions.com,"Madrid, Spain","['Kibo Ventures', 'A&G Energy Transition Tech Fund', 'SET Ventures']",63.0,14.55,Series A,6000000.0,"['Alejandro Cabrera Muñoz (Co-Founder & CEO): https://linkedin.com/in/alejandrocabreramunoz', 'Juan Fernández Riejos (Co-founder & CTO): https://linkedin.com/in/juanfernandezriejos']",True,219925965
72e4f7f2-4b6e-4a71-83c2-505711537d85,green energy park,Hydrogen production projects developer,,,,,,,,,False,Not in Affinity
d4a7f41f-a6d5-4d64-be53-7a8381afdd80,green flexibility,Large-scale battery storage systems,green-flexibility.com,"Kempten, Germany",Partners Group,32.0,300.0,,1000000000.0,,True,296108091
cc5ab9ee-c1c5-438b-bfc0-ffcbf49fd982,green fusion,Software for optimizing apartment-building heating systems,https://marvelfusion.com/,,,,,,,,False,Not in Affinity
f70d48c3-5393-425c-af00-69a1cdf19db0,Green Graphite Technologies,Lithium-ion battery grade graphite developer,greengraphitetech.com,"Montréal, Canada",,,,,,,False,289946937
f2b09027-241e-49e8-8d3b-6b57e75cf70e,green gravity,Gravity-based energy storage developer,,,,,,,,,False,Not in Affinity
6b53ac9f-51d5-4cbd-ad71-1bef37c3521c,Green Li-ion,Battery recycling tech company,greenli-ion.com,Singapore,,,,,,,False,263174031
77493d03-1c3f-4236-8d91-47a38ea0b05b,green monday holdings,Plant-based food company,,,,,,,,,False,Not in Affinity
c5abf924-ff50-44da-8c45-50e426e51d79,Green-Got,Green banking service,green-got.com,"Neuilly-sur-Seine, France","['Pale Blue Dot', 'Green-Got’s customers']",387.0,8.4,Series A,5500000.0,,True,262672818
ed0f546f-d57e-470b-9d6c-aadc4b64e440,Green14,Turns industrial waste into high-purity materials,green14.com,Stockholm,,,,,,,False,286150241
71871964-a82f-4fec-9693-cf21985f57e8,greenbird,Maker of smart meter software,,,,,,,,,False,Not in Affinity
9d48e809-6205-4d03-b93d-f55e91de43e4,Greencells Group,Solar power plant developer,greencells.com,"Saarbrücken, Germany",,,,,,,False,161798326
268aef9b-8598-4451-890a-ee7886531fee,Greencode Ventures,Investment firm focused on European startups accelerating the green transition,greencode.vc,"Helsinki, Finland","['Tre Smeder', 'KJL Consulting', 'others', 'Pohjola Insurance', 'Nidoco', 'Atavus', 'Konstsamfundet Ventures', 'Kelonia', 'Stephen Industries', 'OP Life Assurance Company', 'Ikorni Invest', 'Nordea Life Assurance Finland', 'Halton Ventures', 'Business Finland Venture Capital']",13.0,44.44,,40000000.0,"['Dr. Terhi (TJ) Vapola (Managing Partner & Founder): https://linkedin.com/in/tjvapola', 'Kaisa Hietala (Chair & Founder): https://linkedin.com/in/kaisa-hietala-9a936350']",True,290301968
302f4a73-c2f5-4150-a0c9-23672b6ccce3,greencollar,Environmental markets platform,,,,,,,,,False,Not in Affinity
bcd4d154-dff3-4460-a54b-db7056672c52,GreenCom Networks AG,Energy information brokerage platform,greencom-networks.com,"Munich, Germany","['Centrica', 'Energy & Environment Investment', 'Munich Venture Partners', 'Future Energy Ventures', 'SET Ventures']",7.0,-22.22,Other,14395000.0,Badri Kothandaraman (President and CEO): https://linkedin.com/in/badri-kothandaraman,True,3586918
697578b2-a46f-4f02-9455-f642aa0b1356,Greenely,Residential energy management software,greenely.se,"Stockholm, Sweden","['Luminar Ventures', 'angel investors', 'Silicon Valley Bank (UK)', 'byFounders', 'Korys']",77.0,15.0,Series A,8000000.0,"['Tanmoy Bari (Co-Founder & CEO): https://linkedin.com/in/tanmoy-bari-36aa8932', 'Mohammed Al Abassi (Co-Founder, Product Manager): https://linkedin.com/in/mohammed-al-abassi']",True,287878799
e7511f4e-ebd8-4dca-a21b-8d5a00012b06,Greener Power Solutions,Provider of clean mobile battery energy storage solutions,greenerpowersolutions.com,Netherlands,,,,,,,False,302262205
a8a603cf-8f8d-44db-9666-90b0d2a200fa,Greeneye Technology,AI precision spraying technology for ag applications,greeneye.ag,Israel,,,,,,,False,202530745
607551c6-981c-461a-861a-de949eccef6f,GreenIron,Fossil free mining developer,greeniron.se,"Stockholm, Sweden",,,,,,,False,278654976
d735fb81-6a0c-4808-810f-c23a17665200,greenlabs,Agriculture value chain platform,,,,,,,,,False,Not in Affinity
088e2e7c-46f7-467b-8b07-b26c9434263e,Greenlane™,EV truck charging site deployment,drivegreenlane.com,"North Palm Beach, Florida",South Coast Air Quality Management District,31.0,106.67,,15000000.0,,True,291832577
c7bc0d5d-c1f6-4e60-923f-d23a663ff504,GreenLight Biosciences,Developing RNA-based products,greenlightbiosciences.com,Boston,,,,,,,False,1630401
158f02f7-f61e-4cdb-b6be-944750597b5e,Greenlite,Simplify building plan reviews,greenlite.io,"New York, New York","['Trust Ventures', 'Chicago Ventures', 'LiveOak Ventures']",25.0,,Seed,8000000.0,,True,293238791
f7481aa0-34a7-4087-8bde-dc4a775498a6,Greenly,Carbon accounting startup,greenly.earth,"Paris, France","['Energy Impact Partners', 'Hewlett Packard Enterprise', 'HSBC', 'Move Capital', 'Fidelity International Strategic Ventures', 'Xange', 'XAnge', 'Energy Impact Partners (EIP)', 'Benhamou Global Ventures']",281.0,25.45,Series B,52000000.0,,True,224825483
cee0e0e9-09ef-4709-b68a-0df5ef729e20,Greenlyte Carbon Technologies,Low temperature Direct Air Capture developer,greenlyte.tech,"Essen, Germany","['Carbon Removal Partners', 'Earlybird Venture Capital', 'Green Generation Fund', 'Partech', 'Dr. Udo Jung']",48.0,29.73,Series A,10500000.0,Dr. Niklas Friederichsen (Co-Founder & CTO/CPO): https://linkedin.com/in/dr-niklas-friederichsen-8290849b,True,289715107
5cbe7b08-03ff-4661-a771-168717653886,greenplaces,Sustainability platform,,,,,,,,,False,Not in Affinity
9b26c4b1-ab9f-4cb0-8b69-592f48577c62,GreenPod Labs,Agri-biotech company focused on food waste,greenpodlabs.com,India,,,,,,,False,263575841
7522a431-6859-4053-80af-b7aec7335c62,greenspark,Climate impact platform,,,,,,,,,False,Not in Affinity
c552edeb-1e80-4efb-8bf3-e8f73feb61e2,greenstitch,Sustainability solutions for textiles service provider,,,,,,,,,False,Not in Affinity
378d090b-c548-47e8-a40a-ddb61c606e4e,GreenStruxure,Leading energy supply and services company,greenstruxure.com,"San Francisco, California",,65.0,-4.41,,15651900.0,Jose Lorenzo (Chief Executive Officer): https://linkedin.com/in/jose-lorenzo-270a6174,True,281962992
241e4877-52db-4164-8d5c-e4f5829c2bcb,Greentech Alliance,Renewable energy solutions provider,greentech.earth,"Berlin, Germany",,150.0,1.35,,,,True,278672339
54c782aa-9351-49d0-88c8-ab8c116f75d9,Greentown Labs,Climate tech incubator,greentownlabs.com,"Somerville, Massachusetts",U.S. Small Business Administration.,91.0,-17.27,PPP Loan,350000.0,,True,1586101
b60df86b-3dca-48e1-918e-c73756182eda,greentrade,Blockchain-based carbon credit and impact claims marketplace,,,,,,,,,False,Not in Affinity
5b4369af-1eb1-4f6a-ba5b-66e3291a306f,Greenwood-Power,Medium voltage power grid sensors developer,greenwood-power.at,"Brunn am Gebirge, Austria","['eQventure', 'tecnet equity']",,,Series A,5100000.0,"['Norbert Juschicz (CEO and Co-founder): https://linkedin.com/in/norbert-juschicz-504143123', 'Norbert Juschicz -  Sensors for Smart Grids (CEO and Co-founder): https://linkedin.com/in/norbert-juschicz-sensors-for-smart-grids-504143123']",True,224626777
7a00b02b-716f-4625-a288-62464efdb607,Greyparrot,Waste and recycling intelligence platform,greyparrot.ai,"London, United Kingdom","['Bollegraaf Group', 'Speedinvest', 'Closed Loop Partners', 'Archipelago Eco Investors', 'Force Over Mass', 'Una Terra', 'Unreasonable Collective', '360 Capital', 'Accelerating Growth Fund', 'TI Capital']",54.0,5.88,Other,,"['Nikola Sivacki (Co-founder, Senior Deep Learning Engineer): https://linkedin.com/in/nikolasivacki', 'Mikela Druckman (Founder & CEO): https://linkedin.com/in/mikeladruckman', 'Marco Paladini (Co-Founder and Senior Engineer): https://linkedin.com/in/marco-paladini']",True,220926482
cb5bf461-19aa-43e0-b2ec-86b10167eff3,Greyter,Provider of water reuse systems,greyter.com,"Mississauga, Canada",,,,,,,False,163301881
807b92bd-f4e1-4f62-bfc3-6c1c6ead4c32,grid edge,Building energy efficiency platform,,,,,,,,,False,Not in Affinity
1e2dbb1c-b249-4350-a013-b50548f29778,Grid Status,Electric grid data and analytics platform,gridstatus.io,"Chicago, Illinois","['Daniel Gross (NFDG Ventures)', 'other individual investors', 'Rayburn Electric Cooperative', 'Nat Friedman', 'Energize Capital', 'Evergreen Climate Innovations']",11.0,175.0,,8000000.0,Connor Waldoch (Head of Product and Founder): https://linkedin.com/in/connorwaldoch,True,291173443
9d17df54-5215-4fae-ba39-9218a50fbd65,GridBeyond,Energy management software for large businesses,gridbeyond.com,"Saggart, Ireland","['Act Venture Capital', 'Energy Impact Partners', 'Klima', 'Yokogawa Electric Corporation', 'Claret Capital', 'Energias de Portugal (EDP)', 'ABB', 'Mirova', 'Constellation', 'Electricity Supply Board (ESB)', 'Alantra’s Energy Transition Fund', 'Total Carbon Neutrality Ventures']",158.0,2.6,Series C,52000000.0,Richard O' Loughlin (Deputy CEO): https://linkedin.com/in/richard-o-loughlin-50060714,True,1740501
6c6fb266-c0fa-41b5-8420-24dbd65bb8a4,GridCARE,Grid investment optimization platform,gridcare.ai,"Redwood City, California",,,,,14079825.0,,True,299989573
0164ed02-e410-477d-a257-1b35a80028de,Gridcog,"Distributed energy simulation, optimization, and tracking software",gridcog.com,"London, United Kingdom",AlbionVC,33.0,50.0,Series A,3300000.0,Fabian Le Gay Brereton (Co-Founder and CEO): https://linkedin.com/in/fabianb,True,289267799
36ea7c1f-145d-49ef-97b8-cf41f88d4678,GridFree AI ,AI platform for data center optimization,gridfree.ai,"Houston, Texas","['Giant Ventures', 'Amplo']",,,,5000000.0,Craig Simpson (Founder and Director): https://linkedin.com/in/craigasimpson,True,303547466
445f4e3a-f12f-494c-9970-544da699d425,gridio,Software platform for smarter EV charging,,,,,,,,,False,Not in Affinity
8e8f29d3-923b-4432-950b-38f77e4e0360,Gridium,Decarbonization software for commercial real estate,gridium.com,"Menlo Park, California","['Navitas Capital', 'Mitsubishi HC Capital America, Inc.']",40.0,-9.09,Series A,14000000.0,"['Tom Arnold (CEO): https://linkedin.com/in/tomaarnold', 'Aaron Panzer (Managing Director and Co-Founder of Gridium Alpha): https://linkedin.com/in/aaron-panzer-8975835', 'Adam Stein (VP of Product, co-founder): https://linkedin.com/in/adamstein']",True,1621793
b0f76020-8b78-49a2-848a-9b6bdeda974c,GridMatrix,Traffic analytics solutions company,gridmatrix.com,"San Francisco, CA",,,,,,,False,281340667
e5999be9-8074-43a9-b07a-51a705a82dc3,gridpoint,Provider of energy management systems for commercial buildings,,,,,,,,,False,Not in Affinity
8dacfce2-d46a-4e86-8de4-06a9325a5ca0,Grid Raven,Grid transmission using dynamic line rating (DLR) developer,gridraven.com,"Tallinn, Estonia","['42CAP', 'Icebreaker.vc']",8.0,60.0,Series A,4000000.0,Henri Manninen (Co-Founder and CTO): https://linkedin.com/in/henri-manninen-0b683a13b,True,294742047
508535ca-3062-4ace-889f-5225f0b05303,Gridsight,AI-powered grid insights platform,gridsight.ai,"Wollongong, Australia",,37.0,32.14,,5060475.0,"['Kurt Walkom (Co-Founder | Head of Strategy & Operations): https://linkedin.com/in/kurtwalkom', 'Brendan Banfield, PhD (Co-Founder & CEO): https://linkedin.com/in/brendan-banfield', 'Hugh Chan (Co-Founder and Technology Lead): https://linkedin.com/in/hugh-chan-0995b370']",True,279382861
5fea97e1-2bba-4910-b308-cef7e9bf789a,Gridtential Energy,Lead battery developer,gridtential.com,"Santa Clara, CA",,,,,,,False,1610148
caae8528-87f6-4656-bd6a-c8af540e3c92,gridware,Startup focused on protecting electric grids from wildfires,,,,,,,,,False,Not in Affinity
621006e6-7124-437b-be09-1a9be94c3ea0,GridX,Enterprise rate platform provider for utilities and energy tech companies,gridx.com,"Milpitas, California","['Sunfox Capital', 'NGP ETP', 'Energy Impact Partners (EIP)', 'Moore Strategic Ventures (MSV)']",93.0,10.71,Series C,40000000.0,"['Jian Zhang (Founder and CEO): https://linkedin.com/in/jianzhang', 'Chris Black (Chief Executive Officer): https://linkedin.com/in/chrisblackco']",True,1619823
3ad76db4-9568-4b41-ba9c-ea06a40653bb,gripp,Agricultural equipment operation,,,,,,,,,False,Not in Affinity
12f93fce-ed5d-4cf9-939a-cc78cb48ccbd,gro intelligence,Agricultural data platform,,,,,,,,,False,Not in Affinity
2f913241-2877-4514-8e66-323c4cb76080,GroGuru,Water management platform for farmers,groguru.com,"San Diego, CA",,,,,,,False,115156374
70278a46-5d05-463b-bc18-e99ca28155b6,GROPYUS,Sustainable homes developer,gropyus.com,"Vienna, Austria","['Vonovia', 'Semapa', 'Practical Venture Capital']",330.0,7.49,Other,109730000.0,"['Bernd Oswald (Co-Founder / Business Development): https://linkedin.com/in/berndoswald', 'Alexander Fuhrmann (VP Corporate Development, Co-Founder): https://linkedin.com/in/alexander-fuhrmann-b2623774', 'Florian Fritsch (Co-Founder): https://linkedin.com/in/florianfritsch']",True,278412574
4f1afb28-a169-41fc-b258-15b53ffab36e,Gross-Wen Technologies,Using algae to clean wastewater,gross-wen.com,"Slater, IA",,,,,,,False,157663881
b79af248-b304-4237-9b1b-56910a2035c5,Grounded.com,Smart and modular electric camper vans,grounded.com,Detroit,,,,,,,False,221942880
66f71d3c-0082-4da9-a4de-2ed74bc793f5,Groundley,Construction logistics management platform,groundley.com,"Viborg, Denmark","['Christian Dideriksen', 'new and existing angel investors', 'EIFO (The Danish Export and Investment Fund)']",9.0,80.0,Seed,970000.0,Uffe Aalborg (Co-Founder): https://linkedin.com/in/uffeaalborg,True,290466094
36e8395f-e3ad-4adc-9913-c126c2216c02,Groundlight,Computer vision accessibility platform,groundlight.ai,"Seattle, WA",,,,,,,False,284948993
af1f0e2c-4b33-405e-8624-d775c15923b8,Groundwork BioAg,Developing crop-enhancing mycorrhizal inoculants,groundworkbioag.com,"Mazor, Israel","['Middleland Capital', 'HSBC Global Asset Management', 'ICV Ventures', 'MoreVC', 'SRK Management Company', 'Edaphon', 'Ibex Investors', 'Climate Innovation Capital', 'Axess Ventures']",44.0,0.0,Series B,18000000.0,"['Dan Grotsky (Co-Founder, VP Sales and Marketing): https://linkedin.com/in/dangrotsky', 'Yossi Kofman (Chief Executive Officer): https://linkedin.com/in/yossi-kofman-65a896211']",True,1738532
d9d88554-54b7-4b22-b4c2-9efa6b98f988,group14 technologies,Battery tech company,,,,,,,,,False,Not in Affinity
2e06b41d-5393-4f87-be25-a8f467acb8c1,Grover,Circular consumer electronics subscription platform,grover.com,"Berlin, Germany","['M&G', 'Circularity Capital', 'Coparion', 'Energy Impact Partners', 'Viola Fintech', 'German Media Pool', 'Korelya Capital', 'coparion', 'SevenVentures', 'Augmentum Fintech', 'Fasanara Capital', 'Seedcamp', 'Assurant', 'Kreos Capital', 'Samsung Next', 'Jonathan Schneider', 'Augmentum Fintech plc', 'Assurant Ventures', 'main incubator – R&D unit', 'Mirae Asset-LG Electronics New Growth Fund', 'Augmentum', 'JMS Capital-Everglen', 'Varengold Bank', 'Commerzbank Group', 'Cool Japan Fund Inc', 'Circularity Capital LLP', 'Augmentum Fintech Management Ltd']",304.0,-21.85,Other,54619500.0,"['Michael Cassau (Founder & CEO): https://linkedin.com/in/michaelcassau', 'Lindsey Wood (Chief Executive Officer): https://linkedin.com/in/lindsey-wood-b613a7250', 'Linda Rubin (Interim CEO): https://linkedin.com/in/lindarubin898']",True,1776606
021c24b9-b220-4ae3-9175-5604327c0201,Grow Indigo,Sustainable agriculture input platform,growindigo.co.in,"Mumbai, India",,,,,,,False,278651054
2318e68f-9ab7-4c1b-afb8-556f3f3bcbf3,Growcer AG,Vertical farming business,growcer.com,"Ottawa, Canada",,,,,,,False,202531722
8aa84ec6-9330-43ab-ae84-082ccb8d5f8c,growup farms,Vertical farms company,,,,,,,,,False,Not in Affinity
69b902a4-420b-4704-aa6b-b102a39e926c,Grubbly Farms,Producer of insect-based feed for backyard chickens,grubblyfarms.com,"Atlanta, GA",,,,,,,False,144274286
366644a4-0884-4cdf-9eb4-0c6b1b8ff855,Grünfin,Sustainable investing platform,grunfin.com,Estonia,,,,,,,False,265005534
3f650bb7-da3e-4d84-adad-5a6b78d8e5c5,gryd energy,Subscription service for solar panels and battery systems,,,,,,,,,False,Not in Affinity
68da5345-2826-4057-afa9-a9b0fa58f2ec,Gryps,Robotic process automation startup,gryps.io,"New York, New York",Plug And Play Tech Center,19.0,5.56,,1500000.0,"['Dareen Salama (Co-Founder - CEO): https://linkedin.com/in/dareen-salama-a3bb2922', 'Amir Tasbihi (Co-Founder, CTO): https://linkedin.com/in/amirtasbihi']",True,279333745
2dba969a-4589-4cb0-b8fa-d74b7b359248,Grünfin,Sustainable investing platform,grunfin.com,"Tallinn, Estonia",,,,,,,False,265005534
fd39b657-fdea-4fb4-96c4-175ce36fdcc5,gs power partners,Develop independent power production projects,,,,,,,,,False,Not in Affinity
a2699f61-560e-4c93-91c6-1d7ebbecd788,gt green technologies,Wind propulsion systems for the maritime industry,,,,,,,,,False,Not in Affinity
f70217d5-3cd7-4b9e-a132-bd60040fce4a,guangdong gaojing solar energy technology,Solar energy technology company,,,,,,,,,False,Not in Affinity
afd10c72-b5f1-4bc1-92bb-5b2be3379f7f,Guardian Agriculture,Crop protection company,guardian.ag,"Woburn, Massachusetts","['Fall Line Capital', 'Pillar VC', 'E14 Fund', 'FMC Ventures', 'Leaps by Bayer', 'Neoteny', 'Wilbur-Ellis’ Cavallo Ventures']",67.0,6.35,Series A,20000000.0,Jeff Feldman Sparks (COO and Co-Founder): https://linkedin.com/in/aggregatejeff,True,281116374
b11c226c-8506-44b3-848d-e258727870b8,Guided Energy,Electric fleet charging management platform,guided.energy,"Paris, France","['Dynamo Ventures', 'Sequoia']",11.0,22.22,,5200000.0,"Eric Daoud Attoyan (Co-Founder, CTO): https://linkedin.com/in/ericdaoud",True,290235274
c759c275-a885-4d02-9fd3-be647fc2c7ca,Guidewheel,Manufacturing efficiency SaaS platform,guidewheel.com,"San Francisco, California","['Savannah Fund', 'LocalGlobe', 'DEG', 'Greycroft', 'Breakthrough Energy Ventures', 'Fortune 500 executives', 'angels', 'German Federal Ministry for Economic Cooperation and Development', 'Rethink Impact', 'Ecolab', 'Decarbonization Partners', 'Gsbackers']",88.0,69.23,Series B,31000000.0,"['Lauren Dunford (CEO and Co-Founder): https://linkedin.com/in/lauren-dunford-6887ab7', 'Weston McBride (CTO and Co-Founder): https://linkedin.com/in/westonmcbride', 'Jason Dunford (Co-Founder & Advisor): https://linkedin.com/in/jasondunford']",True,282849994
936f9877-1c81-4162-9bfb-68182fd147a6,h cycle,Low-carbon hydrogen developer,,,,,,,,,False,Not in Affinity
533c99ae-41ab-4a2e-892f-3bad7dd276d0,H2,Vanadium flow battery manufacturer,h2.se,"Daejeon, South Korea",,,,,,,False,291699288
5b0ca073-c9f2-4813-8cd5-b34ed9916802,H2 Green Steel,Decarbonized steel producer,h2greensteel.com,"Stockholm, Sweden","['BNP Paribas', 'Wallenberg Investments holding company FAM', 'AIP Management', 'IMAS Foundation', 'GIC', 'UniCredit', 'Just Climate', 'Kobe Steel', 'Societe Generale', 'AMF', 'Cristina Stenbeck', 'Kinnevik', 'KfW IPEX-Bank', 'Andra AP – fonden', 'Hy24', 'European Investment Bank', 'Temasek', 'ING', 'Hitachi Energy', 'Altor', 'Svensk Exportkredit', 'Vargas', 'Schaeffler']",448.0,60.0,Other,271977500.0,Henrik Henriksson (Chief Executive Officer): https://linkedin.com/in/henrik-henriksson-b4893112a,True,281722324
1dfb8f6d-1aec-4c97-a076-446f30cab126,H2O.ai,A.I. cloud company,h2o.ai,"Mountain View, California","['Nexus Venture Partners', 'Capital One Growth Ventures', 'Ping An Global Voyager Fund', 'Pivot Investment Partners', 'Transamerica Ventures', 'Commonwealth Bank of Australia (CBA)', 'Transamerica Corporation', 'Wells Fargo', 'NVIDIA', 'Goldman Sachs', 'Crane Venture Partners', 'Goldman Sachs Asset Management', 'Paxion Capital Partners', 'New York Life']",291.0,-18.49,Late Stage,100000000.0,"['Aku (Aakriti Srikanth) (Strategic Consultant for Product Strategy (with Founder/CEO and CMO)): https://linkedin.com/in/aakritisrikanth', 'Sri Satish Ambati (CEO & Co-founder): https://linkedin.com/in/srisatishambati', 'Aku Srikanth (AI Product Marketing (worked with CEO & CMO)): https://linkedin.com/in/akusf']",True,1795508
56f6ecd2-19fc-434e-9d44-76b6353f7ce1,H2Pro,Green hydrogen production company,h2pro.co,Israel,,,,,,,False,224671391
ecf827a8-f467-427b-8150-1970cb63ca43,H2scan,Provider of hydrogen sensors for electricity utilities and industrial markets,h2scan.com,"Valencia, Calif.",,,,,,,False,1531854
c6f5eb0b-0b2f-41cf-bd5c-087a3971ca52,h2site,On-site hydrogen production company,https://www.h2site.eu/,,,,,,,,False,Not in Affinity
5415882b-55b6-466c-abc1-ccef72540daa,H2U Technologies,Company focused on scaling the hydrogen economy,h2utechnologies.com,"Chatsworth, CA",,,,,,,False,268342889
36c4f7fb-a91a-40cf-9e47-06ce70147697,H3 Dynamics Holdings,Aerial decarbonization company,h3dynamics.com,Singapore,,,,,,,False,120609892
9f02c3c6-ad63-44fe-b7d9-ce801d9a40cd,h3x,Make electric motors,,,,,,,,,False,Not in Affinity
9d1311f3-085a-4a9d-8595-1806b404bdb2,H3X Technologies,High power density electric motors manufacturer,h3x.tech,"Louisville, CO",,,,,,,False,281080512
d623dc85-5c9b-447c-856c-c842641279a9,H55,Developing electric aviation propulsion solutions and battery systems,h55.ch,Switzerland,,,,,,,False,146196573
4a870dfd-0053-44ef-93fa-c718fe99b9cf,Haast,AI-powered compliance platform,haast.co,"Sydney, Australia",,,,,,,False,268150781
a2cddf02-e3a6-47ea-8503-e3241aedee9b,Haaven,Platform for environmentally-friendly construction,haaven.com,"Amsterdam, Netherlands","['Quintin Schevernels', 'Eric Klaassen', 'Golden Egg Check', 'Andre Grimbergen', 'Paolo Moresco', 'Mike de Boer', 'Erik Nieuwenhuis', 'SpeedInvest']",8.0,-27.27,Seed,1100000.0,"['Dédé 🌱 (Co-Founder, CEO): https://linkedin.com/in/dedekruisman', 'Sacha Bloem (Co-founder): https://linkedin.com/in/sacha-bloem-48579819b', 'Davide Cardu (Co-Founder): https://linkedin.com/in/davide-cardu-b50177188', 'Thomas Leeson (Co-Founder): https://linkedin.com/in/thomas-leeson-32aa23173']",True,297110569
de399abe-2c6d-454f-a019-b01af7b8b100,haber,AI-powered automation services for manufacturers,,,,,,,,,False,Not in Affinity
f5742dfe-c639-4d0a-940c-6b0e5f92c245,HabiTerre,Farm productivity and efficiency insights platform,habiterre.com,"Chicago, IL",,,,,,,False,288079683
32b6391e-b3d3-45f4-be7b-998fab9dcc0b,HAI,Maker of smart showerheads,hai.com,"Los Angeles, CA",,,,,,,False,278817403
fbd9c9aa-f7c5-44de-a27e-a00e35983f33,Halcyon,Cyber resilience platform,halcyon.ai,"Austin, Texas","['Bain Capital Ventures', 'Corner Ventures', 'Dell Technologies Capital', 'other strategic investors', 'SYN Ventures', 'Evolution Equity Partners', 'Harmony Group', 'Corner Capital Management', 'Syn Ventures', 'Dropbox Ventures', 'Servicenow Ventures']",149.0,52.04,Series A,100000000.0,Jon Miller (CEO + Co-Founder): https://linkedin.com/in/jonmillerhalcyon,True,283963016
5c0d04e5-945b-4c4e-8481-0d31843712ad,Happy Plant Protein,Make plant-based proteins,happyplantprotein.com,"Sundsberg, Finland",,,,,,,False,299861345
eab67c05-99fa-42e8-8af9-be22d18f61be,HappyVore,Plant-based meat company,happyvore.com,France,,,,,,,False,291699198
8aafaf4a-fdca-4987-b1e9-b602e41e1ecc,harbinger,Electric trucks and powertrains,,,,,,,,,False,Not in Affinity
2b191d15-1e2f-4cb9-8a3b-f7a681c65174,harbor,Emergency preparedness platform,helloharbor.com,"Los Angeles, California",25madison,16.0,,Seed,5000000.0,Dan Kessler (Chief Executive Officer): https://linkedin.com/in/dakessler,True,263317431
fdcb1074-4373-4f6c-8166-70dac514a137,Hardt Hyperloop,Hyperloop network,hardt.global,"Delft, The Netherlands",,,,,,,False,118759810
5c5efc45-8496-4ba2-aa71-080122d99fe7,harpe bioherbicide solutions,Sustainable weed-management solutions startup,,,,,,,,,False,Not in Affinity
1c95e438-54dc-4fed-8399-d574ae497ca8,harvest thermal,Smart thermal battery heating system developer,,,,,,,,,False,Not in Affinity
e433f3e9-d176-48ad-bf44-ec7c2073ee9f,Hauler Hero,Waste management operations optimization software,haulerhero.com,"San Diego, CA",,,,,,,False,281600964
f26fa0a4-7ac4-4d3e-8d9c-1b10f2fa9cfa,Haven Energy,Residential energy storage platform,havenenergy.com,"Los Angeles, California","['Raven One Ventures', 'Lerer Hippeau', 'Giant Ventures', 'Habitat Partners', 'Comcast Ventures', 'TO VC', 'LifeX', 'Quantum Innovation Fund']",24.0,4.35,Series A,7000000.0,"['Vinnie Campo (Co-Founder): https://linkedin.com/in/vinnie-campo-57101316', 'Jeff Chapin (Co-Founder): https://linkedin.com/in/jeff-chapin-a4b63758', 'Philip Krim (Co-Founder & Director): https://linkedin.com/in/philip-krim-3830345']",True,287786959
be9dca5c-d5fd-4e46-b70c-4c0739b81bd5,HawkEye 360,Radio frequency-focused earth observation company,he360.com, ,,,,,,,False,108428114
fdc01577-ccee-4c80-9fb3-8d0b2db3afc2,Hayden AI,Geospatial analytics and data platform,hayden.ai,"Oakland, California","['Modern Venture Partners', 'Autotech Ventures', 'Drawdown Fund', 'BootstrapLabs', 'e.Republic', ""UC Berkeley's Strawberry Creek Ventures"", 'The Rise Fund', 'TYH Ventures', 'The Drawdown Fund']",141.0,21.55,Series C,90000000.0,"['Vaibhav Ghadiok (Cofounder & Vice President Of Engineering): https://linkedin.com/in/vghadiok', 'Michael Byrne (Co-founder & VP of Product Management): https://linkedin.com/in/michael-byrne-3382784']",True,220431650
79e8f180-b3e0-4adc-b41e-eacddf454fb2,Hazer Group,Methane pyrolysis technology developer,hazergroup.com.au,"Perth, Australia",,,,,,,False,120131663
b90954a2-751a-493a-8061-b21d0540d347,hcvc,Investment firm,,,,,,,,,False,Not in Affinity
7f0d772b-008c-4f6e-aafd-81dcd1208888,"HData, Inc.",AI software that reviews energy regulatory filings,hdata.com,"Joliet, Illinois",,,,,10430775.0,"['Hudson Hollister (Founder and CEO): https://linkedin.com/in/hudsonhollister', 'Yuval Lubowich (Co-Founder and CTO): https://linkedin.com/in/yuvallubowich', 'Chris Martin (Co-Founder): https://linkedin.com/in/chris-martin-bb39071']",True,295053317
038c0f63-be1a-40ac-9998-40130f5666d7,healthmate,Wearable health monitoring devices,https://www.healthmate.com/,,,,,,,,False,Not in Affinity
615c6adf-19d9-4fa8-b2e6-a769842996ea,HealthSync,Digital health engagement platform,healthsync.com,"Toronto, Canada",,,,,,,False,282298693
59fd033a-ef8e-4189-bb16-fd5a9a5bdd12,Heartcore Capital,Invests in startups across various areas,heartcore.com,Copenhagen,,32.0,6.67,Investment Fund,180000000.0,,True,220244517
432dcc63-f32c-4cfa-8f9f-51f31da5b306,Heat Geek,Heat pump platform,heatgeek.com,"Aldershot, United Kingdom",,30.0,7.14,Seed,4666955.0,,True,291734596
70d65a77-6f03-48b9-b0e6-9a5c60d4c535,Heaten,Developer of a high-temperature heat pump for industrial use,heaten.com,Norway,,,,,,,False,291931598
a8f3fade-22f8-47f0-8983-03895b412756,Heatio,For its residential energy management and VPP platform,heatio.com,"Liverpool, United Kingdom",,18.0,20.0,,2754000.0,,True,294205201
b37904cd-f10a-4139-a48c-4c0efaafde3b,HeatTransformers,Heat pump installation platform,heattransformers.com,"Woerden, Netherlands","['Energy Impact Partners', 'ENERGIIQ', 'Fair Capital Partners’ Impact Fund']",74.0,-33.93,Series A,15000000.0,"['Gijs van Vrede (Co-Founder): https://linkedin.com/in/gijs-van-vrede-0ab0863b', 'Stijn Otten - van Beest (Director / Co-Founder - kom werken bij ons!): https://linkedin.com/in/stijn-otten', 'Guido van Els (Co-Founder): https://linkedin.com/in/guido-van-els-bb2a1664']",True,224845073
77f9b0db-2c19-4ddd-a871-26c75ef91400,HeavyFinance,Marketplace providing green loans for agriculture,heavyfinance.com,"Vilnius, Lithuania","['Practica Capital', 'Black Pearls VC', 'Startup Wise Guys', 'bValue', 'business angels']",50.0,13.64,Debt,1060880.0,"['Rytis Darginavičius (Founder): https://linkedin.com/in/rytis-darginavi%C4%8Dius-97007644', 'Andrius Liukaitis (Chief Financial Officer, Co-founder): https://linkedin.com/in/andrius-liukaitis-9017b3a', 'Laimonas Noreika (Founder): https://linkedin.com/in/laimonasnoreika', 'Darius Verseckas (Chief Marketing Officer, Co-founder): https://linkedin.com/in/darius-verseckas-33077835', 'Domantas Šiupšinskas (Project Manager, Co-founder): https://linkedin.com/in/domantas-%C5%A1iup%C5%A1inskas-5a244b148']",True,284138216
7964a724-9df7-4fa4-85bb-dba03e76a87b,hectare,Software provider for agriculture supply chains,,,,,,,,,False,Not in Affinity
8e1a7d3b-669a-4802-ac99-db66ce20c1c5,hedera-22,Biomolecule for bio-pesticide development,https://www.hedera22.com/,,,,,,,,False,Not in Affinity
4ee6c727-e335-487f-9acb-1692555af7b4,hedosophia,Dedicated secondaries fund for growth-stage companies,,,,,,,,,False,Not in Affinity
aacfffbc-ad5b-4229-a132-403c98096cdb,Heila Technologies,Modular energy platform which connects and optimizes distributed energy resources,heilatech.com,"Somerville, Massachusetts","['Massachusetts Clean Energy Center (MassCEC)', 'Table Rock Infrastructure Partners', 'Acario Innovation']",31.0,-35.42,Seed,,"['Jose Dunia (Co-Founder & Lead Software Architect): https://linkedin.com/in/nojose', 'ALBERT CHAN (Co-Founder): https://linkedin.com/in/albertchan1204', 'Jose Dunia (Co-Founder & Lead Software Architect): https://linkedin.com/in/josejdunia', 'Francisco Morocz (Co-Founder and CEO): https://linkedin.com/in/francisco-morocz-53050526']",True,242262500
e83217ff-3fe6-45f9-8623-4dcb7f522eb8,Heimdall Power,Advanced power grid sensing technology developer,heimdallpower.com,"Oslo, Norway","['Hafslund', 'Nordic cleantech fund NRP Zero', 'Orlen', 'Eviny', 'Sarsia Seed', 'Lyse', 'the Steinsvik Family Office', 'Investinor']",62.0,21.57,Series B,25000000.0,"['Thomas Wikberg (Chief Executive Officer): https://linkedin.com/in/thomaswikberg', ""Robert Mork (CEO at Heimdall Power's US subsidiary Heimdall Power Inc.): https://linkedin.com/in/robert-mork-86364111""]",True,154905715
20fdc4d4-98be-4950-a5e7-1130fe12ed17,Heirloom,Direct air capture leveraging limestone to remove carbon dioxide,heirloomcarbon.com,"Brisbane, CA",,,,,,,False,282158496
a5f93ddf-db03-405b-804c-be63966477e7,heirloom carbon technologies,Carbon removal startup,https://www.heirloomcarbon.com/,,,,,,,,False,Not in Affinity
4043012f-05dc-4c56-be19-62939f961fa0,helaina,Use precision fermentation to make bioactive proteins,https://heliene.com/,,,,,,,,False,Not in Affinity
fcbf289d-1c24-4253-a186-14fe1effb85e,Helical Fusion,High-Temperature Superconducting (HTS) cable technology manufacturer,helicalfusion.com,"Tokyo, Japan",,,,,,,False,285715696
8b4d5efb-51d8-4396-a0bc-a4e5c9d398c7,Heliene,Solar panel manufacturer,heliene.com,"Sault Sainte Marie, Canada",,,,,,,False,291817770
f812583f-86fd-4b24-9ed2-d217a242166e,Heliogen,Renewable energy tech company,heliogen.com,"Pasadena, California",,255.0,10.0,,,"['Azeez Mohammed (Senior Advisor to the Chairman and CEO): https://linkedin.com/in/azeezmohammed', 'Bill Gross (Founder and CEO): https://linkedin.com/in/billgrossidealab', 'Christie Obiaya (Chief Executive Officer): https://linkedin.com/in/christie-obiaya-5591a16']",True,224013584
0c143997-aafc-468e-9786-2d1bda1a8d87,Helion Energy,Fusion energy company,helionenergy.com,"Everett, WA",,,,,,,False,1697921
f4a319ac-34ae-473a-a26a-85a32d50663c,Helion Energy,Fusion energy startup focused on a magnetic confinement approach,helionenergy.com,"Seattle, WA",,,,,,,False,1697921
af028997-6351-4ac1-bba6-1e27f23d5597,Helix Earth Technologies,Make more efficient commercial A/C systems,helixearth.com,Houston,,,,,,,False,297691738
a9d21d0b-cb23-4a79-b791-eb2164816c09,helixintel,HVAC management platform,,,,,,,,,False,Not in Affinity
efe98e12-959b-4a30-b290-73ed3594b417,Hellas Direct,Climate-risk insurance business,hellasdirect.gr,"Marousi, Greece","['ETF Partners', 'others', 'IFC', 'Portag3', 'European Bank for Reconstruction and Development', 'Endeavour Catalyst', 'Lord O’Neill', 'Endeavor Catalyst', 'Portag3 Ventures', 'Third Point LLC', 'Jon Moulton']",239.0,19.5,Series B,30000000.0,"['Emilios Markou (Co-Founder and Executive Director): https://linkedin.com/in/emiliosmarkou', 'Alexis Pantazis (Co-Founder and Executive Director): https://linkedin.com/in/alexispantazis']",True,1801673
9d74d79c-6cfa-4166-bff7-5021461b2eac,Hemav,Agricultural platform aiming to reduce input costs,hemav.com,Barcelona,,,,,,,False,1727647
0e360e69-da94-4030-b83a-6c9475826fd3,Hen Nozzles,Better nozzles for firefighting,hennozzles.com,"Hayward, CA",,,,,,,False,281209531
120aee19-4eb0-4ef5-95a6-058769c3a54d,Heritable Agriculture,Plant breeding and biotech startup,heritable.ag,"Mountain View, CA",,,,,,,False,297065125
f4e35740-80e8-422d-8d9e-03f3b6a0d9a3,Hero Future Energies,Clean tech company,herofutureenergies.com,India,,,,,,,False,116049268
9b1642c5-3471-49d3-a470-03404d5dd77b,heron power,Solid-state transformer systems for use on power grids,https://www.heronpower.com/,,,,,,,,False,Not in Affinity
d8b39c87-03fd-4679-8e5d-fab55b5cd18f,Heura Foods #QuédateEnCasa,Alternative protein company,heurafoods.com,Spain,,,,,,,False,262447679
6db3ed1f-26a2-4629-9b24-1c36ebdedb0c,HexaFarms,"AI-powered software designed to monitor, control, and optimize greenhouses and vertical indoor farms",hexafarms.com,"Berlin, Germany","['techstars', 'Speedinvest', 'Mudcake']",13.0,18.18,Seed,1300000.0,"['Felix Kirschstein (Co-Founder and COO): https://linkedin.com/in/felix-kirschstein', 'Abraham Hdru (Co-Founder): https://linkedin.com/in/abraham-hdru', 'David Ahmed (Chief Executive Officer): https://linkedin.com/in/david-ahmed', 'Huijo Kim (CTO, Co-founder): https://linkedin.com/in/khj17']",True,284441849
33798e43-9fe8-433e-a95f-d9970a64660e,hexium,Laser-based technology to separate lithium isotopes,,,,,,,,,False,Not in Affinity
2f24308a-4bf7-4ef1-9e67-9cf901f6aba5,HeyCharge,Provider of underground charging solutions,heycharge.com,"Munich, Germany","['BMW i Ventures', 'Statkraft Ventures']",17.0,6.25,Seed,4700000.0,"['Dr. Robert Lasowski (Co-Founder & Chief Business Development Officer): https://linkedin.com/in/dr-robert-lasowski-0b60077b', 'Chris Cardé (Founder and CEO): https://linkedin.com/in/pilotchris']",True,283206846
1c93e343-be1e-402f-971d-131eb82a395d,hgen,Clean hydrogen developer,,,,,,,,,False,Not in Affinity
2a3001ed-cd97-45ac-9138-84055ed9518f,hiddenlayer,Security platform for machine learning models,,,,,,,,,False,Not in Affinity
6b1d8b01-c075-49ae-9948-a0e1faba13f0,HIF Global,E-fuels business,hifglobal.com,"Houston, U.S.",,,,,,,False,285666305
954d2386-502c-4aa9-8a46-b264cc49faf5,Higharc,"Homebuilding platform for design, sales, and construction",higharc.com,"Menlo Park, California","['Standard Investments', 'Spark Capital', 'Fifth Wall', 'Pillar VC', 'Starwood Capital', 'Ferguson', 'Home Depot', 'SE Ventures', 'Javelin Venture Partners', 'Metaprop', 'Mulhern+Kulp Engineering', 'Simpson Strong-Tie Company Inc.', 'Starwood Capital Group', 'Ferguson Ventures', 'PSP Growth', 'Simpson Strong-Tie', 'Suffolk Technologies', 'SC Masterfund', 'Lux Capital', 'RXR Realty', 'Vertex Ventures', 'Mighty Buildings', 'Ware Malcomb', 'Carl Bass', 'Welcome Homes', 'CBRE']",112.0,23.08,Series B,53000000.0,"['Peter Boyer (Co-Founder, Director of Engineering): https://linkedin.com/in/ptrbyr', 'Michael Bergin (Co-Founder): https://linkedin.com/in/michaelbergin', 'Marc Minor (Founder and CEO): https://linkedin.com/in/marcminor']",True,221158666
130ed62b-9cfc-432d-9a94-83ebd9a56475,Highland Electric Transportation,Electric school bus maker,highlandet.com,"Beverly, Massachusetts","['Vision Ridge Partners', 'Fontinalis Partners']",5.0,0.0,Other,253000000.0,,True,279599662
28ce4567-e568-4b02-be9f-5760c64e50b7,Highview Power,Liquid air energy storage developer,highviewpower.com,"London, England",,,,,,,False,220135385
83244104-d27b-442b-b98f-b91389dcc5c6,Highwood Emissions Management,Emissions management software and services firm,highwoodemissions.com,"Calgary, Canada","['Veritec Ventures', 'Energy Capital Ventures (ECV)']",27.0,-3.57,Seed,3000000.0,Jessica Shumlich (Chief Executive Officer): https://linkedin.com/in/jessica-shumlich-bb745148,True,283381279
c04a2a80-e959-4cf3-ac00-3d6685f91fa4,Hippo Harvest,Developer of sustainable greenhouse technology,hippoharvest.com,"San Francisco, CA",,,,,,,False,263381437
69c81e8d-0e5d-472e-a626-74d365352f5d,Hitachi Ventures,Corporate venture fund,hitachi-ventures.com,Tokyo,TechCrunch,28.0,7.69,Series A,400000000.0,"['Steve Gabriel (Managing Director and CEO): https://linkedin.com/in/steve-gabriel-2485757', 'Stefan Gabriel (Managing Director and CEO): https://linkedin.com/in/stefan-gabriel-2485757']",True,283465445
db1b9934-6d4e-4d22-b4e7-4cf621e926d9,hithium,Lithium-ion battery manufacturer,https://hithium.com/,,,,,,,,False,Not in Affinity
b13cf1e8-9f00-47bb-a6b3-92e4734fa1aa,Hive,Collaboration and productivity platform,thehive.ai,"San Francisco, California","['General Catalyst', 'Glynn Capital', '8VC', 'Founders Fund', 'ENIAC Ventures', 'Bain & Company', 'Jericho Capital', 'Tomales Bay Capital', 'rocketship.vc', 'Bracket Capital', 'Eight Partners VC, LLC']",305.0,-6.73,Series D,50000000.0,"['Dmitriy Karpman (CTO and Co-founder): https://linkedin.com/in/dkarpman', 'Kevin Guo (CEO and Co-founder): https://linkedin.com/in/kevinguo91', 'Iqbaljit Kahlon (Executive Chairman, Board Member): https://linkedin.com/in/ikahlon']",True,163279648
369a2974-60ec-43ee-bb81-a2f1c2aa53f8,hive technologies,EV leasing platform,,,,,,,,,False,Not in Affinity
b2a14c72-d77d-4365-b3d6-a79de8ed02ab,hived,AI-powered parcel delivery solution,,,,,,,,,False,Not in Affinity
cc5b43bf-4392-4b6b-a5d4-b699c05089ed,hohm energy,Solar energy marketplace,,,,,,,,,False,Not in Affinity
16edba54-3c90-4c18-9cac-1efd8809fa15,Hohonu,24/7 water level monitoring start-up,hohonu.io,"Honolulu, Hawaii","['Echo River Capital', 'Elemental Excelerator', 'Builder’s Vision', 'Sustainable Ocean Alliance', 'Blue Startups']",7.0,16.67,Seed,1800000.0,,True,262711721
c3094f65-d72d-4cc1-9813-8356f3dc6b4f,Holy Grail,Startup prototyping a small and modular direct air carbon capture device,holygrail.ai,"Mountain View, California","['Goat Capital', 'Y Combinator', 'Starlight Ventures', '35 Ventures', 'Deep Science Ventures', 'LowerCarbon Capital']",21.0,-4.55,Seed,2700000.0,"['David P. (Founder and COO ): https://linkedin.com/in/david-pervan', 'Nuno Pereira (CEO): https://linkedin.com/in/nunohg', 'Martin Hangaard Hansen (Founder & CTO): https://linkedin.com/in/mhangaard', 'David Hicks (Co-Founder & CTO): https://linkedin.com/in/david-cyprian-hicks']",True,222330202
5f5375cc-b6fa-4f4f-bc14-3c65ff44ead5,homeboost,Home energy-management and efficiency software,https://homeboost.com/,,,,,,,,False,Not in Affinity
f8037df6-85bd-4dfb-8138-247d6bb2df88,hometree,Household energy system maintenance platform,,,,,,,,,False,Not in Affinity
651ead5a-9b8f-431a-80b3-a97df4c31f81,Hoofprint Biome,Enzymes developer to reduce cows’ methane emissions,hoofprintbiome.com,"Raleigh, USA",,,,,,,False,291250299
5c1e5eed-13a8-4226-955b-e69408e9205e,Hooray Foods,Plant-based meat producer,hoorayfoods.com,"San Francisco, CA",,,,,,,False,224663558
d0eef5df-365b-41d9-a603-7951cce8b867,hors normes,Food waste startup,,,,,,,,,False,Not in Affinity
c64d5a38-910c-474c-a259-52afc4013e0a,hort innovation,VC fund for early-stage startups in sustainability,,,,,,,,,False,Not in Affinity
4a70c35f-8cbd-4eb4-82bd-2c93eb663281,HowGood,Sustainability database for food and personal care industries,howgood.com,"Marbletown, New York","['Trailhead Capital', 'Danone Manifesto Ventures', 'High Line Venture Partners', 'Contour Venture Partners', 'FirstMark Capital', 'Humanity United', 'Serious Change LP', 'Titan Grove', 'Highline Ventures', 'others', 'Joanne Wilson', 'Great Oaks Venture', 'Contour Venture', 'Joanne R. Wilson', 'Jake Lodwick']",59.0,3.51,Series A,12500000.0,Alexander Gillett (CEO): https://linkedin.com/in/agillett,True,1718780
85d61db6-fe41-440f-894c-fde4bee406c3,Hoxton Farms,Producing sustainable animal fat from stem cells,hoxtonfarms.com,England,,,,,,,False,279333829
cc3c28b5-7e0b-4b6e-91ee-be14da1f3e7e,hozon,Intelligent EV startup,,,,,,,,,False,Not in Affinity
bedf6d17-0bc9-4966-8d49-f40873deeeec,hqo,Operating system for commercial office buildings,,,,,,,,,False,Not in Affinity
edf59bed-4b25-48da-bf3c-42257cefde9e,hubcycle,"Affordable, sustainable food ingredients",https://nthcycle.com/,,,,,,,,False,Not in Affinity
0a5d525f-7c2a-4e19-9b6a-f18c9a5371f1,Hula Earth,Provide real-time biodiversity data,hula.earth,"Munich, Germany","['Climate Founders', 'European Space Agency (ESA)', 'Kilian Kaminsky', 'Partners in Clime', 'Florian Hildebrand', 'Point Nine Capital', 'Markus Linder', 'WithEarth', 'Lawrence Leuschner']",6.0,100.0,Seed,1600000.0,,True,299729472
b620e67b-90a9-4222-a8be-e1a666e2f204,HumanForest,E-bike service platform,humanforest.co.uk,"London, UK",,,,,,,False,263429766
847611a5-1511-496c-8242-f02761e736b3,humble bee bio,Using synthetic biology derived from bees to make bioplastics,,,,,,,,,False,Not in Affinity
99dd21f3-682d-4443-829e-530bb0df521e,humming homes,Home management software company,,,,,,,,,False,Not in Affinity
fdcd6eec-11fa-4afa-af32-c1c191cfc8ba,hummingbird technologies,Tech platform that evaluates condition of agricultural fields,,,,,,,,,False,Not in Affinity
f0674f3d-f49e-4dc6-9a16-4f6836a27cfc,hungry planet,Plant-based meat producer,,,,,,,,,False,Not in Affinity
5d40d63d-8254-415a-a26e-661f7d171ac3,huue,Bio-based dyes company,,,,,,,,,False,Not in Affinity
e924e155-926b-489c-b731-e491fa97ae71,Hy2gen,Green hydrogen producer,hy2gen.com,"Wiesbaden, Germany","['Trafigura', 'Technip Energies', 'BenDa', 'Hy24']",46.0,21.05,Series C,47000000.0,Cyril DUFAU-SANSOT (CEO): https://linkedin.com/in/cdufausansot,True,220093214
de191f38-85f0-4c19-b806-641b8f585838,HyAxiom,Hydrogen fuel cells developer,hyaxiom.com,"East Hartford, CT",,,,,,,False,287509838
1203810b-ebf0-49c7-a83c-3241e2e66a85,hybar,Scrap metal recycling developer,https://hybar.com/,,,,,,,,False,Not in Affinity
086554b5-99de-4c34-8ca5-7c163b7517ba,hybrid energy,Monitoring electricity usage for energy efficiency,,,,,,,,,False,Not in Affinity
5f8017e1-1469-40b2-b20c-a3fe4c894886,Hycamite TCD Technologies,Methane pyrolysis developer,hycamite.com,"Kokkola, Finland",,,,,,,False,282956370
8ae9d511-3bcf-496d-a2bb-887b2dc709ab,HydGene Renewables,Producer of hydrogen using synthetic biology,hydgene.com,"North Parramatta, Australia",,,,,,,False,279164267
b46b339c-4c5f-42fc-9540-b4d87c77bbaa,Hydrogen Mem-Tech,Hydrogen separation membrane provider,hydrogen-mem-tech.com,"Trondheim, Norway",,,,,,,False,285868148
0d558495-0e4f-4c98-99ec-f8dd8ca9cdb1,hydrogenera,Developing hydrogen electrolyzers,https://hydrogenera.com/,,,,,,,,False,Not in Affinity
fdac4d6e-a228-408f-b44f-fa996d67db4d,Hydrogenious Technologies,Hydrogen storage startup,hydrogenious.net,Germany,,,,,,,False,2170220
98bc5879-ef27-4c5c-8b92-d0dcb45e1b43,HydrogenPro,Hydrogen electrolyzers developer,hydrogen-pro.com,"Porsgrunn, Norway",,,,,,,False,279171125
d67988ed-e9a2-4b1f-aa53-cd40ceea3dfd,HYDROGRID,Software startup for planning and dispatch of hydropower plants,hydrogrid.ai,Austria,"['Inven Capital', 'Karma Ventures', 'SET Ventures', 'CNB Capital']",42.0,5.0,Series A,8500000.0,,True,293940487
f28694fd-8854-41ae-97b4-f363618a9642,HydroLeap,Wastewater treatment developer,hydroleap.com,"Singapore, Singapore",,,,,,,False,156297453
7197b5ea-89da-4c46-9593-f33c7f955876,Hydrosat,Geospatial intelligence company,hydrosat.com,"Luxembourg City, Luxembourg","['Expon Capital', 'Statkraft Ventures', 'Techstars', 'Blue Bear Capital', 'Hartree Partners', 'Cultivation Capital', 'Freeflow Ventures', 'Industrious Ventures', 'OTB Ventures', 'FreeFlow Ventures', 'Hemisphere Ventures LLC', 'Techstars Santa Barbara Venture Partners', 'Synovia Capital', 'the Yield Lab']",53.0,1.92,Series A,20000000.0,"['Pieter Fossel (Co-founder, Business Development & Strategy): https://linkedin.com/in/pieter-fossel-6277ab35', 'Jakob vanZyl (Co-founder and CEO): https://linkedin.com/in/jakob-vanzyl-91b119a4']",True,223699499
fe1825b6-6fc7-422c-91cc-c55a4c879377,Hydrostor,Long-duration energy storage solution provider,hydrostor.ca,"Toronto, ON",,,,,,,False,1574195
d0cf73a5-a265-459e-9ad7-46e4a1fa6895,hyfé,Converting wastewater to biomanufacturing feedstocks,https://hyfe.com/,,,,,,,,False,Not in Affinity
19f0bd5b-4b73-4dd8-ada4-beafdbd2e23f,Hygenco- The Hydrogen,Green hydrogen and green ammonia developer,hygenco.in,"Gurgaon, India",,,,,,,False,286174025
19274cfe-cf8c-4dbc-92b8-83362e9cb7bb,hylane,Hydrogen truck leasing company,hylane.de,"Cologne, Germany",,,,,,,False,285534342
0623e97f-08d5-401d-a355-39aaa79b353a,Hyliion Holdings Corp.,Linear generator for naval ships,hyliion.com,"Cedar Park, Texas","['Axioma Ventures', 'New Era Ventures']",106.0,2.91,Public Markets,21000000.0,"['Sara Mozdir (Sr Exec Asst to CEO and Founder): https://linkedin.com/in/mozdir', 'Thomas Healy (Founder and CEO): https://linkedin.com/in/thomas-healy-35445522', 'Hayden Cardiff, CTP (Co-founder / COO): https://linkedin.com/in/haydencardiff']",True,1795673
fcec1bd0-5561-47b4-ac27-81f20b7696a2,hyme,Startup developing technology to store energy in molten salt,,,,,,,,,False,Not in Affinity
845c4856-682e-463a-9c3f-7c1c714ffd6a,HYMETH,Green hydrogen electrolyzer developer,hymeth.com,"Gladsaxe Municipality, Denmark",,,,,,,False,278519776
062e33ff-d424-4726-80e2-62298dfea33b,hypercraft,Developer of turn-key electric drive systems,https://hypercraft.com/,,,,,,,,False,Not in Affinity
3436a31e-0681-44ab-8938-513a14b52bf5,hyperheat,Zero-carbon industrial heat producer,,,,,,,,,False,Not in Affinity
1433db25-da90-496f-80c6-dd9834618b63,Hyperion Robotics,3D printing sustainable concrete,hyperionrobotics.com,"Espoo, Finland","['PC Rettig & CO Impact', 'Goldacre', 'Übermorgen VC', 'Katapult', 'Lifeline Ventures']",35.0,25.0,Seed,3000000.0,"['Fernando De los Rios (Founder and CEO): https://linkedin.com/in/fdlosrios1', 'Henry UNTERREINER (Co-Founder): https://linkedin.com/in/henry-unterreiner-a047005a', 'Javier Hernandez (Chief Design Officer, Cofounder): https://linkedin.com/in/javierjhm']",True,150794124
c2ef93c9-ce88-4f88-b404-abb2f5a0c3bd,hypermine,AI-powered hyperspectral sensing technology for mining,,,,,,,,,False,Not in Affinity
3a1c4aba-915b-4f22-b839-66516d74d0a4,hypermotive,EV and fuel cell integrator,,,,,,,,,False,Not in Affinity
c5f4258c-b1b4-40c6-a260-06badf3a1b3e,hyperproof,Continuous compliance SaaS platform,,,,,,,,,False,Not in Affinity
86ca3f13-f5d8-4990-885e-88a7dc531339,Hypervolt,EV charging company,hypervolt.co.uk,"London, United Kingdom",,35.0,-7.89,,8342325.0,"['Flavian Alexandru (Chief Executive Officer): https://linkedin.com/in/flavianalexandru', 'Nick Wood (CCO & Co-Founder): https://linkedin.com/in/nickwood38', 'Razvan Vasiliu (Co-Founder): https://linkedin.com/in/razvan-vasiliu-67b386104']",True,224677498
b59c3b43-fdb3-4317-8f51-e077b2175591,Hysata,Electrolyser company,hysata.com,"Wollongong, Australia",,,,,,,False,283956980
138297df-fcc4-4536-b39b-326a7cc9d482,Hysetco,Hydrogen refueling stations and fleet management,hysetco.com,"Paris, France",,,,,,,False,294784843
e412ab8e-51ea-425d-8152-819bfa01e2e8,HySiLabs,Liquid hydrogen carrier,hysilabs.com,"Aix-en-provence, France",,,,,,,False,148820796
a77122b8-e4f5-4bdf-9706-722d7cded5f4,hystar,Developer of PEM electrolyzers,https://hystar.no/,,,,,,,,False,Not in Affinity
d66a1b07-fa30-4f77-9760-c5e012e29e99,HYNR,Hydrogen-powered heating technology provider,hyting.com,"Wiesbaden, Germany",,,,,,,False,291237645
021cc92f-780d-4bb0-ae7d-e5656405d630,Hyzon Motors,Maker of hydrogen fuel cell powered commercial vehicles,hyzonmotors.com,"Rochester, NY","['Total Carbon Neutrality Ventures', 'Hydrogen Capital Partners', 'Audacy Ventures']",141.0,-45.56,Public Markets,1663006559.0,"['Taras Wankewycz (Strategic Advisor, Founder Horizon (Parent co)): https://linkedin.com/in/wtaras', 'Gary Robb (Founder, Chief Technology Officer): https://linkedin.com/in/garymrobb', 'Max Holthausen (CEO of HYZON Motors Europe): https://linkedin.com/in/max-holthausen-b12805b9', 'Craig Knight (Chief Executive Officer): https://linkedin.com/in/craig-knight-25052098', 'Parker Meeks (President and Interim Chief Executive Officer (CEO)): https://linkedin.com/in/parkermeeks']",True,263104135
b6ba3939-6a50-4f5d-8aea-e0cd7ce6ab60,i•rox technology,Developing pulsed power applications for mining,i-rox.com,France,,21.0,-4.55,,,,True,299704957
4ffb5f95-595b-4e0a-995b-78e5d68d49a8,i-tes,Developer of thermal storage batteries using phase change materials (PCMs) and thermochemical materials,,,,,,,,,False,Not in Affinity
a25d9a7f-ed5e-45eb-a8fa-eecda40ba68e,ibi-ag,Developer of environmentally friendly biological pest control solutions,,,,,,,,,False,Not in Affinity
0c92fc44-b5c1-4092-a555-35b6f165e98d,IBISA,Agri-insurtech startup,ibisa.network,"None, Luxembourg","['Insurtech Gateway', 'Rockstart’s AgriFood fund', 'The Acumen Resilient Agriculture Fund (ARAF)', 'Equator', 'Ankur Capital', 'Asian Development Bank Ventures (ADBV)']",20.0,-9.09,Series A,5800000.0,,True,149471683
d8ec0a95-3ca1-4e33-a1f3-10b7fbe22628,ICEBERG DATA LAB,Environmental data startup designed to serve financial institutions,icebergdatalab.com,"Paris, France","['AXA Investment Managers', 'Beringea', 'MAIF Avenir', 'other existing investors']",54.0,14.89,Series A,10000000.0,Matthieu Maurin (Co-Founder): https://linkedin.com/in/matthieu-maurin,True,268114075
1f99850d-61aa-4bf1-83f1-ecbce915341c,ICEYE,Microsatellite manufacturing and Earth-observation solutions,iceye.com,"Espoo, Finland",,,,,,,False,2164359
2ee7e509-342b-4687-b9c6-f262c856421c,ICON,"3D prints resilient, energy-efficient homes",iconbuild.com,"Austin, Texas","['BOND', 'LENx', 'Khan Tasinga', 'BIG-Bjarke Ingels Group', 'Tiger Global Management', 'Wavemaker Partners', 'Fifth Wall', 'Moderne Ventures', 'Ensemble', '8VC', 'Ironspring Ventures', 'Trust Ventures', 'Crosstimbers Ventures', 'Oakhouse Partners', 'Next Coast Ventures', 'Constance Freedman', 'CAZ Investments', 'Crosstimbers', 'Citi', 'Norwest Venture Partners', 'Vulcan Capital', 'Modern Ventures', 'LENX', 'Overmatch Ventures', 'Tiger Global Management, LLC']",260.0,-12.46,Series C,56167980.0,"['Jason Ballard (CEO & Co-Founder): https://linkedin.com/in/jason-ballard-2932a816', 'Alexander Le Roux (Co-founder and CTO): https://linkedin.com/in/alexanderleroux', 'Evan Loomis (Co-Founder): https://linkedin.com/in/evanloomis']",True,148157257
e2c15774-2997-4a39-8044-b60ac0097672,ICTYOS,Fashion company using recycled fish skins,ictyos.com,"Rhone-Alpes, France",,,,,,,False,265102991
a8258dc1-6e1f-4c3a-a5b8-2b3f1b09b50c,Ideal Semiconductor Devices,Energy-efficient electronics components company,idealsemi.com,"Bethlehem, PA",,,,,,,False,143005092
444d22e2-331c-4914-9f60-05b305f8f356,idelic,Provider of operations and safety software to the transportation industry,,,,,,,,,False,Not in Affinity
fa1c243e-3342-4b7e-8470-032a69b7b27f,Ideon Technologies,Developing subsurface imaging solutions for mining,ideon.ai,"Richmond, California",Playground Global,63.0,8.62,Series A,16000000.0,"['Don Furseth (VP, Product | Co-Founder | Director): https://linkedin.com/in/dfurseth', 'Gary Agnew (CEO and Cofounder): https://linkedin.com/in/gary-agnew-2b297b43']",True,262665733
875a7201-d18b-461d-9b82-6764f71fddb0,ienai,Electric propulsion systems for satellites,,,,,,,,,False,Not in Affinity
916d49aa-9229-4792-995f-9d0a4e26d6a2,ieqsy,Optimizing energy efficiency,,,,,,,,,False,Not in Affinity
6550f480-d3f0-480c-96e7-bd685f363e22,iFarm,Vertical farming technology provider,ifarm.fi,"Helsinki, Finland",,,,,,,False,213993509
79d5cfd6-9075-4a65-95cf-09d0549472f4,iFoodDS,Food safety and quality management solutions,ifoodds.com,"Seattle, WA",,,,,,,False,282908061
60e96f2b-08e9-42a3-968f-27dfcd11ffa8,ilectra motor group,Electric motorbikes developer,,,,,,,,,False,Not in Affinity
96151274-22cc-4baf-8492-e24f7523a4a7,Illinois Institute of Technology,Propane from carbon dioxide technology,iit.edu,U.S.,,2524.0,-5.82,,,,True,223176914
2023677b-8c9b-4be1-8eaa-891f9e19c8bb,illumine industries,Sustainable power and construction engineering,,,,,,,,,False,Not in Affinity
b008d3cf-4428-42df-9226-b3a3e86aa505,immaterial,Developing nano-materials designed to improve carbon capture and hydrogen storage,,,,,,,,,False,Not in Affinity
87dd2773-bd7d-4315-b63b-0ecedf3aad02,Immobazyme,To scale its precision fermentation-derived proteins for cultivated meat,immobazyme.com,"Stellenbosch, South Africa",,,,,,,False,282497054
e1521360-4165-4ebb-97fd-93fcdbb41a27,imove,EV subscription service,,,,,,,,,False,Not in Affinity
20666587-9fa0-462b-80d3-4ac229251785,Impact Bioenergy,Converting food waste into renewable natural gas,impactbioenergy.com,"Seattle, WA",,,,,,,False,1775237
fbaf94b8-99d6-4ebd-b11d-69df5733e36d,impact recycling,Plastic recycler,,,,,,,,,False,Not in Affinity
63b4f977-c6ce-41b0-b199-7bbb1031fb86,Impact,Carbon measurement for advertising campaigns platform,impactcreativesystems.com,"West Hollywood, California",Benchmark,25.0,,Series A,,Tyler Mitchell (Co-Founder & CEO): https://linkedin.com/in/tyler-mitchell-3a9486194,True,263366474
91b71cee-1357-4fe1-a589-09fde4b42601,ImpactAlpha,Sustainable finance news and data platform,impactalpha.com,"Berkeley, CA",,,,,,,False,1776341
ea256b3a-0f2d-49f4-95e4-3498ecac1b7c, Imperfect Foods,Online food marketplace focused on reducing food waste,imperfectfoods.com,"San Francisco, CA",,,,,,,False,55321515
a8bdcce7-3744-4e52-b473-aeabec1a8ae5,impossible foods,Plant-based meat company,,,,,,,,,False,Not in Affinity
c9e72137-ca83-4396-a4f9-e192f57ea463,impossible materials,Start-up formulating cellulose-based ingredients,,,,,,,,,False,Not in Affinity
75c7dc24-c332-422b-9405-9918b5c8b293,Impossible Mining,Developing technology for seabed mining and refining,impossiblemining.com,"San Jose, CA",,,,,,,False,282914335
ef76944a-862a-4fee-a9e1-d41526e2564c,Improvin’,Agri-food emissions monitoring company,improvin.com,"Stockholm, Sweden","['Dynamo Ventures', 'LRF Ventures', 'FoodBridge', 'PINC', 'Atomico Angel Programme', 'Pale blue dot']",19.0,11.76,Seed,3500000.0,"['Joel Nedar (Founder & CPO): https://linkedin.com/in/jglemne', 'Niklas Wallsargård (CEO & Co-founder): https://linkedin.com/in/wallsargard']",True,287116080
b9eb2f5b-bd9a-4515-af66-515b30966d54,Imubit Inc.,A.I. for refiners and chemical operators,imubit.com,"Houston, Texas","['Insight Partners', 'Zeev Ventures', 'Spider Capital', 'Upwest Labs']",165.0,1.85,Series B,30000000.0,"['Gilad (Gil) Cohen (CEO & Co-Founder): https://linkedin.com/in/giladcoh', 'Meir Tseitlin (Co-Founder): https://linkedin.com/in/meirts', 'Nadav Cohen (Chief Scientist & Co-Founder): https://linkedin.com/in/cohennadav']",True,1764614
78aa27d1-f669-4c3a-a72c-5ff2d7b7acc7,IN BOLD PRINT.,Carbon accounting business,thinkinboldprint.com,"Chicago, Illinois",,,,Seed,500000.0,"['Ashley Pradhan (Co-Founder & CEO): https://linkedin.com/in/ashley-pradhan-53150a8a', 'Cierra Valor (Co-Founder & CEO): https://linkedin.com/in/cierravalor']",True,284433728
6f4710ba-423f-4b13-b326-d823339970cb,In Ovo,Startup with screening tech that helps produce ‘cull-free chicks’,inovo.nl,Netherlands,,,,,,,False,1698038
92de1849-624c-4c7e-93a5-e6a46964332a,Inarix,Increasing seed technology and gene editing platform,inarix.com,"Paris, France","['Resiliance', 'Label Investment', 'Francis Nappez', 'Newfund', 'Alliance for impact', 'Ankaa ventures']",38.0,-2.56,Seed,3100000.0,Pierre Chapelle (CEO): https://linkedin.com/in/pierre-chapelle-65052b71,True,268065389
8cf5d6d0-093a-4007-8633-6c1b04162f8e,incident_io,Incident management platform,incident.io,"London, UK",,,,,,,False,278957800
831f2375-9623-4e7b-8ad4-03df9ed16a1a,indigo ag,Sustainable agriculture solutions provider,https://www.indigoag.com/,,,,,,,,False,Not in Affinity
41838122-18f5-4ff2-9011-e08b91fe756b,Indigo Technologies,New mobility tech developer,indigotech.com,"Woburn, MA",,,,,,,False,224033686
311b579b-3ae1-44ad-aa61-b66cad85ebb2,indra systems,Decentralized wastewater treatment platform,,,,,,,,,False,Not in Affinity
c15d7cf8-66b0-4941-8d07-280b80eef0dd,INDUS.AI,Construction software company using computer vision,indus.ai,"San Francisco, CA",,,,,,,False,119215833
08503963-3636-4049-9d2f-fe79026b9d25,Industrial Sun,Developer of solar projects,industrialsun.com,"Austin, Texas","['EIG', 'Modern Energy']",16.0,-11.11,,90000000.0,"['Daniel Seif (Co-Founder and Managing Director): https://linkedin.com/in/daniel-seif-74274b32', 'Wade Gungoll (Co-Founder and Managing Director): https://linkedin.com/in/wade-gungoll-2690535']",True,286545737
e3477994-d095-4ba8-9cce-7e501efc198d,INERATEC,Make e-fuels,ineratec.com,"Karlsruhe, Germany",,,,,,,False,294832149
b9816957-e145-4a1d-83df-24f125ba7df4,ineratec gmbh,Producer of sustainable e-kerosene made from carbon dioxide and green hydrogen,https://ineratec.com/,,,,,,,,False,Not in Affinity
1ca275eb-b5a9-41f9-a1af-07087385147f,infarm,Vertical farming startup,,,,,,,,,False,Not in Affinity
288771d1-e385-4026-9383-94023fc049d3,Infinite Cooling,Cooling startup reducing water consumption,infinite-cooling.com,"Somerville, MA",,,,,,,False,153518641
f417f13f-aefe-4f84-b794-94b606cff35b,Infinite Machine,Electric scooters,infinitemachine.co,New York,,,,,,,False,291625213
4af81d93-f3dc-4d11-812c-c5ec5972da58,infinite roots,Mycelium-based food technology platform,,,,,,,,,False,Not in Affinity
4e12597a-cc10-4b60-a8cf-d709854056e1,Infinite Uptime,Predictive maintenance and energy efficiency solutions provider for process industries,infinite-uptime.com,"Alpharetta, GA",,,,,,,False,65914313
05a6aaf5-65ce-4e0a-b75f-aba60da397bf,infinitum,Creator of a sustainable air-core motor,,,,,,,,,False,Not in Affinity
360c378a-ab70-4bcd-a818-7c3ae1ab19ce,Infinitum Electric,Developer of sustainable air core motors,infinitumelectric.com,"Round Rock, Texas","['U.S. Small Business Administration.', 'Energy Innovation Capital', 'Ajax Strategies', 'Riverstone Holdings', 'Chevron Technology Ventures', 'Aventurine Partners', 'Alliance Resource Partners', 'Rockwell Automation', 'AJAX Strategies', 'Cottonwood Technology Fund', 'Applied Ventures, LLC', 'Caterpillar Venture Capital', 'other individual investors', 'Cottonwood Technology Fund (CTF)', 'Chevron Technology Ventures (CTV)']",59.0,0.0,Series D,80000000.0,Ben Schuler (Founder & CEO): https://linkedin.com/in/ben-schuler-21567a32,True,163305488
4b5adaed-500e-4b7b-b6d9-1409b0fd1d49,Infinity Recycling,Investment firm that invests in advanced plastic recycling,infinity-recycling.com,"Rotterdam, Netherlands","['Chevron Phillips Chemical', 'GC Ventures', 'foreign pension fund', 'Vopak', 'European Investment Fund (EIF)', 'GC Ventures (CVC of PTTGC)']",12.0,9.09,,175000000.0,Jan-Willem Muller (Co-Founder): https://linkedin.com/in/jan-willem-muller,True,278300719
a57d14ff-2fa2-4019-abc9-6b7bd88ddd72,infinium,E-fuels project developer,,,,,,,,,False,Not in Affinity
05beacc5-ee2d-4075-b223-24bf9f9a1622,Infiot,Infrastructure for remote users and IoT devices,infiot.com,"San Francisco, CA",,,,,,,False,224172335
722492fb-ff8e-47e8-b88a-65860f81e179,InfluxData,Time series data platform provider,influxdata.com,"San Francisco, California","['Sapphire Ventures', 'Harmony Partners', 'Trinity Ventures', 'Norwest Venture Partners', 'Bloomberg Beta', 'Mayfield', 'Citi Ventures', 'Mayfield Fund', 'Princeville Capital', 'Sorenson Capital', 'Battery Ventures', 'others']",164.0,-1.8,Late Stage,81000000.0,"['Paul Dix (Cofounder and CTO): https://linkedin.com/in/pauldix', 'Evan Kaplan (Chief Executive Officer (influxdb)): https://linkedin.com/in/kaplanevan', 'Todd Persen (Co-Founder and CTO/VP of Engineering): https://linkedin.com/in/toddpersen']",True,1699148
9c9a9d4a-b40e-4d3d-8e4d-e55d76e1c5c3,infogrid,Building management and efficiency startup,,,,,,,,,False,Not in Affinity
76e1b6b7-288a-4a14-8ed8-2c419f5445d7,inform ag,Agricultural data and sensor technology,,,,,,,,,False,Not in Affinity
efeb530d-4638-4b6b-8572-010380266fce,Infrakit,Construction data software platform,infrakit.com,"Espoo, Finland",,,,,,,False,112952443
89b282f9-33fb-4f9c-b690-f566ecc44124,infrared city,AI-based environmental simulation platform,,,,,,,,,False,Not in Affinity
8e6c5abe-a1d4-4775-8c68-5f11d54c9119,Infrascreen,Nanotech solutions provider for climate control,infrascreen.com,"Neuchâtel, Switzerland",,,,,,,False,263316681
66797e19-1b36-4d0a-8c0c-1dbe344d6a0e,Infyos,Battery supply chain visibility platform,infyos.com,"London, United Kingdom","['Nucleus Capital', 'Et Capital']",9.0,-25.0,,,"['Tony To (Cofounder & CTO): https://linkedin.com/in/tonyto85', 'Sarah Montgomery (Cofounder and CEO): https://linkedin.com/in/sarahlouisemontgomery']",True,283875363
4a562569-e98c-406f-96a4-7575e9fff423,Inigo,GraphQL API management platform,inigo.com,"Palo Alto, CA",,,,,,,False,285786866
336fcf88-8fbd-45e2-8025-c3153bffe981,inkbit,Additive manufacturing business,,,,,,,,,False,Not in Affinity
27db53ff-31f9-4dbf-baea-fb0f0feed364,InnerPlant,Genetically engineered crops that emit signals to farmers when stressed,innerplant.com,"Davis, CA",,,,,,,False,213993841
b86830d1-b4f9-49d4-9c1b-d740b44a7a19,Innocent Meat,Cell-based protein startup,innocent-meat.com,"Mecklenburg-Vorpommern, Germany",,,,,,,False,224681158
4d88ab4c-0200-4eb0-96f5-0c162869282b,InnovaFeed,Developing insect-based protein for animal and plant nutrition,innovafeed.com,France,,,,,,,False,144906731
80387848-e4d2-417a-868c-985484a486a7,Innovopro,Chickpea protein startup,innovopro.com,Israel,,,,,,,False,201779882
bdd1dae3-85fc-40c3-b6fe-969eba2634af,InoBat,Make batteries for automotive and other transport applications,inobat.eu,"Bratislava, Slovakia",,95.0,4.4,Private Equity,111000000.0,Marian Bocek (Co-Founder and CEO): https://linkedin.com/in/marian-bocek-1b16aa15,True,224615148
98ded4fa-83c7-444a-bfea-51882cf8505c,Insectta,Biomaterials from insects developer,insectta.com,"Bukit Merah, Singapore",,,,,,,False,224206459
ee4a1288-b382-4771-bbf7-7412bd03b307,Insempra,Developer of sustainable ingredient alternatives for various industries,insempra.bio,"Munich, Germany",,,,,,,False,286606049
ee7d3659-b69d-42be-b2d9-cc813e9e7eb6,insight m,Aircraft-based methane leak detection technology,,,,,,,,,False,Not in Affinity
3ff9cdd8-e011-48a3-99f6-36fd9484d41c,InSoil,Sustainable agriculture microfinance platform,insoil.com,"Vilnius, Lithuania",,,,,,,False,304496722
4051945f-d9c1-4397-9324-e094a3892026,InSolare,Solar and wind energy platform,insolare.com,"Bangalore Urban, India",,,,,,,False,40576111
dc6f7478-92bb-47bb-82ff-13311d8b0e83,insolight,Agrivoltaic installer,,,,,,,,,False,Not in Affinity
7e33fc55-f708-4955-b0d3-638b42f24786,InspiraFarms,Developer of off-grid solar-powered food refrigeration,inspirafarms.com,"London, UK",,,,,,,False,122028525
8c4d4092-eb76-411b-b02b-d143d52c89dd,inspiration mobility,Maker of EV fleet management software,,,,,,,,,False,Not in Affinity
e2da397c-eda3-4f5c-b051-bea178a7f5db,Inspired Capital Partners,Investing in pre-seed to Series A startups,inspiredcapital.com,"New York, U.S.",,17.0,0.0,,330000000.0,"['Mark Batsiyan (Co-Founder, Partner and COO): https://linkedin.com/in/markbatsiyan', 'Alexa von Tobel (Founder, Managing Partner): https://linkedin.com/in/alexavontobel', 'Penny Pritzker (Co-Founder): https://linkedin.com/in/penny-pritzker']",True,220163894
a7662ab5-a0e7-4e67-bde4-a399a51569e7,InstaDeep,AI-powered decision-making platform,instadeep.com,"London, UK",,,,,,,False,145558430
6193b44f-efe0-4500-93b9-6c6d16b27ac4,Instagrid,Portable battery storage startup,instagrid.co,"Ludwigsburg, Germany","['Segnalita Ventures GmbH', 'Energy Impact Partners', 'Swiss Martin Global AG', 'SET Ventures', 'blueworld.group', 'Segnalita Ventures', 'High-Tech Gründerfonds', 'Amsterdam-based SET Ventures', 'Wille Finance AG', 'Morgan Stanley Investment Management (MSIM) 1GT climate private equity strategy', 'undisclosed German family office', 'German seed investor High-Tech Gründerfonds', 'blueworld group', 'Austria-based active early-stage investor Segnalita Ventures', 'Teachers’ Venture Growth (TVG)', 'Energy Impact Partners (EIP)', 'Pierre-Pascal Urbon']",240.0,34.08,Series C,95000000.0,"['Sebastian Berning (Founder / CEO): https://linkedin.com/in/sebastian-berning', 'Rich Romer (CEO, US): https://linkedin.com/in/rich-romer-57b7315', 'Andreas Sedlmayr (Co-Founder / CEO): https://linkedin.com/in/andreas-sedlmayr']",True,220045061
ad72b4c6-9d1f-4fea-93a7-3e700bc53302,Installers,Matching companies with skilled installers,installer.com,"Richmond, Virginia","['Brighteye Ventures', 'Futurum', 'Sondo', 'PT1']",20.0,25.0,Seed,4000000.0,,True,281062257
47c5ff6f-e8af-4ef4-9f07-24997baacece,Installion,Installation service provider for utilities undergoing energy transitions,installion.eu,Germany,,,,,,,False,279174020
954a7efd-c0b2-46f0-8811-ad6dbad7e860,Instrumental,Manufacturing optimization software platform,instrumental.com,"Palo Alto, California","['BAM Elevate', 'First Round Capital', 'Root Ventures', 'Eclipse Ventures', 'Canaan', 'Stanford StartX Fund']",72.0,0.0,Series C,50000000.0,"['Samuel Weiss (CTO, Founder): https://linkedin.com/in/samuelbweiss', 'Anna-Katrina Shedletsky (CEO, Founder): https://linkedin.com/in/anna-katrina-shedletsky-3577b835']",True,126875969
0b1ecf2a-5d7b-4bc3-9af6-07e716305e03,intake,Yeast-based precision fermentation platform,,,,,,,,,False,Not in Affinity
9870b194-b978-41fc-b1b8-2a7faa6105cf,Integrated Projects,Digitization services provider for building owners and design professionals,integratedprojects.co,"New York, NY",,,,,,,False,223898684
af05fdb8-263e-4def-b493-14089e7a626a,integriculture,Cell-based meat startup,,,,,,,,,False,Not in Affinity
88a46418-27b7-4002-8118-0849e36ed7bc,Integrity Municipal Systems,Water and wastewater process solutions developer,integritymunicipalsystems.com,"Poway, CA",,,,,,,False,224630290
b9036f36-8d0f-4854-bc77-0beaca053389,IntegrityNext,Sustainability software platform,integritynext.com,"Munich, Germany",EQT Growth,154.0,23.2,Series A,100000000.0,"['Martin Berr-Sorokin (Founder & CEO): https://linkedin.com/in/berr-sorokin', 'Simon Jaehnig (Co-Founder | Head of Sales and Partner Management): https://linkedin.com/in/simonjaehnig']",True,224652883
35c767fd-363e-4f07-b6fc-a7d037b8d69f,IntelliCulture Inc.,Farm management software platform,intelliculture.ca,"Kitchener, Canada",,,,,,,False,161107714
4fbc047d-1c99-4765-844f-e6dc024c7088,intelligent city,Urban housing design company,,,,,,,,,False,Not in Affinity
f51bc4b2-ecb3-451e-8d3a-3819b7b4a71a,Intelligent Energy,PEM fuel cell manufacturer,intelligent-energy.com,"Jerichow, Germany",,,,,,,False,1535345
16618cac-5696-4f30-9084-64d807e2ba6b,intelligent fluids,Manufacturer of non-toxic and biodegradable cleaning fluids,,,,,,,,,False,Not in Affinity
f4e348d5-597b-4a79-bbaf-9b4a316cb7bc,Intellihot Green Technologies,Tankless water heating system manufacturer,intellihot.com,"Galesburg, Illinois","['Avenue Sustainable Solutions Fund', 'Aegon Asset Management']",67.0,-5.63,Other,50000000.0,Sridhar Deivasigamani (Chief Executive Officer): https://linkedin.com/in/intellihot,True,1600605
1bffe8a3-533c-410a-882a-677865643e2a,Intello Labs,Software startup using computer vision and AI to grade food quality,intellolabs.com,India,,,,,,,False,121080135
0d819795-7096-4bd0-82e3-4bc8b49be740,intelmatix,Provider of AI-powered decision intelligence software,intelmatix.ai,"Riyadh, Saudi Arabia",,,,,,,False,283362624
f98d717e-4360-40eb-8c42-589ebe071322,InterContinental Energy,Green hydrogen company,intercontinentalenergy.com,"Singapore, Singapore",,,,,,,False,281082148
ffb79fc2-2f83-4bde-a471-4ace9cf8bb93,InterEarth,CO2 removal service using trees,inter.earth,"West Perth, Australia",,,,,,,False,285483517
92a60120-0f33-4c03-a927-03eb92709929,Interface Polymers,Developer of high-performance additives for plastics,interfacepolymers.com,"Loughborough, United Kingdom",,,,,,,False,205501666
3d10979a-909d-468b-93aa-1e520c467734,International Battery Company S.r.l.,Prismatic Li-ion battery manufacturer,ibcbattery.com,"Sunnyvale, CA",,,,,,,False,295632586
47b73fd0-77c7-4461-adcd-9e2e3694bc45,interos,Supply chain risk management tech company,,,,,,,,,False,Not in Affinity
d0b8ea12-9fea-40ac-b28e-dfbf034e873b,Intersect Power,Remote low-carbon solutions provider,intersectpower.com,"Beaverton, Oregon","['TPG Rise Climate', 'Morgan Stanley', 'Deutsche Bank', 'Google', 'Climate Adaptive Infrastructure', 'Greenbelt Capital Partners']",243.0,8.48,Other,800000000.0,"['Luke Dunnington (Chief Operating Officer and Managing Partner, Co-Founder): https://linkedin.com/in/lukedunnington1', 'Sheldon Kimber (CEO, Founder): https://linkedin.com/in/sheldonkimber']",True,279068045
7dc54286-808a-48a6-aec5-b062acc91c42,Interstellar Lab,Developing controlled-environment pods for crop cultivation on Earth and life-support in Space,interstellarlab.com,"Los Angeles, CA and Paris",,,,,,,False,291808204
6ca57e4b-5106-4d24-918d-637adf4b7678,intramotev,Self-propelled electric railcar developer,intramotev.com,"St. Louis, MO",,,,,,,False,263389731
60b31a80-ba0b-4de3-b415-fbc90fb2275a,Intudo Ventures,Invest in renewable energy and natural resources development,intudovc.com,"Jakarta, Indonesia",,,,,,,False,124906062
3c521a67-382b-4ea0-9e13-8ab343de069d,Inurba Mobility,Urban micromobility developer,inurbamobility.com,"Barcelona, Spain",,,,,,,False,285293508
af839a20-93c1-4bb5-80b1-c62232618dde,InventWood,Advanced wood-based materials for sustainable building,inventwood.com,"Frederick, MD",,,,,,,False,262865565
6e68af69-2ef7-4b11-af4c-5ce01517394d,inversion,Space-to-Earth cargo delivery service provider,,,,,,,,,False,Not in Affinity
c774a228-cb8b-4dc1-8ae8-00ae2d61220d,involve,Stratospheric balloons,,,,,,,,,False,Not in Affinity
419275a6-447f-47ee-b745-cfd96c4a8567,involve space,Stratospheric monitoring systems platform,,,,,,,,,False,Not in Affinity
1e000543-5300-4008-93d8-2a08df146741,iObeya,Provider of enterprise visual management software,iobeya.com,France,,,,,,,False,118307314
3019d225-c687-4904-a512-76cb5e9be74c,ION Clean Energy,Carbon capture technology,ion-engineering.com,"Boulder, CO",,,,,,,False,1648978
ce6f5fbd-512e-431e-aff7-7b25c2753bce,ION Energy,Developer of battery management and analytics software,ionenergy.co,"Mumbai, India","['Venture Catalysts', 'Climate Capital', 'Riso Capital', 'YourNest Venture Capital', 'Amazon’s Climate Pledge Fund', 'other angel investors']",104.0,0.0,Series A,3600000.0,"['Akhil Aryan (Co-Founder): https://linkedin.com/in/akhilaryan', 'Alexandre Collet (Co-Founder & CTO): https://linkedin.com/in/alexandre-collet-409b0625']",True,119673631
fbe96d35-fb41-4df7-aa29-a67f4cc3ab89,ION Mobility,Electric motorbike maker,ionmobility.com,Singapore,,,,,,,False,291954742
910713e0-04e7-4c70-904b-00922ef3a5fd,Ion Storage Systems,Solid state li-ion batteries manufacturer,ionstoragesystems.com,"Beltsville, MD",,,,,,,False,223156223
3eb19553-e520-444d-8d26-54b880676f10,ionate,Smart electricity grids technology developer,,,,,,,,,False,Not in Affinity
4ebf08d0-050c-4beb-9481-5e45b1ba8061,Ionblox,Developer of silicon anode batteries for electric aviation,ionblox.com,"Fremont, CA",,,,,,,False,288022428
0751f139-8c58-493e-97ef-64349a69f049,Ioniqa Technologies,Upcycling plastics,ioniqa.com,Netherlands,,,,,,,False,1810393
53641bf7-46ac-4c48-bc39-5a9a11e48a12,IONITY,EV fast-charging network provider,ionity.eu,Germany,,,,,,,False,154214224
2e35dbcf-e52d-40a0-9608-882963e27af1,IonKraft,Sustainable coatings for packaging,ionkraft.com,"Aachen, Germany",,,,,,,False,282983126
4a8112ad-6c4e-426e-bdf3-9693b10063ec,ionna,EV charging solutions platform,,,,,,,,,False,Not in Affinity
41ccf3fd-06fc-4938-a248-adb61d2d738a,ionobell,Silicon-based batteries maker,ionobell.com,"San Jose, California","['Trucks VC', 'Dynamo Ventures']",4.0,-20.0,Seed,3900000.0,,True,120600044
51c80831-cb6e-479e-9bfa-625df39c701d,iontra,Producer of a battery charger microcontroller,,,,,,,,,False,Not in Affinity
ff9d671d-ea95-48ca-8615-40bcb52e9e7b,iotech,EV charging company,,,,,,,,,False,Not in Affinity
a0168656-e726-427f-a4e1-8cdec2b36507,International Paintball Group - Australia,Supports university-originated deep tech startups,ipgau.com.au,"Melbourne, Australia",,,,,,,False,284817097
a90439b9-171d-4667-a377-0b42d274b3d9,iPronics Programmable Photonics,Optical switches that improve data center speed,ipronics.com,"Valencia, Spain",,,,,,,False,282851474
ba6e396b-2dec-41c3-8673-3957fcf6af97,iqm quantum computers,Developer of superconducting quantum computers,,,,,,,,,False,Not in Affinity
0f82ce13-40bb-4f1a-90b7-53f8c60f1384,Iris Light Technologies,Developer of silicon photonics technology,irislighttech.com,"Chicago, IL",,,,,,,False,224943288
5702e9b0-5651-4e3d-a7d2-a451bdb5d053,Iron Sheepdog,Short-haul trucking optimization software,ironsheepdog.com,"Williamsburg, Virginia","['Grand Ventures', 'other strategic partners in the construction industry', 'SJF Ventures', 'Supply Chain Ventures']",21.0,10.53,Series B,10000000.0,Jake Liebler (Co-Founder & CEO): https://linkedin.com/in/jake-liebler-21557231,True,268246123
8c63dd73-3a59-4263-8000-f7629aadd0d9,ironic biotech,Make plant-based proteins to help customers with anemia,,,,,,,,,False,Not in Affinity
35ff58a4-ee77-4129-8e7a-326c045cb1fa,ironspring ventures,To invest in the industrial revolution,,,,,,,,,False,Not in Affinity
5c005e68-67e6-4bf7-ba9b-c7b4a408c353,IRP Systems,Electric powertrain products provider,irpsystems.com,"Tel Aviv, Israel",,,,,,,False,161873794
a959dc32-7342-4c12-a333-eba2e581b96d,Irrigreen,Robotic irrigation systems developer,irrigreen.com,"Edina, Minnesota","['Echo River Capital', 'Sum Ventures', 'Ulu Ventures', 'MFV Partners', 'Tamiami', 'Natural Ventures', 'Burnt Island Ventures', 'Anorak Ventures', 'Catalyst Innovation Lab', 'Sage Hill Investors']",38.0,-15.56,Series A,19000000.0,"['Gary Klinefelter (CEO and Founder): https://linkedin.com/in/gary-klinefelter-a101805', 'Shane Dyer (CEO): https://linkedin.com/in/shane-dyer-75a84']",True,164747949
b55a9f6d-ddeb-419e-b31b-2031774e2b1d,Isometric,Carbon removal registry and verification platform,isometric.com,"London, United Kingdom","['Lowercarbon Capital', 'Plural', 'Ilkka Paananen', 'Ross Mason', 'David Helgason', 'Niklas Zennström']",72.0,35.85,Seed,25000000.0,Eamon Jubbawy (Founder and CEO): https://linkedin.com/in/eamonjubbawy,True,294040889
abd84411-1fa5-4f48-a665-64eb08714c44,Isovalent,Cloud-native networking company,isovalent.com,"Mountain View, CA",,,,,,,False,120602144
fd549315-518f-450a-b3c5-b777b7346fd7,Isptech,Propulsion systems for spacecraft using environmentally friendly fuels,isptech.com,"Hardthausen, Germany",,,,,,,False,299875284
02c3a9b9-b8a5-41a8-9668-5db216cc00d6,It's Fresh,Food waste technology company,itsfresh.com,"Burntwood, United Kingdom",,,,,,,False,164030953
c928fc25-e805-411b-9a6c-7aeafea2c41e,ITpipes,Pipeline inspection software,itpipes.com,Seattle,,,,,,,False,149472769
871e3788-d87d-4699-a64a-f636a55a3f6f,itselectric,Producer of electric vehicle chargers designed for cities,,,,,,,,,False,Not in Affinity
c73256c8-a9bf-4bc4-b694-3920068736e0,iUNU,Greenhouse robotic system startup,iunu.com,"Seattle, WA",,,,,,,False,129729004
f596f8f9-6b72-41a6-aaf4-02e5a16bfd69,Ivy Energy SaaS,Simplify solar billing for multifamily properties,ivy-energy.com,"San Diego, California","['American Family Insurance Institute for Corporate and Social Impact (AmFam Institute)', 'Enki Solar Investments', 'Unit Leader', 'SolarEdge', 'GreenSoil PropTech Ventures', 'Legacy Capital Ventures']",54.0,3.85,Series A,18000000.0,,True,262719177
b3b65956-5c02-40d5-8899-d924bcdf60a2,iwell,Harmonizing clean energy developer,iwell.eu,"Utrecht, Netherlands","['Invest-NL', 'Meridiam', 'Rabobank']",78.0,20.0,,27000000.0,,True,294269696
0b2a373b-0639-42c9-84af-8203ea0ee125,Iyris,Heat-blocking technology designed to boost crop yields,iyris.com,UAE,,,,,,,False,220927811
52f82e88-6e88-49e4-871f-f4abb2b1a23e,jedlix b.v.,Smart charging services platform provider,https://jedlix.com/,,,,,,,,False,Not in Affinity
65497892-d095-49cc-a91d-a959eab5d925,Jejak.in,Indonesian carbon accounting and monitoring service,jejakin.com,"South Tangerang, Indonesia",,,,,,,False,287464476
6270bc97-5c9f-4914-8bc0-e403d77a46e7,Jellatech,Animal-free proteins developer,jellatech.com,"Raleigh, NC",,,,,,,False,265069415
abc0f1a6-956d-40c2-9164-07772ad8686f,JET Charge,EV charging company with a charging as a service model,jetcharge.com.au,Melbourne,,,,,,,False,2167595
20abc5fe-89bc-457d-ba41-b493d6ed72ea,JETCOOL Technologies,Direct-to-chip liquid cooling manufacturer,jetcool.com,"Littleton, Colorado","['In-Q-Tel', 'Bosch Ventures', 'Raptor Group', 'Schooner Capital']",38.0,0.0,Series A,17000000.0,"['Jordan Mizerak (Chief Technology Officer (Co-Founder)): https://linkedin.com/in/jordanmizerak', 'Bernie Malouin (Founder & CEO): https://linkedin.com/in/malouin']",True,223550798
580896a1-4810-49c1-9ddf-9d8ac1b04202,Jetson,eVTOLs developer,jetson.com,"Brooklyn, New York",,,,,,,False,295453251
088ba516-d17a-4b09-a36e-bc38d1a542ee,Jetti Resources,Developer of copper extraction technology,jettiresources.com,"Boulder, CO",,,,,,,False,120131221
d354fe80-018f-4d14-a1b6-8797ea03f762,jetzero,Blended wing body jet developer,,,,,,,,,False,Not in Affinity
acbe2238-8569-4886-980c-80b11bbfb917,Joby Aviation,Develop and build electric vertical takeoff and landing (eVTOL) aircraft,jobyaviation.com,"Santa Cruz, CA",,,,,,,False,144272579
8a71fbaf-b2eb-4da4-8b9c-4edb5f379100,Jolt Energy,Provider of electrodes coating treatments,jolt.energy,"Munich, Germany",InfraRed Capital Partners,58.0,0.0,Other,165394500.0,"['Maurice Neligan (Chief Executive Officer): https://linkedin.com/in/mauriceneligan', 'Michael Winter (President and CEO JOLT America): https://linkedin.com/in/michaelwinter', 'Gerald Langheck (CIO & Co-Founder): https://linkedin.com/in/gerald-langheck-b358aa15', 'Frank N. Beicken (Co-founder, Vice President, Business Development at Jolt Energy): https://linkedin.com/in/frank-n-beicken-97367264']",True,224020028
d4d0ace5-26e3-4c09-91d6-00b46f7c1fb2,Jolt Energy,Developer of an urban ultra-fast charging network,jolt.energy,"Munich, Germany",InfraRed Capital Partners,58.0,0.0,Other,165394500.0,"['Maurice Neligan (Chief Executive Officer): https://linkedin.com/in/mauriceneligan', 'Michael Winter (President and CEO JOLT America): https://linkedin.com/in/michaelwinter', 'Gerald Langheck (CIO & Co-Founder): https://linkedin.com/in/gerald-langheck-b358aa15', 'Frank N. Beicken (Co-founder, Vice President, Business Development at Jolt Energy): https://linkedin.com/in/frank-n-beicken-97367264']",True,224020028
4361caa0-b41c-4838-9a75-b125faf35782,Jooules Limited,Use gaseous fermentation and microbe strains to turn CO2 into protein,jooules.com,"Wellington, New Zealand",,,,,,,False,289128422
d873a73c-dbea-47cf-a6f8-90ac952a416e,Joro,Maker of an app for tracking climate impact,joro.tech,"Oakland, California","['Sequoia Capital', 'Expa', 'Seqouia Capital', 'Amasia']",26.0,4.0,Seed,2500000.0,"['Sanchali Pal (Founder & CEO): https://linkedin.com/in/sanchalipal', 'Alexander Wiegering Spitzer (Co-Founder): https://linkedin.com/in/awiegering', 'Julien Barber (Co-Founder): https://linkedin.com/in/julien-barber-9a7571120', 'Brydon Gerus (Advisor to the Founder.): https://linkedin.com/in/brydongerus']",True,164019833
41057cef-ed78-4e4f-a0ee-b65d4c7310c0,Joywell Foods,Food technology company developing a sweet protein portfolio,joywellfoods.com,"David, CA",,,,,,,False,22439846
943467d2-e0c4-49ac-8a34-ca5951f66dd3,Jua,AI weather and climate forecasting platform,jua.ai,"Zürich, Switzerland","['Promus Ventures', 'Session.vc', '468 Capital', 'Kadmos Capital', 'Flix Mobility founders', 'Green Generation Fund', 'Notion.vc', 'InnoSuisse', 'Virtus Resources Partners', 'Mehdi Ghissassi', 'Siraj Khaliq', 'others', 'Ananda Impact Ventures', 'Future Energy Ventures']",31.0,0.0,Series A,11000000.0,"['Andreas Brenner (Co-Founder & CEO): https://linkedin.com/in/andreasbrenner', 'Marvin Gabler (Co-Founder & CPO): https://linkedin.com/in/marvin-gabler']",True,287559063
73a5556b-026b-4eb0-a419-ce5c8d65551a,Juganu,Smart city lighting solutions,juganu.com,Israeli,,,,,,,False,164024590
69c577c9-1f81-4051-8c4b-87fbb1c6e7a4,Juicy Marbles,Plant-based steak company,juicymarbles.com,Slovenia,,,,,,,False,282831211
6b2bb80a-60e1-454f-a446-b64676e24f5d,Juna.Ai,AI agents for energy consumption in factories,juna.ai,"Berlin, Germany","['Kleiner Perkins', 'Norrsken VC', 'John Doerr']",4.0,33.33,Seed,7500000.0,,True,299279513
3d1b80bf-e6c9-4346-92a5-6b3a3c2cf51e,Juno,Proptech startup building sustainable apartment buildings,juno.co,"San Francisco, California","['Foundamental', 'Green D Alumni Ventures', 'Khosla Ventures', 'Comcast Ventures', 'Real Estate Technology Ventures', 'Vertex Ventures', 'k50']",8.0,-50.0,Series A,20000000.0,"['Chester Chipperfield (Co-Founder / Creative Director): https://linkedin.com/in/chesterchipperfield', 'bj siegel, LEED AP (Co-Founder and Head of Design): https://linkedin.com/in/bj-siegel-leed-ap-8b669a9', 'Marshall Everett (Co-Founder, Head of Real Estate): https://linkedin.com/in/marshall-everett-197b6b38', 'Jonathan Scherr (Co-Founder and CEO): https://linkedin.com/in/jonathan-scherr-b506999']",True,262520924
bf3f03e5-4425-46a9-bd81-c8fa09aac6dc,jupiter,Climate analytics company,https://www.jupiterintel.com/,,,,,,,,False,Not in Affinity
7175f2b4-1a5a-4a3e-8a55-011995f3bd3f,Jupiter Ionics,Electrochemical green ammonia technology,jupiterionics.com,"Melbourne, Australia",,,,,,,False,282936378
97150f25-ebf5-4ee4-870e-d82c3eec8792,Just Climate,Investment firm backing businesses focused on land-use transformation,justclimate.com,"London, UK","['CalSTRS', 'Microsoft’s Climate Innovation Fund']",43.0,2.38,Series B,175000000.0,,True,284283230
436e61f4-0e78-4540-b3fd-83fa79f1f085,Kabira Mobility,Electric bike startup,kabiramobility.com,"Verna, India",,,,,,,False,268231972
4e77de46-e9ed-487f-aaec-4cd4f683c309,Kaiko Systems,AI-powered maritime operations platform,kaikosystems.com,"Berlin, Germany",,,,,,,False,281083696
bb577fdb-a34d-435a-970d-80ddb606e806,Kairos Aerospace,Methane aerial monitoring platform,kairosaerospace.com,"Mountain View, California","['Energy Innovation Capital', 'DCVC', 'BlackRock', 'Climate Investment', 'Hartree Partners', 'OGCI Climate Investments', 'John Crane', 'Energy Innovation Capital (EIC)']",105.0,5.0,Series D,52000000.0,"Brian Jones (COO, President, Founder): https://linkedin.com/in/brian-jones-202a5b4",True,224689131
b35e8925-75b8-495d-baa3-4104ba26fc7b,Kairos Power,Novel advanced reactor technology platform,kairospower.com,"Alameda, California",U.S. Department of Energy,355.0,3.5,,303000000.0,"['Mike Laufer (CEO): https://linkedin.com/in/mike-laufer-1993965', 'Dolly Singh (Sr. Advisor to the CEO - Talent): https://linkedin.com/in/dosingh']",True,220563501
bf9cea4a-8287-496d-9c56-2298e399ca5e,kaiyo,Marketplace for used furniture,,,,,,,,,False,Not in Affinity
bc5027fa-372f-476a-b5c0-a7fa83a2ce00,Kaltani,Clean-tech plastic recycling and waste management company,kaltani.com,Nigeria,,,,,,,False,278295879
5c8ea755-0864-4fda-8b8d-2424e2a36133,kamma,Property analysis for environmental compliance platform,,,,,,,,,False,Not in Affinity
3fed4f33-05e7-4696-91d7-3a396c9c3d67,kanpla,Food waste management platform,https://kanpla.com/,,,,,,,,False,Not in Affinity
5a651ca2-dad9-4655-b48d-61ac23d22cbe,Kapta Space,Spaceborne radar technology developer,kaptaspace.com,"Seattle, WA",,,,,,,False,294649664
4701112f-0b89-4a61-9fec-e68f9552e565,karana,Plant-based meat producer,https://www.karana.com/,,,,,,,,False,Not in Affinity
3504dc84-d3fe-4d7f-bfc8-69dd04ee9d97,karma automotive,Hybrid luxury car manufacturer,,,,,,,,,False,Not in Affinity
dbd2ca7b-0d08-4dd7-9237-6636953d45b2,Karman Industries,Industrial heat solutions platform,karmanindustries.com,"Los Angeles, CA",,,,,,,False,298608672
90b169c1-8f1c-44c5-ac14-5fc1ce067de2,Karomia,Double materiality assessment and CSRD reporting software provider,karomia.eu,"Gent, Belgium",,,,,,,False,296129443
b25a6bd3-f4d5-4f14-81e0-67d30d8e9f0a,Katana MRP,Manufacturing ERP software company,katanamrp.com,"Tallinn, Estonia","['Northzone', '42Cap', 'Sergei Anikin', 'Lightrock', 'Atomico', 'Ott Kaukver', '42CAP', 'Sten Tamkivi', 'Kairi Pauskar']",141.0,-4.08,Series B,35000000.0,"['Priit Kaasik (Co-Founder and Engineering Lead): https://linkedin.com/in/priitkaasik', 'Kristjan Vilosius (Co-Founder, CEO): https://linkedin.com/in/kristjan-vilosius', 'Hannes Kert (Co-founder / COO): https://linkedin.com/in/hanneskert']",True,128867377
bf8e6e75-8c8d-4908-89ee-8fb828fe464a,kate,Developer of electric micro-cars,https://www.kate.com/,,,,,,,,False,Not in Affinity
9744c84e-1a44-45fb-9e08-ca788241fe30,Kate Farms,Producer of plant-based nutrition,katefarms.com,"Santa Barbara, CA",,,,,,,False,161877004
a006296f-e529-4c11-a8b7-b7446bb05286,kateri,Custom regenerative ranching programs platform,,,,,,,,,False,Not in Affinity
60dfb881-0beb-463f-bdbd-a687a5d1927e,kaya ai,Advanced construction supply chain intelligence platform,,,,,,,,,False,Not in Affinity
a4ce5a9a-eab4-470c-b59a-08dc630ab8ce,Kayrros,Climate and energy data analytics company,kayrros.com,"Paris, France","['Cathay Innovation', 'Korelya Capital', 'Index Ventures', 'Opera Tech Ventures', 'AtlasInvest', 'NewSpace Capital', 'Lord Browne of Madingley', 'Primat Family Office', 'Marcel van Poecke', 'European Investment Bank']",112.0,3.7,Other,44147200.0,"['Laurent El Ghaoui (Co-founder, scientific advisor): https://linkedin.com/in/laurent-el-ghaoui-3088a02', ""Alex d'Aspremont (Co-founder): https://linkedin.com/in/alex-d-aspremont-5943a4118"", 'Antoine H. (Chief Analyst and Co-founder): https://linkedin.com/in/antoine-h-5067824']",True,116494323
7ac9ff7d-f0ba-4175-9ba8-1a8ca03e0f1e,Kazam,EV charging management software provider,kazam.in,"Bengaluru, India","['Inflection Point Ventures', 'Avaana Capital Fund', 'Third Derivative', 'WeFounderCircle', 'Alteria Capital', 'Avaana Capital', 'Vertex Ventures Southeast Asia and India']",131.0,16.0,Series A,8000000.0,"['Vaibhav Tyagi (co-founder): https://linkedin.com/in/vaibhav-tyagi-8a971b1b', 'Akshay Shekhar (Co-Founder): https://linkedin.com/in/akshayshekhar']",True,279921477
b1afbf30-edb1-42e6-b0cc-f77e7c9b7802,kebony,Environmentally friendly modified wood producer,,,,,,,,,False,Not in Affinity
fdd5ab0c-f720-4453-8098-d7398bddc173,Kebotix,Platform for AI-discovered chemicals and materials,kebotix.com,"Cambridge, Massachusetts","['Baidu Ventures', 'Novo Holdings', 'One Way Ventures', 'Embark Ventures', 'Propagator Ventures', 'Flybridge Ventures']",9.0,-18.18,Series A,11400000.0,Dr. Jill S. Becker (CEO): https://linkedin.com/in/dr-jill-s-becker,True,162558779
9dcb6ad8-7feb-4a60-887c-0dcd70d69b3a,Keelvar,Sourcing software company,keelvar.com,Ireland,,,,,,,False,1588900
3facb364-68d4-4d26-97a4-d5693bd36ba9,Keey Aerogel,Green aerogel from construction waste,keey-aerogel.com,"Habsheim, France",,,,,,,False,278716185
65b4dce6-0837-41f5-89d0-33c1262af2ed,kelpi,Seaweed-based packaging for food & CPG products,,,,,,,,,False,Not in Affinity
7e4b3384-4cfe-4cba-bff7-611a6dc4a741,Kelvin,Provider of intelligent HVAC solutions including radiators,kelvin.eco,"Marseille, France",SUPER CAPITAL,1.0,0.0,,,Romain Briand (Co-founder & CTO): https://linkedin.com/in/romainbriand,True,280841175
f4140b38-9a75-43a5-83c9-90a3fb97553c,kensa group,Ground-source heat pump developer,https://www.kensagroup.com/,,,,,,,,False,Not in Affinity
a2eec1d5-d580-4d1a-a942-989b9c7f3ef5,ketos,"Technology designed to measure, manage, and forecast water quality and efficiency",,,,,,,,,False,Not in Affinity
79094538-6ab6-4005-80fa-70a4a7964776,kettle,Reinsurance startup focused on climate change,,,,,,,,,False,Not in Affinity
e7db9700-bfec-414c-8b8b-dce820de1103,Kevala,Energy data and analytics company,kevala.com,"San Francisco, California","['Thin Line Capital', 'C5 Impact Partners LP', 'Tom Werner', 'Mark Ferron']",60.0,-16.67,Series A,21000000.0,,True,283297169
2b8aed05-34d9-44cc-88a5-b05c0d9e6c0d,Kilimo,Help pay farmers to save water,kilimoagtech.com,"Córdoba, Argentina",,34.0,10.0,,7825950.0,"['Rodrigo Tissera (Co-Founder & Corporate Sales at Kilimo AgTech): https://linkedin.com/in/rodrigo-tissera-452611a9', 'Juan Carlos Abdala (Founder and CTO at Kilimo): https://linkedin.com/in/ingjcabdala', 'Juan Pablo Leal Licudis (Co-Founder): https://linkedin.com/in/juan-pablo-leal-licudis-73a63462', 'Jairo Trad (CEO & Co-Founder): https://linkedin.com/in/ingjairotrad']",True,120607409
633e9037-f641-443c-8bee-24090e716dfe,kilter,Ultra-high precision weeding robot for vegetables,,,,,,,,,False,Not in Affinity
f51fdb7c-6d2e-4bd6-bf3c-72e1b48b724b,Kind Designs Glass Studio,Company developing 3D printing for seawalls,kinddesigns.com,"Miami, FL",,,,,,,False,291168102
1be674b5-0fce-44b7-aca5-2ed9ecf7c810,Kinetic Worldwide,Digital service and maintenance to EVs,kineticww.com,"Santa Ana, CA, U.S.",Techstars,243.0,-10.66,,,,True,3938197
cd9b7cfe-6d0c-4d57-9c30-370f984d77fd,kinetic automation,EV servicing centers,https://kineticautomation.com/,,,,,,,,False,Not in Affinity
122961ac-f504-49c9-8a34-125091947468,kinetic green,Micro-mobility vehicle manufacturer,,,,,,,,,False,Not in Affinity
a28a1b9e-08cb-42ca-b749-68090fffbcc3,King Energy Services,Build portfolio of solar on commercial buildings,kingenergy.com,"Durango, CO","['Active Impact Investments', 'Blackhorn Ventures', 'ArcTern Ventures', 'Next Frontier Capital']",62.0,12.73,Series A,10000000.0,,True,286930822
e7d1fa9f-9f83-4a52-8726-d41dbeddb904,KisanHub,Provider of agri-food supply chain solutions,kisanhub.com,UK,,,,,,,False,1781861
2aa4ad9b-e8f4-4e4c-ae28-0e432ac8d964,kita,Provider of carbon insurance products,https://www.kita.com/,,,,,,,,False,Not in Affinity
ae7419a6-b1a6-425c-83cc-a367d30d7003,Kite Magnetics,Advanced magnetic materials developer,kitemagnetics.com,"Clayton, Australia",,,,,,,False,285234208
e7caa776-f74c-4528-972a-53d8c0ba198b,Kite Mobility,EV ridesharing platform,kitemobility.io,"Thornhill, Canada",,,,,,,False,263474147
d283fa0b-7fb9-49c5-9fc6-2150434296ab,kitekraft,Producer of flying wind turbines,,,,,,,,,False,Not in Affinity
