id,name,tagline,domain,Location,Investors,Employees (Current),Employees: Growth YoY (%),Investment Stage,Last Funding Amount (USD),LinkedIn Profile (Founders/CEOs),In Energize Affinity,Affinty ID
57e4d0f8-fcba-4855-8a94-f98f8d2a0c52,tetrate,Cloud application networking,,,,,,,,,False,Not in Affinity
a207b010-f72a-493b-837d-b6aa7bce1af0,tewke,Energy-efficient light switches,,,,,,,,,False,Not in Affinity
536f9eef-392d-4925-84c9-64c076670c87,Texture,Software that aggregates data from energy generation assets,texture.co,"New York, U.S.",,,,,,,False,295862202
0e7ddaba-b7e6-4b1a-bed6-61b945688213,TG0,Human-machine interface technology developer,tg0.co.uk,"London, UK",,,,,,,False,17016723
861bb0f9-d844-4f51-9cf1-fc9caf474408,the ancient environmental genomics initiative for sustainability,Sequence DNA fragments from soil samples,,,,,,,,,False,Not in Affinity
675a7f21-ae07-47d5-8ad6-ab047364950d,The Bee Corp,Agtech startup for beekeepers,thebeecorp.com,"Indianapolis, IN",,,,,,,False,131082028
97cc4284-bfb8-4921-9cf2-48dd9244cc42,The Better Meat Co.,Mycoprotein ingredients developer,bettermeat.co,"West Sacramento, California","['Greenlight Capital', 'BIRD Foundation', 'Green Circle Foodtech Ventures', 'Lever VC.', 'Johnsonville']",24.0,-14.29,Other,1480000.0,"['Adam Yee (Food Scientist, Technically Technical Cofounder): https://linkedin.com/in/itsmeadamyee', 'Joanna Bromley (Cofounder and COO): https://linkedin.com/in/joanna-bromley-b308021a', 'Paul Shapiro (CEO & Co-Founder): https://linkedin.com/in/paul-shapiro-6a9aa282', 'Bruce Demont Nelson (Chief Executive Officer): https://linkedin.com/in/bruce-demont-nelson-067467232']",True,220165515
da5f4ab6-7088-4037-ad07-65e1e482a23a,THE CLIMATE CHOICE,Supply chain decarbonization software platform,theclimatechoice.com,"Berlin, Germany",Gutter Capital,15.0,0.0,Series A,2000000.0,"['Yasha Tarani (Co-Founder & CEO): https://linkedin.com/in/yashatarani', 'Lara Obst (Co-Founder): https://linkedin.com/in/laraobst', 'Dr. Rey Farhan (Co-Founder & Chief Data Scientist): https://linkedin.com/in/reyfarhan']",True,262386996
013edc92-46ce-4ba6-ab7b-9b40976d995f,The Cool Down,Startup that provides sustainable content and product recommendations,thecooldown.com,"Bend, Oregon","['Revolution’s Rise of the Rest Seed Fund', 'Asia Pacific Land', 'Jetstream', 'Swingbridge', 'Niche Capital', 'Breyer Labs', 'Golden Palm Investments', '4DX Ventures', 'Upfront Ventures']",76.0,35.71,Other,5700000.0,"Anna Robertson (Co-Founder, Chief Content Officer): https://linkedin.com/in/anna-robertson-90043b9",True,285079033
c626129e-60ae-463c-a9e5-bf289416958f,the crop project,Developer of regenerative crops for food and beauty products,thecropproject.com,"Brooklyn, NY",,,,,,,False,262878127
b4c5a1a1-6b7b-462d-84d9-8901b7283c87,The Demex Group,Climate-driven insuretech firm,thedemexgroup.com,"Washington, District of Columbia","['Blue Bear Capital', 'Anthemis Group', 'IA Capital Group', 'QBE Ventures', 'Anthemis', 'Congruent Ventures', 'Moxxie Ventures', 'MetaProp']",21.0,16.67,Series A,10300000.0,"['Stephen Bennett (Co-Founder and Managing Director): https://linkedin.com/in/stephendbennett', 'Edward Byrns Jr (President and CEO): https://linkedin.com/in/edward-byrns-jr-20b0919', 'William Clark (President and CEO): https://linkedin.com/in/williamclarkceo']",True,263209178
8293c4d8-f193-448c-898c-04fcddb575d9,the energy company,EV battery manufacturer,,,,,,,,,False,Not in Affinity
c3a29f33-533b-4be7-9681-b3de6179c0c4,the engine ventures,"Invest in climate tech, health, and other sectors",,,,,,,,,False,Not in Affinity
3b4623d3-6ee2-4b38-a617-ad2fd6c4cc36,the every company,Producer of alternative proteins through precision fermentation technology,,,,,,,,,False,Not in Affinity
58e07c2f-b4f4-473f-9452-562b46487238,the growhub innovations,Web3 platform for food traceability,,,,,,,,,False,Not in Affinity
b6cdd778-5b9f-44e9-93fb-9475c3e90a25,the indigenous power & light fund for energy sovereignty,Revolving fund for tribal clean energy,,,,,,,,,False,Not in Affinity
afe463a0-bee5-44a0-9607-1390a0b86ed0,The ISH Food Company,Producer of plant-based seafood alternatives,ishfood.com,"Wilmington, DE",,,,,,,False,283465042
ebeaf4a1-3992-429f-b2fc-ae6dd467c623,The Jackfruit Company,Jackfruit-based meat alternatives,thejackfruitcompany.com,"Boulder, CO",,,,,,,False,204067874
f1df31c2-30db-4004-b60e-b030ccefcd57,The Lion Electric,Canadian electric truck and bus maker,thelionelectric.com,"Saint-Jérôme, Canada","['Bank of Montreal', 'California Energy Commission', 'Fonds de solidarite FTQ', 'CDPQ', 'Fondaction', 'National Bank of Canada', 'Investissement Quebec', 'Finalta Capital', 'Desjardins Capital Markets']",358.0,-40.43,Other,,,True,222287283
d63e45d8-c6c2-4355-9187-4aa199bae80c,the mit sloan school of management,Focus on climate policy,https://mitsloan.mit.edu/,,,,,,,,False,Not in Affinity
282d3c1e-dc87-4447-8e4b-7c4a347d324b,the new york state common retirement fund,Climate Transition Index fund,,,,,,,,,False,Not in Affinity
e2d3ab13-3e1c-4931-8613-412bd219748c,The Nuclear Company,Large-scale nuclear power plants using existing reactor designs,thenuclearcompany.com,"Lexington, Kentucky",,25.0,212.5,,53519400.0,,True,293366656
28970625-3d31-45d2-9816-2881996ccdb9,the oman investment authority,Future Fund Oman for large-scale projects,,,,,,,,,False,Not in Affinity
ea7c8314-5f8b-48c5-917c-147804cca4aa,The Protein Brewery,Brewer of plant-based protein,theproteinbrewery.nl,Netherlands,,,,,,,False,263598957
f703b162-0b63-447f-8307-b58bf9cae6a5,The Rounds,Zero-waste delivery and refill service for household items,therounds.com,"Philadelphia, PA",,,,,,,False,1696461
149c8d69-2538-4793-861d-e36bf15d8752,The Routing Company,On-demand routing tech startup for public transit agencies,theroutingcompany.com,"Boston, Massachusetts",The Engine,39.0,-7.14,Seed,5000000.0,"['James Cox (Chief Executive Officer): https://linkedin.com/in/jamescox00', 'Javier Alonso-Mora (Co-Founder): https://linkedin.com/in/javier-alonso-mora-8483b31b', 'Alex Wallar (Co-founder and CTO): https://linkedin.com/in/wallarelvo', 'Menno van der Zee (Co-Founder): https://linkedin.com/in/mennovanderzee']",True,223896112
62df5ee4-6755-434e-9741-dd4a0b440a31,the ugly company,Startup upcycling ugly fruit into snacks,,,,,,,,,False,Not in Affinity
37371df2-831b-41d9-8a56-c38a4db4d32d,The Upright Project,Impact measurement platform,uprightproject.com,"Helsinki, Finland","['Planet A Ventures', 'First Fellow Partners']",48.0,17.07,Seed,5000000.0,Juha Saarnilampi (Co-Founder): https://linkedin.com/in/juhaveps,True,220093951
d4d73dc6-10c2-4d0f-bad9-136c8edb258e,The Westly Group,"Invest in seed-stage companies across climate, energy, and industry",westlygroup.com,"Menlo Park, CA",,21.0,-4.55,Seed,100000000.0,,True,1526960
0cee4e85-92aa-4220-b4da-019c55a1c8db,The Yield Lab Institute,IoT agricultural technology startup,theyieldlabinstitute.org,"Creve Coeur, Missouri",Wells Fargo Innovation Incubator,8.0,-11.0,Other,,,True,279019950
a9f75c21-3deb-45e0-93bd-bec24d1b01ab,theion,Advanced lithium-sulfur batteries,,,,,,,,,False,Not in Affinity
439886b5-53ad-49c2-91bc-08603470e4c2,THERMA,Cooling intelligence platform,hellotherma.com,"San Francisco, California","['Deciens Capital', 'Govtech Fund', 'Collaborative Fund', 'Rite Hite', 'Kindergarten Ventures', 'Homecoming Capital', 'Active Impact Investments', 'Ananta Capital', 'Zero Infinity Partners', 'CityRock Venture Partners']",48.0,-29.41,Series A,19000000.0,"['Manik Suri (Founder and CEO): https://linkedin.com/in/maniksuri', 'Aaron Cohen (Co-Founder): https://linkedin.com/in/aaroncohen']",True,263595589
245a9d3c-bf62-4f55-b627-978f2846600b,thestorage,Sand-based industrial heat batteries,,,,,,,,,False,Not in Affinity
3e91a45e-97f5-4e21-893c-9fee7e961b40,Theta Lake,Cybersecurity and compliance solutions for video conferencing software,thetalake.com,"Santa Barbara, CA",,,,,,,False,203268752
72871055-3a80-433b-b9c4-b5860d4d1fef,Thiozen,Clean hydrogen production from waste streams,thiozen.com,"Pasadena, CA",,,,,,,False,282153384
e80392e8-0cf2-41cf-a237-ab6a9f8e6f1e,Third Wave Automation,Machine learning company,thirdwave.ai,"Union City, California","['Norwest Venture Partners', 'Eclipse', 'Toyota Ventures', 'Zebra Technologies', 'Innovation Endeavors', 'Qualcomm Ventures', 'Woven Capital']",40.0,-21.57,Series C,27000000.0,"['Julian (Mac) Mason (Cofounder): https://linkedin.com/in/julian-mac-mason-284755122', 'Arshan Poursohi (CEO, Co-Founder): https://linkedin.com/in/arshanpoursohi']",True,220208125
1efc6276-b494-49d6-b2a7-04c898337eac,THIS,Plant-based food maker,this.co,"London, England",,,,,,,False,223153615
bdb4c8e1-e290-46a3-8a03-471a6d17cff9,Thorizon,Molten salt reactor technology using nuclear waste as fuel,thorizon.com,"Amsterdam, Netherlands",,,,,,,False,286760256
f32bfb90-83de-43fb-a52b-1ca4f686ac8c,Thought Machine,Cloud-based banking software firm,thoughtmachine.net,"London, UK",,,,,,,False,2186344
3df9f024-6bb2-45cf-be34-c08476967ca0,ThoughtTrace,Contract analytics software provider,thoughttrace.com,"Houston, Texas","['Altira Group', 'McRock Capital']",9.0,-25.0,Series B,10000000.0,"['Gabriela Isturiz (eBillingHub: Founder, President & CEO): https://linkedin.com/in/gabrielaisturiz', 'Greg Coticchia (Chief Executive Officer, Co-founder, Advisor): https://linkedin.com/in/gregcoticchia', 'Regina Jenkins (Executive Administrative Team Manager/EA To President): https://linkedin.com/in/regina-jenkins4118']",True,212127132
910f274b-51a6-4401-852f-4a456e949f37,three-sixty aquaculture,Sustainable land-based prawn farm,https://360aquaculture.com/,,,,,,,,False,Not in Affinity
0f4185e0-9a82-4073-9354-7bc5ed86b312,ThreeKit,Augmented reality company focused on e-commerce,threekit.com,"Chicago, Illinois","['Steve Young', 'Leaders Fund', 'Godard Abel', 'Capgemini', 'Shasta Ventures', 'Salesforce', 'Phil Fernandez', 'Salesforce Ventures', 'ServiceNow']",85.0,6.25,Series B,35000000.0,"['Matt Gorniak (CEO ): https://linkedin.com/in/mattgorniak', 'Godard Abel (Executive Chairman): https://linkedin.com/in/godardabel', 'Ben Houston (Founder / CEO / Senior Software Developer): https://linkedin.com/in/benhouston']",True,219925624
ceebf6d9-f380-4efa-84bd-0bf039034d88,ThruWave,Developer of 3D millimeter wave imaging for supply chain and logistics,thruwave.com,"Seattle, WA",,,,,,,False,223606303
6bb60818-5fa8-477b-84f6-d017fe09afd1,thryve,Carbon project development platform,,,,,,,,,False,Not in Affinity
93e98cc0-863a-4daa-a7f2-f4cc695b7775,Thryve.earth,Platform for nature-based carbon projects,thryve.earth,Singapore,,,,,,,False,286161468
57a1ff96-db54-45a9-9b38-27809649953b,Tibber,Supplier of smart energy,tibber.com,"None, Norway","['Wellstreet Group', 'Balderton Capital', 'Nordea', 'Summa Equity', 'Founders Fund', 'Schibsted Ventures', 'Balderton', 'BKK', 'Eight Roads', 'Eight Roads Ventures']",315.0,5.0,Series C,90000000.0,"['Edgeir Aksnes (CEO and Founder): https://linkedin.com/in/edgeiraksnes', 'Daniel Lindén (Co-founder & CPO): https://linkedin.com/in/idaniellinden']",True,17376640
128eaeef-1ea0-4c13-9c57-f00236a723f1,TIBO EnergyHub software,Provider of energy management software,tibo.energy,"Eindhoven, Netherlands","['WEPA Ventures', 'KOMPAS VC', 'Hitachi Ventures', 'Speedinvest', 'SET Ventures', 'members of the tibo energy founding team']",23.0,9.52,Seed,6000000.0,,True,291967267
a3c46a8c-0df3-4ac0-a47b-71d4ccf7895a,Tickr,Investing app in the ESG space,tickr.com,U.K.,,,,,,,False,1795937
d52c66c8-4ef7-43aa-b99d-18e202b60976,tidal,AI and computer vision product for salmon farmers,,,,,,,,,False,Not in Affinity
eed9bd2b-5047-48be-9ec4-457f7e70f3e9,"tidal metals, a greenblu company",Make magnesium from saltwater,tidalmetals.com,"Hamilton, NJ",,,,,,,False,298584485
3218eb26-6cd9-4e33-af3b-7992dfc4c285,Tidal Vision,Turns crab shells into biodegradable chitosan,tidalvision.com,"Bellingham, Washington",,,,,,,False,291734911
1c5e8fcc-7827-44d9-8842-336a5ae1fef9,Tidelift,Solutions provider for open source software supply chain resilience,tidelift.com,Boston,,,,,,,False,141755786
fe33f93f-182c-4d4b-bc74-f9631e1fa3d7,TIER Mobility,E-scooter company,tier.app,Germany,,,,,,,False,202530886
2e033c45-13ee-4453-998b-d851ae2e8b3a,"Tierra Biosciences, Inc.",AI-guided protein synthesis platform,tierrabiosciences.com,"San Leandro, CA",,,,,,,False,159036049
bd0d71f7-b26a-4818-b835-56288f0dddae,tigergraph,Scalable graph database for the enterprise,,,,,,,,,False,Not in Affinity
7e0677dd-e9d9-474d-bd50-e7119aa9a9eb,Tigo Energy,Solar and energy storage solutions,tigoenergy.com,"Los Gatos, California","['Energy Growth Momentum', 'Generation Investment', 'Clal Industries', 'Alnitak Capital']",161.0,-11.05,Public Markets,20000000.0,"['Ron Hadar (Founder, President and COO): https://linkedin.com/in/ronhadar', 'Zvi Alon (Chairman and CEO): https://linkedin.com/in/zvialon']",True,1531078
eab356c1-83f9-4d87-ae93-920f6c84d00d,tinybird,Software developer that builds data products,tinybird.co,"New York, NY",,,,,,,False,279069448
7b24c4e3-91ae-4fac-8f66-22c4b32e457c,tipa,Compostable packaging startup,,,,,,,,,False,Not in Affinity
b3c686ef-0df6-4153-8bf8-e957f1418145,tirex transmission,EV charging startup,,,,,,,,,False,Not in Affinity
5195eb17-29dd-4b97-850a-df210dee46fe,Tive,Supply chain visibility software developer,tive.com,Boston,"['Two Sigma Ventures', 'Broom Ventures', 'Supply Chain Ventures', 'Fifth Wall', 'Hyperplane Ventures', 'Floating Point Ventures', 'Sorenson Capital', 'Qualcomm Ventures', 'SJF Ventures', 'NextView Ventures', 'RRE Ventures', 'AXA Venture Partners', 'Sageview Capital', 'Wil', 'AVP', 'Rre Ventures']",221.0,10.5,Series C,40000000.0,,True,117846594
e03f6368-18a1-42e3-ac71-5e564a26e77a,TOffeeAM,Software design company for green manufacturing,toffeeam.co.uk,"London, UK",,,,,,,False,224127563
fae41754-386a-4d0d-9b72-979069e82097,Togal.AI,Construction software company,togal.ai,"Miami, Florida","['Florida Funders', 'Coastal Construction']",31.0,14.81,Seed,5000000.0,,True,225103676
de5e9c0f-29cb-4752-bb28-5c5d0cb2ecf3,Tokamak Energy,Tokamak fusion energy developer,tokamakenergy.co.uk,"Abingdon, UK",,,,,,,False,2183827
e9d53f80-9086-47f1-b3a7-8ddec6568475,Tomato Jos,Agro-processing venture focused on local production of high-quality tomato paste,tomatojos.net,Nigeria,,,,,,,False,1730412
d17c3ad5-8bc1-4030-ab1a-5d012ac5f34f,Tomorrow Farms,Sustainable food-tech company,tomorrowfarms.co,"New York, USA",,,,,,,False,284890947
9b0be9c3-dc8c-44cc-9b94-57d6373cf812,Tomorrow.io,Weather intelligence platform,tomorrow.io,"Boston, Massachusetts","['Canaan', 'Activate Capital', 'Chemonics', 'ClearVision', 'Seraphim Space', 'Pitango', 'SquarePeg Capital', 'JetBlue Ventures']",198.0,-19.84,Late Stage,87000000.0,"['Rei Goffer (Co-Founder, Chief Strategy Officer): https://linkedin.com/in/rei-goffer-73757984', 'Itai Zlotnik (CCO, Co-Founder): https://linkedin.com/in/itai-zlotnik-4b14a935', 'HAGIT MESSER (Co Founder): https://linkedin.com/in/hagit-messer-a3947762']",True,280953176
6493f5e9-4c3e-4952-a1c8-9ba951bb27f4,Too Good To Go,Startup combating food waste,toogoodtogo.com,Denmark,,,,,,,False,278519998
1d998293-ff96-4846-92da-ee99c84497f5,topanga.io,Food-service waste reduction platform,topanga.io,"Los Angeles, California","['Wonder Ventures', 'Amasia', 'Struck Capital']",27.0,28.57,,3600000.0,"['Page Soulé Schult (Co-Founder): https://linkedin.com/in/pageschult', 'Max Olshansky (Co-Founder & CRO): https://linkedin.com/in/max-olshansky-1a502372', 'Adam Bailey (Co-Founder, CTO): https://linkedin.com/in/adam-bailey']",True,284217872
3a62e345-7252-4b57-9235-d2ec938f44d7,Top Hat,Low-carbon modular housing company,tophat.com,"London, UK",,,,,,,False,1821481
1eae58e1-f71d-4af1-9a79-f2bf7e409372,Topl,Blockchain platform helping companies prove ethical and sustainable supply chains,topl.co,"Houston, Texas","['GOOSE Capital', 'Mercury', 'Cryptology Asset Group', 'Chingona Ventures', 'Beni Venture Capital', 'Mercury Fund', 'Social Impact Capital', 'Blue Collective', 'RevTech Ventures', 'Republic Asia']",12.0,-42.86,Series A,15000000.0,,True,37581899
45b8b261-985f-4bb5-a890-8670d3519ee2,TOPOLYTICS,Verifiable data platform for waste,topolytics.com,"Edinburgh, United Kingdom",,2.0,-50.0,Other,1810770.0,"['Michael Groves (Founder and CEO): https://linkedin.com/in/michaelanthonygroves', 'Will Egerton-King (Co-Founder): https://linkedin.com/in/will-egerton-king-wek', 'Gordon Cowtan (Co-founder and Director): https://linkedin.com/in/gordon-cowtan-94a40a4']",True,1766544
1b4cfe35-1dba-47e6-85c4-77edad14ac89,Torch,Digital freight network focused on short-haul trips,torch.co,"Chicago, IL",,,,,,,False,279584365
6eda1c69-2b2a-4c3b-adf0-a0f696def84c,Torev Motors,Axial flux electric motors maker,torevmotors.com,Washington D.C.,,,,,,,False,287758816
119771d0-8f68-4518-b853-af3af6339954,TortoiseEcofin Acquisition Corp III,Energy-focused SPAC,trtlspac.com,,,,,,312957675.0,,True,296875028
8503255b-7dde-45d0-aa2d-6c5baadd1e57,Tortuga AgTech,Farming robotics company,tortugaagtech.com,"Lakewood, Washington","['AME Cloud Ventures', 'Stanford-StartX Fund', 'Ceres Partners', 'Colorado Impact Fund', 'Root Ventures', 'Remus Capital', 'U.S. Small Business Administration.', 'Grit Labs', 'Thrive Agtech Accelerator', 'SVG Partners', 'Susa Ventures', 'Lewis & Clark AgriFood', 'Morado Ventures', 'Spero Ventures', 'Grit Ventures']",29.0,-43.14,Series A,20004988.0,Eric Adamson (Co-founder and Chief Executive Officer): https://linkedin.com/in/eric-adamson,True,131082442
4fbc8ac2-1c61-41cb-8bb7-365d9b3bd50b,torus,Manufacturer of energy storage and management products,,,,,,,,,False,Not in Affinity
f7b161f7-29b5-4908-b3c2-c362d015ba57,toyota ventures,Investment firm,,,,,,,,,False,Not in Affinity
67195aa9-84aa-4ed0-8d59-e9636eceb1a4,tozero,Battery recycling startup,,,,,,,,,False,Not in Affinity
8583f21a-63ca-46e1-b230-3e0b4c61df75,tpg,Climate-focused private equity infrastructure fund,,,,,,,,,False,Not in Affinity
b3e654d3-ffec-497d-ace9-c3f89f8bdeef,tpg rise climate,Digital energy platform active in 18 countries,https://www.tpg.com/,,,,,,,,False,Not in Affinity
500959fa-3afe-4753-9b55-ff5d375d876b,traace,Emissions traceability and management platform,,,,,,,,,False,Not in Affinity
91e0a8c0-848a-43a4-9eff-66fc7bf2f04b,Trace Midstream,Developing carbon capture and sequestration assets,tracemidstream.com,"Houston, TX",,,,,,,False,224079707
8ea1d501-84bc-4667-9e2b-630e5852a85f,traceless materials,Turns agricultural leftovers into plastic alternatives,https://www.traceless.eu/,,,,,,,,False,Not in Affinity
c55738ee-26b7-47a7-9a7b-95858ccd7ac7,tracer,Data intelligence platform,https://www.tracer.com/,,,,,,,,False,Not in Affinity
368d1a44-c47e-4eb8-b3fd-e78adfe1501b,track3d,AI platform for the construction industry,,,,,,,,,False,Not in Affinity
a97bf5f9-e541-4182-972f-35b6aef57074,TRACT,Software for agriculture supply chain transparency,tract.com,"Denver, Colorado",Berkshire Partners,62.0,31.91,,,Grant van Rooyen (CEO & Managing Partner): https://linkedin.com/in/grantv,True,285951386
7e565b13-bb6d-4f17-bc31-7073580ab51f,Tractian,Industrial monitoring platform,tractian.com,"Atlanta, Georgia","['General Catalyst', 'Next47', 'Ron Gill', 'YCombinator', 'Andy McCall', 'Ronan de Hooge', 'other previous investors', 'Sapphire Ventures', 'Ngp Capital']",333.0,21.09,Series C,120000000.0,"Igor Marinelli (Founder, Co-CEO): https://linkedin.com/in/igmarinelli",True,261171337
05d0b47f-434a-49a5-8e22-35be5d27c458,Tradespace,AI-powered IP management platform,tradespace.io,"San Francisco, California","['Eniac Ventures', 'Abstract Ventures', 'Scrum Ventures', 'Amplo VC']",16.0,14.29,Seed,4200000.0,Alec Sorensen (Founder & CEO): https://linkedin.com/in/alec-sorensen-a325a447,True,222067066
cccc7ebc-9495-4cc3-a930-03641814baec,Tradeverifyd,AI-powered supply chain risk management,tradeverifyd.com,"Bozeman, Montana","['Acronym', 'Bread & Butter Ventures', 'Techstars', 'A100x', 'Silicon Road Vc']",15.0,,Series A,8000000.0,,True,301099153
1969c1fa-8c35-4b9f-a3dc-5cd3a2bc47e1,Tradim SAS,Providing waste collection and management software,tradim.com,France,,,,,,,False,282892073
0def81f3-3003-4d67-a381-54be39984e64,Trala,Music education software teaching violin,trala.com,"Chicago, IL",,,,,,,False,206277532
fab218c4-9637-4870-bc6a-6278845f9efc,Transaera,Manufacturing energy-efficient air conditioning systems,transaera.com,"Somerville, Massachusetts","['Energy Impact Partners', 'MassCEC', 'MassMutual Ventures', 'Clean Energy Ventures', 'Energy Impact Partners LP', 'Carrier Ventures', 'Saint Gobain']",11.0,-31.25,Seed,8200000.0,"['Mircea Dinca (Co-Founder): https://linkedin.com/in/mircea-dinca-1ab43314', 'Sorin Grama (Co-Founder & CEO): https://linkedin.com/in/sorin-grama', 'Matthew Dorson (Co-Founder): https://linkedin.com/in/matthewdorson', 'Ross Bonner (Co-Founder and CTO): https://linkedin.com/in/rossbonner16']",True,212128198
4cc81005-1a04-45b4-a14f-f114506d0afe,Transcend,Data privacy infrastructure company,transcend.io,"San Francisco, CA",,,,,,,False,152148010
2dfd3d8f-877d-44d8-a589-e384bf21474f,Transect,"Company focused on environmental risk for energy, infrastructure, and real estate",transect.com,"San Antonio, Texas","['Blue Bear Capital', 'Holt Ventures']",43.0,-2.27,Other,1450000.0,"['Colton Brugger (Co-Founder & Chief Technology Officer): https://linkedin.com/in/coltonbrugger', 'Robin Laine (Co-Founder & Chief Executive Officer): https://linkedin.com/in/robin-laine-4567612a', 'Samuel Laine (Co-Founder and Chief Growth Officer): https://linkedin.com/in/sdlaine']",True,164723349
3ab3ee80-e6f6-4969-86cf-ca0291c236b7,TransFICC,E-trading platform,transficc.com,"London, UK",,,,,,,False,136327467
f7e93224-979c-4457-8c62-770af6b70679,transition,Venture capital firm,,,,,,,,,False,Not in Affinity
02dafc31-b27f-4f66-9378-fb1902390ea9,Transmutex,Nuclear waste transmutation technology developer,transmutex.com,"Genève, Switzerland",,,,,,,False,278696098
1a1c6777-5ef9-44ed-b202-c0c5215e5d60,TransVoyant,Supply chain execution platform,transvoyant.com,"Alexandria, VA",,,,,,,False,1665219
4c33d5b0-5c3e-4d30-8c91-9847fb568d94,travertine,Carbon dioxide removal and industrial chemical production startup,,,,,,,,,False,Not in Affinity
bd4f6ff9-e98c-41ea-a9ca-bdc4c30113ea,travertine technologies,Electrochemical platform for sustainable fertilizer,,,,,,,,,False,Not in Affinity
7caf539e-86a0-462e-b0f4-9b16088cc2b3,TRAWA Film,Energy purchasing and management platform for SMBs,trawa.de,"Berlin, Germany","['Norrsken VC', 'Headline', 'Klarna co-founder Niklas Adalberth', 'Tiny VC', 'Alexandre Berriche', 'The Delta', 'Tobias Schütt', 'Speedinvest', 'Magnetic', 'Balderton Capital', 'AENU', 'TinyVC', 'Anna Alex', 'Kai Klapdor', 'Julian Teicke']",43.0,48.28,Series A,24000000.0,"['Max Lüddemann (Co-Founder & CTO): https://linkedin.com/in/max-l%C3%BCddemann-08b2319b', 'Robert Quick (Founder & COO/CFO): https://linkedin.com/in/robert-quick-b5a219101', 'David Budde (Co-Founder & CEO): https://linkedin.com/in/dbudde']",True,288708252
b7438a17-733b-442a-99c1-c25577ad1a6c,trax,Provider of computer vision and analytics solutions,,,,,,,,,False,Not in Affinity
a440e077-3c70-42a3-97ed-700bfb09a214,trayd,Construction payroll and compliance solutions provider,,,,,,,,,False,Not in Affinity
dcd6d7ae-2c88-4db1-9773-a996d7f7b3bf,TreaTech,Provider of hydrothermal gasification technology to convert waste streams into products,trea-tech.com,"Lausanne, Switzerland",,,,,,,False,151466602
883fc87f-6269-4a66-8004-74580c91d509,Trebellar,Smart building data platform,trebellar.com,"San Francisco, California","['Jetstream', 'Altcapital', 'Haystack', 'KFund']",16.0,-5.88,Seed,3500000.0,"['Diego Ferreiro Val (Co-Founder): https://linkedin.com/in/diervo', 'David Garcia Quintas (Co-Founder): https://linkedin.com/in/dgq']",True,284691069
d0a8aace-379f-4b02-8f7b-6c125a7a5265,tree energy solutions,Green hydrogen producer,,,,,,,,,False,Not in Affinity
51e2af03-0d6d-45ee-8fd3-7b0716a60d08,Tree.ly,Forest-protection projects across Europe,tree.ly,"Dornbirn, Austria","['PortfoLion Capital Partners', 'aws Gründungsfonds', 'Tyrolean Business Angel Network', 'Symbia VC']",28.0,75.0,Seed,5000000.0,"['Jodok Batlogg (Co-Founder and CEO): https://linkedin.com/in/jodok', 'Eva King (Founder): https://linkedin.com/in/eva-king', 'Christian Lutz (COO, Co-Founder): https://linkedin.com/in/christianlutz', 'Matthias Ehrhardt (Co-Founder): https://linkedin.com/in/matthiasdehrhardt']",True,282083105
716e759b-8138-43ae-82c2-bc3c2e74da02,TreeCard,Credit card startup that plants trees,treecard.org,UK,,,,,,,False,263733139
9f7d1df7-b531-41eb-a3b4-bfa107f56f10,treedots,B2B marketplace for reducing food waste,,,,,,,,,False,Not in Affinity
d32c1f54-b968-46ec-bbba-45e51d74f36a,treefera,Forest monitoring and data platform,treefera.com,"London, United Kingdom","['Concept Ventures', 'Greg Lavender', 'January Ventures', 'Twin Path Ventures', 'AlbionVC', 'Triple Point', 'Notion Capital', 'Albion VC']",43.0,53.57,Series B,30000000.0,"['Caroline Grey (Co-Founder & CRO): https://linkedin.com/in/greycaroline', 'Jonathan Horn (Founder & CEO): https://linkedin.com/in/jonathan-horn-4792075']",True,289167835
808147e5-32f1-4d3d-b26c-a0258e424be1,Treehouse,Residential EV charging installation platform,treehouse.co,"San Francisco, CA",,,,,,,False,268045488
88d69e89-98c6-40a9-8828-7706fc2140a1,treesplease games,Gaming platform for planting trees,https://www.treespleasegames.com/,,,,,,,,False,Not in Affinity
d93083f1-d3f6-4306-a40d-b97e61f96d5f,treeswift,Data-based forest monitoring system,,,,,,,,,False,Not in Affinity
1a1b6d80-2377-4396-965a-a1c6d720f648,Treet,Retail resale platform,treet.co,"San Francisco, California","['First Round Capital', 'Techstars', 'Bling Capital', 'Alante Capital', 'Interlace Ventures', 'Matchstick Ventures', 'BBG Ventures', 'V1.VC', 'BAM Ventures', 'Two Sigma Ventures']",34.0,17.24,Series A,10000000.0,"['Sonia Yang (Co-Founder): https://linkedin.com/in/soniay', 'Jake Disraeli (Co-Founder & CEO): https://linkedin.com/in/jakedisraeli']",True,263346555
2e600721-c17f-45b2-a1a6-d470eef4458c,Treetoscope,Precision irrigation platform,treetoscope.com,"Tel Aviv, Israel",,,,,,,False,282710915
c26aaedd-5840-40be-9899-bca5233b018a,trellis data,Machine learning platform,,,,,,,,,False,Not in Affinity
677bd8ee-7cb4-4fd4-b997-52381be99d15,tribaldata,Platform to help media and advertisers get to net zero,https://tribaldata.com/,,,,,,,,False,Not in Affinity
31661eed-524e-4ca1-a7d3-4e322889b407,Trio Mobil,IoT-powered safety and efficiency systems,triomobil.com,"Marietta, Georgia","['NewSpring', 'TIBAS Ventures']",185.0,-4.15,,26500000.0,"['Emre Hacıyunus (CEO Office Executive): https://linkedin.com/in/emre-haciyunus', 'Nevzat Ataklı (Cofounder): https://linkedin.com/in/atakli']",True,128363262
e456c98c-8ed2-42e9-b17e-9241446ad4d2,Triplew3,Startup producing biodegradable plastic from food waste,triplew.co,"Netanya, Israel","['WASTE2FUNC', 'Millennium Food-Tech VC', 'Millenium Food-Tech', 'Consensus Business Group', 'Firstime VC', 'LG Technology Ventures']",36.0,12.5,Series B,16500000.0,"['Tal Shapira (Chief Executive Officer): https://linkedin.com/in/tal-shapira-71415039', 'Amir Oranim (Co Founder and CEO): https://linkedin.com/in/amir-oranim-89a38b27']",True,263175088
05920a9d-5b67-4310-a7be-7a80d4f276a5,Triton Anchor,Anchors for offshore wind farms,tritonanchor.com,"Chelmsford, MA",,,,,,,False,288635398
64ea923e-778e-4464-9ee1-3576f6bf939e,Triumvirate Environmental,Sustainable environmental solutions provider,triumvirate.com,"Somerville, MA",,,,,,,False,78856981
325ee1e8-89d3-41cd-8ac0-6cbadfdd0cb9,troes,Modular battery energy storage systems provider,,,,,,,,,False,Not in Affinity
a0a383fd-5ebd-4bc3-a3ce-2c2f762c505c,Trojan Energy,On-street EV charging provider,trojan.energy,"Stonehaven, UK",,,,,,,False,291867539
4d4b1a58-94cd-42a1-bf3b-1c957da73c69,Tropic Biosciences,Ag-tech company focused on tropical crops,tropicbioscience.com,UK,,,,,,,False,156977667
a042ec2d-4e1d-4437-83ce-1c427136fa9f,TruckLabs,Trucking decarbonization solutions provider,trucklabs.com,"Burlingame, California","['Calibrate Ventures', 'Blue Bear Capital', 'Autotech Ventures', 'Uncork Capital']",11.0,-15.38,Series B,,"['Daniel Burrows (Founder / CEO): https://linkedin.com/in/danieljamesburrows', 'Ed Pitt Ford (Co Founder): https://linkedin.com/in/ed-pitt-ford-16393120']",True,65914464
97ac2068-c739-4f26-a0c6-5d5e85b08423,Trucks Venture Capital,Invest in pre-and seed deals focused on transportation,trucks.vc,San Francisco,,,,,,,False,110753206
593e715b-8351-4b6e-97c8-9cb87d7c8876,true anomaly,"Developer of space security, sustainability, and accessibility technology",https://trueanomaly.com/,,,,,,,,False,Not in Affinity
f2087e5e-a392-43f9-b201-c77d93d27b2b,TrueFort,Cybersecurity company,truefort.com,"Weehawken, New Jersey","['Lytical Ventures', 'Emerald Development Managers', 'Evolution Equity Partners', 'Shasta Ventures', 'Canaan']",55.0,-19.12,Series B,30000000.0,,True,220984041
af843c1f-f6c1-4888-ab37-df173da07986,TrusTrace,Sustainable supply chain traceability platform,trustrace.com,"Stockholm, Sweden","['Industrifonden', 'Fairpoint Capital', 'Circularity Capital', 'Fashion for Good', 'BackingMinds']",171.0,8.23,Series B,24000000.0,"['Madhava Venkatesh R. (Co-Founder, CTO): https://linkedin.com/in/madhavavenkatesh', 'Shameek Ghosh (CEO and Co-Founder): https://linkedin.com/in/shameek', 'Hrishikesh Rajan (Founder & CSO): https://linkedin.com/in/hrishikesh-rajan-a459177', 'Saravanan Parisutham (Co Founder): https://linkedin.com/in/saravanan-parisutham-048b579']",True,133414728
6da65201-aa0a-400f-aa4f-88757f6e4b4b,TS Conductor,High-capacity power transmission lines production,tsconductor.com,"Arcadia, California","['National Grid Partners', 'Breakthrough Energy Ventures', 'Edison International', 'Energy & Environment Investment, Inc.', 'Wellington Management', 'Blue Earth Capital', 'NextEra Energy Resources', 'Quanta Services', 'Gates Frontier']",46.0,35.29,,60000000.0,"['VIVEK KOHLI (Chief Technology Officer - TS Corp and CEO - India): https://linkedin.com/in/vivekkohli', 'Jason Huang (Chief Executive Officer): https://linkedin.com/in/jason-huang-6425b7']",True,263787598
ba521c33-e08a-479a-b9c6-32deffb652dc,tset,Cost and carbon management software platform,tset.com,"Vienna, Austria",,74.0,-9.76,Series A,12700000.0,"Andreas Tsetinis (CEO, geschäftsführender Gesellschafter): https://linkedin.com/in/andreas-tsetinis-008a1bb4",True,262984557
5a75821e-cfb8-4608-8e57-6dabafb521be,Tsubame BHB,Lower-carbon ammonia production plants,tsubame-bhb.co.jp,"Kanagawa, Japan",,,,,,,False,224636916
72944afa-3126-43c5-bdb8-ab74d98e1e27,Tsunami Relief,Solar panel manufacturer,unicefusa.org,"New York, New York",PPP,781.0,-2.01,PPP Loan,5000000.0,,True,111632264
743c6afb-84d6-4b16-921c-94668817c3ab,tumeke,Automatically assess workplace safety risks through pictures,,,,,,,,,False,Not in Affinity
38327e67-2f78-4764-9331-6ec50cf4ed5b,tupu,Urban mushroom farming developer,,,,,,,,,False,Not in Affinity
30c8e35c-ec8c-4bb9-9b4e-9fcc53637f83,Turing,AI-powered water management platforms,theturingcompany.com,"Woburn, Massachusetts",Safar Partners,43.0,104.76,Series A,14000000.0,,True,295057596
cc29df46-c666-402d-b8d0-e0f34b8ecba3,Turing Dream,Multi-agent-based applications creation and management platform,turingdream.com,"Madrid, Spain",,,,,,,False,303517421
1d6c0572-6293-45de-b1e9-f83183fd9bc0,Turn2X (Formerly Turn Energy),RNG from methanation producer,turn2x.com,"Munich, Germany",,,,,,,False,291148934
a0e6badf-5926-4d8a-ad94-48d346dc4821,turnkey group,Platform providing ESG software and analytics,,,,,,,,,False,Not in Affinity
769403f3-0ca1-4b0e-8afb-3a0fd692e8d2,turno,EV dealership and financing business,,,,,,,,,False,Not in Affinity
32cca580-5412-41d8-98f4-a54d77359c6b,turnover labs,Decarbonization technology developer for the chemical manufacturing industry,,,,,,,,,False,Not in Affinity
1eb7ff8b-18d3-47d2-9c9a-b9aa7a88d545,Turntide Technologies,Maker of an electric motor,turntide.com,"Sunnyvale, California","['Suvretta Capital Management LLC', 'Meson Capital', 'Future Shape', 'Robert Downey Jr.’s FootPrint Coalition', 'Fifth Wall', 'Amazon Climate Pledge Fund', 'Monashee Investment Management LLC', 'Canada Pension Plan Investment Board', 'FootPrint Coalition Ventures', 'WIND Ventures', 'JLL', 'Keyframe Capital', 'BMW i Ventures', 'BMW iVentures', 'JLL Spark', 'Breakthrough Energy Ventures', 'SDCL Energy Efficiency Income Trust (SEEIT)', ""Meson Capital's Captain Planet LP fund"", 'OGCI Climate Investments (OGCI CI)']",203.0,-7.31,Series C,80000000.0,Ryan Morris (Chairman & CEO): https://linkedin.com/in/ryan-morris-a1a9219,True,263365762
e9d4c024-eaf1-4f08-a514-51cdd471021f,TurtleTree,Biotech startup using cell-based technology in milk production,turtletree.co,Singapore,,,,,,,False,278693955
7963560d-77c2-470e-882d-9ca261bd8129,TurtleTree Labs,Food tech firm producing cell-based milk,turtletreelabs.com,Singapore,,,,,,,False,223150909
d1fb2326-f800-48c2-8beb-890d2c958556,tusimple,Self-driving truck startup,,,,,,,,,False,Not in Affinity
73538c06-5b4e-4e37-8c11-74d03dd3fd0b,Tvarit,Zero-waste metal manufacturer,tvarit.com,"Frankfurt, Germany","['Momenta', 'Futury Capital', 'Matterwave Ventures', '4impact Capital']",48.0,-18.64,Series A,6500000.0,"['Rahul Prajapat (Cofounder & Data Scientist Freelancer): https://linkedin.com/in/rahulprajapat', 'Suhas Patel (CEO and Co-Founder): https://linkedin.com/in/patelsuhas']",True,223172333
ba193ead-8941-4b39-a04f-ead1eb6a7584,TWAICE,Maker of battery analytics software,twaice.com,"Munich, Germany","['Coatue', 'Unternehmertum Venture Capital Partners', 'UVC Partners', 'Creandum', 'Cherry Ventures', 'Energize Ventures', 'Speedinvest']",117.0,-12.03,Series B,30000000.0,"['Dr. Stephan Rohr (Co-Founder & Managing Director): https://linkedin.com/in/dr-stephan-rohr-01a353a7', 'Dr. Michael Baumann (Co-Founder & Managing Director): https://linkedin.com/in/dr-michael-baumann-31868b113']",True,198219722
66fcb205-5e62-4073-a3dd-57ef51d82f9c,twelve,e-SAFs and CO2 to products developer,twelve.co,"Berkeley, California","['Sumitomo Mitsui Banking Corporation', 'TPG', 'Capricorn Investment Group', 'Fundamental Renewables', 'TPG Rise Climate', 'Pulse Fund']",207.0,-21.59,Series C,645000000.0,"['Etosha (Eee-tah-sha) Cave (Founder and CSO): https://linkedin.com/in/etoshac', 'Nicholas Flanders (Co-Founder and CEO): https://linkedin.com/in/nicholas-flanders-378a6044', 'Kendra Kuhl (Co-Founder & CTO): https://linkedin.com/in/kendra-kuhl-twelve', 'Sarah Couturier (Executive Business Partner to the Co-founder | CSO): https://linkedin.com/in/sarah-couturier-36ba3460']",True,282685652
e15f63e1-0afd-443b-9639-68b975695034,Twelve Labs,Video search and understanding platform,twelvelabs.io,"San Francisco, California","['SK Telecom', 'Korea Investment Partners', ""NVIDIA's venture capital arm"", 'Intel capital', 'Snowflake Ventures', 'Databricks', 'Alexandr Wang', 'Radical Ventures', 'WndrCo', 'Techstars Seattle', 'Dr. Fei-Fei Li', 'Index Ventures', 'Lukas Biewald', 'Spring Ventures', ""Jeffrey Katzenberg's WndrCo"", 'Jack Conte', 'Expa', 'Nicolas Dessaigne', 'NVentures', 'Korean Investment Partners', 'Samsung Next', 'Jay Simons', 'In-Q-Tel', 'New Enterprise Associates (NEA)']",85.0,28.79,Other,30000000.0,"['Jae Lee (Founder & CEO): https://linkedin.com/in/leejae94', 'Dave Chung (Chief Operating Officer, Co-Founder): https://linkedin.com/in/todave', 'Aiden L. (Co-founder, CTO): https://linkedin.com/in/aidensjlee', 'Soyoung Lee (Head Of Business Development, Co-Founder): https://linkedin.com/in/soyoung-lee-1801a0120', 'Sung Jun (SJ) Kim (Engineering, Co-Founder): https://linkedin.com/in/sjkim1994']",True,281798341
911db73b-2e94-4f20-816c-153a45ea5786,two fifty seven,Residential energy data platform provider,,,,,,,,,False,Not in Affinity
86e2a133-050c-4013-90ca-6358a597bf13,two point o capital,Finance residential solar and energy efficiency upgrades,,,,,,,,,False,Not in Affinity
c3df268e-e586-4c20-ba6a-7afca4ec67a2,txnm energy,Electric utility service,https://www.x-energy.com/,,,,,,,,False,Not in Affinity
499357f4-aa8e-4f7f-aa4e-a095024afe03,Tyba,Optimizes battery storage for renewable energy,tyba.com,"Madrid, Spain",Sunstone Capital,4.0,0.0,Series A,1300000.0,"['Nicolas Lombard (Co-founder & COO): https://linkedin.com/in/nicolaslombard', 'Jonas Reeh (Co-Founder): https://linkedin.com/in/jonasreeh-founder-hobbii']",True,1644276
265efad0-4c57-4cd1-8bb2-9ea818e0b639,"Tynt Technologies,",Developer of smart windows,tynt.io,"Boulder, Colorado",KOMPAS,22.0,-24.14,Seed,7100000.0,"['Mike McGehee (Chief Scientist and Cofounder): https://linkedin.com/in/mike-mcgehee-3727876b', 'John Dwyer (COO & Co-Founder): https://linkedin.com/in/jdwyer', 'Ameen Saafir (CEO & Co-Founder): https://linkedin.com/in/ameenksaafir', 'Michael Strand (Co-Founder & Director of Process): https://linkedin.com/in/michaelstrand1', 'Tyler Hernandez (Co-Founder & Director of Materials): https://linkedin.com/in/tyler-hernandez-566158187']",True,282204976
841048ab-ba2b-4764-82fc-da3e87047abd,Type One Energy,Developer of fusion technology designed to produce power with zero emissions,typeoneenergy.com,"Oak Ridge, TN",,,,,,,False,263730348
861d17fc-6b47-4e27-92b6-6e2e6c11d067,UBCO,Electric utility bike startup,ubco.com,New Zealand,,,,,,,False,291948407
b2c4238c-680e-4f68-a94d-4cbcdcdf5c22,Ubicquia,"Smart city, small cell, and smart grid startup",ubicquia.com,"Fort Lauderdale, Florida","['Florida-based Fuel Venture Capital', 'existing investors']",155.0,1.97,Series C,30000000.0,"Brian Weston, M.Sc. (Founder, Quality & Compliance Architect): https://linkedin.com/in/brianeweston",True,159038339
f1f7a706-929f-43c5-be8a-f55a3279dd6a,UbiQD,Scales cadmium-free quantum dot technology for agriculture and solar applications,ubiqd.com,"Los Alamos, NM",,,,,,,False,123930472
134db5fc-8ff0-4f35-88be-bcdb0da6c9d8,Ubiquitous Energy,Maker of transparent solar energy technology,ubiquitous.energy,"Redwood City, California","['Riverhorse Investments', 'ENEOS', 'Andersen Corporation', 'Hostplus', 'Red Cedar Ventures', 'Safar Partners']",13.0,-51.85,Series B,30000000.0,"['Bart Howe (Co-Founder & COO): https://linkedin.com/in/bart-howe-ab65115', 'Miles Barr (Founder): https://linkedin.com/in/miles-barr-10401765', 'Susan Stone (Chief Executive Officer): https://linkedin.com/in/susan-stone-49bb5a', 'Richard Lunt (Founder): https://linkedin.com/in/richard-lunt-90614014a', 'Erdin Beshimov (Co-Founder): https://linkedin.com/in/erdin-beshimov-815a631a2']",True,204033559
32d346e6-886f-4daf-98da-a2146694e75b,ubitricity,Owner of the U.K.’s largest public electric vehicle charging network,ubitricity.com,"Berlin, Germany",Earlybird Venture Capital,100.0,-25.37,Series A,1800000.0,"['Frank Pawlitschek (Founder and Senior Advisor): https://linkedin.com/in/frank-pawlitschek-0093529', 'Lex Hartman (CEO): https://linkedin.com/in/lex-hartman-750b1659', 'Knut Hechtfischer (Founder, Supervisory Board Member, Senior Advisor): https://linkedin.com/in/knut-hechtfischer-83652461', 'Daniel Kunkel (Chief Executive Officer): https://linkedin.com/in/daniel-kunkel-5a623831']",True,1644204
c49fd393-538f-4153-85eb-ec9911161a4c,UBQ Materials,Developer of climate-positive thermoplastics,ubqmaterials.com,Israel,,,,,,,False,221038653
e0512662-69e4-4514-9fd7-98b170b7c27e,Ucaneo,,ucaneo.com,"Berlin, Germany",,,,,,,False,287587395
b25a0587-81d4-4e07-ad1d-3e3bf61e399b,UFODRIVE,Electric-car rental company,ufodrive.com,Ireland,,,,,,,False,220511848
78c9c520-1a60-467b-b744-8dee976588fb,Uiflow,Platform for development teams,uiflow.com,"San Francisco, CA",,,,,,,False,280704035
80b1c64d-e87c-48e1-8b5d-8993e3fcde4e,ULEMCo,Converting commercial vehicles to hydrogen,ulemco.com,"Liverpool, U.K.",,,,,,,False,221080568
e001303a-6ba3-441a-a613-2c1299a060bf,UltiHash,Provider of data storage solutions designed to make data storage more sustainable,ultihash.io,"San Francisco, California","['Sequoia Capital', 'PreSeedVentures', 'Antti Karjalainen', 'The Nordic Web', 'Inventure', 'Futuristic VC', 'Tiny VC']",9.0,-18.18,Seed,2500000.0,"Benjamin-Elias Probst (Founder, CTO): https://linkedin.com/in/benjamin-elias-probst-048b051b3",True,268070228
eac3f9e6-965e-46f5-8668-d2dfa039c7f3,Ultraviolette Automotive,Electric motorcycle company,ultraviolette.com,India,,,,,,,False,138820231
cddfc7d4-efef-4f7f-a571-d26e804d2a75,Ultraviolette Automotive,Electric motorcycles developer,ultraviolette.com,"Bangalore Urban, India",,,,,,,False,138820231
919b230c-16af-4e9c-8055-fe4473551edf,ulysses ecosystem engineering,Oceanic carbon removal service provider,,,,,,,,,False,Not in Affinity
f6c0606e-106d-4a15-a0cb-1ef4e81b4512,umagrauemeio,Software and data solutions to mitigate forest fires,,,,,,,,,False,Not in Affinity
64c9d43c-fd9f-4aef-b8ac-e59cd53c5b57,Umami Bioworks,Lab-cultured seafood platform,umamimeats.com,"Singapore, Singapore",,,,,,,False,278688913
a242214b-07e8-4a9f-8cfc-1a5d5252fb23,Umaro Foods,Seaweed-based bacon,umarofoods.com,"San Francisco, CA",,,,,,,False,284812952
86c8f745-9042-4ba4-a1a9-71370a675821,Urban Mining Corp,Sustainable plastic recycling company,umincorp.com,Netherlands,,,,,,,False,143638082
2ea4da0a-4aca-4888-9c28-ba2562abb466,umob,Sustainable urban transport booking app,,,,,,,,,False,Not in Affinity
b8be13c4-dd02-419e-a037-8a2f1480fec1,unagi,Maker of portable electric scooters,https://unagiscooters.com/,,,,,,,,False,Not in Affinity
e898927d-71ad-4f42-a894-fe8b6258f60c,Unagi Scooters,Electric scooter manufacturer,unagiscooters.com,"Oakland, CA",,,,,,,False,209876105
c91b90e2-34fe-4ed2-8109-6d46a9cc7668,uncaged innovations,Sustainable leather alternatives,https://uncagedinnovations.com/,,,,,,,,False,Not in Affinity
aa1de74d-1d3e-4971-bcc3-efa4d166dd69,Understory,Climate risk analytics and insurance platform,understoryweather.com,"Madison, Wisconsin","['True Ventures', 'Prelude Ventures']",14.0,16.67,Series A,15000000.0,"['Alex Kubicek (CEO): https://linkedin.com/in/alexkubicek', 'Bryan Dow (Co-founder): https://linkedin.com/in/bryan-dow-478a288a']",True,1693588
7d0388e7-9f0e-4a25-b8a4-527ea877ed2b,undo,Enhanced rock weathering carbon removal company,,,,,,,,,False,Not in Affinity
b8c6e25b-0c42-4acc-ae3c-d9cdbaa7cd83,Unearth Technologies Pty Ltd.,SaaS startup for the construction sector,unearthtechnologies.com,"Seattle, WA",,,,,,,False,291964205
c8a6fec5-9bfc-4452-9fb0-488688ca69bd,Unibloom World,Software that integrates climate data into business,unibloom.world,"London, U.K.",,,,,,,False,290414716
42f7c29e-f260-4bd8-b7d8-fc6e57f86003,unigrid,Make sodium-ion batteries,,,,,,,,,False,Not in Affinity
359f51e9-a3ce-4c1b-ba44-b02dc02510a8,unigrid battery,Sodium-ion battery maker,,,,,,,,,False,Not in Affinity
4e71b12d-e6ea-4289-8826-66cac2b29b5c,union square ventures,Climate-tech focused venture fund,,,,,,,,,False,Not in Affinity
c523b793-57ff-48bd-a68d-1a66ac83f5d4,UniSieve,Developer of molecular membrane solutions reducing energy usage,unisieve.com,"Zurich, Switzerland",,,,,,,False,200339015
7d7333e3-f2fa-4ebc-a0ad-2dfb378731d4,Unit21,Fraud monitoring platform,unit21.ai,"San Francisco, CA",,,,,,,False,213992909
0cda5ced-c8bd-421c-b92e-fd2d988d05e1,uniti,EV company,https://uniti.earth/,,,,,,,,False,Not in Affinity
bb0c5461-239c-41aa-a246-fa68b7d4bbed,unito,Workflow management company,,,,,,,,,False,Not in Affinity
ae75a55a-6104-4f17-8d1e-9476760fde15,Universal Fuel Technologies,SAF & renewable chemicals producer,unifuel.tech,"Los Altos, California","['Claire Technologies', 'Alchemist Accelerator', 'TO VC', 'World Star Aviation']",3.0,0.0,Seed,3000000.0,"['Denys Pchelintsev (Co-Founder): https://linkedin.com/in/denispchelintsev', 'Alexei B. (Founder): https://linkedin.com/in/alexei-b-baa6672']",True,288607786
420183e8-5c60-441e-bb6b-29636009985e,Universal Hydrogen,Carbon-free flight startup,hydrogen.aero,"Hawthorne, California","['Future Shape', 'Airbus Ventures', 'Coatue', 'Plug Power', 'JetBlue Technology Ventures', 'Playground Global', 'Fortescue Future Industries', 'Toyota AI Ventures', 'Global Founders Capital', 'Sojitz Corporation']",34.0,-61.8,Series A,20500000.0,"['Paul Eremenko (Co-Founder & CEO): https://linkedin.com/in/pauleremenko', 'John-Paul Clarke (Co-Founder & CTO): https://linkedin.com/in/jclarke3', 'Jon Gordon (Co-Founder): https://linkedin.com/in/jhgordon', 'Jason Chua (Co-Founder & COO): https://linkedin.com/in/jason-chua-77047417']",True,262994428
b478c1af-5cfe-46d2-b9b0-54555392a794,university of new mexico,Establishing a regional satellite for sustainability initiatives,,,,,,,,,False,Not in Affinity
dc2d35ae-aa23-4437-a4a7-e62381fe73d1,unless ventures,"Invest in cleaner manufacturing, shipping, power generation",,,,,,,,,False,Not in Affinity
02af6977-d429-47e2-80ab-4c95fb3aea56,Unseenlabs,Using satellite imagery to track ships and maritime traffic,unseenlabs.space,"Rennes, France",,,,,,,False,205529461
29888ca3-5eea-48ea-af82-24a9cd52db4c,unspun,3D weaving technologies for sustainable apparel,unspun.io,"San Francisco, California","['MVP Ventures', 'E12', 'Climate Capital', 'Decathlon', 'Lowercarbon Capital', 'SOSV', 'Signia Ventures', 'DCVC', 'Lowercarbon']",77.0,35.09,Series B,32000000.0,"['Kevin Martin (co-founder): https://linkedin.com/in/unspunkevin', 'Beth Esponnette (co-founder | chief visionary): https://linkedin.com/in/bethespo']",True,3586259
60bc6c48-46ee-4011-9b47-fc2c10315378,Unum Aircraft Seating,Develop lighter business-class aircraft seats to help airlines save fuel,unum.aero,"Crawley, U.K.",,,,,,,False,290194920
81b72785-c5eb-43ed-815f-691e9aa4dfb5,unwritten,Climate transition risk analytics platform,,,,,,,,,False,Not in Affinity
d5f4903c-18a5-494c-bdee-788a3b89068f,up catalyst,Carbon utilization for nanomaterials developer,,,,,,,,,False,Not in Affinity
8666ecec-e410-472d-ba8d-0c52267ddbd1,up2you,Emissions management platform,,,,,,,,,False,Not in Affinity
36101b9a-5104-433b-9e13-ef80d062416b,uplift360,Recycling technologies developer for advanced industrial materials,,,,,,,,,False,Not in Affinity
d07af713-9251-4caf-a83c-67cf95286d21,upward farms,Aquaponic operation firm,,,,,,,,,False,Not in Affinity
95c2bd75-a55d-4dbc-a492-f82f70ab76fa,Upway,Reconditioned e-bike marketplace,upway.fr,France,,,,,,,False,289734589
6ca673cd-9563-4f94-821f-f0dd1b67e735,Upwell Water,Specialty finance company focused on water,water.llc,"San Francisco, CA",,,,,,,False,278686943
9143e862-69be-4903-afde-64e9654c469d,Uranium Digital,Blockchain-based trading platform for physical uranium,uraniumdigital.com,"New York, New York",,,,,,,False,300463223
6fa5cc53-c18f-4849-9a78-b510c9a94983,URB-E,Compact container delivery company,urb-e.com,"Los Angeles, CA",,,,,,,False,2179037
aebd99d3-f425-48e7-aed3-b37deb8fbdbd,urban sky,Autonomous stratospheric balloons,https://urbansky.com/,,,,,,,,False,Not in Affinity
4880d79c-3e3c-47fd-b925-90d712a7df04,urban x,Urban mobility solutions for cities,,,,,,,,,False,Not in Affinity
f4730964-570b-49d7-9f08-92e9e6ceab9b,UrbanChain,Peer-to-peer energy services company,urbanchain.co.uk,"Manchester, United Kingdom",Eurazeo,50.0,51.52,Series A,6000000.0,Somayeh Taheri (CEO): https://linkedin.com/in/somayeh-taheri-911a4822,True,222175904
469e2d55-ed6a-4a92-a42c-7a0edd79d080,UrbanFootprint,Urban intelligence platform,urbanfootprint.com,"Berkeley, California","['Assured Guaranty', 'Radicle Impact', 'Dcode Capital', 'Social Capital', 'Valo Ventures', 'Citi Ventures', 'SPRINT', 'A/O PropTech']",25.0,-40.48,Series B,25000000.0,"['Peter Calthorpe (Principal, Co-Founder): https://linkedin.com/in/peter-calthorpe-280b6719', 'Joe DiStefano (Co-Founder, CEO): https://linkedin.com/in/joe-distefano-5aaa8a4']",True,121080523
a22cbe85-f2c4-4263-94ef-85eefa7d9697,urbangardens,Smart urban gardening solutions,,,,,,,,,False,Not in Affinity
9e67b34b-a145-4c6d-83c2-2a9a16db9261,UrbanLeap,Marketplace and discovery solution connecting governments with tech companies,urbanleap.io,"San Francisco, CA",,,,,,,False,152821192
fe25101b-d7e9-4150-90f8-d2c7d1c41d51,urbanvolt,Solar energy developer,,,,,,,,,False,Not in Affinity
4cd83886-2718-40ce-a5f8-f393c381b683,Urbint,AI for utility safety and field risk management,urbint.com,"New York, NY","['Energy Impact Partners', 'Piva', 'National Grid Partners', 'Blue Bear Capital', 'Energize Ventures', 'American Electric Power', 'Salesforce Ventures', 'OGCI Climate Investments', 'S2g Ventures']",131.0,29.7,Other,35000000.0,"['Josh Troy (CFO, Cofounder): https://linkedin.com/in/joshuatroy', 'Corey Capasso (Founder & CEO): https://linkedin.com/in/corey-capasso-59260014', 'Robert Bremmer (Founder): https://linkedin.com/in/robert-bremmer-70647415', 'Ryan Schmukler (Founder and CTO): https://linkedin.com/in/rschmukler']",True,122502937
86f11e0e-9f15-4725-868a-43f612f776b5,Urbio,Clean energy software company,urb.io,"Sion, Switzerland","['Contrarian Ventures', 'Wingman Ventures', 'Urban Us']",16.0,-5.88,Seed,2000000.0,Sébastien Cajot (Chief Executive Officer): https://linkedin.com/in/sebastiencajot,True,255217116
a0868139-286a-4978-8241-a84e5f36dfa4,Urbyn,SaaS waste management platform,urbyn.co,"Paris, France",,38.0,-2.56,,2295000.0,"['Arthur Däweritz (Co-Founder): https://linkedin.com/in/arthurdaweritz', 'Julien Hamilius (President & Co-Founder): https://linkedin.com/in/jhamilius']",True,144271680
09cb2ab5-d7ad-4c5e-bb6a-c191b259d728,urent,E-scooter and bike sharing service,,,,,,,,,False,Not in Affinity
dc452ce2-9c3b-4694-8b6d-0e7b5efd7e4b,"US OFFSHORE WIND COLLABORATIVE, INC.",Offshore wind energy development,usowc.org, ,,,,,,,False,297134286
ab2805fa-35ac-4bc3-8ae8-27879bfea397,usv,Climate-focused fund,,,,,,,,,False,Not in Affinity
39249488-55d8-45d0-aa05-1f227be970a2,UtilityAPI,Machine learning ESG metric investment tool,utilityapi.com,"Oakland, California",Aligned Climate Capital,36.0,16.13,Series A,10000000.0,"['Devin Hampton (CEO): https://linkedin.com/in/devin-hampton-5523636b', 'Elena Foukes (Co-founder and Director): https://linkedin.com/in/elenafoukes', 'Daniel Roesler (Founder & CTO): https://linkedin.com/in/daniel-roesler-73949141']",True,1771318
b991b9d1-4e0d-4faa-a5a1-8f53268264e4,Utilidata,Grid-edge software platform,utilidata.com,"Providence, Rhode Island","['Keyframe Capital', 'Braemar Energy Ventures', 'American Electric Power', 'NVIDIA', 'Saudi Aramco Energy Ventures', 'MUUS Asset Management', 'Formation 8 Partners']",66.0,6.45,Series B,26750000.0,"['Josh Brumberger (Chief Executive Officer): https://linkedin.com/in/josh-brumberger-290b0098', 'Jeremy Wilson (Director Technical Sales, Co-Founder): https://linkedin.com/in/jeremy-wilson-083a5a15']",True,1584638
18f1eb71-5cb1-4d08-9398-2217661c0c86,Utility Global,Green hydrogen producer,utilityglobal.com,"Houston, Texas","['OPG Pension Plan', 'ArcelorMittal S.A.', 'Aramco Ventures', 'Ara Partners']",50.0,0.0,Series C,53000000.0,"['Matt Dawson (Founder & Chief Innovation Officer): https://linkedin.com/in/matthew-dawson', 'Claus Nussgruber (Chief Executive Officer): https://linkedin.com/in/clausnussgruber']",True,291849047
1094ede3-7e6f-4ef3-ba97-6aa28c8bd718,UtilityAPI,Data service provider,utilityapi.com,"Oakland, California",Aligned Climate Capital,36.0,16.13,Series A,10000000.0,"['Devin Hampton (CEO): https://linkedin.com/in/devin-hampton-5523636b', 'Elena Foukes (Co-founder and Director): https://linkedin.com/in/elenafoukes', 'Daniel Roesler (Founder & CTO): https://linkedin.com/in/daniel-roesler-73949141']",True,1771318
982ddffe-57c6-424a-9940-c4a368f9641c,UtilizeCore.com,Power service management tech provider,utilizecore.com,"New York, New York","['S12F', 'other strategic investors', 'Mantis VC', 'boldstart ventures']",68.0,-17.07,Series C,5300000.0,Ryan Gottfried (Chief Executive Officer & Product Architect): https://linkedin.com/in/hellogotty,True,263134888
482fc36f-4acc-4470-a103-86955546cda5,UVeye,Automated vehicle inspection systems using AI,uveye.com,"Teaneck, NJ",,,,,,,False,122978090
7133dec7-7728-417e-b4dc-9f9343ebafad,v2food,Producer of plant-based meat,v2food.com,"Sydney, Australia",,,,,,,False,224463209
dfd5c4a1-135a-4382-962f-fec225d439fb,vaayu,Carbon tracking platform for retailers,vaayu.tech,"Berlin, Germany","['Seven Seven Six', 'Atomico’s Angel Program', 'Saarbrücker 21', 'Atomico', 'Expedite Ventures', 'Capital T', 'CapitalT']",52.0,-1.89,Seed,11500000.0,"['Namrata Sandhu (Co-founder): https://linkedin.com/in/namrata-sandhu', 'Anita Daminov (Co-Founder & CPO): https://linkedin.com/in/anita-daminov', 'Luca Nils Schmid (Co-Founder & CTO): https://linkedin.com/in/luca-nils-schmid-828382205']",True,265000009
9f5d707c-c3ca-48cf-8e75-584538962499,VÆRIDION,Technologies for electric aviation,vaeridion.com,"Munich, Germany",,,,,,,False,286103231
05e3874a-fa73-4271-ba76-193125314fb7,vaire computing,More efficient silicon chips for computation,,,,,,,,,False,Not in Affinity
4dd7ff71-2e16-481f-b140-dcd1dd306317,Valar Atomics,Nuclear energy technology developer,valaratomics.com,"El Segundo, California","['Riot Ventures', 'Steel Atlas', 'AlleyCorp', 'Initialized Capital', 'Day One Ventures']",27.0,170.0,Seed,19000000.0,,True,295301506
aeb3e760-037e-4300-b92f-d931ba110203,Valerann,Intelligent transportation company serving road operators,valerann.com,"London, UK",,,,,,,False,146197607
08e14bd3-b962-4a56-980e-39269a2cb62b,Validere,Informatics platform that helps energy companies realize efficiencies,validere.com,"Calgary, Canada","['Real Ventures', 'Wing VC', 'Y Combinator', 'Greylock Partners', 'Moment Ventures', 'Pioneer Fund', 'Sallyport Investments', 'Nova Fleet', 'Mercuria Energy', 'ZhenFund', 'BlackRock', 'Natural Gas Innovation Fund']",69.0,0.0,Series B,43000000.0,Nouman Ahmad (Co-Founder & CEO): https://linkedin.com/in/noumanzahmad,True,2177522
676382df-dd9a-4b02-a0bd-6a0732389e4e,value group,CO₂ processing hub,,,,,,,,,False,Not in Affinity
89eda631-6269-4bbb-b015-b30ba08e0d0c,Vamo,Heat pump seller and marketplace service provider,getvamo.de,"Cologne, Germany","['neosfer', 'Extantia Capital', 'GET Fund', 'Realyze', 'caesar.']",37.0,105.56,Seed,7000000.0,Falk Hantl (Co-Founder & MD): https://linkedin.com/in/falk-hantl-29a514175,True,291229438
e773c1ea-5a1d-4acb-b345-c899e7d0e198,Van Heron Labs,Cell growth-focused technologies for alternative proteins,vanheronlabs.com,"Houston, TX",,,,,,,False,280953320
18470ee2-5300-4a49-ba3c-217b8cb88452,VanMoof,E-bike startup,vanmoof.com,Amsterdam,,,,,,,False,78855161
4c173e3b-3b26-467c-8909-648ecd1b69fa,vapaus,Corporate mobility programs platform,,,,,,,,,False,Not in Affinity
7a80299e-4a9c-4d2d-96cc-9f3a11d8c791,varden,Company converting waste material from sugarcane into packaging,,,,,,,,,False,Not in Affinity
e0981499-2335-44af-a0e7-391a996ff379,varentec,Provider of grid-edge intelligence and control,,,,,,,,,False,Not in Affinity
fb1a3138-ea75-476b-aba3-9860f1b44242,VÄRM,Provider of home insulation designed to reduce CO2 usage,varm.io,"Berlin, Germany",,,,,,,False,156294039
57cdea35-a8e6-4482-94a4-185a62575661,VATN SYSTEMS,Make autonomous underwater vessels,vatnsystems.com,"Portsmouth, RI",,,,,,,False,290545309
d71f250b-6143-48e2-9849-30f59c10544a,vaulted deep,Biomass carbon removal and storage developer,https://www.vaulteddeep.com/,,,,,,,,False,Not in Affinity
178a20e8-be9e-4768-b027-c738b5a9fc7b,VECKTA,Onsite C&I energy marketplace,veckta.com,"San Diego, California","['Worley', 'Cove Fund', 'She’s Independent', 'SeedFolio', 'Triple Impact Capital', 'Nomadic Ventures', 'VoLo Earth Ventures']",24.0,0.0,Seed,3300000.0,Gareth Evans (Chief Executive Officer): https://linkedin.com/in/gareth-evans-41015726,True,223960419
183be836-b6f5-49d2-9293-869f25643b64,Vecmocon Technologies,Manufacturer of EV components,vecmocon.com,"None, India","['The Ecosystem Integrity Fund', 'British International Investment', 'Tessellate Tech Ventures', 'Tiger Global', 'Blume Ventures']",127.0,18.69,Series A,10000000.0,"['Nikesh Bisht (Co-Founder and C.T.O.): https://linkedin.com/in/nikesh-bisht-24b868100', 'Peeyush Asati (CEO): https://linkedin.com/in/peeyush-asati-147aaa144']",True,131591749
8cbe1731-db27-4f36-b266-075cbda30354,vectorize,AI-powered data integration platform,https://www.vectorize.ai/,,,,,,,,False,Not in Affinity
14e37da8-41ae-4538-af19-e70ed6214fbc,VEERUM,Maker of software to visualize physical assets,veerum.com,"Calgary, Canada","['Evok Innovations', 'Creative Ventures', 'Builders VC', 'Blackhorn Ventures', 'Intergen', 'Brick & Mortar Ventures', 'strategic investors from Alberta, Canada']",53.0,-24.29,Series A,7400000.0,"['David Lod (Chief Executive Officer): https://linkedin.com/in/david-lod-a9930629', 'Scott Benesh (Co Founder - VP Client Solutions / PMO): https://linkedin.com/in/scottbenesh', 'Amit Varma (Founder): https://linkedin.com/in/amitvarma', 'Steve Fisher (CEO & Co-Founder): https://linkedin.com/in/steve-fisher-45885759']",True,127864485
02be5e91-832c-4c4d-85d3-d3457b5cf0c3,vegh,Electric two wheelers manufacturer,,,,,,,,,False,Not in Affinity
218d1f73-dad7-481f-89ff-ba252ce4713b,VEIR,Developer of high temperature superconductors for electricity transmission,veir.com,"Woburn, Massachusetts","['Congruent Ventures', 'Breakthrough Energy Ventures (BEV)', 'The Engine', 'Dara Holdings', 'VXI Capital', 'National Grid Partners', 'Galvanize Climate Solutions', 'Fine Structure Ventures', 'SiteGround', 'Engine Ventures', 'Tyche Partners', ""Microsoft's Climate Innovation Fund"", 'Munich Re Ventures', 'Piva Capital', 'Breakthrough Energy Ventures']",67.0,21.82,Series B,75000000.0,"['Tim Heidel (Chief Executive Officer): https://linkedin.com/in/timheidel', 'Adam Wallen (Chief Executive Officer): https://linkedin.com/in/adam-wallen-7603646', 'Douglas Stewart (Founder & Chief Commercial Officer): https://linkedin.com/in/douglas-stewart-65b1b847']",True,280706313
befb028a-938d-41bb-9285-b6aa5ae857ad,vela,Builder of wind-powered maritime transport,https://vela.com/,,,,,,,,False,Not in Affinity
ee0cfff0-1b4a-462e-a514-fb262d269a59,Veloce Energy Inc.,EV charging infrastructure platform,veloceenergy.com,"Los Angeles, California","['Ecliptic Capital', 'ITOCHU']",2.0,-71.43,Series A,,,True,263017128
8566d88c-776c-46a4-9c41-3219bcb08e74,Velocys,Sustainable Aviation Fuel (SAFs) developer,velocys.com,"Oxford, UK",,,,,,,False,1640984
4d57afe0-9810-49db-9d05-d9390644f180,velotric,E-bike maker,,,,,,,,,False,Not in Affinity
fd870484-9cc5-4d8b-8a8a-d224718ccd8b,vema hydrogen,Geologic hydrogen developer,,,,,,,,,False,Not in Affinity
92f6ff37-63d9-4754-920f-75da1379b8e6,Vence,Virtual fencing for ranchers using regenerative ag practices,vence.io,"San Diego, CA",,,,,,,False,111635813
c65b82ec-25aa-4a14-9589-57383c24c715,vendia,Data and code sharing platform,,,,,,,,,False,Not in Affinity
4564f6eb-d207-42e3-b68b-a4ff1aedd194,Vendict,Generative A.I. security and compliance startup,vendict.com,"Tel Aviv, Israel",,,,,,,False,255151234
bbedab26-6989-4e05-93f7-3e27ef29e69e,VendorPM,Software-enabled marketplace to connect property managers and trusted vendors,vendorpm.com,"Toronto, Canada",,,,,,,False,262866207
728fcda8-90b3-42c4-9f96-67dd9644f437,Vensum Power,Power converter technology developer,vensumpower.com,"Espoo, Finland",,,,,,,False,220092219
ce2a9f74-c25d-4c87-9a92-4cc4ca2efca5,venti technologies,Autonomous logistics company,,,,,,,,,False,Not in Affinity
6ec46c1c-ddd0-4b3e-8949-e5329742785d,ventive,Developing efficient heat pumps for homes,,,,,,,,,False,Not in Affinity
094131df-6775-4288-92e5-b7d5489c4ee1,veo,E-scooter sharing,,,,,,,,,False,Not in Affinity
97da04f6-b964-4f01-be50-2a90c7649b32,verai,AI mineral exploration and discovery platform,,,,,,,,,False,Not in Affinity
ca495be2-6044-4886-b572-3e5e3d7219bd,Verdafresh,Startup producing fully recyclable barrier films for food packaging,verdafresh.com,"Wayne, PA",,,,,,,False,284855741
9a8ce21a-93bf-4e1c-ae71-80bd183b8d24,Verdagy,Water electrolysis technology company for the production of green hydrogen,verdagy.com,"Moss Landing, California","['Shell Ventures', 'Toppan Ventures', 'Yara Growth Ventures', 'Temasek', 'Galp', 'Tupras Ventures', 'Khosla Ventures', 'BlueScope', 'Orbia Ventures', 'TDK Ventures', 'Zeon Ventures', 'Samsung Venture Investment', 'Bidra Innovation Ventures', 'BHP Ventures', 'Doral Energy Tech Ventures']",82.0,-8.89,Series B,73000000.0,"['Ryan Gilliam (Founder and Chairman of Technical Advisory Board): https://linkedin.com/in/ryan-gilliam-237ab62a', 'Marty Neese (Chief Executive Officer): https://linkedin.com/in/marty-neese-5a79b8133']",True,283266513
b620bff0-6a5e-46c3-a484-83cde98e6e63,Verdane,Investing in digitization and decarbonization applications,verdane.com,"Oslo, Norway",,211.0,0.48,Investment Fund,1190123000.0,Birger Nergaard (Founder and Director): https://linkedin.com/in/birger-nergaard-2b928b16,True,1545860
c29854a0-cd13-49a5-9ec3-cbe83566f5b0,Verdant Robotics,RaaS company providing regenerative agriculture solutions,verdantrobotics.com,"Hayward, California","['Cavallo Ventures', 'Cleveland Avenue', 'Seax Ventures', 'Dcvc Bio', 'Autotech Ventures', 'Agfunder', 'Future Ventures']",33.0,-23.26,,46500000.0,"['Curtis Garner (Founder, COO): https://linkedin.com/in/curtisgarner', 'Lawrence Ibarria (CTO and Co-founder of Software Engineering): https://linkedin.com/in/lawrenceibarria', 'Gabe Sibley (Founder & CEO): https://linkedin.com/in/gabe-sibley-412b02a']",True,262713766
5715c414-f319-44a7-9cdc-4049f5a04eca,Verde Clean Fuels,Natural gas-to-gasoline production plants,verdecleanfuels.com,Houston,,,,,,,False,290385982
5e41f1ec-04d6-41f7-be87-f23f3257ffdc,Verdigris Technologies,Building energy management platform,verdigristech.com,"Santa Clara County, CA",,,,,,,False,291948816
5c18a546-e3cd-4faa-83ca-432426e9964d,verge,AI powered interactive software that enables efficient field operations,,,,,,,,,False,Not in Affinity
6b48308a-1b36-4a7a-847b-b48c07b8f45c,Vericool Limited,Environmentally-friendly packaging solutions,vericool.com,"Livermore, Calif.",,,,,,,False,299953830
f606b63b-25ef-40b6-90ae-91b180bf3351,veritree,Nature restoration verification platform,veritree.com,"Vancouver, Canada",Lyra Growth Partners,49.0,13.95,Series A,6500000.0,"['David Luba (Head of Partnerships, Co-founder): https://linkedin.com/in/david-luba-23535b30', 'Derrick Emsley (Co-Founder, CEO): https://linkedin.com/in/derrickemsley', 'Stephen Emsley (Co-Founder & Forest Wizard): https://linkedin.com/in/stephen-emsley-2780a62b']",True,283134069
c0a59bbf-92da-492b-be1d-1b7a0a5f47dd,Verity,Autonomous inventory drone company,verity.ch,"Zurich, Switzerland","['Plug And Play Tech Center', 'Verve Ventures', 'Venturelab']",109.0,,,,"['Markus Waibel (Co-Founder and COO): https://linkedin.com/in/mwaibel', 'Markus Hehn (Co-Founder & CTO): https://linkedin.com/in/markushehn', ""Raffaello D'Andrea (Founder): https://linkedin.com/in/raffaello-d-andrea""]",True,268114220
ad68dab2-9690-4d14-bf6d-7e45d1de9005,verkor,Battery cell producer,https://www.verkor.com/,,,,,,,,False,Not in Affinity
7714d63c-0271-48fb-92ff-803d0e608844,verlume,Developer of subsea battery storage for offshore energy,,,,,,,,,False,Not in Affinity
9d9bf663-2d75-494f-ab3a-73a4fb359661,verne,Developing urban autonomous mobility ecosystem centered around robotic taxis,,,,,,,,,False,Not in Affinity
8f994f63-638e-4d00-9389-5b56644f59ca,versatile natures,Using machine learning and AI to optimize construction processes,vnatures.net,Israel,,,,,,,False,291803709
5f76ddf9-97a5-46ce-ab01-19e41dc8af08,Verse,Developer of software designed to help companies transition to clean energy,verse.com,"San Francisco, CA",,,,,,,False,120131222
2cda3223-6216-47bb-94dd-aa3501758c42,Versiro,Real-time analysis software for power producers,versiro.com,"Trondheim, Norway","['Nikolai Heum', 'Johannes Teyssen', 'Sondo Capital', 'Hans Geelmuyden', 'Enode founders Henrik Langeland', 'Alliance VC', 'Superside founder Fredrik Thomassen']",13.0,30.0,Series C,2300000.0,"['Markus Löschenbrand (CTO & co-founder): https://linkedin.com/in/markus-l%C3%B6schenbrand-749b02127', 'Simon Risanger (CEO and co-founder): https://linkedin.com/in/simon-risanger-8b96b0128']",True,287878236
5ae4643e-3fc2-4fa9-8d06-5eb6f861a332,Versogen,Developer of electrolyzers to produce green hydrogen,versogen.com,"Wilmington, DE",,,,,,,False,280839088
66d93571-d7b6-470f-ac04-8d4bec4fd31d,vertical future,Vertical farming startup,,,,,,,,,False,Not in Affinity
2b873f4c-1f66-439a-8445-8479ec221663,vertical harvest,Hydroponic vertical farming company,,,,,,,,,False,Not in Affinity
cb09ebfc-a3dd-4a17-ba9a-fe2ac6838aed,vertus energy,For its waste-to-energy business,vertusenergy.com,"Vienna, Austria",,,,,,,False,283552177
b378c7ea-8193-47ea-b73b-5ceabfff831a,Veryfi,AI-based data accounting automation platform,veryfi.com,"San Mateo, CA",,,,,,,False,141753728
d6e3119c-28a4-4030-81bf-92008bf24baf,The Vespa Engine,AI-integrated search engine and data management platform,vespa.ai,"Trondheim, Norway",,,,,,,False,278711563
f5d46729-3aee-46dc-9dc1-af0f1d440c87,vespene energy,Methane mitigation company converting methane waste into electricity,https://vespene.energy/,,,,,,,,False,Not in Affinity
70d1f66e-250f-460d-8e3e-d0496b4ad676,vessel,Travel & adventure planning platform,,,,,,,,,False,Not in Affinity
208e7eba-48f4-4f96-b4f7-083b7f37bf00,Vestas,Global wind turbine manufacturer,vestas.com,"Aarhus, Denmark","['Citi', 'BNP Paribas', 'HSBC Continental Europe SA', 'Societe Generale', 'Danske Bank', 'Banco Santander', 'Unicredit', 'Skandinaviska Enskilda Banken AB', 'JP Morgan', 'Standard Chartered', 'European Investment Bank', 'Nordea Bank Norway AS', 'DnB NOR']",22547.0,3.19,Public Markets,495524750.0,,True,1538512
c6c17d58-200c-43ad-ac16-c92a35ca9257,vested impact,Measure environmental and social impact,,,,,,,,,False,Not in Affinity
b79c39fc-96b9-4370-81ff-b528e401624f,vev,Platform for developers and content creators to design interactive websites,,,,,,,,,False,Not in Affinity
6496fbaf-2699-4bec-88b0-d1b8fd7e4158,vfc foods,Plant-based protein foods producer,,,,,,,,,False,Not in Affinity
60fa7471-894f-49d0-ac4c-d753b50ff760,VFlow Tech,Vanadium redox flow battery developer,vflowtech.com,"Singapore, Singapore",,,,,,,False,213995114
54db13b9-3736-4172-b61e-9b979d65d98c,vHive,Software company using autonomous drones to capture data,vhive.ai,"Herzliya, Israel","['private investors', 'PSG', 'Deutsche Telekom', 'DTCP', 'Telekom Innovation Pool', 'Telekom Innovation Pool (TIP)', 'StageOne Ventures', 'Octopus Ventures']",84.0,7.69,Series B,25000000.0,,True,111633609
6c4f2b54-e0d6-4eaf-ac32-f3637fb048bf,Via,Provider of public mobility solutions,ridewithvia.com,"New York, New York","['RiverPark Ventures', 'Blackrock', 'Broadscale Group', 'Shell', 'Mori Building', 'Macquarie Capital', 'Hearst', 'ION Crossover', 'Pitango', 'Daimler, AG.', '83North', 'Planven Entrepreneur Ventures', 'Planven Ventures', 'CF Private Equity', 'Exor N.V', 'ION Crossover Partners', 'Janus Henderson', 'Koch Disruptive', 'Riverpark Ventures', 'EXOR', 'Ervington Investments', 'Hearst Ventures']",967.0,-7.02,Other,110000000.0,"['Daniel Ramot (Co-founder, CEO): https://linkedin.com/in/danielramot', 'Chris Snyder (Europe CEO): https://linkedin.com/in/chris-snyder-2a6947a', 'Hiroshi Nishijima (CEO, Via Mobility Japan K.K.): https://linkedin.com/in/hiroshi-nishijima-1371761b', 'Guy Sher (CEO at Via Mobility Israel (Part of Via)): https://linkedin.com/in/sherguy']",True,1599766
6d634af0-224b-47c1-8e16-cfb8c44b0ef6,Via Separations,Decarbonization company,viaseparations.com,"Watertown, Massachusetts","['2040 Foundation', 'Prime Impact Fund', 'NGP ETP', 'Embark Ventures', 'Massachusetts Clean Energy Center', 'The Engine', 'Safar Partners']",41.0,-31.67,Series B,38000000.0,Shreya Dave (CEO): https://linkedin.com/in/shdave,True,131594353
bc6304d5-712d-4191-8285-4b5876514a8b,viAct.ai,AI construction management software,viact.ai,"Kwun Tong, Hong Kong",,,,,,,False,224691102
78214f6c-6848-48d8-90bc-9b10e6af0628,viaduct,Help manufacturers and fleet operators manage quality and maintenance data,,,,,,,,,False,Not in Affinity
a8b325cc-ae29-41da-8330-6a063ff68ff4,Viakoo,IoT device security platform for companies,viakoo.com,"Mountain View, CA",,,,,,,False,1618581
87bb7b40-f76d-45da-b350-6ef680ed07ad,viam,AI for real-time data from robots and sensors,https://www.viam.com/,,,,,,,,False,Not in Affinity
0e85d71b-b21d-4c57-a297-a5d76e0fa47e,Vianode,Sustainable anode materials manufacturer,vianode.com,"Oslo, Norway",,,,,,,False,284030523
aa03ee9d-f18c-4686-9799-c5696f60e2f4,Vianova,Providing data analytics for shared sustainable transportation,vianova.io,"Paris, France","['Contrarian Ventures', 'Ponooc', 'RATP Capital Innovation', 'RATP CI', 'Rebel Group', 'XAnge', 'Baloise VC']",23.0,-30.3,Series A,6400000.0,,True,222330818
a8c56215-3739-483d-b170-57f31f0994e9,viboo,Predictive control for energy efficiency platform,,,,,,,,,False,Not in Affinity
4a6b82f9-a253-45c4-a26c-56cdc3215e19,vibrant energy,Renewable energy solutions company for C&I,,,,,,,,,False,Not in Affinity
beaccf7e-6f6a-4351-912d-6ae6efeb6fb6,vibrant planet,Forest planning and monitoring platform,https://vibrantplanet.com/,,,,,,,,False,Not in Affinity
4c5ea362-767f-4a23-8c9e-97d398bb1b73,vicarius,Software designed to autonomously remediate security vulnerabilities,,,,,,,,,False,Not in Affinity
4c7a0c85-adf9-4c53-9021-c15e87b172ed,victory farms,Aquaculture farm start-up,,,,,,,,,False,Not in Affinity
4fb7b919-1947-4958-b921-0a9463d18070,VIDA,ESG risk platform,vida.place,"Munich, Germany",Cusp Capital,49.0,-20.97,Other,3219600.0,"['Nabin Raj Gaihre (Co-founder and COO): https://linkedin.com/in/nabin-raj-gaihre-74400279', 'Tobias Engelmeier (Co-Founder): https://linkedin.com/in/tobias-engelmeier-b3260617']",True,290424076
da4fc229-555b-4d3d-a29f-53c60f810ecf,vidyut,EV financing and vehicle management technologies,,,,,,,,,False,Not in Affinity
3cb88069-991a-4632-b99b-37a926841eba,VIE Technologies,Monitoring industrial equipment to prevent failures,vietechnologies.com,"San Diego, California",Energy Impact Partners,14.0,7.69,Series A,15000000.0,Rahul Chaturvedi (President & CEO): https://linkedin.com/in/rahulchaturvedi-sd,True,224162193
5346eeaa-6276-498e-a859-10bf348e4cf6,vilisto GmbH,Commercial building heat management platform,vilisto.de,"Hamburg, Germany",,,,,,,False,128365001
15c06704-cf17-440b-8dd9-3220585f0595,Villanova University,Backyard building company,villanova.edu,"San Francisco, CA",Ben Franklin Technology Partner Of Southeastern Pennsylvania,3802.0,-4.83,,,,True,1689296
28f45e45-db4a-495b-aec3-b9c8d3ce16e7,Villari,Develops crack-detection sensors for steel infrastructure,villari.nl,"Delft, Netherlands","['FORWARD.one', 'InnovationQuarter Capital', 'UNIIQ', 'Delft Enterprises']",26.0,18.18,Seed,2500000.0,"['Olivier Baas (Co-founder): https://linkedin.com/in/olivier-baas-15903798', 'Hugo Romer (Co-founder): https://linkedin.com/in/hugoromer']",True,283874558
75246f52-ee5b-4d13-a942-37231061f530,Vimano,Advanced materials manufacturer,vimano.biz,"Bengaluru, India",,,,,,,False,288624065
7044e69d-c1a3-404e-b81b-adca0c02f361,Vind AI,Wind park design AI platform,vind.asia,"Oslo, Norway",,,,,,"['Hilde Kristin Njøten (Co-founder, Chairwoman & COO): https://linkedin.com/in/hilde-kristin-nj%C3%B8ten-58b62625', 'Helene Margrethe Bøhler (Co-Founder & CEO at Vind): https://linkedin.com/in/helene-margrethe-b%C3%B8hler-492999131', 'Jan-Tore Horn (Co-Founder & CTO): https://linkedin.com/in/jantorehorn']",True,300124591
3f348fa0-e66a-4f20-b383-b5bf2a7c8fec,vinehealth,Data science and behavioral science digital application,,,,,,,,,False,Not in Affinity
329c9ba3-96d2-4292-86a7-7cf0064523a0,VIOTAS,Smart electricity management platform,viotas.com,"Limerick, Ireland",,,,,,,False,291183651
06ccb5e9-646e-4141-918a-2956209d80f4,Virescent Ventures,Invest in climate tech startups,virescent.vc,"Sydney & Melbourne, Australia",,,,,,,False,284965901
02670bbd-f186-4f9f-9e6c-c793f9f03b0d,Viridi Parente,Mobile energy storage developer,viridiparente.com,"Buffalo, New York","['National Grid Partners', 'B. Thomas Golisano', 'Ashtead Group/Sunbelt Rentals']",73.0,-14.12,Series C,94695000.0,Jon M. Williams (Chairman & CEO): https://linkedin.com/in/jon-m-williams-1b741123a,True,224631584
34432bf3-daa5-4fce-b8ec-d59e53c9d123,Viridian Renewable Technology,Convert food waste into insect-based protein,viridianrenewable.tech,Melbourne,,,,,,,False,282782057
c516bf93-4951-46b3-8db1-130adbd1d013,ViridiCO2,Developer of carbon utilization tech,viridico2.co.uk,"Eastleigh, United Kingdom",EQT Ventures,15.0,0.0,Seed,3000000.0,"['Robert Raja (Co-Founder and Chief Scientific Advisor): https://linkedin.com/in/robert-raja-83519a23', 'Dr. Daniel Stewart (Chief Executive Officer): https://linkedin.com/in/daniel-stewart-74436a107', 'Dr. Daniel Stewart (Chief Executive Officer): https://linkedin.com/in/dan-stewart-viridico2']",True,279317466
bd608b63-2ade-4769-925c-436f7d112900,Viridos,Developing sustainable algae biofuel,viridos.com,"La Jolla, CA",,,,,,,False,291902338
78accb25-6789-4235-b8ef-4b87dfe80d82,Virridy,"Developer of technologies for monitoring and managing water, energy and agricultural resources",virridy.com,"Boulder, CO",,,,,,,False,286202907
eaabc763-ef4b-47f5-b4eb-56d1438eac55,Virta Ltd.,Electric vehicle charging platform,virta.global,"Helsinki, Finland","['Business Finland', 'Future Energy Ventures', 'Jolt Capital']",244.0,0.0,Series C,85000000.0,,True,100246227
403d7ef5-966b-4e46-b321-4e777ed40865,virtual peaker,Distributed energy resource management platform,,,,,,,,,False,Not in Affinity
5bf13482-c6fc-4b78-9b23-fd55160a2de1,visibly,Training and education platform for the infrastructure workforce,,,,,,,,,False,Not in Affinity
377748b9-0a63-4a7e-8f21-71b1270da492,visibuilt,Disrupt asphalt industry with fermentation-based binder,,,,,,,,,False,Not in Affinity
f8082c14-415a-46a1-b819-b5224aabecb9,Vision Marine Technologies,Electric powertrains for boats,visionmarinetechnologies.com,Quebec,,,,,,,False,263272281
6e173a15-5ba7-497f-89c5-bbb6b975586e,Vision RNG,Landfill gas (LFG) infrastructure developer,visionrng.com,"Canonsburg, PA",,,,,,,False,285787260
d953a357-92ab-4015-8fca-86d235927c34,VitalFluid,"'Plasma-activated water', an alternative to conventional pesticides",vitalfluid.com,"Eindhoven, Netherlands",,,,,,,False,288490121
771f9443-a1a9-42cf-afbc-ff5b8a1b6ec0,Vive Crop Protection,Precision pesticides,vivecrop.com,Toronto,,,,,,,False,45111882
b1c4f236-0ad7-484d-9c3b-99b565229301,Vivid Machines,Computer vision monitoring platform for fruit crops,vivid-machines.com,"Toronto, Canada",,,,,,,False,279372960
2c2ba6bf-fdcb-48d4-9a08-8bd8d5e4df0d,Vizcab,Carbon impact analysis software developer,vizcab.io,"Lyon, France","['Brick and Mortar Ventures', 'Unibail-Rodamco-Westfield', 'A/O', 'Global Brain', 'KOMPAS VC', 'A / O Proptech', 'Altur Investissement', 'Cemex Ventures', 'Banque des Territoires', 'Rise PropTech Fund', 'Banque des Territoires (Groupe Caisse des Dépôts)']",65.0,18.18,Series A,4500000.0,"['Thomas Jusselme (Co-Founder and Chief Innovation Officer): https://linkedin.com/in/thomas-jusselme-06118676', 'Guillaume Lafont (Co-fondateur & CEO): https://linkedin.com/in/guillaume-lafont-00932b80', 'Jean-Guilhem Jammes (Bras droit du CEO): https://linkedin.com/in/jean-guilhem-jammes-6b4b52190']",True,263656272
46a5ff77-d6bc-4ef9-bff3-20b9381b6066,Vizit,Image analytics software for brands and retailers,vizit.com,"Boston, MA",,,,,,,False,1728731
929527f6-a093-4724-a3eb-b7bbe9cd321e,VLS Environmental Solutions,Sustainability solutions and ESG-focused waste services,vlses.com,"Houston, TX",,,,,,,False,291929286
bba4d80b-1d29-4cb9-b0f7-a4c04a9aa0a4,VlyFoods,Maker of plant-based dairy alternatives,vlyfoods.com,"Berlin, Germany",,,,,,,False,223969371
06c62be6-b410-452d-bfbd-49b62f325676,THE VOID,E-scooter startup,thevoid.com,"Lindon, Utah",U.S. Small Business Administration.,50.0,0.0,PPP Loan,2000000.0,"['Laurent Potdevin (CEO): https://linkedin.com/in/laurent-potdevin-1513bb21', 'Adrian Steckel (CEO): https://linkedin.com/in/adrian-steckel-2993ab12', 'Curtis Hickman (Chief Creative Officer / Co-Founder): https://linkedin.com/in/curtis-hickman-250b40a', 'James Jensen (Creator & Co-Founder): https://linkedin.com/in/jimason3d']",True,1780942
072bb348-2d0f-4024-829e-b6874bdc0d6b,voi technology,Electric scooter company,https://www.voi.com/,,,,,,,,False,Not in Affinity
c6d16365-28f2-4faf-9539-4966f9b8eab8,Vok Bikes,Heavy-duty electric cargo bikes developer,vokbikes.com,"Tallinn, Estonia",,,,,,,False,278233148
2b87f504-25a9-4fdd-8dbb-eda006b26597,volare,Insect protein plant using zero-waste technology,https://www.zolar.de/,,,,,,,,False,Not in Affinity
62a3a213-6fc7-469f-873b-4a9330db1abf,Volexion,Developer of a graphene coating for lithium-ion batteries,volexion-inc.com,Chicago,,,,,,,False,263474783
f9ba5666-bd64-4348-ab40-b2ffa0e92428,voliro,Aerial robotics technology applicable to infrastructure inspection drones,,,,,,,,,False,Not in Affinity
721da0f7-d432-4fc3-8c92-4cf14313e5bb,volkswagen group,Backing companies focused on decarbonization,,,,,,,,,False,Not in Affinity
35d92e8a-cb61-4a11-b572-79fc489d6f81,VoLo Earth Ventures,Firm focused on climate tech,voloearth.com,Colorado,,12.0,20.0,Investment Fund,90000000.0,"['Kareem Dabbagh (Co-Founder and Managing Partner): https://linkedin.com/in/kareemdabbagh', 'Eric Riesenberg (Co-Founder, Managing Partner & CFO): https://linkedin.com/in/eric-riesenberg-aba1baa', 'Christopher Tullar (Co-Founder and Managing Partner): https://linkedin.com/in/christopher-tullar-40b4b66', 'Joseph Goodman, PhD (Co-Founder & Managing Partner): https://linkedin.com/in/joseph-goodman-phd-96b40714']",True,281353713
54b5d3f1-cad0-4ad9-a94c-958d67b071a7,Volocopter,Flying taxi startup,volocopter.com,Germany,,,,,,,False,127864625
7486c2a5-7076-49b3-84d8-1fb3d97e5b81,Volta,Electric vehicle charging company,getvolta.com,"Palo Alto, California",500 Startups,14.0,,,,,True,1694760
6dad8788-9616-49f6-b7d7-296ddf934ceb,volta energy technologies,Energy VC firm,,,,,,,,,False,Not in Affinity
fa23523d-655d-4b21-af2c-78538bd93052,Volta Greentech,Feed additives to reduce methane from cows,voltagreentech.com,"Stockholm, Sweden",,,,,,,False,222330382
ca4d16ff-0344-4b7b-9574-79961f65ebed,Vulcan Automotive Industries,Electric vehicle charging network,volta.co.il,"San Francisco, CA",,,,,,,False,152150235
0f86503f-9b78-4e05-97ad-8cb112938f0f,Volta Trucks,Commercial electric vehicle manufacturer,voltatrucks.com,"Sigtuna, Sweden","['Byggmästare Anders J Ahlström', 'Proterra', 'Luxor Capital', 'B-FLEXION', 'Byggmastare Anders J Ahlstrom Holding AB', 'all current investors', 'Agility']",194.0,-16.02,Series C,60000000.0,"['Andrew Kristensen (Co-Founder - Volta Trucks): https://linkedin.com/in/andrewkristensen', 'Kjell Walöen (Co-Founder & Chief Technology Officer): https://linkedin.com/in/kjellwaloen', 'Volta Trucks (Chief Executive Officer): https://linkedin.com/in/volta-trucks-2081a326b']",True,223160526
5b27cbde-a69d-4a21-9f19-f1bbb79f67c8,voltan energy,Ground-source heat systems developer,,,,,,,,,False,Not in Affinity
ea4fc0be-1b83-42b7-a9e1-42570bf8a890,Volter Co.,Operating system for rooftop solar and distributed energy,volter.co,"London, U.K.",,,,,,,False,282521066
8580c15d-48eb-4399-887a-4896f44fcf7b,VOLTFANG,Company repurposing batteries from cars for energy storage,voltfang.de,"Aachen, Germany","['AENU', 'Eviny', 'Aurum Impact', 'Helen Ventures', 'PT1 – PropTech1 Ventures', 'FORWARD.One', 'Daphni', 'Interzero', 'Maximilian Viessmann', 'PT1']",65.0,-5.8,Series A,8800000.0,"[""David Oudsandji (CEO & Founder | we're hiring): https://linkedin.com/in/david-oudsandji-9146a0120"", 'Roman Alberti (Founder & CEO): https://linkedin.com/in/roman-alberti-77b7b4189', 'Afshin Doostdar (CTO & Founder): https://linkedin.com/in/afshin-doostdar-68ba181a9']",True,263728281
dcab8cfb-f1c4-4261-9a63-96921face8ae,Voltiris,Developing solar modules for greenhouses,voltiris.com,"Cheseaux-sur-Lausanne, Switzerland","['EquityPitcher Ventures', '3M Ventures', 'family offices', 'Satgana']",14.0,16.67,Seed,5070000.0,"['Jonas Roch (Chief Technology Officer & Co-Founder): https://linkedin.com/in/jonas-roch-079a5b13a', 'Dominik Blaser (Co-Founder & Chief System Officer @ Voltiris): https://linkedin.com/in/dominik-blaser-812667179']",True,285751625
37752cd3-c331-403a-87ad-4e6da7bf27cc,Volt Post,EV lamppost charging provider,voltpost.com,"New York, New York","['Twynam Funds Management', 'others', 'Exelon Foundation', 'Climate Capital', 'RWE Energy Transition Investments', 'Good News Ventures']",26.0,-10.34,Seed,3600000.0,"['Jeff Prosserman (Founder, CEO): https://linkedin.com/in/jeffprosserman', 'Luke Mairo (Co-Founder & COO): https://linkedin.com/in/luke-mairo-b26a0582', 'Jörn (Joern) Vicari (Co-Founder & CCO - Head of Design): https://linkedin.com/in/j%C3%B6rn-joern-vicari-850a434']",True,279574412
d830c3dc-9684-4b5c-bc73-e4f6bc5e9985,VoltR,To manufacture and reprocess lithium-ion batteries,voltr.com,"Angers, France",,,,,,,False,293796351
97680429-5981-42d7-ad44-4cc7dc6d672e,VoltStorage,Providing solar energy storage systems,voltstorage.com,"Munich, Germany",European Investment Bank,62.0,-15.07,Debt,33042600.0,"['Jakob Bitner (CEO & Co-Founder): https://linkedin.com/in/jakob-bitner-b02a6696', 'Felix Kiefl (Co-Founder): https://linkedin.com/in/felix-kiefl', 'Michael Peither (Founder & CTO): https://linkedin.com/in/michaelpeither']",True,100246139
8c0e7cab-55a4-41b1-8f2a-5c4266aa01f4,voltz,Electric motorcycle company,,,,,,,,,False,Not in Affinity
6b1ee1b3-5285-489f-b720-8d8d4ae756f8,VOOL,Provider of EV charging station hubs,vool.com,"Tallinn, Estonia","['Specialist VC', 'Astri Group', 'Kaamos Group', 'Taavi Veskimägi', 'Kuldar Väärsi', 'Amalfi', 'former President of Estonia Kersti Kaljulaid']",29.0,0.0,Seed,1300000.0,Geir Frode Skjæveland (CEO VOOL Nordic as): https://linkedin.com/in/geir-frode-skj%C3%A6veland-526021187,True,287657467
bce6131e-378e-49bc-9052-85b8ff8539f6,vortex-io,Hydrological data and flood risk analytics,,,,,,,,,False,Not in Affinity
936562e3-5cd7-4b1f-97c5-9739b78e5fea,Vortexa,Energy intelligence provider,vortexa.com,"London, United Kingdom","['Morgan Stanley Expansion Capital', 'Metaplanet', 'Monashees', 'Notion Capital', 'Communitas Capital', 'Metaplanet Holdings', 'Mosaic Ventures', 'FJ Labs', 'monashees']",160.0,16.79,Series C,34000000.0,Fabio Kuhn (Co-Founder & CEO): https://linkedin.com/in/fabiokuhn,True,28298796
bbbaabcf-a68b-464b-bcd3-b7612715a4a8,Voyage Foods,Cocoa-free chocolate and nut-free spreads,voyagefoods.com,"Oakland, CA",,,,,,,False,282103864
dc7ba80b-3684-44fb-b4b9-55f7c380ae64,VRB Energy,Vanadium redox batteries manufacturer,vrbenergy.com,"Vancouver, Canada",,,,,,,False,221887500
afa3b3dc-54ff-46a0-a6e0-a3589b9f3770,Vrify,AI-powered mineral exploration software,vrify.com,"Vancouver, Canada","['Beedie Capital', 'Tiny', 'RCF Jolimont Innovation']",89.0,32.84,Series A,6000000.0,Steve de Jong (CEO): https://linkedin.com/in/steve-de-jong-06241544,False,204071541
4037b621-2bcb-4603-baaf-54f819b711dd,VSPARTICLE,Nanoparticle generators for rare minerals platform,vsparticle.com,"Delft, Netherlands",,,,,,,False,1758492
91bc2da7-561a-4603-8862-f74fd7752bbd,Vsquared Ventures,"Invest across a variety of sectors, including energy transition",vsquared.vc,"Munich, Germany",,12.0,9.09,Investment Fund,230186960.0,,True,263310211
e33bfd9b-e6a2-419c-8047-9676c16287fc,vulcanx,Efficient hydrogen production producer,,,,,,,,,False,Not in Affinity
5f23c3c3-7d6c-4c75-8014-79c67261542f,vulcanx energy,Pyrolysis technology from natural gas,,,,,,,,,False,Not in Affinity
682f7858-4c08-448d-9068-fb1b14d08051,Vulog,Provider of shared mobility solutions,vulog.com,"Nice, France","['Frog Capital', 'Inven Capital', 'Bpifrance', 'ETF Partners', 'European Investment Bank']",91.0,-8.08,Debt,31000000.0,"['David Emsellem (CTO & Co Founder): https://linkedin.com/in/david-emsellem-2592888b', 'Georges GALLAIS (Founder and CEO): https://linkedin.com/in/georgesgallais', 'Gregory Ducongé (CEO): https://linkedin.com/in/gregory-ducong%C3%A9-0446b79']",True,1805908
ed1a54ef-a230-4941-8134-4911f6a1eca0,Vutiliti,Smart utility monitoring company,vutiliti.com,"Salt Lake City, Utah","['Kickstart Seed Fund', 'Constellation Technology Ventures', 'Cycle Capital Management', 'University Venture Fund', 'Chevron Technology Ventures']",19.0,0.0,Series A,11750000.0,"['Steve Ellis (Founder and Chief Executive Officer): https://linkedin.com/in/stephenkellis', 'Matt Barber (Chief Executive Officer): https://linkedin.com/in/matt-barber-6648713', 'Stephen Prince (CEO & President): https://linkedin.com/in/stephen-prince-2378564']",True,268117132
ad9b2e11-2a25-467e-9399-fe1902fcdbbc,Vycarb,Ocean-based carbon removal service,vy-carb.com,"Brooklyn, NY",,,,,,,False,287858141
3a6f97c2-ec6f-40e0-9afd-91ed864a3796,vyld,Seaweed-based menstrual product developer,,,,,,,,,False,Not in Affinity
b9d713a9-de75-4a90-bfe7-3462f6af7cd1,vyro,Online EV dealership company,,,,,,,,,False,Not in Affinity
4475e8f7-beff-467f-8e8e-915e0326b190,VYTAL,Reusable packaging-as-a-service platform,vytal.org,"Köln, Germany",,,,,,,False,223815333
ee64a32b-b3e5-4d08-981f-be2c1de1a766,Vytelle,Precision livestock technology company,vytelle.com,"Lenexa, KS",,,,,,,False,220045026
9e6a5c78-a789-4f02-a3ca-5481ee082464,Vässla,Maker of e-bikes and e-mopeds,vassla.com,Sweden,,,,,,,False,263778624
a3c955f8-572c-4ece-891c-45dd1458bc74,Völur,Software for sustainable outcomes in the meat industry,volur.no,"Oslo, Norway",Beat Ventures,23.0,-28.12,,3024705.0,"['Robert Ekrem (Co-Founder & CEO): https://linkedin.com/in/robert-ekrem-28972432', 'David Moriano (Co-Founder & Chief Technology Officer): https://linkedin.com/in/davidmoriano', 'Adrián Díaz (Co-Founder & CPO): https://linkedin.com/in/oadriandiaz']",True,271672141
2af98390-5e67-480f-924c-7169c919fb0c,waabi,Make fully driverless trucks,,,,,,,,,False,Not in Affinity
a85e7bdb-3510-48ac-b439-7635b0afb2a3,Wallbox,Residential EV charger developer,wallbox.com,"Barcelona, Spain","['Cathay Innovation', 'Seaya Ventures', 'Endeavor Catalyst', 'Iberdrola', 'Wind Ventures', 'Orilla Asset Management']",626.0,-22.81,Public Markets,10000000.0,"['Enric Asuncion (CEO): https://linkedin.com/in/enric-asuncion-255a4758', 'Jordi Cano (Commercial Director and Co-Founder): https://linkedin.com/in/jordi-cano-65a8131b', 'Enric Asuncion (CEO): https://linkedin.com/in/enric-asuncion', 'Oliver Waterhouse (Head of CEO Office): https://linkedin.com/in/oliver-waterhouse-a49467176']",True,156977095
0f307775-d31e-44c7-b8d4-c298fb865f90,Wanda Fish,Cell-cultured seafood platform,wandafish.com,"Tel Aviv, Israel",,,,,,,False,284978241
6bcc1112-b5e4-4352-aa98-866a0ff7546b,Wandercraft,Humanoid robots for manufacturing,wandercraft.eu,"Paris, France",,,,,,,False,40576878
b28071f3-3d41-4afd-a034-8b7b6380cfea,wase,Waste-to-energy technology provider,,,,,,,,,False,Not in Affinity
e0099e40-1eed-4d31-bd4b-13f32804edd9,Waste Robotics,Autonomous recycling provider,wasterobotic.com,"Quebec City, Canada","['Fondaction', 'Mirova', 'Sustainable Development Technology Canada']",38.0,15.15,Other,7000000.0,Jean-Pierre Thibodeau (VP Development & Technologies - Co Founder): https://linkedin.com/in/jean-pierre-thibodeau-1a925910,True,163283334
087a514a-2d43-4bec-a11d-e50501162f15,waste4change,Startup developing digital waste management infrastructure,,,,,,,,,False,Not in Affinity
cd3a04b6-767a-44c5-8eeb-5ee87675733b,Wastefront,Tire recycling company,wastefront.com,"Oslo, Norway",,,,,,,False,279039773
28f0ca24-44c8-4a48-b889-0f23ff70492d,Wastefuel,Developer of low-carbon fuels from waste,wastefuel.com,"Los Angeles, CA",,,,,,,False,278972450
a8b3fbc7-3d39-476f-ae2b-5282597173ec,watermeln,Producer of mobile hydrogen generators,,,,,,,,,False,Not in Affinity
99c9e0fa-252a-40c1-b2cc-4e47be6e971c,Waterplan,Water management software maker,waterplan.com,"San Francisco, California","['Base10 Partners', 'Giant Ventures', 'Transition Global', 'YCombinator', 'Adeyemi Ajao', 'MCJ Collective', 'Branson Family']",94.0,11.9,Series A,11000000.0,Nicolas Wertheimer (Co-Founder): https://linkedin.com/in/nicolas-wertheimer-50b5b8a9,True,282957968
3a7aa103-acfc-42a7-ab6a-517f21214fd1,Watershed,Helping companies track and reduce their carbon emissions,watershed.com,"San Francisco, CA",,,,,,,False,291775911
529408d0-ee28-4681-9319-2c1f83f9fc66,WATTALPS,"Modular, high-performance lithium-ion batteries",wattalps.com,"wattalps, France",,,,,,,False,278723064
11430532-39a1-4114-83db-b7b313ef15d7,WattBuy,Clean energy company,wattbuy.com,"Seattle, Washington","['Fort Ventures', 'Powerhouse Ventures', 'Schmidt Futures', 'Avesta Fund', 'Evergy Ventures', 'Updater', 'SE Ventures', 'MCJ Collective', 'Yoav Lurie', 'Techstars Ventures', 'Bill Gatreaux', 'James Beshara', 'Justin Alanis', 'John Sherman']",24.0,-7.69,Series A,10000000.0,,True,150130721
08b78819-cb29-4b23-983a-e4838686d89a,wattcarbon,Energy data platform for building decarbonization,,,,,,,,,False,Not in Affinity
9bf26978-fff7-4329-8e96-a757e93a18a5,watter,Harnessing wasted heat to warm water,https://wattev.com/,,,,,,,,False,Not in Affinity
59de806f-5a91-492d-b4ac-d99637de14d3,WattEV,Heavy-duty EV provider,wattev.com,"Long Beach, California","['California Transportation Commission', 'Oregon Department of Environmental Quality']",37.0,12.12,Other,40500000.0,"['Salim Youssefzadeh (CEO & Founder): https://linkedin.com/in/salimyzadeh', 'Faramarz Yousefzadeh (Co-Founder and Director): https://linkedin.com/in/faramarz-yousefzadeh-5098b44', 'Umar Javed (Co-Founder, President & Board Member): https://linkedin.com/in/umar-javed-ba5827']",True,283194096
3a3c153c-3ad8-438c-9014-2574e5672f6f,Wattnow,IoT energy management solutions provider,wattnow.io,"Tunis, Tunisia","['other investors', 'Katapult Climate', '216 Capital']",29.0,20.83,Series A,1300000.0,,True,131083330
47b779bc-8214-4035-9f88-3fbcbda26df1,waycare,AI-based connected mobility platform for transportation agencies,,,,,,,,,False,Not in Affinity
96e27db3-39e3-4a74-9233-9170e209ed79,Ways2H,Developer of solutions that converts waste into hydrogen fuel,ways2h.com,"Long Beach, CA",,,,,,,False,263535983
c491add7-0c5a-4162-aa18-90c1c6b4dd70,wayve,AI developer for autonomous driving,,,,,,,,,False,Not in Affinity
fe7e30c1-a6c6-487e-8d02-07dc22d841ed,Weave Grid,Smart charging software,weavegrid.com,"San Francisco, California","['Coatue', 'The Westly Group', 'Collaborative Fund', 'Emerson Collective', 'Activate Capital', 'Grok Ventures', 'Breakthrough Energy Ventures', 'Ramez Naam', 'Josh Felser', 'Salesforce Ventures', 'MCJ Collective', 'Woven Capital', 'Collab Fund', 'HSBC Innovation Banking']",93.0,6.9,Other,28000000.0,"['John Taggart (Co-founder & CTO): https://linkedin.com/in/jmtaggart', 'Apoorv Bhargava (Chief Executive Officer & Cofounder): https://linkedin.com/in/apoorv-bhargava-94100842']",True,223143651
3f68bb01-8844-416d-9c66-762cc3c102d2,weedout,Bioherbicide solutions,,,,,,,,,False,Not in Affinity
13424d7d-225a-424e-81a2-04f8a6888865,WeeFin,ESG data management platform,weefin.co,"Paris, France","['Asterion Ventures', 'Ring Capital', 'IRIS', 'Investir&+', 'Blackfin Capital Partners']",88.0,12.82,Series B,25000000.0,"['Pierre Bittner (CEO): https://linkedin.com/in/pierre-bittner-7209597', 'Sabrine Aouida (Head of ESG Research and Regulatory - Late co-founder): https://linkedin.com/in/sabrine-aouida-882b7471', 'Nada Rafi (Co Founder): https://linkedin.com/in/nada-rafi-7a9bb628', 'Marion Aubert (Chief Product Officer - Late cofounder): https://linkedin.com/in/marion-aubert-3b826012b', 'Grégoire Hug (Co Founder): https://linkedin.com/in/gr%C3%A9goire-hug-5b888b7b']",True,279418682
c3906de7-14cb-4013-8eea-f4c851abba2b,Weenat,Enhanced weather data for farmers,weenat.com,"Nantes, France",,,,,,,False,164029731
493f2bb4-f016-4c22-8b8f-2bd36b133873,weev,EV charging provider,,,,,,,,,False,Not in Affinity
b1840f0f-f565-47eb-a96a-e3363d3150cd,wegatech,Sustainable energy solutions company specializing in photovoltaic systems,,,,,,,,,False,Not in Affinity
287e50a1-bc33-4823-b951-e88b70e0a433,weights & biases,Machine learning operations company,,,,,,,,,False,Not in Affinity
365cdf64-a11f-46e2-a24b-b065e609b861,welcome homes,Online home building and purchasing platform,,,,,,,,,False,Not in Affinity
0e2a4de1-9185-4725-908a-2763781ac606,WellSaid Labs,Maker of synthetic speech,wellsaidlabs.com,"Seattle, WA",,,,,,,False,279419992
1515e2b1-f80b-4ab6-92d1-6fcae65b81f6,WeMo Scooter,Smart motor rental service,wemoscooter.com,"Taipei, Taiwan",,,,,,,False,221048406
e8e83ce4-cbb6-49cb-9f4e-fe4aa0386cba,Werewool,Protein-based fibers developer,werewool.bio,"New York, NY",,,,,,,False,263336064
c628abf2-33e3-49dc-a33f-ec8adf357bc6,wesky,In-seat aviation power systems,,,,,,,,,False,Not in Affinity
16666d2c-2a1f-43ef-83d7-0f395fdd8b9e,Westinghouse Electric Company,Developer of nuclear reactors and fuel,westinghousenuclear.com,"Cranberry Township, Pennsylvania",U.K. Government’s Nuclear Fuel Fund,7715.0,4.98,,10500000.0,,True,1707922
2848b2f2-2968-4d65-8229-bcf6b35cb74d,Wheelocity,Make efficient supply chain networks for fruits and vegetables,wheelocity.com,"Chennai, India",,,,,,,False,285625286
c4a7503c-1627-43a6-a494-909fc540fff5,WhereIsMyTransport,Developer of an urban transportation and journey planner mobile app,whereismytransport.com,"London, UK",,,,,,,False,1761165
00690d62-69bc-4ecf-b5a4-99f520e22de8,Wherobots,Data platform for geospatial analytics and A.I.,wherobots.com,"Phoenix, Arizona","['Wing Venture Capital', 'P7 Ventures', 'Felicis', 'JetBlue Ventures', 'Clear Ventures']",26.0,52.94,Series A,21500000.0,"['Mo Sarwat (Chief Executive Officer): https://linkedin.com/in/mohamedsarwat', 'Jia Yu (Co-Founder and Head of Engineering): https://linkedin.com/in/jia-yu-27632182', 'Mo Sarwat (Chief Executive Officer): https://linkedin.com/in/mosarwat']",True,265115518
91a8e1b8-bb78-4486-94d2-df8507e251e4,Whip Around,Fleet inspection and maintenance software startup,whip-around.com,New Zealand,,,,,,,False,141756074
9f56a616-f668-4b25-a4d1-5e69ef26c174,whizz,Easier access for gig workers to e-bikes on subscription,https://whizz.bike/,,,,,,,,False,Not in Affinity
13f1760f-d4d2-4170-a43d-e861a0ed62e0,"WiBotic, Inc",Specializes in wireless charging for robots,wibotic.com,"Seattle, WA",,,,,,,False,1806704
4ec38e03-8dd8-4796-a64e-5e4aeb555077,Wicked Kitchen,Plant-based food company,wickedkitchen.com,U.K.,,,,,,,False,291719760
40a26423-aeeb-4412-94ed-a50cb22fa08c,Wild Microbes,Using microbes to create sustainable products,wildmicrobes.com,"Cambridge, MA",,,,,,,False,285951758
dc58aca1-cc49-4969-9b4a-ed399cbce02a,Wildcat Discovery Technologies,Developing new battery materials,wildcatdiscovery.com,"San Diego, California","['Fifth Wall Climate', 'InoBat', 'Flint Hills Resources', 'IPM Group', '5AM Ventures', 'Vision Ridge Partners', 'Presidio Partners', 'Virgin Green Fund', 'Infield Capital', 'A123 Systems', 'Koch Strategic Platforms (KSP)', 'Eastman Kodak (Kodak)']",86.0,-20.37,Series D,90000000.0,"['Troy Wilson (President and Co-Founder): https://linkedin.com/in/troywilson2', 'Mark Gresser (President & CEO): https://linkedin.com/in/mark-gresser-2918586']",True,78849404
f909ea8e-a93f-4d65-be1f-e7a5eaff2cf6,wilk,Lab-cultured cow milk company,,,,,,,,,False,Not in Affinity
3cd78494-db50-4776-ab3a-a9ca90627a1e,winbat,Hemp carbon batteries,,,,,,,,,False,Not in Affinity
09ef4eb6-9122-41a1-adac-5f5b9980dee0,wind capital,Invest in seed through Series A deep tech,,,,,,,,,False,Not in Affinity
ecca2e4b-c0d3-4956-88fc-fe7c16794839,wind catching systems,Developer of floating offshore wind designs,,,,,,,,,False,Not in Affinity
638f8f13-149d-4d0b-a056-655bafc4eb27,Windborne,AI-powered weather forecast platform,windbornesystems.com,"Palo Alto, California","['Khosla Ventures', 'Pear VC', 'Footwork VC', 'Convective Capital']",39.0,39.29,Series A,15000000.0,"['Kai Marshland (Co-Founder and Chief Product Officer): https://linkedin.com/in/kai-marshland-744497b6', 'Andrey Sushko (Co-Founder and CTO): https://linkedin.com/in/andrey-sushko', 'John Dean (Cofounder & Head of Guidance, Navigation, and Control ): https://linkedin.com/in/john-dean-31a979117', 'Paige Brocidiacono (Cofounder & CEO): https://linkedin.com/in/paige-brocidiacono']",True,224695043
0173ffac-f81f-4331-a1a7-a60c6c614919,windborne systems,Provider of smart weather balloons,https://windbornesystems.com/,,,,,,,,False,Not in Affinity
40cd6dd6-2e9a-4253-8bd6-751eefb60489,WindESCo,Maker of software for wind farms,windesco.com,"Burlington, Washington","['WAVE Equity Partners', 'Tenaska, Inc', 'Phoenix Contact Innovation Ventures']",22.0,-18.52,Series B,10000000.0,"['Blair Heavey (CEO): https://linkedin.com/in/blairheavey', 'Mohit (Mo) Dua (Founder and CEO): https://linkedin.com/in/mdua1']",True,2179095
d435da48-101d-4965-ad8f-4adf4b8ea5af,Windfall Bio,Startup developing a methane-to-organic fertilizer solution,windfall.bio,"Menlo Park, California","['Prelude Ventures', 'Incite Ventures', 'Positive Ventures', 'Amazon’s Climate Pledge Fund', 'B37 Ventures', 'Bessemer Venture Partners', 'Breakthrough Energy Ventures', 'UNTITLED', 'Cavallo Ventures', 'Mayfield', 'Baruch Future Ventures', 'Global Brain (through its Norinchukin Innovation Fund L.P.)', 'UNTITLED (a fund backed by the Tetra Laval family)']",43.0,38.71,Series A,28000000.0,"['Carla Risso (Co-founder at Windfall Bio): https://linkedin.com/in/carla-risso-38b9013', 'Frank Crespo (Chief Operating Officer & Co-Founder): https://linkedin.com/in/frank-crespo-3901777']",True,289629761
64db73e9-f364-4fa6-a997-fe7816b1d01e,windmill,Energy-efficient air conditioners and air purifiers,,,,,,,,,False,Not in Affinity
a6c7364e-6349-4033-a6fc-35c92039ccd7,Windrose Technology,Electric heavy-duty trucks,windrose.tech,"Hefei, China",,,,,,,False,292362963
67ba7e4b-edfa-4cd1-8980-31cd4d8a63bc,wing cloud,Software solutions provider for developers and DevOps teams,,,,,,,,,False,Not in Affinity
615b70cf-b6de-4a24-8b30-87bd76a34f06,Wing Security,Security management platform for software applications,wing.security,"Tel Aviv, Israel",,,,,,,False,283069087
4b409970-04b6-4bfe-bfa9-2dd53ec97b59,Wingcopter,Delivery drone manufacturer and service provider,wingcopter.com,"Weiterstadt, Germany",,,,,,,False,120610640
73db3198-e856-4402-b4e9-bce7dd345afc,Wingtra,Mapping drone manufacturing and software,wingtra.com,"Zürich, Switzerland","['Verve Ventures', 'DiamondStream Partners', 'EquityPitcher Ventures', 'ACE & Company', 'European Innovation Council Fund (EIC Fund)', 'private investors', 'Investiere', 'successful Swiss entrepreneurs', 'Credit Suisse Entrepreneur Capital Ltd.', 'Zurcher Kantonalbank', 'John L. Steffens (founder of Spring Mountain Capital)', 'Spring Mountain Capital', 'Helvetic Trust', 'RKKVC', 'Cadence Growth Capital (CGC)', 'Spectrum Moonshot Fund', 'SymbiaVC', 'Brick & Mortar Ventures']",134.0,-23.86,Series B,,"['Basil Weibel (Founder & CRO): https://linkedin.com/in/basil-weibel-a3146a1b', 'Maximilian Boosfeld (Founder & COO): https://linkedin.com/in/maximilian-boosfeld-363b88b9', 'Elias Kleimann (Co-Founder and CFO): https://linkedin.com/in/elias-kleimann-2726b2100', 'Sebastian Verling (Software Engineer & Co-Founder): https://linkedin.com/in/sebastian-verling-224b80168', 'Elmar Artho (COO, Member of the executive board): https://linkedin.com/in/elmar-artho-6476']",True,15583718
32f9627a-8bf2-4897-bf5e-b3f0a45c579c,winter farm,Vertical farming for strawberries,,,,,,,,,False,Not in Affinity
30835641-dff1-4409-bc82-267fc7306eba,Wirelane,EV charging provider,wirelane.com,"Munich, Germany","['CD-Venture', 'Dirk Wilken', 'Christoph Boehringer']",68.0,7.94,Series B,11000000.0,"['Constantin Schwaab (CEO): https://linkedin.com/in/constantin-schwaab-b57a2722', 'Daniela Kos (Persönlicher Assistent des CEO): https://linkedin.com/in/daniela-kos-32629513b']",True,206257601
2d48d4a3-6705-4679-9e38-318b1daf44d6,Wisewell,Clean water tech company,wisewell.com,"Brooklyn, NY",,,,,,,False,283427968
3c4adaba-6b83-4a6b-8971-48104a81cad9,Withthegrid,Energy asset technology provider,withthegrid.com,"Utrecht, Netherlands","['Rabobank', 'Nationaal Groenfonds']",35.0,40.0,Other,2185420.0,"['Rob Everhardt (Founder & CTO): https://linkedin.com/in/everhardt', 'Steven Hulshof (Co-founder & Hardware Development): https://linkedin.com/in/steven-hulshof-47b25686', 'Paul Mignot (Founder & CEO): https://linkedin.com/in/paulmignot', 'Jeroen de Bruijn (Co-founder and Lead Embedded Software): https://linkedin.com/in/vidavidorra']",True,161810235
99a68a95-c5a0-41bc-b208-446735692358,WiTricity,Wireless power transfer firm,witricity.com,"Watertown, MA",,,,,,,False,1531855
72cc5cf9-50c7-4447-a53c-708b98b5492b,witricity corporation,Wireless EV charging startup,https://www.witricity.com/,,,,,,,,False,Not in Affinity
333f119a-319a-4bc0-85b4-703967dc6f96,wm motor,One of the highest-funded China-based EV startups,,,,,,,,,False,Not in Affinity
f1731fe4-e77c-4239-9fb5-d9f4030a803a,WNWN Food Labs,Company producing cocoa-free chocolate through fermentation,wnwnfoodlabs.com,"London, UK",,,,,,,False,283774094
c08a7cec-bf7b-44bb-9b2d-579c1dfdc0b8,Woltair,Digitizing clean building heating and energy solutions,woltair.com,"Prague, Czechia","['Fifth Wall', 'Inven Capital', 'KAYA', 'Westly Group', 'ArcTern Ventures']",78.0,-27.78,Series A,20500000.0,"['Daniel Helcl (Founder &  CEO): https://linkedin.com/in/daniel-helcl-2165a4b4', 'Karel Náprstek (Co-founder & Head of Technology at Woltair): https://linkedin.com/in/karel-n%C3%A1prstek-5bb568219', 'Jan Hanuš (Chief Executive Officer + enWironmentalist): https://linkedin.com/in/jan-hanu%C5%A1-1b209029']",True,286793767
4546217d-93dd-4bca-8ba2-2e216e4a71f9,Woodio,Sustainable wood composite products developer,woodio.fi,"Helsinki, Finland",,,,,,,False,223865901
19b976d4-81ad-4958-bcd6-161a5d3318e8,Woodoo,Augmented wood solutions company,woodoo.com,"Paris, France","['Purple', 'Lowercarbon Capital', 'One Creation', 'various business angels']",41.0,13.89,Series A,31000000.0,"['Timothée Boitouzet (Founder & CEO): https://linkedin.com/in/timoth%C3%A9e-boitouzet-1411b521', 'Sacha Uzan (Founder Associate): https://linkedin.com/in/sacha-uzan-0a7a78b3']",True,40578077
83345459-d11d-41d8-bb9e-1107f645ef31,woola,Creating wool-based packages to replace bubble wrap,,,,,,,,,False,Not in Affinity
1f3309b0-d91f-413c-9741-52f78b1ceee1,Ecosia World Fund,Invest in climate tech companies,worldfund.vc,"Berlin, Germany","['Ignitis Group', 'KfW Capital', 'Wiltshire Pension Fund', 'Ecosia', 'PwC Germany', 'EIF', 'Erste Plavi', 'BPI France', ""UK Environment Agency's pension fund"", 'Environment Agency Pension Fund']",48.0,11.63,Investment Fund,326136000.0,,True,263246236
aa8b3096-c25b-441a-a90a-b55e474fb5ef,World Water Works,Advanced wastewater treatment service provider,worldwaterworks.com,"Oklahoma City, OK",,,,,,,False,200339452
88bcee14-b54b-4105-b042-bac3d83c9bbe,Worldfavor,Business sustainability data platform,worldfavor.com,"Stockholm, Sweden","['Brightly Ventures', 'Spintop Ventures', 'SEB Private Equity']",59.0,-20.27,Series A,10200000.0,"['Frida Emilsson (Co-founder & COO): https://linkedin.com/in/fridaemilsson', 'Andreas Liljendahl (CEO and founder): https://linkedin.com/in/andreas-liljendahl-4aa47016', 'Pär Gustafsson (Co-founder & CTO): https://linkedin.com/in/p%C3%A4r-gustafsson-73265716']",True,223182891
b2679ee1-084f-419d-846f-86bdf5900d08,Worlds,Spatial AI company,worlds.io,"Dallas, Texas","['Moneta Ventures', 'Capital Factory', 'Chevron Technology Ventures', 'Green Park & Golf Ventures', 'Align Capital', 'Piva Capital', 'PerotJain']",51.0,18.6,Series A,21000000.0,"['Ross Bates (CTO / Co-Founder): https://linkedin.com/in/rossbates', 'Dave Copps (Chief Executive Officer): https://linkedin.com/in/davecopps', 'Ben Lamm (Co-Founder & Board Member): https://linkedin.com/in/benlamm']",True,224996495
27927d57-9c56-4650-bd35-186bdc520bb2,Worn Again,Textile recycling startup converting materials back to raw,wornagain.co.uk,London,,,,,,,False,156977646
a8532a5c-0d76-416d-bfe5-73f0e4c1b969,WovenEarth Ventures,Investing in climate tech funds,wovenearth.ventures,"Palo Alto, CA",,9.0,12.5,Investment Fund,152000000.0,"['Natasha Skok (Advisor, Co-founder): https://linkedin.com/in/natasha-skok-922a204', 'Mauricia Geissler (Co-Founder and Partner, Investments): https://linkedin.com/in/mauricia-geissler-704b6b', 'Jane Woodward (Founder, Managing Partner): https://linkedin.com/in/jane-woodward-12298b147']",True,285313811
47cb05c2-e391-4e5c-b03d-9c2d6a8ccf15,Wraithwatch,Defense systems against AI-integrated cyber attacks,wraithwatch.com,"Bozeman, Montana","['XYZ Capital', 'Founders Fund', 'Human Capital']",6.0,0.0,Seed,8000000.0,,True,293308898
15ca5f79-e3ce-450f-a8ae-2072a8762792,wright electric,Electric aircraft components manufacturer,,,,,,,,,False,Not in Affinity
ad113d97-2eb8-4349-8230-a651f47053f3,wsc sports,AI sports video technology company,,,,,,,,,False,Not in Affinity
761c91cf-8cc6-43ed-ba88-bedceead340b,Wunder Mobility,Mobility technology company,wundermobility.com,"Hamburg, Germany","['KCK', 'Blumberg Capital', 'KCK Group']",66.0,15.79,Other,11890236.0,"['Gunnar Froh (Founder & CEO): https://linkedin.com/in/gunnarfroh', 'Moritz Schuster (CCO | Co-Founder): https://linkedin.com/in/moschuster', 'Sam Baker (President & Co-Founder ): https://linkedin.com/in/samuelrossbaker']",True,1650856
599cc633-bd6f-4af1-b751-582ce54a5533,WunderGraph,Open-source GraphQL federation platform developer,wundergraph.com,"Miami, FL",,,,,,,False,282096061
07e0fd6c-cbcf-400b-ba21-05c58bacd205,X Shore,Electric boats,xshore.com,"Nyköping, Sweden",,,,,,,False,221868812
28cddcd6-231c-4d15-a094-0a3bb63e2a1f,X-Elio,Solar energy EPC,x-elio.com,"Madrid, Spain","['Banco de Sabadell, S.A.', 'International Finance Corporation', 'Bankinter, S.A.']",301.0,0.67,Debt,38546550.0,"['Lluis Noguera (Chief Executive Officer): https://linkedin.com/in/lluis-noguera', 'Isabel Ruiz Franco (CEO Office Manager): https://linkedin.com/in/isabel-ruiz-franco-1bb93797', 'Blanca Jiménez Moreno (CEO Office Specialist): https://linkedin.com/in/blanca-jim%C3%A9nez-moreno-2b135a193']",True,224958955
a27668a1-5f25-4326-b8fe-3199de7aa733,Altai Gold LLC and X-energy LLC,Small modular nuclear reactors,altaigold.mn,"Rockville, MD",,,,,,,False,279495079
c7b1b984-d0b0-4273-9bbe-45c04e229e27,Xavveo,Distributed radar sensors for autonomous vehicles,xavveo.com,Berlin,,,,,,,False,293076404
88807bd9-14b2-468f-a6f6-fe0db35ee333,Xcel Energy,Electric utility,xcelenergy.com,"Minneapolis, Minnesota",,7221.0,0.42,Public Markets,742600000.0,,True,1817400
b37502a8-61f8-402b-9ab6-9c6bbe98f6e0,xcelerate,GRC and ESG solutions platform,,,,,,,,,False,Not in Affinity
5899f133-ee2e-4b34-833d-c5438c0eef9f,XCharge,DC fast chargers and EV technologies,xcharge.com,"Beijing, China",,,,,,,False,136328379
b280e0fa-3877-4e14-a240-b4786465443a,xcimer energy,Inertial confinement laser-based fusion startup,,,,,,,,,False,Not in Affinity
bc93fd69-c1a6-4749-acdb-a3c250a313e8,xeal,EV charging stations technology firm,,,,,,,,,False,Not in Affinity
02a7fa1b-36b2-4b37-b15c-48e3fc38ebab,XEFCO,Use plasma for efficient and water-free textile dyeing,xefco.com,"Sydney, Australia",,,,,,,False,280004908
b4472119-aa24-4c20-9b3e-17fabe2fbfec,Xendee,Software specializing in planning and operation of distributed energy resources,xendee.com,"San Diego, California","['TravelCenters of America Inc.', 'Evergy Ventures', 'Surlamer Investments', 'Anzu Partners']",24.0,-4.0,Series A,12000000.0,"['Michael Stadler (Chief Technology Officer at XENDEE Corporation and Co-Founder): https://linkedin.com/in/stadlermichael', 'Adib Naslé (Founder and CEO): https://linkedin.com/in/adibnasle', 'Scott Mitchell (Co-Founder and Chief Software Architect): https://linkedin.com/in/scott-mitchell-2b0b3a132']",True,280232038
94ca7d3d-0078-425f-a911-b7cca5797f3f,xFarm Technologies,Digital farming startup developing SaaS solutions for sustainable agriculture,xfarm.tech,Switzerland,"['Swisscom Ventures', 'Neva Sgr', 'Emerald Technology Ventures', 'Novacapital', 'Grey Silo Ventures', 'United Ventures']",25.0,,Series B,19507500.0,"['Salvatore Ferullo (CEO): https://linkedin.com/in/salvatore-ferullo-9b208761', 'Alain Valsangiacomo (Co-Founder): https://linkedin.com/in/alain-valsangiacomo-5a27a44a', 'Martino Poretti (Co-founder Head of IoT): https://linkedin.com/in/martino-poretti-ab44369', 'Lucas Marchesini (Co-Founder): https://linkedin.com/in/lucas-marchesini', 'Andrea Moroni Stampa (Co-Founder - IoT Consultant (former Head of IoT)): https://linkedin.com/in/andrea-moroni-stampa-42552656']",True,288899310
747b720c-81f3-4264-8f10-4c15836adf75,Xfloat,Maker of floating solar PV systems,xfloat.co,Israel,,,,,,,False,278726356
f1fd38e9-27ff-4597-a038-91de2a6001b8,xfuel,Converting biomass waste into drop-in low-carbon fuels,,,,,,,,,False,Not in Affinity
17ae43af-ce51-408c-b0b1-f46ffda2467b,XGS Energy,Geothermal energy technologies,xgsenergy.com,"Palo Alto, California","['ClimateIC', 'Aligned Climate Capital', 'WovenEarth Ventures', 'ClearSky', 'Thin Line Capital', 'Anzu Partners', 'BlueScopeX', 'VoLo Earth Ventures', 'Valo Ventures', 'B Current Impact Investment', 'MIH Capital']",14.0,27.27,Other,13000000.0,"['Josh Prueher (Chief Executive Officer): https://linkedin.com/in/josh-prueher-85416613', 'Piotr Moncarz (Chief Executive Officer): https://linkedin.com/in/piotr-moncarz-92912523b', 'Andreia Vieira (Chief Executive Officer): https://linkedin.com/in/andreia-vieira-98409988']",True,289747864
5d21d373-3924-4fb1-94cc-fbffd999fdef,Xiaolinggou,New energy vehicle rental unit,xlg.cn,China,,,,,,,False,262780966
bbf8934d-8cff-4dce-a343-49864a25591c,Xiaomi,Expanding EV business,mi.com,"Beijing, China",,,,,,,False,163278967
ef7dd88f-c55d-4ea5-8b2b-afe953fc6e33,Xilva,Regenerative forest investment marketplace,xilva.global,"Zürich, Switzerland","['Bloomsbury Natural Capital', 'Insurtech.vc', 'Brainforest']",13.0,8.33,Seed,1800000.0,"['Tim Duehrkoop (Co-Founder and CEO): https://linkedin.com/in/duehrkoop', 'Lorenzo Garofano (Co-founder / Head of Sales and Marketing): https://linkedin.com/in/lgarofano', 'Marike Carstens (Co-Founder, Head of Product): https://linkedin.com/in/marike-carstens-154a5b46', 'Jamie Micah Lawrence (Co-Founder, Forests.): https://linkedin.com/in/lawrensilva']",True,284404944
c1182852-43d2-4862-82a1-fb5a31a82276,XL Fleet,Vehicle electrification company,xlfleet.com,Boston,,,,,,,False,1564590
93be8b85-91be-4bba-9d9c-3291e941cc9b,xlinks,Renewable electricity connection infrastructure developer,,,,,,,,,False,Not in Affinity
0323f92a-31c4-4025-bfb6-385318308045,Xnergy Autonomous Power Technologies,Make wireless charging technologies for EVs and industrial electric robots,xnergytech.com,Singapore,,,,,,,False,223862467
7bdeac99-1ba8-4dc2-98ed-ab8aed56e288,XONA,Remote access platform for critical infrastructure,xonasystems.com,"Annapolis, Maryland","['TFX Capital', 'DataTribe Opportunities Fund', 'individual investors', 'Energy Impact Partners LLC']",36.0,71.43,Other,19026905.0,,True,219983592
9b3081ec-71af-4248-b14a-bdc97280b265,xonai,Cloud optimization platform,,,,,,,,,False,Not in Affinity
a82ea604-eb83-45be-89fa-59e7a6f02f67,xoople,Earth observation analytics platform,xoople.com,"Madrid, Spain",,,,,,,False,291513431
4bb54734-2086-4dda-8522-b5f49b481148,Xos Trucks,Manufacturer of electric commercial vehicles,xostrucks.com,"Los Angeles, California","['Build Capital Partners, LLC.', 'Proeza Ventures']",122.0,-18.12,Public Markets,20000000.0,"['Dakota Semler (CEO, Co-Founder): https://linkedin.com/in/dakota-semler-a1288929', 'Giordano Sordoni (Co-Founder, COO): https://linkedin.com/in/giordano-sordoni-3a12993b']",True,221176655
cc849b4b-3cfc-4321-b3c1-0e9804de7a2e,Xpansiv,Market infrastructure platform for global carbon and environmental commodities,xpansiv.com,"San Francisco, California","['Oxy Low Carbon Ventures', 'Macquarie Group', 'Blackstone Energy Partners', 'Shaw and Partners', 'Energy Innovation Capital', 'S&P Global', 'Avista Development', 'BP Ventures']",157.0,7.53,Other,400000000.0,,True,152149366
e76a06a0-6755-4df8-b19e-5a8ae420c979,xpeng,EV manufacturer,https://www.xiaopeng.com/,,,,,,,,False,Not in Affinity
9dfcf104-0546-4623-9739-db7edb871911,xpeng aeroht,Electric flying car manufacturer,https://www.xpeng.com/,,,,,,,,False,Not in Affinity
fd0dfacd-2e7e-459b-bb85-1ee187a6bb05,Xpeng Motors,Electric-vehicle maker,xiaopeng.com,China,,,,,,,False,139435936
21c9f42b-34b5-41fe-a74a-f17121ba176a,Xurya,Solar power rental and installation company,xurya.com,Indonesia,,,,,,,False,224635130
e5a4796a-3ae0-45a0-91ad-ee9834cb325f,XWING,Autonomous aviation company,xwing.com,"San Francisco, CA",,,,,,,False,160424512
8a26731e-657f-47c0-9035-44fe387b11dd,Yali Bio,Developer of synthetic biology platform to make climate-smart foods,yalibio.com,"San Francisco, CA",,,,,,,False,283203514
4bf7d2df-0a5c-4053-bc0d-4e485e7f5a18,yama,Hybrid electrochemical technology direct air capture technology,,,,,,,,,False,Not in Affinity
9bde9138-9416-4d61-89d4-872bc2b2b38a,Yard Stick PBC,Soil carbon measurement provider,useyardstick.com,"Oakland, California","['Lowercarbon Capital', 'Extantia Capital', 'Pillar VC', 'Toyota Ventures Climate Fund', 'The Nature Conservancy', 'Breakthrough Energy Ventures', 'Microsoft Climate Innovation Fund', 'climate-committed founders', 'angels', 'family offices']",30.0,15.38,Series A,13600000.0,"['Chris Tolles (CEO + Co-Founder): https://linkedin.com/in/christolles', 'Evan Arnold (Head of Software & Co-Founder): https://linkedin.com/in/evan-arnold-a2075235', 'Kevin Meissner (Unwitting Co-Founder): https://linkedin.com/in/kevin-meissner-a79a5614']",True,281047509
1c7b8293-f6c9-4ff6-b422-996b67836f56,Yardstik,"Screening, verification and training solution for gig marketplaces",yardstik.com,"Minneapolis, MN",,,,,,,False,278518625
cdc37184-63ef-4719-9e7a-4bf259fa26fa,yaydoo,B2B software and payments company,,,,,,,,,False,Not in Affinity
d8cf53b6-2eec-4443-8386-1cfc05fd26d7,Yeastup AG,Upcycles spent brewer's yeast,yeastup.com,"Brugg, Switzerland",,,,,,,False,284394233
128c8216-bd29-44bb-a45e-3a26d8d6f506,yellow,Pay-as-you-go (PAYG) solar energy provider,,,,,,,,,False,Not in Affinity
c3c375b0-e743-43c6-b5f1-87c6f9bb6a7d,Ynsect,Insect-based protein producer,ynsect.com,"Amiens, France",,,,,,,False,1708723
42c4f0c6-5a2c-4bbb-9f8b-6e252ab5e2a2,Yosemite Clean Energy,Waste gasification plants developer,yosemiteclean.com,"Mariposa, CA",,,,,,,False,279171233
587b305a-e196-4f13-a76a-1958098f7cb1,Yotascale,Cloud cost management software,yotascale.com,"San Francisco, CA",,,,,,,False,74996959
f5ffc175-407e-4d80-9959-a794b68a1617,yotta,Energy storage company,,,,,,,,,False,Not in Affinity
e3483f82-5d15-4390-b214-aaca629246c6,Yotta Energy,Solar and storage installation platform,yottaenergy.com,"Austin, Texas","['Evergy Ventures', 'Riverstone Ventures', 'Doral Tech Ventures', 'WIND Ventures', 'Copec WIND Ventures', 'APsystems', 'SWAN Impact Network', 'SWAN Impact Fund', 'EDP Ventures', 'Skyview Ventures', 'Bluescope', 'Doral Energy-Tech Ventures', 'Cricetus Felix Ventures', 'not disclosed', 'other undisclosed investors', 'Fiftysix Investments']",39.0,-4.88,Other,8000000.0,"['Vikram iyengar (Chief Technology Officer (Co-founder)): https://linkedin.com/in/vikramiyengar', 'Omeed Badkoobeh (Co-Founder & CEO ): https://linkedin.com/in/omeed-badkoobeh']",True,152823548
7f51c901-690d-4b8d-8a42-9e82b3497271,Yulu,Micromobility manufacturer,yulu.bike,"Bangalore, India",,,,,,,False,137591523
8bb01b84-d142-4cca-924d-19f36aa95b5a,YvesBlue,Tracks ESG compliance for financial institutions,yves.blue,"New York, New York","['Illuminate Financial Management', 'Tribeca Early Stage', 'George Fox', 'SixThirty']",1.0,-50.0,Seed,2000000.0,"['Michael T. Smith (Co-Founder & CTO): https://linkedin.com/in/michaeltsmithnyc', 'Anna-Marie Wascher (CEO | Founder): https://linkedin.com/in/anna-marie-wascher-392009b']",True,279259668
aea5fb42-03fe-4f27-9f8e-038d3e138865,ÿnsect,Insect farming startup,https://www.ynsect.com/,,,,,,,,False,Not in Affinity
d0636261-1297-48dd-a4fb-8735260b3e53,Zacua Ventures,Investing in construction tech companies,zacuaventures.com,"San Francisco, U.S.",,11.0,37.5,Investment Fund,56000000.0,,True,285243165
25379e1a-b2b4-49a7-9ad8-4faf720627ef,ZAF Energy Systems,Developer of battery tech,zafsys.com,Montana,,,,,,,False,1640834
4111586b-80fa-4bef-b24f-472e6a42a0a0,zanskar,Geothermal exploration company,https://www.zanskar.com/,,,,,,,,False,Not in Affinity
3c8294bc-5c10-42c5-8582-2cb0d2f3fe09,zap energy,Nuclear fusion startup,,,,,,,,,False,Not in Affinity
9f1b9893-2869-415b-b2fe-2217502fb250,Zap Map,Electric vehicle point mapping service,zap-map.com,"Bristol, United Kingdom","['Good Energy', 'Fleetcor']",59.0,-18.06,Series A,9000000.0,"['Melanie Shufflebotham (COO and Co-founder): https://linkedin.com/in/melanie-shufflebotham-07ba501', 'Dan Fallon (Co-Founder): https://linkedin.com/in/fallondan', 'Ben Lane (Co-founder and CTO, Zap-Map): https://linkedin.com/in/ecolane', 'Richard Bourne (CEO): https://linkedin.com/in/richard-bourne']",True,1803194
2db62cba-fd21-4f1a-bee0-cb71624f80f8,Zaphiro Technologies,Smart grid IoT software platform,zaphiro.ch,"Renens, Switzerland","['Excellis', 'Technology Fund', 'Club degli Investitori', 'CDP Venture Capital SGR']",24.0,-11.11,Series A,6849024.0,"['Marco Pignati (CTO and Co-founder): https://linkedin.com/in/marco-pignati-60366664', 'Paolo Romano (CEO & Co-Founder): https://linkedin.com/in/paolo-romano-b3984332']",True,152147068
45483605-3ecc-437f-a191-528fa140fbbd,ZapMapIt,Electric vehicle network mapping platform,zapmap.it,"Bristol, England",,,,,,,False,284660777
c31d9037-5578-4a70-8ab0-78a18d8fc7db,zd power,Provider of virtual power plant technology,,,,,,,,,False,Not in Affinity
a18f8ee1-1013-4b1c-9469-f708659119fe,Zeta Energy,Hybrid solar power and battery energy storage systems,zetaenergy.com,"Houston, Texas",Moore Strategic Ventures,33.0,3.12,Series A,23000000.0,"['Tom Pilette (Chief Executive Officer): https://linkedin.com/in/tom-pilette-61783610', 'tom harrison (CEO): https://linkedin.com/in/tom-harrison-37747349', 'Charles M. (Founder and Executive Chairman): https://linkedin.com/in/charles-m-546aa34', 'Mirko Bjelica (CeO deputy): https://linkedin.com/in/mirko-bjelica-971a2591']",True,225155265
a204eb6c-aed6-4244-86e3-84414cc8faf3,ZEDEDA,Edge AI and computing company,zededa.com,"Santa Clara, California","['others', 'Hillman Company', 'Endeavor Catalyst Fund', 'LDV Partners', 'Smith Point Capital', 'Almaz Capital', 'Lux Capital', 'Juniper Networks', 'Coast Range Capital', 'Chevron Technology Ventures', 'Porsche Ventures', 'Rockwell Automation', 'Wild West Capital', 'Energize Ventures', 'HBAM', 'Samsung Next', 'Ed Zander', 'Barton Capital', 'All existing investors', 'EDF North America Ventures']",131.0,6.5,Series C,72000000.0,"['Roman Shaposhnik (Co-founder, VP Product & Strategy): https://linkedin.com/in/shaposhnik', 'Vanessa G. (Program Manager/EA to CEO): https://linkedin.com/in/evagarc']",True,146196590
59d28a98-2d04-48a2-8749-435544d27b37,Zedify,Low-carbon delivery services,zedify.co.uk,"Cambridge, England",,,,,,,False,221859283
01529078-9c33-4315-9f87-e6a49f2f4122,Zeedz,Video game designed to educate players on climate change,zeedz.io,"Berlin, Germany",,,,,,,False,283086970
41f1f7c5-8a58-4187-a537-8b53ca5a6220,zeekr,EV manufacturer,https://www.zeekr.com/,,,,,,,,False,Not in Affinity
4dc50f66-133c-4659-8691-36cd4716f9ae,Zeem Solutions,Zero emission commercial vehicles provider,zeemsolutions.com,"Inglewood, CA",,,,,,,False,198220284
3f6fda06-e679-4aaa-aa9e-79e93a85d01d,Zeet,DevOps automation platform,zeet.co,"San Francisco, CA",,,,,,,False,223391102
be13d163-6e78-4410-b465-238f39b74c7e,Zeleros,Hyperloop company,zeleros.com,Spain,,,,,,,False,138204101
7223eba9-7b7e-4fd8-b218-8054d558e4c2,zen energy,Battery energy storage project,,,,,,,,,False,Not in Affinity
7a55c926-04e0-41de-ba60-fe622c0340e7,ZenHub,Project management provider for software teams,zenhub.com,"Vancouver, Canada",,,,,,,False,1697677
f9ce1c43-fee4-46fd-bb0d-28236deab50c,zenith energy,"Microgrid development for solar, wind, and battery storage for remote mining sites",,,,,,,,,False,Not in Affinity
23daa96c-3f95-4345-bdb0-19c3a78ddf86,Zeno Power,Radioisotope power system developer,zenopower.com,"Washington D.C., DC",,,,,,,False,290776219
c3acd9f7-75bd-428e-a2d2-e2bd3ac7d7f0,Zenobe Energy,Fleet electrification and battery storage business,zenobe.com,"London, United Kingdom","['Mubadala Investment Company', 'Infracapital', 'KKR', 'Siemens Financial Services', 'Scottish Widows', 'CIBC', 'Rabobank', 'Aviva', 'Santander', 'ABN AMRO', 'SMBC Group', 'MUFG', 'Société Générale', 'NatWest', 'NAB', 'Siemens Bank', 'Lloyds', 'Banco Santander', 'NatWest Group']",261.0,0.38,Debt,482000000.0,"['Steven Meersman (Founder Director): https://linkedin.com/in/stevencgmeersman', 'James Basden (Founder director): https://linkedin.com/in/james-basden', 'Nicholas Beatty (Founder Director): https://linkedin.com/in/nicholas-beatty-126655141']",True,263341646
a2844f47-fb39-49a4-8aad-bd0e4ba8d580,zepp.solutions,Hydrogen fuel cell systems maker,zepp.solutions,"Delft, Netherlands",,,,,,,False,278913384
5ad97446-2eab-4188-8e34-905737411380,Edge Zero,Plastic-free grocery delivery startup,edgezero.co,"Melbourne, Australia",Audacy Ventures,16.0,166.67,,,"['Richard Mcindoe (Executive Chairman): https://linkedin.com/in/richard-mcindoe-4395b213', 'Ben Frickel (Co-founder and COO): https://linkedin.com/in/ben-frickel-5a12167', 'Philippa (Philly) Gebbie (Co-Founder): https://linkedin.com/in/philippa-philly-gebbie-0771b930', 'Neal Stewart (Co-Founder and Chief Technology Officer): https://linkedin.com/in/neal-stewart-1b146a171']",True,302395761
3e79a4d9-b20d-459a-96f5-24c10e7915c8,zero carbon capital,Early-stage European climate tech companies,,,,,,,,,False,Not in Affinity
957750b2-443e-4bcb-9995-360f00125f6e,Zero Cow Factory - India's first animal free milk,Animal-free dairy start-up,zerocowfactory.com,"Surat, India",,,,,,,False,283478278
4b83db5b-8189-43c0-bb78-b26c227f6d50,Zero Egg,Maker of a plant-based egg alternative,zeroegg.com,"San Francisco, CA",,,,,,,False,284080756
6cd419f9-cbfe-40fe-9625-67c173fc2824,Zero Emission Industries,Developer and distributor of power and fueling systems for the maritime sector,zeroei.com,"Alameda, California","['Chevron New Energies', 'Crowley', 'Trafigura']",18.0,-18.18,Series A,8800000.0,"['Joe Pratt (CEO & CTO): https://linkedin.com/in/jwpratt6', 'Joe Burgard (CoFounder and Board Member): https://linkedin.com/in/joe-burgard-8b4925']",True,282516584
6fd6fa25-7243-428c-ac0f-01c866278b43,zero gravity labs,Decentralized AI operating system software developer,,,,,,,,,False,Not in Affinity
150fc678-14c5-47f7-b2fe-66eeb698c91a,zero grocery,Zero-waste grocery delivery service,,,,,,,,,False,Not in Affinity
b07ee454-df16-455a-8b05-6ec02ac16121,zero industrial,Thermal energy storage service provider,,,,,,,,,False,Not in Affinity
2843d652-8d11-49ae-a296-23d6779cccf6,Zero Mass Water,Seeking to make drinking water renewable,zeromasswater.com,"Scottsdale, AZ",,,,,,,False,122977878
48ee117d-f62a-4656-ae27-c95007561d3b,Zero Motorcycles,Electric motorcycle company,zeromotorcycles.com,"Scotts Valley, CA",,,,,,,False,1531800
3523b4f3-e1f9-454d-98a2-f485f407900f,zero yachts,Zero-emission yachting service,,,,,,,,,False,Not in Affinity
9f9e27bd-de73-4dfc-bb51-734525f87653,Zero44,Maritime emissions management software provider,zero44.eu,"Berlin, Germany","['Atlantic Labs', 'Starthub Ventures', 'Bernhard Schulte INNOPORT']",18.0,-10.0,Other,2691875.0,Friederike Hesse (Co-Founder and Managing Director): https://linkedin.com/in/friederike-hesse-1b833629,True,286407662
96ab1b6e-4021-4d7b-bb54-ea434808aef4,ZeroAvia,Hydrogen aviation startup,zeroavia.com,"Hollister, CA",,,,,,,False,222297301
bb81d72d-f997-486d-bdbf-0a082b96d7e5,ZeroNorth,Software designed to improve efficiency in the maritime shipping industry,zeronorth.com,"Copenhagen, Denmark","['Cargill', 'A.P. Moller Holding', 'PSG Equity', 'CIBC Innovation Banking']",345.0,-7.26,Debt,19000000.0,,True,263708159
8b126757-4637-4777-8ce2-9d4f0f8a21ee,Zerund,Manufacturer of lightweight waste-based bricks,zerund.com,India,,,,,,,False,284809735
91194499-ef0c-4de3-bce7-4abce0c2ea03,zest,EV charging company,,,,,,,,,False,Not in Affinity
a4d25766-4ff2-4f10-bcd5-09ae9616978d,zest eco,EV charging company,,,,,,,,,False,Not in Affinity
1c5a3854-33c2-40e5-ac60-8983c1bc9d3b,Zeti,Business-critical vehicle fleet management platform,zeti.group,"London, United Kingdom",HYCAP Group,17.0,30.77,Series A,5900000.0,"['Ernie Richardson (Board Chair & Co-Founder): https://linkedin.com/in/ernierichardson', 'Daniel Saunders (Founder): https://linkedin.com/in/danielsaunders1']",True,287460676
59fb3bf8-d4fb-4429-bb2f-842d1704301d,Zevero,Carbon accounting platform,zevero.earth,"London, United Kingdom","['East Ventures', 'Spiral Capital']",41.0,86.36,Seed,7000000.0,"['Benjamin Richardson (Co-Founder): https://linkedin.com/in/benjamin-richardson-152517175', 'George Wade (Co-Founder): https://linkedin.com/in/george-wade96']",True,282827030
38318f7c-ca55-41c9-a0dd-62e0632cb363,Zevo corp,Electric vehicle-as-a-service platform,zevo.com,"New Delhi, India",,,,,,,False,289147229
4de2f1c6-99b9-4104-804e-5660d7956342,zevvy,Provider of D2C electric vehicle financing solutions,,,,,,,,,False,Not in Affinity
c0a29c8e-4939-4306-8a6d-8db1a20a137c,zhangfei chuxing,24-hour lithium battery-powered bicycle rental and charging services,,,,,,,,,False,Not in Affinity
3c546cd4-010e-4638-ac91-ec9ed3721785,Zhero,Developer of green energy including hydrogen and renewables,zhero.net,"Amsterdam, Netherlands","['TotalEnergies', 'Technip Energies', 'Baker Hughes']",28.0,7.69,Other,,"['Alessandra Pasini (Co-Founder & President): https://linkedin.com/in/alessandra-pasini-01b0056', ""Marco Alvera' (Co-Founder): https://linkedin.com/in/marcoalver%C3%A0""]",True,287396487
5a25b043-478a-445a-8555-8d0a6ffc4b3c,zikooin,Provider of meat alternatives,,,,,,,,,False,Not in Affinity
f366a97e-9b48-4373-8daf-d5f1f62471b1,ZincFive,Rechargeable nickel-zinc batteries solution,zincfive.com,"Tualatin, Oregon","['Standard Industries', 'OGCI Climate Investments', '40 North Ventures', 'Helios Climate Ventures', 'Japan Energy Fund', 'Marc van den Berg', 'Senator Investment Group']",99.0,7.61,Series D,54000000.0,,True,118307443
15aa83d4-7525-451e-9c6f-d7b10db16428,Zingbus,Network of electric intercity buses,zingbus.com,"Gurgaon, India",,,,,,,False,224801119
ac43be50-d0e1-4d3f-8d18-97c8e2d87d42,Zitara,Battery management software,zitara.io,"San Francisco, California","['Collaborative Fund', 'NextView Ventures', 'Trucks VC', 'Energy Impact Partners LP (EIP)']",25.0,,Series A,12000000.0,"['Shyam Srinivasan (CEO + Co-Founder): https://linkedin.com/in/shyam-srinivasan-1a10b944', 'Evan Murphy (CTO + Co-Founder): https://linkedin.com/in/evan-murphy-7b5b501a']",True,283585412
31a95d17-7196-4b1b-b1c6-e8f61a169128,zola electric,Solar energy installer focused on sub-Saharan Africa,https://zypp.app/,,,,,,,,False,Not in Affinity
f884838b-1813-4811-a0ba-91130f68fcde,ZOLAR,Residential solar business,zolar.de,"Berlin, Germany","['Energy Impact Partners', 'Pirate Impact Capital', 'Inven Capital', 'GIC', 'Ecosia', 'Statkraft Ventures', 'Heartcore Capital', 'Berliner Volksbank', 'BNP Paribas', 'Hogan Lovells']",226.0,-43.07,Series C,100000000.0,"['Gregor Loukidis (Founder and shareholder): https://linkedin.com/in/gregor-loukidis-0352631', 'Jamie Heywood (Chief Executive Officer): https://linkedin.com/in/jamie-heywood-8371543']",True,136989822
409ead0f-640b-4954-8b1b-8badf3de00e6,zoomo,Maker of electric last-mile delivery vehicles,,,,,,,,,False,Not in Affinity
aeb715e9-0491-4002-b470-f5ecce542747,zordi,Autonomous greenhouse developer,,,,,,,,,False,Not in Affinity
06d1a0a9-1a1e-470c-a33f-bb2e990bbcc1,ZPARQ,Developer of ultracompact electric marine motors,zparq.se,"Älta, Sweden",,,,,,,False,283849350
5ae0636d-5d7f-4958-bdc8-823020c3a11d,Zuri,eVTOL aircraft manufacturer,zuri.com,"Prague, Czech Republic",,,,,,,False,268223780
bbc07d91-907e-4fe5-9758-3dccc1b7a446,Zuuse,Provider of construction payment management SaaS solutions,zuuse.com,"Portland, OR",,,,,,,False,15942754
e8a7e737-9de6-4d07-a81b-5862c52fdb40,ZwitterCo,Fouling-resistant membrane technologies provider,zwitterco.com,"Woburn, Massachusetts","['Genoa Ventures', 'Heritage Group Ventures', 'R-Cubed Capital Partners', 'DCVC', 'MANN+HUMMEL Corporate Ventures', 'Burnt Island Ventures', 'Mott Corporation', 'individual investors', 'Mann+Hummel Corporate Ventures', 'HG Ventures', 'Siteground', 'BHP', 'Evok Innovations', 'Munich Re Ventures', 'Blue Horizon Advisors']",66.0,-2.94,Series B,58400000.0,"['Christopher Drover (CTO & Co-Founder): https://linkedin.com/in/cdrover', 'Chris Roy (Co-Founder & VP Product): https://linkedin.com/in/chris-roy-60231b68', 'Alex Rappaport (CEO & Co-Founder): https://linkedin.com/in/alex-rappaport-627087103']",True,198217648
aaf88137-a2a4-4eba-975e-344f65abb453,Zymofix,Solid-state fermentation technology for fertilizers,zymofix.com,"Ghent, Belgium",,,,,,,False,299792881
26398d63-642d-4fc1-88fd-81c9669707af,Zymvol Biomodeling,Biotech enzyme discovery platform,zymvol.com,"Barcelona, Spain","['Elaia Partners', 'Faber', 'Übermorgen Ventures']",35.0,-7.89,Seed,3000000.0,"['Emanuele Monza (Co-founder & Chief Scientific Officer): https://linkedin.com/in/emanuele-monza-416b1ba4', 'Mona Costelloe (Chief Business Officer & Executive Board Member): https://linkedin.com/in/monamoghimi', 'Maria Fátima Lucas (Co-founder & Chief Executive Officer): https://linkedin.com/in/fatimalucas', 'Víctor Gil (Co-founder & CTO): https://linkedin.com/in/vgilsep']",True,142375942
955465a8-1e8f-49e2-aafe-8c75b0172742,zyngo ev,Sustainable last-mile solutions company,,,,,,,,,False,Not in Affinity
deeef6fb-e35d-4f66-8b52-fbd42c30bef0,zypp electric,Last-mile delivery EV rental service,,,,,,,,,False,Not in Affinity
