id,name,tagline,domain,Location,Investors,Employees (Current),Employees: Growth YoY (%),Investment Stage,Last Funding Amount (USD),LinkedIn Profile (Founders/CEOs),In Energize Affinity,Affinty ID
735e03d1-5492-4bb3-81c6-83238587b958,Rice Acquisition,SPAC targeting the Energy Transition space,ricespac.com,,,,,,,,False,283182110
58b8b65c-174f-4a0d-a290-51d01168a480,Ride Report,Micro-mobility management tool for cities,ride.report,"Portland, Ore",,,,,,,False,161116367
f8742946-d6fa-4e32-8e92-dca1b680d209,Ride1UP,E-bike maker,ride1up.com,"San Diego, California",Ecosystem Integrity Fund,14.0,-6.67,Series A,6500000.0,"['Daniel Urbino (CEO): https://linkedin.com/in/daniel-urbino-a875ba22', 'Kevin Dugger (Founder): https://linkedin.com/in/kevin-dugger-199b67181']",True,278761979
5ff3a69d-d773-4ea6-9c1e-9f00f08a7f64,Ridecell,Fleet management software maker,ridecell.com,"San Francisco, California","['Denso', 'Deutsche Bahn', 'BNP Paribas', 'U.S. Small Business Administration.', 'Penske', 'Sony Innovation Fund', 'Khosla Ventures', 'Fort Ross Ventures', 'Solasta Ventures', 'Cox Automotive', 'Activate Capital', 'Mitsui', 'DENSO', 'Initialized Capital', 'LG Technology Ventures', ""Munich Re Venture's ERGO Fund"", 'Mark Platshon', 'Mehul Nariyawala', 'Gokul Rajaram', 'Navneet Dalal', 'Michael Granoff', 'BMW i Ventures', 'Maniv Investments', 'Ally Ventures']",191.0,-12.39,Other,,"['Nalin Gupta (Co-founder (& Dir. of Biz Dev) of Autonomous Driving Division (Auro)): https://linkedin.com/in/guptanalin', 'Aarjav Trivedi (Founder & CEO): https://linkedin.com/in/aarjav', 'Arun Elangovan (CoFounder): https://linkedin.com/in/arunelangovan']",True,1541946
8cff13e3-859c-400b-9ee3-147f5386ad38,Ridepanda,"Online seller of e-bikes, e-scooters, and e-mopeds",ridepanda.com,"San Francisco, California","['General Catalyst', 'Oyster Ventures', 'Proeza Ventures', 'Porsche Ventures', 'Yamaha Motor Ventures', 'Somersault Ventures', 'Blackhorn Ventures', 'Urban Us Capital']",36.0,20.0,Other,7500000.0,"['Charlie Depman (Co-founder & CTO): https://linkedin.com/in/cdepman', 'Chinmay Malaviya (Co-founder and CEO): https://linkedin.com/in/chinmaymalaviya']",True,263339297
c39b6686-9576-4a26-b0bc-fe1e77aee2f8,RideTandem,Sustainable transportation company,ridetandem.com,"London, UK",,,,,,,False,292527717
a795123e-391b-46fc-bdd4-c43bba80f904,Ridgewood Infrastructure,Second fund for water and strategic infrastructure,ridgewoodinfrastructure.com,New York,,23.0,9.52,Investment Fund,1200000000.0,,True,131593431
9022f72a-9380-4366-8806-1640361ee3f2,rift,Iron fuel technology developer,,,,,,,,,False,Not in Affinity
3648c456-8522-48f6-abf6-37ae7336cd1e,Rimac Group,Electric sports car maker,rimac-group.com,Croatia,,,,,,,False,286912418
7e812a91-3d3a-40ff-b2f6-d39deca6b611,RIMERE,Technologies converting natural gas into hydrogen and graphene,rimere.com,"Newport Beach, CA",,,,,,,False,292536700
4f79f811-3701-47f3-8bb7-65fd7c675142,rincell corporation,Advanced battery cell developer,,,,,,,,,False,Not in Affinity
16620639-7365-46fd-ad80-6ebf75b7ba8a,RipeLocker,Provider of containers extending the post-harvest life of food perishables,ripelocker.com,"Seattle, WA",,,,,,,False,213997696
19747fec-2934-427c-a603-3dbfe5c4f0ee,Rise Gardens,"Indoor, smart hydroponics startup",risegardens.com,"Skokie, IL",,,,,,,False,222083356
00296e17-6d0c-4a33-aed2-b87d636e0314,Rise Robotics,Startup focused on heavy machinery electrification,riserobotics.com,"Somerville, Massachusetts",The Engine,26.0,0.0,Other,3000000.0,"['Blake Sessions (Director of R+D and Co-Founder): https://linkedin.com/in/blake-sessions-96292a2a', 'Arron Acosta (Co-founder, CEO): https://linkedin.com/in/arronacosta', 'Toomas Sepp (Director of Product Development and Co-Founder): https://linkedin.com/in/toomas-sepp-03730144']",True,1618801
6d41190c-4a9e-4390-8f43-5531854804d1,Risilience,Climate risk platform,risilience.com,"Cambridge, United Kingdom","['National Grid Partners', 'Quantum Innovation Fund', 'IQ Capital']",69.0,9.52,Series B,26000000.0,Andrew Coburn (Chief Executive Officer): https://linkedin.com/in/andrew-coburn-214a675,True,284963314
2af791b2-e981-4ca9-b373-e2df9324b5fe,Rival Foods,Plant-based meat technology,rival-foods.com,Netherlands,,,,,,,False,268176129
ec6b6bdd-f27c-4054-a0af-85c5cbc16952,rivan,Synthetic fuel plants developer,https://www.rivian.com/,,,,,,,,False,Not in Affinity
6b556244-6dbe-4e9b-ab41-804efce704bf,Rivan Industries,Modular systems for producing synthetic fuel,rivan.com,London,,,,,,,False,296747704
74f669d0-6c0a-4a62-9ec3-c0b80829cd94,Huron River Ventures,Electric 2-wheel manufacturer,huronrivervc.com,"Bengaluru, India",N/A,4.0,0.0,,11000000.0,"['Ryan Waddington (Co-Founder and Partner): https://linkedin.com/in/ryanwaddington', 'Tim Streit (Co-Founder and Managing Partner): https://linkedin.com/in/tim-streit-4540555']",True,1592162
eb3943ef-d345-4aaa-9a21-6d0988deed5f,riverlane,Quantum engineering company,,,,,,,,,False,Not in Affinity
e28b2270-9341-40cc-bb67-45d1077de2da,Riverse,Decarbonization platform for the European industrial sector,riverse.io,"Écrouves, France","['Makesense', 'SpeedInvest', 'Serena', 'Alven', 'Racine', 'Kfund', 'Speedinvest', 'Techstars Berlin', 'Evolem', 'Eric Bergé', 'Tobias Lechtenfeld', 'Stephan Rohr', 'Andreas Wiele']",22.0,-12.0,Seed,5000000.0,"['Ludovic Chatoux (Co-Founder): https://linkedin.com/in/ludovic-chatoux', 'Grégoire Guirauden (Co-founder): https://linkedin.com/in/gr%C3%A9goire-guirauden-74397980', 'Clément Georget (Co-Founder): https://linkedin.com/in/cl%C3%A9ment-georget-6b102689', 'Benjamin Safar (Founder Associate): https://linkedin.com/in/benjamin-safar-518291148']",True,284203875
df3162ad-5220-4e3a-bd17-4f65d4fa2a43,Rivian,Manufacturer of electric SUVs and pickup trucks,rivian.com,"Irvine, California","['Fidelity Management and Research Company', 'Amazon', 'BlackRock', 'Ford', 'T. Rowe Price', 'Coatue', 'Baron Capital Group', 'Soros Fund Management LLC', 'T. Rowe Price Associates, Inc.']",9208.0,-7.66,Public Markets,11934000000.0,,True,1628782
8692f5da-b8fa-4c95-9ab4-fc5fe3d06402,rize,Farming practice changes reducing methane emissions,https://rize.com/,,,,,,,,False,Not in Affinity
7c90b9e8-bc78-4815-b0dc-6b3716acb54c,rl core technologies,AI software for industrial control systems,,,,,,,,,False,Not in Affinity
ddd59251-0948-4485-91ea-bdaa57f1c9a4,RMG Acquisition III,SPAC targeting ESG companies,2233.vc,,,,,,,,False,295737904
1a63ca8d-771f-4d0f-94f3-78e38b123690,Ro,Telehealth company focused on men’s and women’s health,ro.co,"New York, NY",,,,,,,False,161800639
fe2d5a18-f5e5-4d4a-9166-78a0877a56b6,RoadRunner Recycling,Sustainable waste management company,roadrunnerwm.com,"Pittsburgh, Pennsylvania","['U.S. Small Business Administration.', 'Adams Capital Management', 'FJ Labs', 'Avery Dennison', 'e.ventures', 'Greycroft', 'Valo Ventures', 'Franklin Templeton', 'General Atlantic', 'BeyondNetZero']",430.0,-1.38,Series D,20000000.0,"['Graham Rihn (Founder & CEO): https://linkedin.com/in/grahamrihn', 'Michael Mendenhall (Board Advisor to CEO and Founder): https://linkedin.com/in/michael-mendenhall-8859816']",True,1699452
fb3ea683-e95d-41fd-acaf-bfb41dc9bd25,RoadSync,Digital payments platform for the transportation industry,roadsync.com,"Atlanta, GA",,,,,,,False,1754556
d0b56875-4709-45b0-8cc3-61996376394d,roam,Electric motorcycles and utility vehicles,,,,,,,,,False,Not in Affinity
ec875252-1a07-452d-910d-160b19fa9a21,Robigo,Provider of a biopesticide crop protection platform,robigo.bio,"Cambridge, Massachusetts","['First Star Ventures', 'Good Growth Capital', 'Congruent Ventures']",17.0,-5.56,Seed,6850000.0,"['Connor Sweeney (Co-Founder | CEO): https://linkedin.com/in/connorjsweeney', 'Andee Wallace, PhD (Co-founder | Chief Executive Officer): https://linkedin.com/in/andee-wallace-phd-43aba549', 'Jai Padmakumar (Co-Founder | Chief Scientific Officer): https://linkedin.com/in/jai-padmakumar']",True,283871267
7f83166c-0a1f-4357-8876-77a1f1f9d820,roboforce,Automation of workforce manufacturer,,,,,,,,,False,Not in Affinity
e3de0060-9b33-4ef7-b64a-65678c75d6a3,Robotic Research,Autonomous mobility and robotics software company,roboticresearch.com,"Clarksburg, MD",,,,,,,False,136337640
77433e8e-dc57-4288-86d7-a39aaa94cfb7,Robust International,Agricultural commodity export platform,robust-international.com,"Singapore, Singapore",,,,,,,False,298583583
5b62c131-82d6-4112-92b7-62b34a0be836,Rock Rabbit,Software for managing energy rebates,rockrabbit.ai,"San Francisco, California",,18.0,80.0,,22950.0,,True,291213358
2dfbced0-7805-4149-9638-17d45c8f0f11,rockaway ventures,Invest in late-seed and Series A startups in energy and defense,https://rockawayventures.com/,,,,,,,,False,Not in Affinity
822a34b0-bdf0-45d2-9c71-dad30e1a1c29,ROCSYS,Developer of robotic EV charging solutions,rocsys.com,"Delft, Netherlands",,,,,,,False,224627447
64fd9dc4-3e07-4f7f-90e1-757f24ba5bb3,ROD Radar,Developing sensors for avoiding damages to underground utilities,rodradar.com,Israel,,,,,,,False,208428524
c91d78e1-b8a5-4b68-8100-784073f40663,roetz,Circular bicycle brand,https://roetz.com/,,,,,,,,False,Not in Affinity
6d799679-e20e-4530-8593-abf44d205108,romco,Metals recycling startup,,,,,,,,,False,Not in Affinity
e726fd9d-9948-42f3-a7d4-c556574d61a4,romeo power technology,Provider of sustainable power systems for electric vehicles,,,,,,,,,False,Not in Affinity
87acd424-9917-4300-9a70-44f3986caaa6,romeo systems,Electric battery company merging with a SPAC,,,,,,,,,False,Not in Affinity
0ee669fd-75c4-4198-9cab-071009e792ff,rondo energy,Heat batteries,,,,,,,,,False,Not in Affinity
18f3877f-7688-4164-bc1b-08e069372bdd,Roofit.solar,Rooftop solar company,roofit.solar,"Tallinn, Estonia",,,,,,,False,263191869
d75a515f-bd0c-432e-8e70-5e3e00c6bab5,root ai,Building produce-picking robots,,,,,,,,,False,Not in Affinity
6e4c75f0-c8db-4726-8e67-5aeb70012615,RootWave,Electric weed-killing technology,rootwave.com,"Kineton, England",,,,,,,False,162559237
735ffe36-edb4-44a9-a037-607565e64828,Ross University,Company recycling photovoltaic panels,rossu.edu,France,Leeds Equity Partners,718.0,-0.69,,,Elaine Watson (Executive Dean and Chief Academic Officer): https://linkedin.com/in/elaine-watson-88663793,True,1804903
bdfe1326-f270-4745-924c-e947ee6e3045,roslin technologies,Providing animal cell lines for cultivated meat production,,,,,,,,,False,Not in Affinity
c4d1d349-613e-45be-9f02-d850875ac6ee,Rosy Soil,Planter soil with integrated biochar for health and sequestration,rosysoil.com,New York,,,,,,,False,291864789
44198a22-925b-47d1-ad15-5a05eb974ee3,RouteSmart Technologies,Product tracking software company,routesmart.com,"Columbia, South Carolina",PPP,57.0,3.64,PPP Loan,1119000.0,,True,136321217
79d8520b-0ee6-48f5-b06b-3fa53ef4edde,Route Reports,Infrastructure data software platform for roads and rail,routereports.com,"London, United Kingdom",,,,,,,False,220043934
37671012-8ec9-49d4-9f66-ac1b2b6d80c3,rowan digital infrastructure,Sustainable data center development,,,,,,,,,False,Not in Affinity
f623c30d-775e-447a-b20b-5eb4dc17e07e,rplus energies,Renewables development business,,,,,,,,,False,Not in Affinity
a8dabfec-8ba8-4d80-b41a-57561ab4e889,rubi laboratories,Carbon-negative cellulosic textiles startup,,,,,,,,,False,Not in Affinity
59787688-78a7-467a-a5f7-f4e45f5a3640,Rubicon Carbon,Carbon marketplace platform,rubiconcarbon.com,"Los Angeles, California",TPG Rise Climate,39.0,0.0,Other,300000000.0,Tom Montag (Chief Executive Officer): https://linkedin.com/in/tom-montag-68772b9,True,287191292
0a27e4a1-6f54-4b80-ae8f-bbdd32b9f76e,Rugged Robotics,Construction technology startup focused on automation,rugged-robotics.com,"Houston, Texas","['Suffolk Technologies', 'Riot Ventures', 'morpheus', 'Consigli Construction Company', 'embark', 'BOLD Capital Partners', 'Brick & Mortar Ventures']",31.0,-11.43,Series A,9400000.0,Logan Farrell (Co-Founder and VP of Engineering): https://linkedin.com/in/logan-farrell-a7868116,True,220244502
75fd8cb9-cb69-4f45-b535-f41ea5634578,rumin8,Developer of feed supplements to reduce methane emissions from livestock,,,,,,,,,False,Not in Affinity
f0f6c439-daf4-49f6-a330-7e1ebab49f93,Ruminant BioTech,Methane-inhibiting bolus for livestock emissions,ruminantbiotech.com,"Auckland, New Zealand",,,,,,,False,291024925
43d64a39-35dd-4dbe-b48e-de737b4cc4db,rune labs,Developer of software for neuroscience therapeutics,,,,,,,,,False,Not in Affinity
9763427a-8fc5-42d7-a89f-5ac6f5c86051,Running Tide,Ocean-based carbon removal developer,runningtide.com,"Portland, Oregon",,18.0,-75.68,,,,True,221329618
511bb73c-042d-498b-839a-695165f6d376,Runwise,Building control company,runwise.com,"New York, New York","['Fifth Wall', 'Helium-3', 'Derive Ventures', 'Silence VC', 'MCJ Collective', 'Susa Ventures', 'SOJA Ventures', 'NextView Ventures', 'Rudin Management', 'Initialized Capital', 'Notation Capital', 'The Cannon Project', 'Waterman Ventures', 'The Strykers of Friedman Management', 'Munich Re Ventures', 'Nuveen Real Estate', 'Cooley', 'Menlo Ventures', 'MassMutual Ventures', 'Soma Capital', 'Multiplier Capital', 'Alumni Ventures']",110.0,14.58,Series B,55000000.0,"['Lee Hoffman (Co-Founder & COO): https://linkedin.com/in/leemhoffman', 'Michael Cook (Co-Founder & SVP, Sales): https://linkedin.com/in/michael-cook-64842864', 'Jeffrey Carleton (CEO): https://linkedin.com/in/jeffrey-carleton-571894132']",True,283968781
1f72ba7b-68fd-4bec-8e09-c4d6bc09a6c2,Ruuf,Solar power marketplace,ruuf.cl,"Santiago, Chile",,28.0,64.71,,516375.0,Noelle Sele (Founder): https://linkedin.com/in/noelle-sele-32764111b,True,288918673
cadb3078-a340-4069-ac09-8be8570f6134,RWDC Industries,Bioplastics manufacturing startup,rwdc-industries.com,"Athens, GA",,,,,,,False,202532215
1c93e719-6351-4e4a-9869-1055d2423a08,Rynse,Fleet management platform,gorynse.com,"Santa Monica, California","['Founder Collective', 'Connexa Capital', 'Autotech Ventures', 'Correlation Ventures']",12.0,140.0,Seed,5000000.0,"['Jake Gutman (Co-Founder): https://linkedin.com/in/jake-gutman-15a2328b', 'Roland Lau (Co-Founder): https://linkedin.com/in/roland-lau-1b66a56b']",True,283705507
388cdce8-774b-430f-93d2-94ad167c3b7f,"Ryp Labs,",Food waste reduction technology developer,ryplabs.com,"Bothell, Washington",,,,,,,False,280959965
7d09dc91-0119-467d-8910-feef4d0594e9,Ryse Energy,Decentralized renewable energy developer,ryse.energy,"Abu Dhabi, United Arab Emirates",,,,,,,False,222241009
46ad859e-acd0-4c63-b24f-71b93b383fad,Ryte,Platform for measuring CO2 impact of websites,ryte.com,"Munich, Germany",,,,,,,False,128867102
a8b3c564-ae7d-44b4-b2c1-bd77bb1e639f,S2G Ventures,Venture firm focused on sustainable agriculture,s2gventures.com,"Chicago, IL","['Sanjeev Krishnan', 'Victor Friedberg', 'Chuck Templeton']",68.0,6.0,Investment Fund,600000000.0,"['Victor E. Friedberg (Co-Founder): https://linkedin.com/in/victor-e-friedberg-06022145', 'Lukas Walton (Founder): https://linkedin.com/in/lukas-walton']",True,42085047
bfd0b8d3-d1c7-4c6f-ad19-c09740188614,saeki,Autonomous factories company,,,,,,,,,False,Not in Affinity
e6048b4b-a355-4955-b2ed-839bad4dcacd,SAEKI Robotics,Manufacturing robotics developer,saeki.ch,"Zürich, Switzerland","['Vento Ventures', 'Wingman Ventures', 'Getty Capital', 'angel investors', 'Lightbird', '2100VC', 'multiple high-profile business angels', 'Danobat', 'Founderful']",17.0,54.55,Seed,6400000.0,"['Oliver Harley (Co-Founder): https://linkedin.com/in/oliver-harley', 'Matthias Leschok (Co-Founder): https://linkedin.com/in/matthias-leschok-16b8a6194', 'andrea perissinotto (Co-Founder): https://linkedin.com/in/andrea-perissinotto-b204981a5', 'Andrea Perissinotto (Co-Founder): https://linkedin.com/in/andrea-perissinotto-b204981a5']",True,285092958
f0527800-3460-4982-8ec4-ca56379a1c3f,safeai,Autonomous heavy equipment startup,,,,,,,,,False,Not in Affinity
c2ddb4dc-0a01-434b-b9e4-463ac771e24d,Safegrid Oy,Grid fault detection and sensing technology provider,safegrid.io,"Espoo, Finland","['Ajanta Innovations', 'angel investors', 'Teollisuussjoitus', 'Grid.VC']",28.0,0.0,,5700000.0,"['Mika Marjalaakso (Co-Founder): https://linkedin.com/in/mikamarjalaakso', 'Jussi Hakunti (CEO): https://linkedin.com/in/jussi-hakunti-50ba524']",True,224615977
6a5da25e-80cd-497d-abca-d308ed413fdd,Safehub,Platform for building earthquake damage information,safehub.io,"San Francisco, California","['Team Builder Ventures', 'Promus Ventures', 'Fusion Fund', 'Maschmeyer Group Ventures', 'Ubiquity Ventures', 'Bolt', 'Blackhorn Ventures']",19.0,0.0,Seed,5000000.0,Andy Thompson (Cofounder & CEO): https://linkedin.com/in/andy-thompson-safehub,True,161798647
f17476df-f194-444a-94ab-f670b8b7933d,safi,Marketplace for trading recyclables internationally,,,,,,,,,False,Not in Affinity
04c9594f-0243-4c02-8e97-e90303de7325,safire,Battery safety technology developer,https://sunfire.de/,,,,,,,,False,Not in Affinity
79cbd11f-8b2f-429d-9ec2-33f5f964d16c,safire technology group,Safer lithium-ion batteries,,,,,,,,,False,Not in Affinity
fa59e3cc-b8a9-4b69-b9fd-e47f84c5a730,Sage Geosystems,Geothermal energy and storage systems,sagegeosystems.com,"Houston, TX",,,,,,,False,291928395
255e719b-b7c3-4bb4-906b-acef315d8e98,Saildrone,Ocean data collection service,saildrone.com,"None, None","['Standard Investments', ""Capricorn's Technology Impact Fund"", 'The Schmidt Family Foundation', 'Tribe Capital', 'Capricorn Investment Group', 'Emerson Collective', 'XN', 'Lux Capital', 'Crowley Maritime Corporation', 'Social Capital', 'Horizons Ventures', 'Bond', 'Capricorn’s Technology Impact Fund']",211.0,1.44,Series C,100000000.0,Richard Jenkins (CEO & Co-founder): https://linkedin.com/in/richard-jenkins-066a163,True,1764592
a14f2f54-43fc-4af2-8079-53021da5211b,sallea,Scaffolding technology for cultivated meat production,,,,,,,,,False,Not in Affinity
c3fc589c-9aa6-46ab-a1cd-47c45386bac1,Saltworks Technologies,Water treatment and lithium processing services provider,saltworkstech.com,"Richmond, Canada",,,,,,,False,118307477
3363a2ce-7d1b-43ff-b2c9-b3c51bc12f99,Salzstrom,Sodium-ion battery energy storage systems,salzstrom.com,"Vienna, Austria",,,,,,,False,302509488
55a820f1-58d7-477e-8bcd-22708381b33f,Samara,Residential solar platform,samara.com,Spain,,,,,,,False,286085379
e6074754-7322-494c-b648-13ce8cd2dcca,Samotics,Electrical data analytics technologies,samotics.com,"Leiden, Netherlands",83North,97.0,-8.49,Series A,14500000.0,"['Jasper Hoogeweegen (CEO): https://linkedin.com/in/jasper-hoogeweegen-8b390b2', 'Gerben Gooijers (CTO / Founder): https://linkedin.com/in/gerben-gooijers-7bb86b', 'Simon Jagers (Founder): https://linkedin.com/in/simonjagers']",True,280200385
49b1f650-33a0-4e18-8c30-e2248a8f20b8,Samsara Ecology,For its enzyme-based technology that breaks down plastics and other materials,samsaraecology.co.uk,Sydney,,,,,,,False,297704510
35bce0ac-a055-4d4f-85e6-392aee191b2a,sand to green,Developer of agroforestry plantations in arid climates,,,,,,,,,False,Not in Affinity
1faaef61-1a11-4288-a504-446c5e4feba7,sapphire technologies,Energy recovery systems developer and manufacturer,,,,,,,,,False,Not in Affinity
b1806d76-0cac-4f40-bdff-1519b3be6dfa,sarla aviation,Electric air taxis for urban mobility,,,,,,,,,False,Not in Affinity
e318b99c-e230-4f5f-a80d-523556d485a2,Satellite Vu,Thermal imaging satellite startup,satellitevu.com,"London, United Kingdom","['Molten Ventures', 'NOA', 'Seraphim', 'Stellar Ventures', 'Ridgeline', 'Adara Ventures', 'Lockheed Martin']",53.0,0.0,Other,25248200.0,Simon Tucker (Founder & Chief Business Development Officer): https://linkedin.com/in/simon-tucker-53619797,True,139437422
59eca5a8-d2bf-4593-92c0-df890fb946f6,Satelytics,Cloud-based geospatial analytics software monitoring environmental changes,satelytics.com,"Toledo, Ohio",bp,31.0,-11.43,,5000000.0,,True,22077342
c402d028-6794-4d0c-ae96-bf6070730763,SatSure,Earth observation platform,satsure.co,"Bangalore, India","['Force Ventures', 'Baring Private Equity India', 'IndigoEdge Advisors', 'xto10X', 'Toch.ai', 'Omidyar Network India', 'Baring Private Equity Partners (BPEP)', 'Promus Ventures', 'Luckbox Ventures', 'ADB Ventures']",141.0,-0.7,Series A,15000000.0,"['Prateep Basu (Co-Founder & Global Head - Strategy & Partnerships): https://linkedin.com/in/prateep-basu-0ba6791b', 'Ishan Tomar (Co-Founder, CTO): https://linkedin.com/in/ishantomar']",True,219985084
920498e6-967c-41d0-b9ec-91660f52b404,Saturas,Precision irrigation startup,saturas-ag.com,Israel,,,,,,,False,2532592
db5aa50b-0f38-4cdc-a69c-c9ec962655af,SatVUE,Satellite-based thermal imaging solutions,satvue.com.au,London,,,,,,,False,298913191
69f20990-03d9-4c0f-a8e9-4d6c590ffadc,SAVEGGY,Plant-based packaging for vegetables,saveggy.com,"Lund, Sweden",,,,,,,False,279158853
f50a1922-2bcc-46f7-a1ae-451b6edf9181,SaveMoneyCutCarbon,Marketplace for energy efficiency products,savemoneycutcarbon.com,"Bury Saint Edmunds, United Kingdom","['IW Capital', 'Barclays Sustainable Impact Capital', 'Low Carbon Initiative Fund 2']",44.0,2.33,Other,6223350.0,"['Mark Sait (CEO): https://linkedin.com/in/marksait', 'Jess Courdelle (PA to CEO and Executive Team): https://linkedin.com/in/jess-courdelle-899975150']",True,124904341
594bb1f9-ac6a-4b6d-9ce8-fc8c224f4c06,Scala Data Centers,Sustainable data center platform,scaladatacenters.com,"São Paulo, Brazil",,,,,,,False,263510069
cbd56c82-6980-4839-9df1-b66ba7864119,Scalar International,Private equity fund for energy efficiency,scalarintl.com,"New York, NY",,,,,,,False,291661582
401ffd0d-a351-49c8-ba41-c1818da7e7af,Scale Microgrids,Building distributed generation projects,scalemicrogrids.com,"City Not Specified, State Not Specified","['Investec', 'KeyBanc Capital Markets', 'Connecticut Green Bank', 'Cadence Bank', 'Mitsubishi HC Capital America', 'Energetic Capital', 'New York Green Bank']",111.0,2.78,,275000000.0,,True,291936842
4e5b8031-5ad3-420d-b0f9-9dcd55484311,Scaler,ESG reporting platform for real estate investors,scaler.co,"New York City and Amsterdam, The Netherlands",,25.0,,,,,True,1612764
5430c5d5-02d4-4145-ab04-9545fa1920e3,sceye,Long-endurance flight at high altitude technologies,,,,,,,,,False,Not in Affinity
b0db2631-f6c2-4547-9989-6be41120c129,Schlumberger,Carbon capture business acquisition,slb.com,"Houston, Texas","['Viking Growth', 'Exor']",69750.0,-1.87,Public Markets,,,True,163277757
9465237b-6c38-495b-bbd0-1cf131495ddf,Schüttflix,Circular economy for building materials platform,schuettflix.de,"Gütersloh, Germany","['Draper Esprit', 'Thomas Hagedorn', 'Speedinvest', 'HV Capital', 'STRABAG', 'Christian Hülsewig']",148.0,-5.13,Series A,50000000.0,Christian Hülsewig (Founder and CEO): https://linkedin.com/in/christianhuelsewig,True,224017801
4c09b820-484e-49b9-9dbf-68ee364e8249,scifi foods (fka artemys foods),Cultivated meat startup,,,,,,,,,False,Not in Affinity
8265c1f0-de41-42a1-b331-cca1d42cde00,Scimplify,Specialty chemicals manufacturing platform,scimplify.com,"Bengaluru, India",,,,,,,False,295326544
23eae331-e9b3-4bc2-812a-7996e8d70c83,Scipher Technologies,Electronic waste recycling company,scipher-tech.com,Melbourne,,,,,,,False,279107152
8f1143c9-a54e-49fe-b4ab-2f868f7b696f,Scoot Science,Ocean analytics company,scootscience.com,"Santa Cruz, California","['First Star Ventures', 'Boxgroup', 'Hawktail Management']",7.0,0.0,Seed,4000000.0,"['Jonathan LaRiviere (Chief Executive Officer): https://linkedin.com/in/jonlariviere', 'Evan Goodwin (Chief Technology Officer and Co-Founder): https://linkedin.com/in/evan-goodwin-3a761453']",True,221250047
7f2b5611-649f-4dec-b746-e4eca96889ed,Scope Zero,Startup developing a carbon savings account,scope-zero.com,"San Francisco, California",,7.0,0.0,,103275.0,Lizzy Kolar (Co-Founder and CEO): https://linkedin.com/in/lizzy-kolar-147a5b59,True,286437910
3ee5bbda-88bb-446b-95c1-9c6ae034902a,Scope3,Remote emissions monitor and provider of emissions reduction solutions for advertising companies,scope3.com,"New York, New York","['GV', 'Room40 Ventures', 'Venrock', 'Virgo Strategic Investments', 'Craft Ventures', 'Aperiam Ventures']",108.0,63.64,Series C,25000000.0,,True,285258346
a04c7d87-f784-448b-af18-da8dc21824fe,Scorpio Electric,Electric motorcycle manufacturer,scorpioelectric.com,Singapore,,,,,,,False,265582592
da16fe59-5424-4de2-9998-19783a002232,scoutlabs,Uses solar to help farmers monitor pest infestations,,,,,,,,,False,Not in Affinity
f4b71bf5-fc10-480b-af15-199b16bd6217,ScrapBees,Scrap metal recycling and disposal service,schrottbienen.de,"Neuss, Germany","['Faraday Venture Partners', 'Business Angels', 'EIT RawMaterials', 'BONVENTURE', 'NRW.BANK']",7.0,0.0,,4000000.0,"['Thilo Hamm (Founder): https://linkedin.com/in/thilo-hamm-798b74a3', 'Sebastian Kopsan (Co-Founder): https://linkedin.com/in/sebastian-kopsan-b0646711b']",True,278414800
ed7df941-6b40-473f-a14b-b15459558fc9,SCW Systems,Direct air capture and synthetic natural gas and green hydrogen production technologies,scwsystems.com,"Alkmaar, Netherlands",,,,,,,False,262533537
0eab5121-831b-4546-b010-2d1cc54e18d6,Scythe Robotics,Autonomous robotic company,scytherobotics.com,"Boulder, Colorado","['Energy Impact Partners', 'Inspired Capital', 'Lemnos', 'True Ventures', 'Zigg Capital', 'ArcTern Ventures', 'Alumni Ventures', ""Amazon's Alexa Fund""]",77.0,2.67,Series B,42000000.0,"['Davis Foster (Co-Founder, HW Lead): https://linkedin.com/in/davisfoster', 'Isaac Roberts (Co-Founder): https://linkedin.com/in/isaac-roberts-0409a97']",True,151465104
e4d23059-9729-4a6b-8ec7-ddc39c177120,SE Ventures,Accelerator program for climate and industrial tech,seventures.com,Menlo Park,,,,,,,False,291951827
c2d94a80-941e-4ecd-9520-e507a9af9667,Sea Machines Robotics,Developer of autonomous systems for ocean-going vessels,sea-machines.com,"Boston, MA",,,,,,,False,2179430
77e52e4b-3b63-4a36-a7fc-e22691c55eaa,Sea6 Energy,Ocean farming startup,sea6energy.com,India,,,,,,,False,220554616
3b9c4a65-616d-4e02-bf07-db53d478b85a,Seadronix,Autonomous marine navigation control system developer,seadronix.com,"Ulsan, South Korea",,,,,,,False,223166697
bb2e437a-703e-4f22-876b-eae2a9c18c2f,OLALA! (ex Seafood Reboot),Startup developing plant-based seafood products,olalafoods.fr,Paris,,,,,,,False,291823817
367ca314-974e-40e8-91ed-c72fed8d8926,Sealed,Climate tech company focused on home energy waste,sealed.com,"New York, New York","['Keyframe Capital', 'Fifth Wall', 'Cyrus Capital', 'CityRock Ventures', 'U.S. Small Business Administration.', 'FootPrint Coalition Ventures', 'CityRock Venture Partners', 'Fifth Wall Climate Tech', 'Robert Downey Jr.’s FootPrint Coalition']",56.0,-9.68,Other,30000000.0,"['Andy Frank (Founder and President): https://linkedin.com/in/andy-frank-b163009', 'Lauren Salz (Co-Founder and CEO): https://linkedin.com/in/laurensalz', 'Paul Gilkerson (Co-Founder and Director of Sales, Investor and Advisor): https://linkedin.com/in/paul-gilkerson-5877ab14', 'Brian Kibby (Executive Chairman): https://linkedin.com/in/briankibby']",True,1664530
1a9f83b3-0b18-4627-b975-2e9e90c52191,seam group,Energy asset management platform,,,,,,,,,False,Not in Affinity
390010b4-fa26-4ccc-927a-4ccda9a6b772,seao2,Ocean-based carbon removal business,,,,,,,,,False,Not in Affinity
dcb68954-73a7-4d2a-a695-b30cb94c8505,Seatrec,Renewable energy company,seatrec.com,"Monrovia, California",American Lending Center,15.0,0.0,Debt,1000000.0,,True,106699075
b0fe28fd-d635-4b7b-b6cc-2884087b24a4,SeaX Ventures,First climate-focused fund,seaxventures.vc,San Francisco,,12.0,-7.69,Investment Fund,60000000.0,Nattaphol Vimolchalao (Co-Founder & Venture Partner): https://linkedin.com/in/nattaphol,True,286027478
68c44ee9-08e0-4fab-af12-91437d137752,seaya,"New climate tech fund, 'Andromeda'",,,,,,,,,False,Not in Affinity
3ccccb15-e281-4898-9e9b-bb197e3f5c55,secai marche,Farm-to-table platform,,,,,,,,,False,Not in Affinity
f117a918-3386-4121-8c43-6dd76b00111d,Seenons,Waste-saving platform for the circular economy,seenons.com,Amsterdam,,,,,,,False,279335455
c066ea37-bcb2-440d-8818-33b5cd0e3772,seetree,Tree intelligence platform,,,,,,,,,False,Not in Affinity
938d2af1-d915-43a6-b372-63aa7f94095c,Seismos,Developer of acoustic sensing technology,seismos.com,"Austin, Texas","['Javelin Venture Partners', 'Osage University Partners', 'U.S. Small Business Administration.', 'Edison Partners']",65.0,18.18,Other,15000000.0,"['Phoenix Nguyen (Executive Admin to the CEO): https://linkedin.com/in/phoenixpham', 'Panos Adamopoulos (Founder & CEO): https://linkedin.com/in/panosadamopoulos']",True,1772553
c26eba0f-cabd-4bd5-955d-6e6309b2b29d,Selex Motors,Electric motorcycles producer,selex.vn,"Hanoi, Vietnam",,,,,,,False,203269941
7648bb83-aecf-4f91-9b4b-e6b654f66794,Selfrag,Waste-to-value company,selfrag.com,"Kerzers, Switzerland",,,,,,,False,1744579
42d1adc1-d0d3-441a-8ed0-9953bf253150,Semios,Crop risk analytics startup,semios.com,Canada,,,,,,,False,1754881
faff2d95-396a-413d-8b9e-d86c2beb90cb,SENCROP,Provider of weather analytics services for agriculture,sencrop.com,France,,,,,,,False,124899713
aaec82ce-6015-43f6-b143-a320c6b4f217,Sendle,Shipping carrier focused on carbon neutrality and small business,sendle.com,"Australia and Seattle, WA",,,,,,,False,1776019
77ea7fce-2186-48cd-9a09-4b777c0259fc,senken,Climate finance trading platform,senken.io,"Berlin, Germany","['Offline Ventures', 'Climate Capital', 'Kraken Ventures', 'Obvious Ventures', 'Inflection']",23.0,-17.86,Series A,7500000.0,"['Djamel Mekibes (Chief Operating Officer & Co Founder): https://linkedin.com/in/djamel-mekibes-bb6a3b11a', 'Adrian Wons (Co-Founder & CEO): https://linkedin.com/in/adrian-wons-5116786a', 'René Schäfer (Co-Founder): https://linkedin.com/in/ren%C3%A9-sch%C3%A4fer-4ba5a244']",True,285134348
f39e4071-9229-454d-93ae-807be710977b,Senra Systems,Robotic manufacturing equipment for aerospace and energy sectors,senrasystems.us,"Torrance, California","['Dylan Field', 'General Catalyst', 'others', 'CIV', 'Founders Fund', 'Sequoia']",37.0,48.0,Series A,25000000.0,"Benjamin Shanahan (Co-Founder, CTO): https://linkedin.com/in/benshanahan",True,290806422
e16ef796-450a-439f-acac-81e7ed4b6748,sensand,Carbon credit and MRV platform for farmers,,,,,,,,,False,Not in Affinity
7de2095c-a1db-40a7-b397-ffae91033dab,Sensat,Platform using mapping drones for engineering grade survey data,sensat.co,U.K.,"['National Grid Partners', 'existing investors']",59.0,-11.94,Series B,20500000.0,,True,291806189
7743bd4a-f274-4066-99ed-6571b2f4d72d,SenseHawk,SaaS company for developing solar and other infrastructure sites,sensehawk.com,"Campbell, California","['SAIF Partners', 'Alpha Wave Incubation (AWI)', 'Falcon Edge Capital', 'ADQ']",95.0,-12.04,Series A,5100000.0,"['Swarup Mavanoor (Co-Founder and CEO): https://linkedin.com/in/swarupmavanoor', 'Rohit Ramesh (Co-Founder): https://linkedin.com/in/rohit-ramesh-42284019', 'Rahul Sankhe (President & Co-founder): https://linkedin.com/in/rahul-sankhe']",True,17376312
8eb7730e-99ee-44d1-bcca-173dcc0f278d,sensei,Computer vision startup,,,,,,,,,False,Not in Affinity
fecb3550-0521-4535-9a54-d82c4d7aa72b,sensenode,SaaS company developing technology that monitors and optimizes energy usage,,,,,,,,,False,Not in Affinity
4b1dd20e-6b14-45f8-bc63-2525fa0da99a,Sensible Weather,Climate risk technology company,sensibleweather.com,"Santa Monica, California","['Walkabout Ventures', 'Derive Ventures', 'Infinity Ventures', 'Certares Ventures', 'Wonder Ventures', 'Group1001', 'Group 1001', 'Spike Lipkin & Gordon Wintrob of Newfront Insurance', 'Raj Gokal of Solana Labs', 'Kiran Bhatraju of Arcadia Energy', ""Spencer Rascoff's 75 & Sunny Ventures""]",45.0,-6.25,Series A,12000000.0,Nick Cavanaugh (Founder): https://linkedin.com/in/nick-cavanaugh-31384824,True,224894077
6bec6ed6-d65f-4e3c-966c-4f3b6c460c96,sensmore,Autonomous machinery retrofitter,sensmore.ai,"New Lambton, Australia",,,,,,,False,287296313
7c7a9d21-963a-401a-b7dd-bbbdcc61495f,Sensoneo,Smart waste management solutions company,sensoneo.com,"Bratislava, Slovakia","['Crowdberry', 'EIC Fund', 'Venture to Future Fund', 'Taiwania Capital']",102.0,8.51,Series A,6000000.0,"['Martin Basila (Founder): https://linkedin.com/in/martinbasila', 'Andrea Basilova (Co-Founder & Communications Manager): https://linkedin.com/in/andreabasilova']",True,133413871
ce551ffa-0c8b-494e-b896-c0abbf1f0223,sensorFact,Smart monitoring for industrial SMEs platform,sensorfact.com,"Utrecht, Netherlands",,,,,,,False,223654167
665d2836-5057-4eba-bd83-47387280e238,SensorFlow,Hotel energy efficiency startup,sensorflow.co,Singapore,,,,,,,False,150127568
d8a51e60-2141-475b-b140-44bd714725d5,sensorita,Developer of waste management technology,,,,,,,,,False,Not in Affinity
269af4a6-b186-4637-98a3-83534475641a,SensorUp,Methane emissions management software provider,sensorup.com,"Calgary, Canada","['Export Development Canada', 'Evok Innovations', 'Bluesky Equities', 'Vanedge Capital', 'InterGen']",49.0,16.67,Series A,6000000.0,"['Steve Liang (Founder and CTO): https://linkedin.com/in/steve-liang-198b44', 'Geoff Mair (CEO): https://linkedin.com/in/geoff-mair-578a553', 'Terry Cunningham (Chief Executive Officer): https://linkedin.com/in/terry-cunningham-72692b']",True,122028041
854f6617-dcde-435b-82ff-97668bd21ae4,sentera,Agriculture insights company,,,,,,,,,False,Not in Affinity
a0219730-b627-43bd-9d8c-56149934109c,Sention Technologies,Ultrasound technology for lithium-ion batteries,sention.io,"London, United Kingdom","['Energy Revolution Ventures', 'Twin Path Ventures', 'Green Angel Ventures', 'Endgame Capital', 'Third Sphere', 'G.K. Goh Ventures', 'Doral Energy-Tech Ventures', 'UK Innovation and Science Seed Fund']",14.0,16.67,Seed,4300000.0,"['Paul Shearing (Co-Founder): https://linkedin.com/in/paul-shearing-15bb58100', 'Francis Prime (Chief Executive Officer): https://linkedin.com/in/primefarm']",True,290495243
63448923-634b-4719-a4d6-a4da3c9985bf,sentra.world,Emissions management platform for industrials,sentra.world,"Bengaluru, India",,,,,,,False,290423581
73b0c23a-05e2-4447-a1ad-f190a9bda9a7,Sentry,Provider of software error monitoring solutions,sentry.io,"San Francisco, California","['BOND', 'New Enterprise Associates', 'Accel', 'K5 Global', 'New Enterprise Associates (NEA)', 'New Enterprise Associates, Inc.']",365.0,-0.27,Late Stage,90000000.0,"['Milin Desai (Chief Executive Officer): https://linkedin.com/in/milin-desai-464757', 'Chris Jennings (Co-founder, Head of Design): https://linkedin.com/in/chris-jennings-427b54a3', 'David Cramer (Co-Founder and CEO): https://linkedin.com/in/david-cramer-59a9243']",True,1707729
8e18bdb1-4160-4361-8c9f-96639e53843d,Sepion Technologies,Li-metal battery company,sepiontechnologies.com,"Oakland, California",CALSTART,21.0,-38.24,Other,17500000.0,"['Brett Helms (Co-Founder and CSO): https://linkedin.com/in/brett-helms-872aa164', 'Peter Frischmann (CEO & Co-Founder): https://linkedin.com/in/peterfrischmann']",True,145560574
f91dd79f-6e6e-44d0-af88-a24946aec25f,Sepion Technologies,Build lithium-ion battery separator plant,sepiontechnologies.com,"Oakland, California",CALSTART,21.0,-38.24,Other,17500000.0,"['Brett Helms (Co-Founder and CSO): https://linkedin.com/in/brett-helms-872aa164', 'Peter Frischmann (CEO & Co-Founder): https://linkedin.com/in/peterfrischmann']",True,145560574
118717a3-15ae-494e-8c59-f5bc92685e8e,SEPPURE,Developer of nanofilters for industrial chemical separation,seppure.com,Singapore,,,,,,,False,223155655
94adfeb3-e6ab-489f-8a40-68db91a6029d,Sepura Home,High-tech food garbage disposal start-up,sepurahome.com,"Victoria, Canada",,,,,,,False,278970817
f6412beb-fe53-48c2-94ac-518ebc9eae87,Seqana,SaaS platform integrating satellite imagery and data,seqana.com,"Berlin, Germany","['Stefan Gross Selbeck', 'Ben-Elias Brandt', 'Counteract', 'ReGen Ventures', 'Klaus Kunz', 'Axel Stepken', 'HTGF']",23.0,15.0,Seed,2100000.0,"['Julian Kremers (Co-Founder and CTO): https://linkedin.com/in/julian-kremers-33a4b3113', 'Jakob Levin (Co-Founder): https://linkedin.com/in/jakobmarklevin']",True,283311603
98ab3f5f-311a-41d3-8c23-5257bc70b836,Sequestra,Technology for binding CO₂ in industrial residues,sequestra.co,Vienna,,,,,,,False,290285077
2d2226c2-032f-4b2c-8c2d-f1cb06a5fdd7,Serenity EHS,"AI environmental, health, and safety software provider",serenityehs.com,"San Diego, California","['Allegion Ventures', 'Base10 Partners']",21.0,0.0,Series A,5500000.0,"['Kris Markham (Founder): https://linkedin.com/in/kris-markham-3b8bab7', 'Peter Oneppo (Founder): https://linkedin.com/in/oneppo']",True,224645221
7c8c25ec-c45a-4f3f-a513-aafb53084645,Serenity EHS,"Environmental, health, safety, and sustainability software company",serenityehs.com,"San Diego, California","['Allegion Ventures', 'Base10 Partners']",21.0,0.0,Series A,5500000.0,"['Kris Markham (Founder): https://linkedin.com/in/kris-markham-3b8bab7', 'Peter Oneppo (Founder): https://linkedin.com/in/oneppo']",True,224645221
33d67815-5cf2-4d3d-a0f7-f5d97b801f2b,serentica renewables,Renewables provider for hard-to-abate industrial sectors,,,,,,,,,False,Not in Affinity
48802d42-f738-43a9-85b0-5b48aec81d8d,sero,Provider of home energy optimization services,,,,,,,,,False,Not in Affinity
d6594b18-f384-4750-b339-b78977ec646d,Service4Charger,EV charging infrastructure developer,service4charger.de,"Berlin, Germany",Energie 360,47.0,-12.96,Series A,10943700.0,"['Fabian Paul (Geschäftsführender Gesellschafter | CEO): https://linkedin.com/in/fabian-paul-93a00a96', 'Lucas Althammer (CEO): https://linkedin.com/in/lucas-althammer']",True,279472492
0afbfffb-454d-4ee3-a9cd-d75b0f905c78,ServiceTrade,Commercial service contractor software platform,servicetrade.com,"Durham, N.C.",,,,,,,False,1624022
3b18c06a-b86f-448c-815d-4d32a440153e,SESAMm,ESG text monitoring platform,sesamm.com,"Paris, France","['Opera Tech Ventures', 'New Alpha Asset Management', 'Unigestion', 'Elaia', 'NewAlpha Asset Management', 'The Carlyle Group', 'AngelSquare', 'La Caisse d’Epargne', 'partHavenrock', 'BPI', 'Banque Populaire', 'AFG Partners', 'Carlyle (CG)', 'CEGEE Capital', 'Raiffeisen Bank International’s (RBI) venture capital entity Elevator Ventures']",92.0,-13.21,Series B,35000000.0,"['Florian AUBRY (CTO & Co-Founder): https://linkedin.com/in/florian-aubry-a7547392', 'Sylvain Forté (CEO): https://linkedin.com/in/sylvain-fort%C3%A9-79701b55', 'Pierre RINALDI (Co-founder & COO): https://linkedin.com/in/pierre-rinaldi-0084b164']",True,123932094
35703788-40aa-4ff5-acf2-b42e90ef85fe,Seurat Technologies,3D metal printing startup focused on decarbonizing manufacturing,seurat.com,"Wilmington, MA",,,,,,,False,285078700
6dcb39a3-e892-45a6-96db-4a899729fb7d,Sevan Multi-Site Solutions,Provider of construction management services,sevansolutions.com,"Downers Grove, Illinois",ABS Capital Partners,339.0,-9.12,Series A,17500000.0,"['James Evans (President & CEO): https://linkedin.com/in/james-evans-65983318', 'Jim Evans (CEO & Founder): https://linkedin.com/in/jim-evans-65983318']",True,219951707
29224bf4-1e5d-4128-8f4e-4ed28a7422fa,Seven Oaks Acquisition,ESG-focused SPAC,sevenoaksacquisition.com,,,,,,,,False,279226126
dc87c080-9b8d-4a1d-af5d-c2024d287dc0,Sewer AI,Use AI to help detect problems in sewer pipes,sewerai.com,"Walnut Creek, California","['Builders VC', 'Bentley iTwin Ventures Fund', 'EPIC Ventures', 'Burnt Island Ventures', 'Innovius Capital', 'Epic Ventures', 'Bentley Systems', 'Zachary Bookman', 'Suffolk Ventures', 'CEOs of several elite AI and computer vision companies', 'Emerald VC', 'founder and CEO of OpenGov']",60.0,39.53,Series B,15000000.0,"['Billy Gilmartin (CSO & Co-Founder): https://linkedin.com/in/billgilmartiniv', 'Matthew Rosenthal (CEO / Co-Founder): https://linkedin.com/in/matthewrosenthal99']",True,223166140
7ef35184-70bf-48a2-ad83-a7a906865bb1,SHARE Mobility,Mobility-as-a-service platform for companies,sharemobility.com,"None, None","['Jumpstart', 'Employment Technology Fund', 'Venn Ventures', 'TrendForward Capital', 'Iron Gate Capital', 'Renewal Funds', 'JobsOhio', 'Seamless Capital', 'LOUD Capital', 'SustainVC']",88.0,4.0,Series A,12000000.0,"['Ryan McManus (CEO / Founder): https://linkedin.com/in/ryanpmcmanus', 'Michael Gilkey (City Founder - Cleveland): https://linkedin.com/in/gilkey', 'Hoa Pyles McManus (Co-Founder): https://linkedin.com/in/hoa-pyles-mcmanus', 'Holly Braschwitz (City Founder): https://linkedin.com/in/hollybraschwitz']",True,150792381
4ced4009-5c19-45d3-8a62-723d68f1d868,shelf engine,Optimizes the shelf-stocking process in grocery stores,,,,,,,,,False,Not in Affinity
8ce747c5-4a20-4f2d-9c94-35eac768d0ce,shift4good,Sustainable transportation venture fund,shift4good.com,"France, Singapore",,,,,,,False,280677867
54d59782-f4ff-47ca-90f2-0f4f939550c0,Shifted Energy,Distributed energy company,shiftedenergy.com,"Honolulu, Hawaii","['Buoyant Ventures', 'Kapor Capital', 'Hunt Development', 'EPIC Ventures', 'Startup Capital Ventures x SBI Fund']",17.0,-19.05,Seed,4300000.0,"['Forest Frizzell (CEO): https://linkedin.com/in/forestfrizzell', 'Olin Kealoha Lagon (Founder and CTO): https://linkedin.com/in/olinlagon']",True,128867135
bb8f40f2-c1f7-41df-868c-e3185417d9c7,shimmer industries,End-to-end software automating large-scale lighting projects,,,,,,,,,False,Not in Affinity
175b3576-c14b-413a-871a-7a7e22609b84,shine,Nuclear fusion developer,,,,,,,,,False,Not in Affinity
8add2fdc-aa5c-4fbf-8944-ee3bde4054f6,Shinkei Systems,Efficient fish-processing tech,shinkei.systems,"New York, New York","['Red & Blue Ventures', 'others', 'Cantos', 'Ravelin Capital', '8VC', 'Impatient Ventures', 'Susa/Humba Ventures', 'Undeterred Capital', 'Carya Venture Partners', 'existing investors']",19.0,58.33,Seed,6000000.0,Saif Khawaja (Founder): https://linkedin.com/in/saif-khawaja-898144105,True,285539178
60662d87-93ee-4aa2-bbbd-b93b2a19d56a,Shiok Meats,Alternative proteins startup developing lab-grown shrimp,shiokmeats.com,Singapore,,,,,,,False,212201332
456ff23c-fb86-44d6-9cfb-f0732a4b48ac,Shiru,Plant based ingredients developer,shiru.com,"Emeryville, CA",,,,,,,False,222330519
b4b46c79-df54-430a-bb90-ee4091b3666e,shoals technologies group,Provider of solar balance-of-systems solutions,https://shoals.com/,,,,,,,,False,Not in Affinity
6eb49814-ebce-4bf9-a7d4-0df4a3fc15ff,shoreline,Workflow automation and asset simulation SaaS company for the wind industry,,,,,,,,,False,Not in Affinity
fef17071-d041-4d6a-ae6f-3bbd3457d227,SHYFT Power Solutions,Software focused on optimizing energy resources in emerging markets,shyftpower.com,"Houston, Texas","['The SoftBank Vision Fund', 'Urban US Ventures', 'Lofty Inc', 'Samurai Ventures', 'Total Carbon Neutrality Ventures']",18.0,0.0,Seed,3100000.0,"['Cole Stites-Clayton (Co-founder, CTO): https://linkedin.com/in/cole-stites-clayton-76725830', 'Bert Bruggeman (Advisor to CEO): https://linkedin.com/in/bertbruggeman']",True,222190388
f470d9e9-ab30-4272-82d6-f86b35c0c0b1,Sibros,Connected vehicle platform company,sibros.tech,"San Jose, California","['Twin Ventures', 'Nexus Venture Partners', 'Moneta Ventures']",106.0,-15.87,Series A,12000000.0,"['Mayank Sikaria (CTO & Co-Founder): https://linkedin.com/in/mayank-sikaria-b744bb15', 'Hemant Sikaria (CEO & Co-founder): https://linkedin.com/in/hemantsikaria', 'Michael Carmel (CTO and Co-Founder): https://linkedin.com/in/michael-carmel-8317163']",True,220385897
16f7d5d1-3771-46e0-873e-e05fb7d27fc9,sicona battery technologies,Lithium-ion silicon anode technology provider,,,,,,,,,False,Not in Affinity
2dfdf1c8-2390-4445-ad31-5e4398b5dd25,Sidewalk Infrastructure Partners,Technology-enabled infrastructure development,sidewalkinfra.com,"New York, New York","['Alphabet', 'Ontario Teachers Pension Plan (OTPP)', 'Sidewalk Labs']",22.0,-4.35,Series A,400000000.0,Brian D. Barlow (Co-Founder & Co-CEO): https://linkedin.com/in/brian-d-barlow-47071b6,True,223201167
1c94974b-3ea3-4bad-b477-a0622baad979,sierra energy,Waste gasification company,,,,,,,,,False,Not in Affinity
a299ca4e-de10-4dae-ab54-70675797e0f8,sightglass,AI-powered private markets investor relations platform,,,,,,,,,False,Not in Affinity
030b22cd-d136-4607-8bae-c0e8417b25b4,Sigma Lithium,Lithium project developer,sigmalithiumresources.com,"Vancouver, Canada",,,,,,,False,262459380
85db2a55-8cbd-4f53-973e-032119881be0,Signol,Fuel-efficient routes in transport,signol.io,"London, United Kingdom","['Ultranav', 'TMV', 'MOL PLUS', 'East Innovate']",36.0,-2.7,Seed,2960000.0,"['Daniel White (CEO): https://linkedin.com/in/daniel-white-63242922', 'Michael Fanning (CEO): https://linkedin.com/in/michael-fanning-67a98420', 'Robert Metcalfe (Co-Founder): https://linkedin.com/in/rob-metcalfe']",True,140046557
877bead3-0768-429c-8a8d-a6a9c27c55fd,sila,To complete its factory in Washington state,,,,,,,,,False,Not in Affinity
fa36e512-e849-40b4-bc9b-99e9e32ff115,Sila Nanotechnologies,Battery materials company,silanano.com,"Alameda, CA",,,,,,,False,78860920
e7d1b13d-9bd0-4360-b8c3-d9afb0800dd9,silence,Early-stage and climate tech-focused fund,,,,,,,,,False,Not in Affinity
0b9e7729-926f-4627-b0c1-664b5e5442c6,silfab solar,Photovoltaic (PV) module developer and manufacturer,,,,,,,,,False,Not in Affinity
207009e7-4a4a-4991-a4a8-7a2c4ca14bec,silicon data,Information about GPU pricing and performance benchmarking,,,,,,,,,False,Not in Affinity
b3fd18bc-df20-4638-978b-b3a518dfd4dd,Silicon Ranch,Solar developer buying domestic solar panels,siliconranch.com,"Nashville, Tennessee","['AIP Management', 'TD Asset Management Inc.', 'U.S. Small Business Administration.', 'Shell', 'Mountain Group Partners']",259.0,-3.72,Other,500000000.0,"['Matt Kisber (President & CEO): https://linkedin.com/in/matt-kisber-92445220', 'Reagan Farr (President and Chief Executive Officer): https://linkedin.com/in/reagan-farr-86641784', 'Reagan Farr (President / CEO): https://linkedin.com/in/reagan-farr-4a92a357']",True,17376034
babd6068-c16b-4dc8-ac56-8d286aabc901,silicon ranch corporation,Independent renewable energy producer,https://www.siliconranch.com/,,,,,,,,False,Not in Affinity
05d62915-4f7f-4cd3-b26d-86abfd48d8ae,SilviaTerra,Forestry company for exchanging carbon offsets,silviaterra.com,"San Francisco, California","['Union Square Ventures', 'Version One Ventures']",30.0,20.0,Seed,4400000.0,"['Zack Parisa (Co-Founder): https://linkedin.com/in/zack-parisa-77633752', 'Max Nova (Co-Founder and COO): https://linkedin.com/in/maxnova']",True,152820881
82ccb9de-b0b1-411b-9789-47a37bedc304,simple energy,Smart electric scooters manufacturer,,,,,,,,,False,Not in Affinity
ed4a2470-71bd-4fcb-8b0f-8707f597b83e,simple planet,Cultivated meat ingredients,,,,,,,,,False,Not in Affinity
dd9a5448-b18f-4dfa-9393-3e119841b469,Simplifyber,Creating molded garment and shoe uppers from cellulose-based liquid,simplifyber.com,"Raleigh, North Carolina","['W Fund', 'REFASHIOND Ventures', 'Plug & Play Ventures', 'Techstars', 'Heritage Group Ventures', 'Keeler Investments Group', 'The Helm', 'At One Ventures', 'Jetstream Ventures', 'CapitalX Ventures', 'others', 'Suzano Ventures', 'One Small Planet', 'Overlay Capital', 'Collateral Good', 'Meliorate Partners', 'M.I.H. Capital', 'Plug and Play Sustainability Fund', 'Staddle Holdings']",18.0,-10.0,Series A,12000000.0,Maria Intscher-Owrang (Chief Executive Officer): https://linkedin.com/in/maria-intscher-owrang-3278a07,True,279068047
6c2dc90f-1a46-4994-be13-53753d6b267e,Simply Homes,"Platform designed to optimize the acquisition, renovation, and leasing of stagnant houses",simplyhomes.com,"Portland, Maine",,,,,,,False,291838270
f7aef7d7-2df2-4454-8702-2b2dfb4a5809,simplyblock,Cloud-storage products for efficient data centers,simplyblock.io,"Teltow, Germany","['42CAP', 'Begin Capital', 'Johan Svensson', 'Antler']",17.0,13.33,Seed,2750000.0,"['Michael Schmidt (Founder): https://linkedin.com/in/michael-schmidt-7268a89', 'Rob Pankow (Co-Founder): https://linkedin.com/in/robertpankow']",True,284235524
c264792b-4c64-4dcd-96fb-5555bbf7bf07,SIMULATE,Plant-based chicken nuggets company,simulate.com,"New York, NY",,,,,,,False,223146074
0842d157-4929-440f-a080-b91f9a595878,SINAI Technologies,Startup helping companies calculate internal carbon pricing,sinaitechnologies.com,"San Francisco, California","['Stardust Equity', 'Climactic', 'Afore', 'Ajax Strategies', 'Climate Capital', 'High Alpha', 'Obvious Ventures', 'Afore Capital', 'Valo Ventures', 'Singtel Innov8', 'MCJ Collective', 'Presidio Ventures', 'Abstract Ventures', 'Coelius Capital', 'Energize Ventures', 'the founders of Eventbrite and PlanGrid', 'NEC Translink Capital', 'HighSage']",26.0,4.0,Series A,22000000.0,"['Maria Carolina Fujihara (Founder & CEO): https://linkedin.com/in/mariafujihara', 'Alain Rodriguez (Co-Founder & CTO): https://linkedin.com/in/alainrodriguez']",True,262591140
f140c149-9da7-4aa6-abfb-e8338197f5c8,Single.Earth,Carbon credit crypto token market,single.earth,"Tallinn, Estonia","['EQT Ventures', 'Icebreaker', 'Martin Henk', 'Ragnar Sass']",14.0,-22.22,Seed,7900000.0,Merit Valdsalu (Co-Founder and CEO): https://linkedin.com/in/merit-valdsalu,True,278522373
4ebbf914-6d42-4e3a-8c72-bdf59ab8fee8,Singularity Energy,Grid carbon emissions platform,singularity.energy,"Somerville, Massachusetts","['Energy Impact Partners', 'J Ventures', 'Third Sphere', 'Spero Ventures']",15.0,7.14,Seed,4500000.0,,True,255153623
d315f996-a489-478a-8228-1ca8054623f8,Sion Power,Li-ion rechargeable battery developer,sionpower.com,"Tucson, Arizona","['LG Energy Solution', 'Topspin Partners', 'BASF', 'Renaissance Technologies', 'Eric Schmidt’s Hillspire LLC', 'Jim Simons’ Euclidean Capital']",63.0,-13.7,Series A,75000000.0,"['Dennis Mangino (CEO): https://linkedin.com/in/dennis-mangino-6a769b67', 'Michael A. Fetcenko (Executive Chairman): https://linkedin.com/in/michael-a-fetcenko-7477a414', 'Stefan Jacoby (Executive Chairman): https://linkedin.com/in/stefanjacoby']",True,1582685
4e1ef174-117c-4d22-a65b-1f17a209ccf2,sircel,Recycle solar panels,,,,,,,,,False,Not in Affinity
cb933528-e3ca-4d78-aed0-2de67afa913a,SirionLabs,Contract management software platform,sirionlabs.com,"Bellevue, WA",,,,,,,False,1687638
8530006a-c15c-4f13-8a99-140399a43695,Sirona Technologies,For its direct air capture technology,sirona.tech,"Brussels, Belgium",,,,,,,False,291622330
16f4a9c9-9c45-45f7-b73a-c55257ab2156,Sistema.bio,Biogas technology and systems developer,sistema.bio,"Mexico City, Mexico",,,,,,,False,153518206
a10b87df-e413-44e0-acd2-99aad10cad38,Sistine Solar,Provider of solar panels,sistinesolar.com,"Cambridge, Massachusetts","['Energy Foundry', 'Thin Line Capital', 'Massachusetts Clean Energy Center']",5.0,0.0,Other,3200000.0,"['Ido Salama (Co-Founder, Head of Sales): https://linkedin.com/in/idosalama', 'Senthil B. (CEO & Co-Founder): https://linkedin.com/in/senthilbal']",True,205523401
e6b4602e-cd1c-4083-86fe-4d34a6cfb1e2,SiteAware,A.I. construction verification software,siteaware.com,"Austin, Texas","['lool Ventures', 'Power Capital Venture', 'Robert Bosch Venture Capital GmbH', 'Vertex Ventures Israel', 'The Flying Object', 'Axon Ventures', 'Oryzn Capital', '31Ventures Global Innovation Fund I', 'Lool Ventures', 'Battery Ventures', 'Oryzn Ventures']",44.0,-18.52,Series B,15000000.0,"['Zeev Braude (CEO): https://linkedin.com/in/zeev-braude-b78525', 'Ori Aphek (Founder & CTO): https://linkedin.com/in/ori-aphek-4705', 'Guy Raz (Co Founder, VPR&D): https://linkedin.com/in/guyraz', 'Ori Aphek (Founder, VP of Business Development): https://linkedin.com/in/ori-aphek-4705']",True,1808974
a50f2c52-e7df-47cd-bddd-8616851b3e96,Sitekick,AI-powered commercial real estate construction site-monitoring platform,sitekick.com,"Minneapolis, MN",,,,,,,False,263103516
7a0ee75e-28f1-4327-b8e6-87d21ef5058d,Sitetracker,Infrastructure tech company,sitetracker.com,"Palo Alto, California","['Clearvision Ventures', 'H.I.G. Growth Partners', 'U.S. Small Business Administration.', 'New Enterprise Associates', 'National Grid Partners', 'Energize Ventures', 'Kingfisher Investment Advisors', 'BridgeBank', 'Raine Next-Gen Communications', 'National Grid Ventures', 'Telekom Innovation Pool (TIP)', 'others', 'NTT D Docomo Ventures', 'Salesforce Ventures', 'Energy Impact Partners (EIP)', 'Wells Fargo Strategic Capital', 'New Enterprise Associates (NEA)']",409.0,5.14,Series D,96000000.0,"['Timothy May (CTO and Co-Founder): https://linkedin.com/in/timwmay', 'Steven Liebezeit (Co-Founder): https://linkedin.com/in/steven-liebezeit-3890128', 'Brett Cupta ☁ (Co-Founder / VP Product and Design): https://linkedin.com/in/brettcupta', 'Giuseppe Incitti (Chief Executive Officer): https://linkedin.com/in/giuseppe-incitti-b6b5735']",True,3940153
4410955d-8518-417b-ad76-41f4b165b4b6,SiTration,Pioneering novel separation processes for battery recycling,sitration.com,"Cambridge, MA",,,,,,,False,268109842
09c99c4c-fc56-45cf-8d35-ff57b2337b04,SJF Ventures,Venture firm,sjfventures.com,"Durham, NC",,17.0,0.0,Investment Fund,175000000.0,"Rick Defieux (Co-founder, Investment Committee Chair): https://linkedin.com/in/rick-defieux-57a6576",True,1531975
3bc4d456-539a-44bf-a889-bac601cfd04d,sk on,EV battery manufacturer,,,,,,,,,False,Not in Affinity
0b0863b8-1553-4cf7-8492-0866d92f6144,Skarper,Convert standard bikes into e-bikes,skarper.com,London,,,,,,,False,288148355
20b46f45-e475-4998-9223-646911ae84ed,Skeleton Technologies,Manufacturer of high energy and power density ultracapacitors,skeletontech.com,"Tallinn, Estonia","['UP Invest', 'Harju Elekter Group (HAE1T)', 'Taavet+Sten', 'members of the founding team of Dutch fintech company Adyen', 'Harju Elekter', 'co-founder of battery charging specialist CTEK', 'Wise', 'EIT InnoEnergy', 'Nidoco AB', 'FirstFloor Capital', 'NASDAQ OMX Tallinn', 'MM Grupp', 'entrepreneurs that grew payments company Adyen', 'Benqt Wahlqvist']",249.0,-2.35,Series D,37600000.0,"['Taavi Madiberk (CEO and Member of the Board): https://linkedin.com/in/madiberk', 'Oliver Ahlberg (Co-Founder and Chief Operating Officer): https://linkedin.com/in/oliverahlberg']",True,1707816
a3ed14d9-2a77-48f1-8335-8f9e3126234c,Skoon Energy,On-site power source rental marketplace,skoon.world,"Rotterdam, Netherlands","['Damen Shipyards', 'Rabobank', 'Graduate Entrepreneur Fund', 'Kees Koolen', 'Blue Bear Capital']",27.0,-10.0,Series A,5600000.0,"['Peter Paul van Voorst tot Voorst (Founder): https://linkedin.com/in/peter-paul-van-voorst-tot-voorst-9168723b', 'Daan Geldermans (Co-Founder): https://linkedin.com/in/daangeldermans']",True,224883696
6528c7be-5a21-4f36-96f0-1996971d03c1,skoot,Carbon offset platform,,,,,,,,,False,Not in Affinity
ada4e19e-165b-4fca-880b-2a3f597ecdd0,SkyCell,To develop a more sustainable temperature-controlled supply chain for pharmaceuticals,skycell.ch,"Zug, Switzerland",,,,,,,False,144273951
bf4a63f4-646b-4c51-abd8-6083182fc63c,Skycool Systems,Passive air conditioning and refrigeration systems developer,skycoolsystems.com,"Mountain View, California","['D3 Jubilee Partners', 'several prominent private and institutional investors', 'Nadel and Gussman Ventures']",14.0,0.0,Seed,5000000.0,"['Eli Goldstein (CEO): https://linkedin.com/in/eliagoldstein7', 'Arjun Saroya (Chief Executive Officer): https://linkedin.com/in/arjunsaroya']",True,112073196
410ba367-67b2-4729-813d-1a901412becd,Skydio,Autonomous drones for various applications,skydio.com,"San Mateo, California","['Walton Family Foundation', 'UP.Partners', 'Axon', 'Levitate Capital', 'Hercules Capital', 'NVIDIA', 'Linse Capital', 'NTT DOCOMO Ventures', 'Next47', 'IVP', 'Andreessen Horowitz', 'Playground', ""Andreessen Horowitz's Growth Fund"", 'DoCoMo']",685.0,4.9,Late Stage,230000000.0,"['Matt Donahoe (Co-founder): https://linkedin.com/in/mattdonahoe1', 'Tom Moss (CEO of Skydio JAPAC (Japan & Asia Pacific)): https://linkedin.com/in/tommoss', 'Adam Bry (CEO): https://linkedin.com/in/adambry']",True,1748558
1f486cf7-5ba3-4885-9dc7-dc2b14c36e64,skydrive,eVTOLs,,,,,,,,,False,Not in Affinity
b2254d0b-7f77-424c-b9c6-cd85fab5156d,skydweller,Solar aircraft startup,,,,,,,,,False,Not in Affinity
0ee0e803-90b8-49f3-9ec7-ff31481a091b,Skyever Pharma Private Limited,Innovative solar energy solutions provider,skyeverpharma.com,"San Diego, CA",,,,,,,False,304448044
120ed0ad-c214-47e4-b612-946f008752f6,Skyfora,AI-based weather forecasts platform,skyfora.com,"Helsinki, Finland","['EIC Fund', 'Ugly Duckling Ventures', 'Voima Ventures', 'LUMO Labs']",13.0,0.0,Series A,4000000.0,"['Antti Pasila (Co-Founder & Chairman): https://linkedin.com/in/anttipasila', 'Svante Henriksson (Co-Founder & CEO): https://linkedin.com/in/svante-henriksson-5a5877113', 'Fredrik Borgström (CEO): https://linkedin.com/in/fredrikborgstrom']",True,282208164
06907543-6374-413e-b03f-f095feef2e77,Skyhigh Security,Drone-based delivery service,skyhighsecurity.com,"San Jose, California",STG,580.0,-1.53,,,"['Sekhar Sarukkai (Co-founder, Chief Scientist & SVP Engineering (now McAfee)): https://linkedin.com/in/sekhar-sarukkai', 'Rajiv Gupta (Founder, CEO): https://linkedin.com/in/rajivgupta4']",True,285568480
ac8aa44a-1d82-4448-976d-fa22668f8b34,SkyHive,Reskilling software company,skyhive.io,"Palo Alto, CA",,,,,,,False,160423161
35c780a5-8da3-4245-8fc5-5abd0ff4eb4c,skylar technologies,AI-driven solutions for supply chain management,,,,,,,,,False,Not in Affinity
d500afce-dbba-471a-9c15-165b5f7a661c,SkyNRG,Sustainable aviation fuel producer,skynrg.com,"Amsterdam, Netherlands",,,,,,,False,198240014
964be666-954b-43aa-897b-f35c05872884,skyports,Infrastructure for advanced electric air mobility,,,,,,,,,False,Not in Affinity
18fa9c73-04f3-4494-85e6-d5975c7e7c02,SkySpecs,Developer of drone inspection technology for renewables asset management,skyspecs.com,"Ann Arbor, Michigan","['McRock iNFund LP', 'Evergy Ventures', 'NextEra Energy', 'Goldman Sachs', 'Statkraft', 'Statkraft Ventures', 'UL Ventures', 'Capital Midwest Fund', 'Huron River Ventures', 'Venture Investors', 'Equinor Energy Ventures']",255.0,-6.25,Series D,80000000.0,"['Tom Brady (Founder & Chief Technology Officer): https://linkedin.com/in/tombrady89', 'Danny Ellis (C.E.O, Founder): https://linkedin.com/in/dannyellis1', 'Sam DeBruin (Co-Founder, VP of Research and Development): https://linkedin.com/in/sam-debruin-7b169949', 'Jonathan Bendes (Co-founder, Chief Innovation Officer): https://linkedin.com/in/jonathan-bendes-a7a1192b', 'Ryan Moore (CTO, Co-Founder): https://linkedin.com/in/ryan-moore-rcm']",True,1630869
0c000873-6880-4562-9e5f-aaf803e5364f,SkySync,Cloud storage and backup solutions,skysync.com,"Harrisburg, PA",,,,,,,False,27927650
739c2903-0e6b-429a-beb8-8a15e594ed2f,Skytree,On-site direct air capture provider,skytree.eu,"Amsterdam, Netherlands","['Horticoop', 'EIC Accelerator', 'Netherlands Enterprise Agency (RVO)', 'Yield Lab Europe', 'IRIS from RVO', 'Horizon Europe programme', 'EIC Fund']",117.0,19.39,Series A,2500000.0,"['Anthony Thirkettle (Co-Founder of Giaura): https://linkedin.com/in/anthony-thirkettle-5716845', 'Rob van Straten (Chief Executive Officer): https://linkedin.com/in/robvanstraten', 'Alexander Gunkel (Co-Founder): https://linkedin.com/in/alexandergunkel', 'Max Beaumont (CEO & founder): https://linkedin.com/in/maxbeaumont']",True,1764854
36903cea-96a2-427d-bffa-d98cf80f3867,skyven technologies,Energy-as-a-Service company which funds and de-risks capital projects to reduce carbon emissions caused by process heat,,,,,,,,,False,Not in Affinity
f907d7fd-5db7-41f2-97a6-a557907348dd,Slaterock Automation,Affordable two-seat electric pickup truck,slaterockautomation.com,Michigan,,,,,,,False,285861290
afe1b188-aa30-4ac0-ba83-3800be64627d,Slim.AI,Software developer platform,slim.ai,"Boxborough, MA",,,,,,,False,265578772
494a2f47-f7b9-4946-a70f-d8cba014f167,Slingshot Aerospace,Space simulation and analytics products for space sustainability,slingshotaerospace.com,"El Segundo, CA",,,,,,,False,124900673
82a454c7-5133-4c84-8459-868bef07affd,Slip Robotics,Production of robots for truck-loading acceleration,sliprobotics.com,"Atlanta, Georgia","['Eve Atlas', 'Tech Square Ventures', 'Pathbreaker Ventures', 'Hyde Park Venture Partners', 'DCVC', 'Overline']",45.0,21.62,Series B,28000000.0,"['Dennis JL Siedlak, Ph.D. (Founder and CTO): https://linkedin.com/in/dsiedlak', 'Christopher Smith (Founder & CEO): https://linkedin.com/in/christopher-r-smith', 'John Jakomin (Founder and COO): https://linkedin.com/in/john-jakomin']",True,282154535
eb6de523-fd3f-4b13-bb0f-2134cda3a64b,Smalt Brno,Talent development and technology services platform for the green trades sector,smalt.com,"Berlin, Germany",,,,,,,False,282887278
26f631b8-3280-4753-b22c-ba5db4b75009,Smart-Apply,Company developing precision sprays for orchards,smartapply.com,"Indianapolis, IN",,,,,,,False,279197455
7d4c2943-ecce-4a49-85db-e09c8851f04e,Smart Wires,"Grid-enhancing, maintenance and analytics technologies",smartwires.com,"Durham, NC",,,,,,,False,1646390
095b91a0-7f97-45c5-a8b7-ff7051849d65,SmartAC.com,Platform to monitor HVAC systems,smartac.com,"Houston, Texas",Not disclosed,43.0,7.5,Series A,10000000.0,,True,255152006
d550b8c7-ae53-4642-b532-f6b40d428ced,smartbreeder,Help ag companies increase yields and efficiency via smart breeding,,,,,,,,,False,Not in Affinity
29a9bafa-62fd-484d-b868-6b27b1cd67ad,Smartcar,API developer platform that connects vehicles with mobile apps,smartcar.com,"San Jose, California","['Energize Ventures', 'Andreessen Horowitz (a16z)', 'New Enterprise Associates (NEA)']",78.0,1.3,Series B,24000000.0,"['Sahas Katta (CEO + Founder): https://linkedin.com/in/sahaskatta', 'Sanketh Katta (CTO + Founder): https://linkedin.com/in/sankethkatta']",True,1670728
f8a8f3ea-894b-4504-9dbb-dd4754739030,Smarter Sorting,Product intelligence platform,smartersorting.com,"Boulder, Colorado","['G2 Venture Partners', 'others', 'a group of independent industry experts', 'US Ecology', 'RTP Ventures', 'Regeneration.VC']",116.0,-2.0,Other,7000000.0,"['Jacqueline Claudia (Chief Executive Officer): https://linkedin.com/in/jacquelineclaudia', 'Chris Ripley (Founder): https://linkedin.com/in/cbripley']",True,128866391
73ed5dc0-49d7-45c1-aef6-bdd5ea7d2b58,smarthome innovations,Smart home automation and security systems,https://www.smarthomeinnovations.com/,,,,,,,,False,Not in Affinity
52137bb0-011b-4916-9a3a-4ff51e840617,SmartRent,Provider of smart home automation solutions,smartrent.com,"Scottsdale, Ariz.",,,,,,,False,143638010
80fe8e63-ace4-4c9b-8aee-0b4356e5116f,Smartvid io,Construction safety platform,smartvid.io,"Cambridge, MA",,,,,,,False,1800092
5f49ba9b-2a5a-4b4c-80d2-b5992aea64bf,Smartwyre,Agriculture pricing and insights company,smartwyre.com,"Denver, CO",,,,,,,False,214735795
a8d88891-986c-451c-8158-04ddb31c44fc,Smart Power Networks,Real-time energy network optimization company,smpnetworks.com,"London, United Kingdom",Marathon Venture Capital,7.0,-12.5,Seed,1377574.0,"['Anastasios Oulis Rousis (Co-Founder | CEO): https://linkedin.com/in/anastasios-oulis-rousis-88a03a73', 'Dimitrios Tzelepis (Chief Technology Officer | Co-Founder): https://linkedin.com/in/tzeldimi']",True,300510124
f8ab7e26-fa3e-438e-8811-53d3ad0d9bb0,Snap-E Cabs,Electric cab service provider,snapecabs.com,"Kolkata, India",,,,,,,False,290410378
8957ef04-0a3d-411b-9dad-eafedc4bbdd8,Snaptrude,"Operating system for architecture, engineering, and construction companies",snaptrude.com,"Bengaluru, India","['Accel', 'Possible Ventures', 'Thilo Konzok', 'RFC', 'Clark Valberg', 'Foundamental', 'CapitalX', 'Fortius Ventures', 'Foundamental VC']",73.0,-1.35,Series A,14000000.0,"['Altaf Ganihar (Chief Executive Officer): https://linkedin.com/in/altaf-ganihar-54512367', 'prabhudev patil (Co founder and Chief Operating Officer): https://linkedin.com/in/prabhudev-patil-2763404a']",True,2178373
50f0454a-48e7-48ff-b3f4-a8c9a019a53b,Snerpa Power,Energy management system provider,snerpapower.com,"Reykjavík, Iceland","['Crowberry Capital', 'BackingMinds']",13.0,-13.33,Series A,2200000.0,"['Iris Baldursdottir 🚀 (Co-Founder and CEO): https://linkedin.com/in/iris-baldursdottir-%F0%9F%9A%80-32025715', 'Eyrun Linnet 🚀 (she/her) (Co-Founder and Chairman of the Board): https://linkedin.com/in/eyrun-linnet']",True,288089897
3f89b5ee-651c-4e20-a373-955b42b4d863,"Sniffer Robotics, LLC",Developer of methane emission detection drones,snifferrobotics.com,"Ann Arbor, MI",,,,,,,False,146198645
f5cd2b8b-da45-43e7-8c27-849dc8f8d2dc,SnoFox Sciences,Cold chain data platform,snofox.com,"Philadelphia, Pennsylvania","['Voyager Ventures', 'Ponderosa Ventures', 'Pale Blue Dot', 'Mudcake']",13.0,-7.14,Seed,4500000.0,"['Matthew Rubin (Co-Founder): https://linkedin.com/in/matthew-rubin-87828673', 'Benjamin Rubin (Co-Founder; CEO): https://linkedin.com/in/benjamin-rubin-5a4935107', 'Harvey Rubin, PhD, MD (Co-Founder): https://linkedin.com/in/harvey-rubin-phd-md-7a9bb53']",True,284217815
2e1ccca6-7b1f-4da0-b948-169c5dffa656,Snowfox Discovery,Natural hydrogen exploration technology provider,snowfoxdiscovery.com,"Oxford, England",,10.0,100.0,,,,True,292527198
f9618a8b-23c1-4a7a-84e7-7c7352c93431,soelect,Solid-state battery component developer,,,,,,,,,False,Not in Affinity
0a017e78-ab6b-4e68-99a6-35e6c4fe7412,Sofar Ocean Technologies,Operator of ocean sensors,sofarocean.com,"San Francisco, California","['Foundry Group', 'Union Square Ventures']",104.0,14.29,Series B,39000000.0,"Anke Pierik (Co-Founder, Head of Product & Design at Spoondrift (renamed Sofar Ocean in 2019)): https://linkedin.com/in/anke-pierik-3391072",True,221115438
0f12073f-5ea2-4948-ad07-10fda898a5c1,Sofar Ocean Technologies,Ocean data collection,sofarocean.com,"San Francisco, California","['Foundry Group', 'Union Square Ventures']",104.0,14.29,Series B,39000000.0,"Anke Pierik (Co-Founder, Head of Product & Design at Spoondrift (renamed Sofar Ocean in 2019)): https://linkedin.com/in/anke-pierik-3391072",True,221115438
fac861f3-310b-42d4-b638-5d16e2e2dda7,software defined automation,Industrial-control-as-a-service (ICaaS) provider,https://www.softwaredefinedautomation.com/,,,,,,,,False,Not in Affinity
4167d0e2-a95f-432b-82e7-a3d3a27a74d1,SoHHytec,Green hydrogen production startup,sohhytec.com,Switzerland,,,,,,,False,263369331
53fdda22-5068-475a-b4c9-0fe753386778,soil carbon co,Converting atmospheric CO2 into stable soil carbon using microbial fungi,,,,,,,,,False,Not in Affinity
668ed03b-0fa6-4c6b-ac8b-a61a0d801418,sojo industries,Automated packaging systems,https://www.sojoindustries.com/,,,,,,,,False,Not in Affinity
96f8490a-0d93-46fc-92a0-94f81599bf93,sol systems,Utility-scale solar projects,,,,,,,,,False,Not in Affinity
c13775da-e67f-4c01-b032-42b57781186d,Solar AI Technologies,Rent-to-own solar platform,getsolar.ai,"Central Region, Singapore",,,,,,,False,263064420
5e63796e-859a-49eb-9eb7-5d4b73ea8532,Solar Foods,Make protein out of cellular biomanufacturing processes,solarfoods.com,"Isle of Man, U.K.",,,,,,,False,291732603
7078569d-41f6-40f6-a2e5-25e73481d685,Solar Ladder,Rooftop solar installation management platform,solarladder.com,"None, India","['Axilor Ventures', 'Stride Ventures', 'Titan Capital', 'DeVC']",22.0,0.0,Seed,1344838.0,"['Farhan Ahmed (Co-Founder): https://linkedin.com/in/fahmed96', 'Manan Mehta ☀️⚡ (Co-Founder): https://linkedin.com/in/manan-mehta-%E2%98%80%EF%B8%8F%E2%9A%A1-2a36b745', 'Manan Mehta ☀️ (Co-Founder): https://linkedin.com/in/manan-mehta-%E2%98%80%EF%B8%8F-2a36b745']",True,282691537
62208a30-2362-4df8-af3b-d7aa6709d6fa,solar monkey,Solar panel installation software provider,,,,,,,,,False,Not in Affinity
67b541b1-6fb8-4f98-88b5-2e073d27da13,solar x works,Developer of modular solar-powered refrigeration systems,,,,,,,,,False,Not in Affinity
96f209a3-f525-4ea1-a6dd-9bf9e5f60c49,solarbank corporation,Utility-scale and community solar projects,,,,,,,,,False,Not in Affinity
804bb2c5-e239-4d46-b81a-29ec520828b3,SOLARCYCLE,Solar panel recycling company,solarcycle.us,"Oakland, California","['Fifth Wall', 'Closed Loop Partners', 'Prologis Ventures', 'Urban Innovation Fund', 'HG Ventures']",74.0,21.31,Series A,30000000.0,"['Suvi Sharma (Co-founder & CEO): https://linkedin.com/in/suvi-sharma-414a0a80', 'Jesse Simons (Co-Founder and Chief Commercial Officer): https://linkedin.com/in/jesseaaronsimons']",True,285887202
dbc82441-c723-4f1e-93d8-38ce2eed7635,SolarDuck,Offshore floating solar company,solarduck.tech,Netherlands,,,,,,,False,265034105
b00b1c47-c698-4a69-9b30-952f590a17ee,SolarFix NI Ltd,Design and install solar panels in commercial settings,solarfix.co.uk,Belfast,,,,,,,False,300129298
f299fb66-7f2c-40cf-8f42-a304884c71b9,Solarge,500 MW facility to make lightweight solar panels,solarge.com,"Weert, Netherlands",,,,,,,False,263372758
88e17934-f1e7-40c3-ba12-731e6c22154a,Solarize,Developing solar energy distribution software,solarize.de,"Stuttgart, Germany","['Point Nine', 'Picus Capital']",15.0,-6.25,Seed,4300000.0,"['Frederik Pfisterer (Founder & Managing Director): https://linkedin.com/in/frederikpfisterer', 'Florian Feigenbutz (Founder & Managing Director): https://linkedin.com/in/florianfeigenbutz', 'Andi Weiß (Founder & Software Engineer): https://linkedin.com/in/mstrwhyt']",True,278287028
4ba7fadb-3d3c-4c25-8499-5edd7057d416,SolarSquare Energy,"Design, install, and operate rooftop solar systems",solarsquare.in,Mumbai,,,,,,,False,224959465
0e73699e-0177-463f-b91a-e78e0b10000e,SOLASTA Bio,Peptide-based biopesticides,solastabio.com,"Glasgow, Scotland",,,,,,,False,281083351
d064d74b-24d6-47a2-9ecd-3d33869b0e4f,solena materials,Sustainable textiles developer,,,,,,,,,False,Not in Affinity
a9386240-d373-452d-b1ae-4797f4b7a89b,solestial,Solar panel developer,,,,,,,,,False,Not in Affinity
d4381fb2-1a00-4772-b87f-dc26cb443ec8,Solfy,Residential solar energy marketplace,solfy.net,"Barcelona, Spain",Ona Capital fund,41.0,5.13,Series B,1000000.0,"['Sergio Balcells (CEO & Co-founder): https://linkedin.com/in/sergiobalcellsm', 'Sergi Sans Herranz (COO & Co-Founder): https://linkedin.com/in/sergisansherranz', 'Ferran Morillas Gonzalez (Technical Director & Co-founder): https://linkedin.com/in/ferran-morillas-gonzalez-4a2677195', 'Christian Sánchez Gago (Sales Manager & CO-Founder): https://linkedin.com/in/christian-s%C3%A1nchez-gago-4b8a841a7', 'Guillermo Gallegos (Co-Founder): https://linkedin.com/in/guillermo-gallegos-7738b8214']",True,286177669
0da9b4cb-3241-4ab4-a63d-042a400b8fc8,Solfácil,Solar energy financing platform,solfacil.com.br,"São Paulo, Brazil","['Valor Capital Group', 'SoftBank', 'VEF', 'Fifth Wall Climate Tech Fund', 'QED Investors']",441.0,11.08,Debt,170000000.0,,True,224667906
0d686b0a-b01f-47c6-b50a-d456ea0dac63,Soli Organic Ice Cream,Indoor farming company,soliorganic.com,"Harrisonburg, VA",,,,,,,False,283779632
4b941a59-823d-4221-bf75-e58d94097223,solid energy systems,Developer of hybrid li-metal batteries,,,,,,,,,False,Not in Affinity
db369e04-aad5-4932-b971-f804aeabc896,SOLiTHOR,Developer of solid-state lithium battery cells,solithor.com,Belgium,,,,,,,False,290194085
ee937448-cbff-4e19-a54d-33ae3bcd8321,Solivus,“Thin-film” solar specialist,solivus.com,UK,,,,,,,False,261142161
fd173ac2-f5e1-4b81-8ebc-309d58ebc9c2,SOLO,Electric heavy truck platform,gosolo.io,"Lehi, Utah",Bregal Sagemount,104.0,-32.03,Other,,"['Jared Biesinger (Co- Founder & VP of Sales): https://linkedin.com/in/jaredbiesinger', 'Daniel Larkin (CEO): https://linkedin.com/in/daniel-larkin-77279b49']",True,225157001
b041e171-bd2d-4ed5-a301-1dd1195e688f,Solo.io,API infrastructure company,solo.io,"Cambridge, Mass.",,,,,,,False,136310490
1bea1228-d29c-4d9c-a251-da032fc2f77d,Solstice,Community solar development business,solstice.us,"Cambridge, Massachusetts","['Next Wave Impact', 'Powerhouse Ventures', 'Halcyon Angels', 'Gratitude Railroad', 'American Family Insurance Institute', 'H/L Ventures', 'Massachusetts Clean Energy Center', 'Active Impact Investments', 'SustainVC', 'Total Carbon Neutrality Ventures']",47.0,-17.54,Other,3100000.0,"['Sandhya Murali (Co-Founder and COO): https://linkedin.com/in/sandhyamurali', 'Steph Speirs (Co-Founder and CEO): https://linkedin.com/in/skyspeirs']",True,40575970
35098735-d225-4141-9277-6a978025eed6,solstice power technologies,Solar power tech company,https://solstice.us/,,,,,,,,False,Not in Affinity
deef8e44-1e4c-475f-93b7-021be8f2b1d6,solubag,Water-soluble bags as an alternative to plastic,https://www.solugen.com/,,,,,,,,False,Not in Affinity
2312662d-e21b-4122-b78b-75a077011e54,Solugen,Biotechnology company that produces renewable hydrogen peroxide,solugen.co,"Houston, TX",,,,,,,False,281975440
24fb60e9-d382-4b35-b2a4-3f2a311c5370,Soluna,Renewable-powered data center developer,soluna.io,"New York, New York",,45.0,12.5,Public Markets,1795000.0,Michael Toporek (Chief Executive Officer): https://linkedin.com/in/michael-toporek-66b0304b,True,197483715
a6724015-5462-47d0-b15e-bf61d67705e7,solus power,To make portable EV chargers,,,,,,,,,False,Not in Affinity
b605cfde-84d6-4001-90d7-eb80d20058ba,soly energy,Residential solar and energy storage installation platform,,,,,,,,,False,Not in Affinity
1abee8da-010b-4cbf-9bd6-acf3aa8521ac,Solytic,Developer of solar photovoltaic monitoring technology,solytic.com,"Berlin, Germany",Vattenfall AB,16.0,-27.27,Seed,3707450.0,"['Steffen Mangold (CTO, Founder): https://linkedin.com/in/steffen-mangold-342a7948', 'Alwin Nagel (Founder & COO): https://linkedin.com/in/alwin-nagel-9a34aa4', 'Johannes Burgard (Founder & Managing Director): https://linkedin.com/in/johannesburgard', 'Konrad Perényi (Founder & Managing Director): https://linkedin.com/in/konradperenyi', 'Johannes Dahl (Founder & Shareholder): https://linkedin.com/in/johannesdahl']",True,138207280
d9b48294-df34-4459-9cdd-2cbaada15efa,SonarSource,Clean code platform,sonarsource.com,"Vernier, Switzerland","['General Catalyst', 'Permira’s Growth Opportunities Fund', 'Insight Partners', 'Insight Venture Partners', 'Advent International']",618.0,15.73,Other,412000000.0,"['Simon Brandhof (Co-Founder and Technical Lead): https://linkedin.com/in/simonbrandhof', 'Olivier Gaudin (CEO and Founder): https://linkedin.com/in/oliviergaudin', 'Freddy Mallet (Co-Founder): https://linkedin.com/in/freddymallet']",True,81426123
dc4283e4-4f4a-4512-9629-02895c37ab72,Sonichem,Startup that converts low-value forestry into renewable biochemicals,sonichem.com,"East Midlands, U.K.",,,,,,,False,293751657
8cb96aca-c168-4e06-822b-7722e319b99e,Sono Motors,Solar electric car startup,sonomotors.com,"Munich, Germany",,,,,,,False,120608325
2817a8c3-8e88-4cd7-b42b-a0bb71df97be,Sonocharge Energy,Device that enhances battery charging using acoustic waves,sonocharge.com,"Mountain View, CA",,,,,,,False,287439934
1df67142-f9b8-4db4-b8bc-4fda9f132e04,sophia space,Orbital data center developer,,,,,,,,,False,Not in Affinity
a261e83e-63fa-445e-9ec7-9eb8f8a18dcf,Sophie's Kitchen,Maker of plant-based seafood,sophieskitchen.com,"Sebastopol, CA",,,,,,,False,118760108
ad985544-984a-4282-b051-12e187c07d4d,sopht,Software to decarbonize IT infrastructure,sopht.com,"Villeurbanne, France",,29.0,16.0,,3786750.0,"['Gautier Levert (Co-Founder & CTO): https://linkedin.com/in/gautier-levert-017a4566', ""Julien Rouzé (Co-Founder & COO/CPO – Solution SaaS B2B pour la décarbonation de l'IT 🌱): https://linkedin.com/in/julien-rouz%C3%A9-71032946"", 'Jérémie VEG (Co-Founder & CEO at Sopht – B2B SaaS solution measuring and piloting IT decarbonation): https://linkedin.com/in/j%C3%A9r%C3%A9mie-veg-24a53820']",True,285681554
8dbd933b-ef62-4fd7-b949-d06e76d66c77,Sora Fuel,Producer of sustainable aviation fuel,sorafuel.com,"Cambridge, MA",,,,,,,False,296388954
c70df58b-cfd9-4bf1-a158-74ee86215c8b,sorcerer,Weather balloon technology,,,,,,,,,False,Not in Affinity
3eaf5e8d-e5d3-436b-bc1e-f741dfad7720,sortera,Expand its first metals recycling plant,,,,,,,,,False,Not in Affinity
e29990af-434c-43a1-92a8-f939884404dc,sortera alloys,Scrap metal sorting and recycling,https://sorteraalloys.com/,,,,,,,,False,Not in Affinity
195ed945-6915-45d3-8722-f108fe778cb1,"Sortera Technologies, Inc.",Metal recycler,sorteratechnologies.com,"Fort Wayne, IN",,,,,,,False,293275217
572fbd74-c8b5-4443-bfa5-570ed90b6152,Soulmates Ventures,Sustainability fund for seed-stage investments,soulmatesventures.com,"Prague, Czech Republic",,,,,,,False,262400065
c3238241-c9d3-45bf-9926-300e3e4f01b5,Source,B2B marketplace for commercial construction products,source.com,"Portland, OR",,,,,,,False,223162585
6a8b6587-5480-485f-a348-744215545ae1,Source,Agtech startup building A.I. for greenhouses,source.ag,"Amsterdam, Netherlands","['E14 Fund', 'Agro Care', 'Harvest House Cooperative', 'Rainbow Growers', 'Acre Venture Partners', 'Astanor Ventures', 'MIT-affiliated E14 fund', 'Netherlands’ leading greenhouse operators', 'SK networks', 'Acre Ventures Partners', 'Hico Capital']",108.0,-10.0,Series A,4000000.0,Rien Kamman (CEO & Co-Founder): https://linkedin.com/in/rienkamman,True,268260957
3d2d904c-9fba-433d-9bf4-b380d741a3c6,Sourceful,Supply chain transparency startup,sourceful.com,"Manchester, United Kingdom","['Coatue', 'Index Ventures', 'Eka Ventures']",53.0,-50.0,Series A,20000000.0,"['Wing Yung Chan (Co-Founder): https://linkedin.com/in/wingyungchan', 'Sharon C. (Co-Founder): https://linkedin.com/in/shiranzheng']",True,284774354
35e2fd33-ca7a-4e7d-917d-03e05e5be26a,Sourcemap,Provider of end-to-end supply chain due diligence software,sourcemap.com,"New York, New York","['E14 Fund', 'Energize Ventures']",63.0,-8.7,Series B,20000000.0,"['Shayna Harris (Board Member, COO, Senior Advisor to CEO): https://linkedin.com/in/shaynaharris', 'Bennington Purcell (Cofounder / CTO): https://linkedin.com/in/benningtonpurcell', 'Leonardo Bonanni (Founder and CEO): https://linkedin.com/in/leonardobonanni']",True,1619646
8130740d-003d-4236-979f-fdfcd9daba38,south 8,Gaseous electrolytes for lithium-ion battery safety,,,,,,,,,False,Not in Affinity
be5e5f9a-89dd-4bb4-966c-0ee8210b70a2,South 8 Technologies,Electrolyte formulations provider for lithium batteries,south8technologies.com,"San Diego, California","['Anzu Partners', 'Foothill Ventures', 'LG Technology Ventures', 'Shell Ventures', 'Taiyo Nippon Sanso Corporation (TNSC)', 'Taiyo Nippon Sanso', 'Lockheed Martin Ventures']",25.0,,Series A,12000000.0,"['Cyrus Rustomji (Chief Executive Officer): https://linkedin.com/in/cyrus-rustomji-07813420', 'Jungwoo Lee (Co-Founder & Chief Technology Officer): https://linkedin.com/in/jzlee', 'Tom Stepien (CEO): https://linkedin.com/in/tomstepien']",True,224896916
a24876ed-2ef3-48cb-9338-f52d19a0bd1c,sp tech solutions,Software for rail transportation optimization,,,,,,,,,False,Not in Affinity
d8ff37db-4979-4653-806e-f815cfdeffac,space intelligence,Satellite-based nature mapping platform,,,,,,,,,False,Not in Affinity
b192cd61-9348-45dd-a9c7-ef034807af43,spacedrip,Water treatment systems company,,,,,,,,,False,Not in Affinity
417052ab-9ef6-462f-a0d9-e48269313fe7,SpaceX,Aerospace manufacturer and space transportation company,spacex.com,"Brownsville, Oregon","['Founders Fund', 'Valor Equity Partners', 'Google', 'THRESHOLD VENTURES', 'Fidelity', '137 Ventures', 'Draper Fisher Jurvetson', 'Capricorn Venture Partners']",11597.0,2.46,Late Stage,1000000000.0,,True,1539494
883e1664-bd11-493c-a844-2d9d8c8ef319,Span,Maker of smart electrical panels,span.io,"San Francisco, California","['Fifth Wall', 'Congruent Ventures', 'Wellington Management', 'Capricorn Investment Group', 'Munich Re Ventures', 'Qualcomm Ventures', 'A/O PropTech', ""Amazon's Alexa Fund""]",239.0,5.75,Series B,96000000.0,"['Arch Rao (Founder & CEO): https://linkedin.com/in/arch-rao', 'Chad Conway (Co-Founder, Head of Products): https://linkedin.com/in/chadconway']",True,279072675
6c70cbc2-edc2-4af3-bc7c-9b14721d61f8,Sparetech,Spare part management SaaS platform,sparetech.de,"Stuttgart, Germany",,,,,,,False,291879253
112c22ff-2ff3-4764-8272-82dd588c639e,SparkCharge,EV charging network,sparkcharge.io,"Somerville, Massachusetts","['Cleveland Avenue', 'MarcyPen', 'Collab Capital', 'Elemental Impact', 'Horizon Technology Finance Corporation', ""Monte's Fam"", 'Non-sibi Ventures', 'Silicon Valley Bank', 'Tale Venture Partners', 'Pendulum', 'Mark Cuban Companies', 'Pusha-T', ""Revolution's Rise of the Rest Seed Fund"", 'Summer Watson']",33.0,-25.0,Series A,30500000.0,Richard Whitney (Co-Founder | Lead System Engineer): https://linkedin.com/in/rwhitney1,True,150794698
7f7eb61e-e9cf-4c00-b67c-2d71b2e09f54,sparkcognition,AI-driven cyber-physical software solutions provider,,,,,,,,,False,Not in Affinity
450b8185-d859-4657-b590-f263e2dbb750,spartan radar,Biomimetic radar maker,,,,,,,,,False,Not in Affinity
d9b96d44-939d-4ae9-a416-2c64eebb21a9,Sparxell,Make sustainable plant-based pigments,sparxell.com,"Cambridge, U.K.",,,,,,,False,285877558
b4a52677-f07c-4f2c-b23d-84586461868b,specifx data,HVAC data software startup,,,,,,,,,False,Not in Affinity
25465a30-c936-4cdc-90f1-7a4bac5dd550,speckle,"Data hub provider for architecture, engineering, and construction",,,,,,,,,False,Not in Affinity
1c7f819c-2afc-4f68-a989-365ff6895c64,specter,Speed pedelecs (speedier e-bikes),,,,,,,,,False,Not in Affinity
ccd27067-5cd6-4e54-ad82-65f0dae65d77,Spectro Cloud,Kubernetes management platform,spectrocloud.com,"San Jose, CA",,,,,,,False,224703469
41019303-9d5e-4f35-af0d-cfe9de22284c,spectrum labs,AI content moderation platform,,,,,,,,,False,Not in Affinity
079e4472-98b4-458d-889d-c5a87f945d76,spexi,Ultra-high-resolution drone imagery network,https://www.spexi.com/,,,,,,,,False,Not in Affinity
dca2af9c-1830-4214-9880-7a8ee3d571cb,sphere,Focused on green investments in 401(k) plans,,,,,,,,,False,Not in Affinity
54d6aabc-d5d2-4981-b59c-d7adddf49571,spiber,Developer of plant-based protein polymers,,,,,,,,,False,Not in Affinity
65eedc9b-058d-4895-a925-c807a5ad263c,SpinDrive,Magnetic bearing systems manufacturer,spindrive.fi,"Lappeenranta, Finland",,,,,,,False,162597149
0873f121-b2dd-4f67-bc0b-dd0234c1be90,Spinergie,Maritime vessel optimization platform,spinergie.com,"Paris, France","['Iris Capital', 'Polytechnique Ventures', 'Sanne Manders', 'Swen Capital’s Blue Ocean fund', 'Jean-Gabriel Levon', 'Antoine de Chassy']",77.0,-6.1,Series A,11000000.0,Louis Jozon (CPO & co Founder): https://linkedin.com/in/louis-jozon-a4366a57,True,156977647
39d1d59b-a392-4bf4-992f-3c927e7dca2f,Spinnova,Sustainable textiles manufacturer,spinnova.com,"Jyväskylä, Finland",,,,,,,False,159740856
586b9e4b-a662-4278-9159-96352ff99f1c,SpiralWave,Plasma-based CO2-to-methanol conversion technology,spiralwave.io,San Francisco,,,,,,,False,293014323
6eaba16e-852a-4ad0-9b4b-9e603ea0cc37,Spiritus Wines,Developer of direct air capture technology,spiritus.com,"Los Alamos, NM",,,,,,,False,268140318
6dbfbb2b-4652-4706-aea9-993544b5a9f9,spiro,Electric micromobility vehicles manufacturer,,,,,,,,,False,Not in Affinity
0f7d8fea-be7a-44e7-b0b9-f414168db71c,Splight,Software that helps clean energy developers get grid connections and manage energy,splight-ai.com,"San Mateo, California","['Ascent Energy Ventures', 'Elewit', 'Draper B1', 'Fen Ventures', 'Reaction Global', 'Barn Investments', 'Draper Cygnus', 'UC Berkeley Foundation', 'noa (formerly A/O)', 'EDP Ventures']",58.0,41.46,Seed,12000000.0,Thomas Vadora (Co-Founder): https://linkedin.com/in/thomas-vadora-a5a829117,True,294246674
45e48f3c-1bce-4bd1-a7b2-98f06fc71c95,Spoiler Alert,Food waste platform,spoileralert.com,"Boston, Massachusetts","['Acre Venture Partners', 'Fink Family Foundation', 'FTW Ventures', 'Fresh Source Capital', 'Valley Oak Investments', 'LaunchCapital']",46.0,4.55,Seed,2500000.0,"['Ricky Ashenfelter (Co-Founder & Chief Executive Officer): https://linkedin.com/in/rashenfelter', 'Emily Malina (Co-Founder & Chief Product Officer): https://linkedin.com/in/emilymalina']",True,2532700
a0f2e1bb-c91a-4de0-b7b7-95424be5ff0d,Spoor,AI platform for detecting birds near wind farms,spoor.ai,"Oslo, Norway","['Superorganism', 'Nysnø', 'Futurum Ventures', 'Ørsted Ventures']",30.0,3.45,Seed,4000000.0,"['Helge Reikerås (Co-Founder & CTO): https://linkedin.com/in/hreikeras', 'Lorea Coronado-Garcia (Co-Founder & COO): https://linkedin.com/in/lorea', 'Ask Helseth (Co-Founder & CEO): https://linkedin.com/in/ask-helseth-94ba8354']",True,279336252
d16c51c5-1330-4dfd-857d-9a877b35dd3f,spore,Platform for creators to build websites,,,,,,,,,False,Not in Affinity
c2dae149-f176-45ae-83af-d5d77c6a4158,Spore Biotechnologies - Lighting-up Microbiology,Developer of AI-powered technology that can detect bacteria,spore.bio,"Paris, France",,,,,,,False,289529352
68843ba8-cf6e-4735-9a8b-d93d5eca3854,Spotless Water,Supply ultra-pure water,spotlesswater.co.uk,"Dorset, U.K.",,,,,,,False,164028314
94dce253-e92e-46f4-816a-c6633dccd6d8,Spotta,Startup that uses AI to spot pests,spotta.co,"Cambridge, UK",,,,,,,False,255184018
6ba083c4-3d01-42a8-8d21-4896fa8cdae9,Spring Valley Acquisition Corporation,Blank check company targeting the sustainability industry,sv-ac.com,"New York, New York",,3.0,0.0,Public Markets,200000000.0,Chris Sorrells (Chief Executive Officer and Board Member of Spring Valley Acquisition Corporation II): https://linkedin.com/in/chris-sorrells-5a6a836,True,280703486
cdae4768-d13a-4779-83a4-2477be00af31,sproud,Producer of pea-made milks,https://sproud.com/,,,,,,,,False,Not in Affinity
3240a987-3984-4aa2-acd9-39818192f8c1,sqim,Mycelium-based technologies developer,,,,,,,,,False,Not in Affinity
8326a60a-6d7a-42b5-8567-6a3185c70614,Squad Mobility,Solar-powered urban mobility service,squadmobility.com,"Breda, Netherlands",,,,,,,False,279211209
fee49fa2-5a99-4991-aece-4923c4b61beb,Squake,Carbon calculations provider,squake.earth,"Berlin, Germany","['Michael Riegel', 'Schenker Ventures', 'Simon Capital', 'Rivus Capital', 'Backbone Ventures', 'Neosfer', 'Matthäus Niewodniczanski']",24.0,-4.0,Seed,3500000.0,Dan Kreibich (Founder and CPO): https://linkedin.com/in/dankreibich,True,283491094
a4ca0a87-3a82-40cd-a172-0d0618b644a2,Squint,Mobile app that uses AI and AR to automate data entry,squint.ai,"San Jose, California","['Menlo Ventures’ venture studio Menlo Labs', 'Sequoia Capital', 'angel investors', 'Sequoia Capital’s pre-seed and seed-stage catalyst', 'Arc', 'Menlo Ventures']",51.0,37.84,Series A,13000000.0,Devin Bhushan (Founder & CEO): https://linkedin.com/in/devin-bhushan-96916a29,True,285407050
057bc438-fcaf-4ec7-aa79-806445a1879b,STABL Energy,Battery storage startup,stabl.com,"Munich, Germany","['the European Innovation Council', 'Nordic Alpha Partners', 'UVC Partners']",67.0,-5.63,Other,16449150.0,"['Dr. Arthur Singer (Co-founder & CEO): https://linkedin.com/in/arthursinger', 'Dr. Nam Truong (Co-Founder and Managing Director): https://linkedin.com/in/stabl-nam', 'Martin Sprehe (Co-Founder und Geschäftsführer): https://linkedin.com/in/martin-sprehe-624576180']",True,223395383
55f5aeb5-9aa3-42c1-9338-424d1209d42b,Stack AV,Autonomous trucking developer,stackav.com,"Pittsburgh, Pennsylvania",SoftBank Group Corp.,204.0,-3.77,Other,,"Bryan Salesky (CEO, Stack AV): https://linkedin.com/in/bsalesky",True,292704160
18b779ab-cb59-48a9-ae79-f6df63e9521f,stacklet,Cloud governance platform,https://www.tackle.io/,,,,,,,,False,Not in Affinity
43fb6d6c-7db8-4906-902f-69953392da61,Stafl Systems,Lithium-ion battery pack and battery management platform,staflsystems.com,South San Francisco,,,,,,,False,276395840
bd5a0d3a-1d6f-4971-8e81-3808770b1086,Stand,Insurance provider for climate-impacted properties,standinsurance.com,"San Francisco, California","['Inspired Capital', 'Lowercarbon', 'Equal Ventures', 'Convective Capital']",11.0,22.22,,30000000.0,,True,300247581
35864875-168a-4d14-8d18-a01b1325fd0d,standard biocarbon,"Producer of biochar, a form of charcoal that can capture carbon",https://www.standardbiocarbon.com/,,,,,,,,False,Not in Affinity
7e87f536-0757-48ea-ad6d-4dc80f9b54c3,standard energy,Developer of vanadium ion batteries,,,,,,,,,False,Not in Affinity
49128ac8-8b1f-4d03-9c1f-0a64b7da8084,Standard Fleet,EV fleet management software provider,standardfleet.com,"Covina, California","['UP2398', 'Canvas Ventures']",18.0,12.5,Seed,7000000.0,"David Hodge (Founder, CEO): https://linkedin.com/in/davidwhodge",True,285549824
1f8fa7b4-68ca-42ec-9866-ecb3cdce74c3,"Standard Nuclear Consultants, Inc",Advanced nuclear fuel pellets,standardnuclear.com,"Oak Ridge, TN",,,,,,,False,297784631
2ebc1ff2-5e1e-4f81-93c6-e47833c93cee,standing ovation,Developer of animal-free cheese,,,,,,,,,False,Not in Affinity
b7b93bd8-cfdf-4d6a-bf35-3d20b853b190,star catcher industries,Develop a space-based grid that captures solar energy,,,,,,,,,False,Not in Affinity
f3d843e4-bd2f-476d-aeb0-f7f0ec42bcae,star charge,Chinese electric vehicle charging company,,,,,,,,,False,Not in Affinity
dc898014-3775-4bd8-87f4-916e2df6f2a8,starfield,Plant-based protein company,,,,,,,,,False,Not in Affinity
4fba27c2-8d8a-4b30-a466-c9d32cd412cf,Stargate Hydrogen,Electrolyzers for green hydrogen,stargatehydrogen.com,"Tallinn, Estonia",,,,,,,False,283621993
c7479451-31ad-437e-986f-639365838ae0,Stark Future SL,Electric motorcycle technology developer,starkfuture.com,"Barcelona, Spain",,,,,,,False,284900329
13c29574-499f-40e7-b041-5f669a6438c5,starpath robotics,Robots that mine water from the Moon,,,,,,,,,False,Not in Affinity
33009122-1db2-4502-b136-40fad4f87801,starpower,Build a DePIN energy network to aggregate battery energy storage,,,,,,,,,False,Not in Affinity
1a784651-e838-4037-bc93-05584d1c851a,Starship Technologies,Autonomous delivery service,starship.xyz,"San Francisco, CA",,,,,,,False,2162747
6652b007-2c06-4b55-a71e-f4de22c9b5d7,Starshot Capital,Early-stage climate tech fund,starshotcapital.com,"LA, U.S.",,12.0,0.0,Investment Fund,35000000.0,,True,283696086
9acca810-f6e0-43a1-a5bd-cf68cc5432f9,Stately Bio,Regenerative medicine machine learning developer,statelybio.com,"Palo Alto, CA",,,,,,,False,287507166
11f00473-625f-4232-9862-14a7fb6888bd,statera energy,Renewable energy and assets developer,,,,,,,,,False,Not in Affinity
0d32c59e-fc83-46e4-b45e-1a6d5418cca9,Station A,Automating clean energy development,stationa.com,"San Francisco, California","['Wenger Ventures Investing', 'Powerhouse Ventures', 'Southern Company', 'Renewal Funds', 'Powerhouse']",19.0,5.56,Debt,350000.0,"['Kevin Berkemeyer (Co-Founder & CEO): https://linkedin.com/in/kevjberk', 'Manos Saratsis (Co-Founder & Head of Product): https://linkedin.com/in/manossaratsis', 'Jeremy Lucas (Co-Founder & Head of Engineering): https://linkedin.com/in/jeremy-lucas-51004033', 'Sam Steyer (Co-Founder & Head of Analytics): https://linkedin.com/in/sam-steyer-a9162a36']",True,164008029
d948f757-5a34-4a83-8aa8-b495db7e1c9f,Statiq,EV charging network,statiq.in,"Gurugram, India",,220.0,8.37,Series A,25700000.0,"['Raghav Arora (Co-Founder): https://linkedin.com/in/raghav-arora-ab5087192', 'Akshit Bansal (Founder): https://linkedin.com/in/akshit-bansal-829b6585']",True,263310759
f2b99e05-eb9c-408f-b511-66d89513d9e6,"STAX Engineering, Inc.",Systems that remove pollutants from ships' exhaust,staxengineering.com,"Los Angeles, CA",,,,,,,False,121552215
e1bcd572-2572-4c13-8c53-6c018922e220,Steady Energy,Nuclear residential heating developer,steadyenergy.com,"Espoo, Finland",,,,,,,False,291148936
ff23868e-501c-43f2-aef9-7a8420fd6e63,SteamaCo,Technology supplier to utilities in Africa and Asia,steama.co,U.K.,,,,,,,False,1756153
7045ba78-ac52-4819-86c8-0c3a3f7302ae,stegra.com,Decarbonized steel production manufacturer,stegra.com,"Stockholm, Sweden",,,,,,,False,298661127
da8ff095-eaae-458d-a3d5-7614da074b26,Stem,AI-driven energy storage company,stem.com,"San Francisco, California","['BNP Paribas', 'Mithril Capital Management', 'Magnesium Capital', 'Iberdrola', 'Activate Capital', 'GE Ventures', 'Angeleno Group', 'Ontario Teachers’ Pension Plan', 'Constellation New Energy', 'Constellation Technology Ventures', 'RWE Supply & Trading', 'Temasek', 'Total Energy Ventures', 'Mitsui & Co., Ltd.', 'Iberdrola (Inversiones Financieras Perseo, S.L.)', 'Greener Capital']",403.0,-1.71,Public Markets,405300000.0,"['John Carrington (Chief Executive Officer and Director): https://linkedin.com/in/john-carrington-11b0a81b', 'Brian Thompson (Founder, CEO): https://linkedin.com/in/brianthompson']",True,1587677
eb62c3ac-e939-4f34-ae28-433a3a9d1a3f,Stemy Energy,Provider of community solar,stemyenergy.com,Spain,,,,,,,False,278994287
5f2c746f-73b9-435c-8a90-5555cff171c1,Stenon,Real-time soil sensing tech startup,stenon.io,Germany,,,,,,,False,206256994
337f4c74-991e-4aa4-b8fc-dfd057e250ea,Stepchange,Corporate sustainability platform,stepchange.earth,"New York, New York",Flourish Ventures,57.0,0.0,Other,1000000.0,"['Ankit Jain (Co-Founder & CEO): https://linkedin.com/in/jaineeankit', 'Sidhant Pai (Co-Founder & Chief Science Officer): https://linkedin.com/in/sidhantpai']",True,285185847
5a9a154c-fdd9-4479-b261-6b03b096badf,stepstone group,Infrastructure co-investment fund,,,,,,,,,False,Not in Affinity
cd7bad97-ee69-4965-b1bb-c22a07bda963,Stepwise,Emissions management platform,stepwise.no,"Stavanger, Norway",,25.0,31.58,,35000000.0,Per-Robert Jacobsen (Co-Founder and Executive Chair): https://linkedin.com/in/per-robert-jacobsen-978b70b0,True,289028929
9f2db597-6512-41d8-9fad-d806327e38bc,Steward,Funding platform for farms and food producers,gosteward.com,"Portland, Oregon","['investors', 'Ponderosa Ventures', 'Neglected Climate Opportunities LLC', 'Tripple', 'high net-worth individuals', 'mission-aligned angels', 'The Grantham Environmental Trust’s venture capital vehicle']",12.0,-14.29,Series A,8800000.0,Dan Miller (Founder & CEO): https://linkedin.com/in/dan-miller-0a41357,True,203276494
f874b915-0cec-498e-9085-86e500dd8ac0,stilla technologies,Digital PCR solutions for high-precision genetic analysis,,,,,,,,,False,Not in Affinity
3495616f-8fe9-4f3b-bf76-ecb9a8ad7661,Stoke Space,Sustainable space vehicle components developer,stokespace.com,"Renton, Washington","['Breakthrough Energy', 'Point72 Ventures', 'Long Journey', 'Spark Capital', 'Industrious Ventures', 'Y Combinator', 'University of Michigan', 'NFX', 'Toyota Ventures', 'In-Q-Tel', 'Sparta Group', 'Bill Gates’ Breakthrough Energy Ventures', 'MaC Ventures']",177.0,40.48,Series B,100000000.0,"['Tom Feldman (Co-Founder): https://linkedin.com/in/thomas-w-feldman', 'Andy Lapsa (Co-Founder, CEO): https://linkedin.com/in/andylapsa', 'Andy Lapsa (Founder): https://linkedin.com/in/andy-lapsa-6338ba231']",True,289789685
eeecb4bc-1d23-45d0-a608-a5e94b019835,Stor.ai (formerly Self Point),Digital commerce solution for grocers,stor.ai,"Tel Aviv, Israel",,,,,,,False,1784536
bb79a668-4eea-4d0d-9f9e-afa64bb1e1a6,Stord,Supply chain software for retailers and e-commerce brands,stord.com,"Union City, California","['BOND', 'Lineage Logistics', 'Sozo Ventures', 'Lux Capital', '137 Ventures', 'Founders Fund', 'Palm Tree Crew', 'Franklin Templeton', 'Dynamo', 'Strike Capital', 'Susa Ventures', 'Kleiner Perkins', 'Dynamo Ventures', 'Tom Noonan', 'Michael Rubin', 'Salesforce Ventures', 'Revolution’s Rise of the Rest Seed Fund', 'D1 Capital', 'Carlos Cashman', 'Will Gaybrick', 'Chris Klaus', 'Bond', 'Engage', 'Max Mullen']",299.0,-8.0,Series D,120000000.0,,True,2181893
556c96af-c084-4831-a691-93b4f0440861,StoreDot,Developer of fast charging battery technology,store-dot.com,"Herzliya, Israel","['VinFast', 'Ola Electric', 'BP', 'Samsung Ventures', 'Singulariteam', 'TDK', 'Golden Energy Global Investment Ltd.', 'bp ventures', 'EVE Energy', 'Daimler', 'Samsung']",106.0,-15.87,Series D,,"['Simon Litsyn (Co-founder and Chief Strategy Officer): https://linkedin.com/in/litsyn', 'David Gilmour (Executive Chairman): https://linkedin.com/in/davidiangilmour']",True,1673871
3dfeac87-f81f-40fb-9b65-c8ccc2e4d5f1,storio energy,Energy storage solutions and battery management software,storioenergy.com,"Paris, France","['Greenly', ""Bpifrance's Digital Venture fund"", 'Lowercarbon Capital', 'Kima Ventures', 'Enspired', 'Electra', 'Elum Energy', 'Bump']",10.0,11.11,Seed,5500000.0,,True,297273417
f4305132-689b-4c99-8c15-be85a9cb3af9,Stormfisher Biogas,Hydrogen-based fuel production platform,stormfisher.com,"Toronto, Canada",,,,,,,False,1532550
96e5be7b-ba38-4dd1-858b-41fa975334f5,StormHarvester,AI-powered analytics and management platform for wastewater utilities,stormharvester.com,"Castlereagh, United Kingdom",,46.0,21.05,Series A,10200000.0,"['Neil Macdonald (Co-Founder): https://linkedin.com/in/neil-macdonald-9533352', 'Brian Moloney (Founder and Managing Director): https://linkedin.com/in/brian-moloney-9a155229']",True,156294091
8a39cf54-ff3d-430c-811f-7b7a29565039,StormSensor,Rain and flooding management tech company,stormsensor.io,"Seattle, Washington","['Gratitude Railroad', 'Buoyant Ventures', 'American Family Insurance Institute', 'The American Family Institute for Corporate and Social Impact', 'Portland Seed Fund', 'Burnt Island Ventures', 'Institute’s Social Investment Fund']",5.0,0.0,Debt,50000.0,"['Jeff Plymale (Chief Executive Officer): https://linkedin.com/in/jeff-plymale-469777b', 'Erin Rothman (CEO & Co-founder): https://linkedin.com/in/erin-rothman-64592028']",True,74236372
1e1df242-8606-46ba-bb7b-654402a519ae,Strangeworks,Quantum computing software development,strangeworks.com,"Austin, Texas","['Amplify Partners', 'BoxGroup', 'Ecliptic Capital', 'Lux Capital', 'GreatPoint Ventures', 'No specific investors mentioned', 'Bob Beauchamp', 'Ray Lane', 'Lightspeed', 'Charles Stonehill', 'Jon Soberg']",28.0,-6.67,Series A,24000000.0,"['Stacy Braden-Vu (Assistant to CEO & Founder): https://linkedin.com/in/stacy-braden-vu-6435bb', 'whurley (William Hurley) (Founder & CEO): https://linkedin.com/in/whurley', 'Justin Youens (Co-Founder & CTO): https://linkedin.com/in/youens', 'Stacy Vu (Assistant to CEO & Founder): https://linkedin.com/in/stacy-vu-6435bb']",True,156976657
77646d61-8ca5-46f4-820d-b3add418b6b6,Strata Clean Energy,"1GWh battery storage project in Phoenix, AZ",stratacleanenergy.com,"Durham, NC",,,,,,,False,291838777
037462ed-13ee-40ea-ba80-ebf8cc798e54,Stratasys,Polymer 3D printing business,stratasys.com,"Tel Aviv, Israel",,,,,,,False,1584146
43adcc2f-a361-4b8f-b4c8-f9861be7b4c2,strategic biofuels,Renewable diesel producer,,,,,,,,,False,Not in Affinity
1fcc007e-6538-44d4-b611-9cf64b35e9ef,GTP Services,Cloud-based software platform for MEP fabrication,stratus.build,"Larkspur, California",Radian Capital,65.0,,Series B,32000000.0,,True,297459281
1cdcdf1b-2b58-4f4a-af42-95722710fdf5,StreetLight Data,Data provider focused on tracking street activity for transportation planning,streetlightdata.com,"San Francisco, California","['Macquarie Capital', 'Osage University Partners', 'Activate Capital', 'Ajax Investment Strategies', 'DTCP (Deutsche Telekom Capital Partners)', 'Deutsche Telekom Strategic Investments', 'other undisclosed investors', 'ENGIE New Ventures', 'Vision Ridge Capital Partners', 'T-Venture']",141.0,1.44,Series D,15000000.0,Laura Schewel (Founder and Chief Executive Officer): https://linkedin.com/in/lauraschewel,True,1613457
2369e380-a135-4a67-88f1-62ded374a009,strella biotechnologies,Startup developing sensor technology designed to reduce food waste and improve quality,,,,,,,,,False,Not in Affinity
4c47766e-277d-4abd-8963-76d39a2dcaab,stride,Eco-friendly home improvement platform,,,,,,,,,False,Not in Affinity
a3f574f9-30eb-4e93-a06c-81adc5d18d3b,Strider Technologies,Strategic intelligence provider,striderintel.com,"Salt Lake City, Utah",,,,,,,False,283410677
97c00f12-6d38-4564-bb08-7bf3669b81fc,strike graph,Compliance automation startup,,,,,,,,,False,Not in Affinity
44548a96-4fbf-444a-be18-f3f3cb41e604,Striveworks,Machine learning operations provider for enterprise data science,striveworks.com,"Austin, TX",,,,,,,False,291946052
259b7eeb-ad70-4935-8a74-ffe38e3bbe57,Strong by Form,Biocomposite structural solutions developer,strongbyform.com,"Madrid, Spain",,,,,,,False,268096953
211ef5e4-725d-422b-8fea-32fa60feb726,StructionSite,Provider of reality capture software on construction sites,structionsite.com,"Oakland, California","['500 Startups', 'CEMEX Ventures', 'D20 Capital', 'GS Futures', 'PCL Construction', '500 Global', 'Obayashi Corporation', 'Prelude', 'industry-defining Angel Investors', 'existing investors']",5.0,-28.57,Series C,10000000.0,"['Manuel Zamora (Co-Founder, Technical): https://linkedin.com/in/mzamora86', 'Dan Zito (Co-Founder, Head of Engineering): https://linkedin.com/in/dzito', 'Philip Lorenzo (Cofounder and Chief Product Officer): https://linkedin.com/in/philip-lorenzo-94602018']",True,130574781
20762170-b9b9-42b9-a339-e6f5ddeed8a2,StructShare,Construction procurement and inventory platform for specialty contractors,structshare.com,"New York, New York","['KOMPAS', 'CEMEX Ventures', 'SeedIL']",28.0,-22.22,Other,8000000.0,"['Arik Davidi (Chief Executive Officer): https://linkedin.com/in/arik-davidi-42469530', 'Or Lakritz (Co-Founder, Chief Product & Strategy Officer): https://linkedin.com/in/orlakritz']",True,162568408
a022a9b3-6ba2-4985-8754-5a042f8488dd,Subeca,Water metering technology,subeca.com,"Richardson, TX",,,,,,,False,222330932
66382bbe-912d-4c1e-b043-620cc235e303,sublime,Biogas liquefaction technology platform,,,,,,,,,False,Not in Affinity
0369495c-2864-4a29-bfb3-9db5998da321,Sublime Systems,Low-carbon cement developer,sublime-systems.com,"Somerville, Massachusetts","['Energy Impact Partners', 'Lowercarbon Capital', 'Siam Cement Group', 'The Engine']",89.0,18.67,Series A,40000000.0,"['Leah Ellis (Co-Founder and CEO): https://linkedin.com/in/leah-ellis', 'Yet-Ming Chiang (Co-Founder and Chief Scientist): https://linkedin.com/in/yet-ming-chiang-74aa3', 'Isabella Allen (Chief of Staff to CEO / Co-Founder): https://linkedin.com/in/isabella-allen-9699757']",True,263537951
bc9d9b85-2d9f-4cb0-9337-f06ca6b943c6,submer,Data center cooling solutions,https://www.submer.com/,,,,,,,,False,Not in Affinity
935797b3-2bcc-4f09-a40b-494c5eaa67e8,SubsBase,Subscription and recurring revenue management platform,subsbase.com,"Cairo, Egypt",,,,,,,False,268025424
b3febc31-a670-4b68-af03-cc9e87239384,suena,Company energy storage optimization trading platform,suena.energy,"Hamburg, Germany","['Raakwark Kaptaal', 'Smart Energy Innovationsfonds', 'Energie 360', 'Santander InnoEnergy Climate Fund', 'EIT InnoEnergy', 'Business Angels']",36.0,5.88,Seed,3000000.0,"['Miguel Wesselmann (Co-Founder): https://linkedin.com/in/miguel-wesselmann', 'Tom Witter (Co-Founder): https://linkedin.com/in/tom-witter-31254b211', 'Dr. Lennard Wilkening (Co-Founder): https://linkedin.com/in/dr-lennard-wilkening-b94aa410a', 'Melvin Rinkleff (Founder Associate (Working Student)): https://linkedin.com/in/melvin-rinkleff']",True,283658955
a2d050f2-ae47-40f3-8d91-159129ae258a,suind,AI-driven crop care innovation developer,,,,,,,,,False,Not in Affinity
e30b35e9-3f9b-42cb-bd0f-0bd7452c5450,suiso,Hydrogen generation technology platform,,,,,,,,,False,Not in Affinity
08108933-0d2e-408b-9b2f-ef372ea2c911,Sumday,Carbon accounting startup,sumday.com,"Burnie, Australia",,,,,,,False,282462783
1960328a-5cab-48c9-9db8-2dba51387775,Summit Ridge Energy,Owner-operator of community solar assets,srenergy.com,"Kansas City, Missouri",Foss and Company,144.0,2.86,Other,55000000.0,,True,224129133
1d343884-9af5-4462-9e1b-1db45b5e4eb7,The Sun Exchange,Crypto-enabled solar leasing platform,thesunexchange.com,"Cape Town, South Africa",ARPF,27.0,-10.0,Debt,2500000.0,"['Martin Webb (Chief Executive Officer): https://linkedin.com/in/martin-webb-b2a8a15', 'Levi Gavriel Temlock (Chief Financial Officer, Co-Founder ): https://linkedin.com/in/larrytemlock', 'Abraham Cambridge (Founder CEO): https://linkedin.com/in/abraham-cambridge-6481081a', 'Levi Gavriel Tepljak (CFO, Co-founder): https://linkedin.com/in/levi-tepljak']",True,124903859
5405fd9d-508b-471b-b1d3-8ae4367134c4,sun king,Provides distributed solar systems to households in Africa and Asia,,,,,,,,,False,Not in Affinity
f60d4ea7-59ed-4fd5-8672-8c298cbb2a95,sun mobility,EV energy infrastructure startup,,,,,,,,,False,Not in Affinity
574f0753-45ea-4398-9614-6ba7963d7f8c,Sunairio,AI-driven weather and climate modeling software,sunairio.com,"Baltimore, Maryland","['Buoyant Ventures', 'Rosecliff Ventures', 'Constellation Technology Ventures', ""MassMutual Ventures' Climate Tech Fund,""]",10.0,25.0,Other,6400000.0,"['Rob Cirincione (Founder): https://linkedin.com/in/rob-cirincione-66710810', 'Mitchell Walk (Co-Founder, Head of Business Development): https://linkedin.com/in/mitchwalk']",True,281079867
f46aca6a-1117-4597-ab80-aaaf01285817,SunCulture,Solar power irrigation systems provider,sunculture.com,"Nairobi, Kenya",,,,,,,False,2537902
f7aa0b11-b320-4d00-a0d4-f8b3c8841931,Sunday,Eco-friendly lawn care startup,getsunday.com,"Boulder, CO",,,,,,,False,221222048
b64fc03b-d7f0-4175-ae95-f63389c6bbdd,Sundrive Solar,Solar cell development startup,sundrivesolar.com,"Sydney, Australia",,,,,,,False,263460380
ede4afd0-6b70-45a3-b47d-4f5090aa90b9,sunfi,Platform providing solar energy access and financing,,,,,,,,,False,Not in Affinity
511f8ed0-b72f-4a66-bf9a-f19d2c18c06c,sunfire,Developer of green hydrogen electrolyzers,,,,,,,,,False,Not in Affinity
8eeaef26-34a6-4ff2-ab5f-4d161938225b,Sunflower Therapeutics,Biotechnology-driven protein discovery and manufacturing,sunflowertx.com,"Medford, MA",,,,,,,False,278766138
4a92dbc1-d067-4389-b226-6cda016cec22,Sunhat,Sustainability reporting and compliance platform,getsunhat.com,"Cologne, Germany","['Capnamic Ventures', 'xdeck ventures', 'EnBW New Ventures', 'various business angels', 'WEPA Ventures']",38.0,72.73,Seed,5000000.0,"['Lukas Vogt (Co-Founder & CEO): https://linkedin.com/in/lukas-vogt-a4464280', 'Alexander Behr (Co-Founder & COO): https://linkedin.com/in/alexander-behr', 'Ali Kamalizade (Co-Founder & CTO): https://linkedin.com/in/alikamalizade']",True,287949546
bd6a333b-3823-40d1-b41e-07c94ff3bd6b,Sunhero,Residential solar installation platform,sunhero.com,"Barcelona, Spain","['Vorwerk Ventures', 'Planet A', 'Speedinvest', 'Redstone', 'All Iron Ventures']",46.0,-47.13,Series A,10000000.0,Stefan Braun (Co-Founder): https://linkedin.com/in/stefanbraun1,True,282618931
ad1eec0b-1724-4d38-b564-20816f560e57,sunking,Off-grid solar energy company,,,,,,,,,False,Not in Affinity
1d33611c-3f5e-4fb6-907f-18f84d5b4fea,sunlight financial,Residential solar financing platform,,,,,,,,,False,Not in Affinity
70971b91-1db2-4018-bf33-7e4d1fb79229,sunly,"Build 1.3 GW of solar, wind, and storage",,,,,,,,,False,Not in Affinity
abff79b4-1d64-4ac8-8ca6-0a4de52c9d6b,Sunnova,Residential and commercial solar installer,sunnova.com,"Houston, Texas","['Credit Suisse', 'Triangle Peak Partners', 'Undisclosed', 'Franklin Square Capital Partners', 'Quantum Strategic Partners', 'GSO Capital Partners', 'Triangle Peak Partners, LP']",1164.0,-10.19,Public Markets,100000000.0,"['John Berger (Founder and CEO): https://linkedin.com/in/john-berger-61042724', 'Debra Moeller (VP, Corporate Services and Co-founder): https://linkedin.com/in/debra-moeller-23849418b', 'Lynda Attaway (Chief Strategy Officer and Co-Founder): https://linkedin.com/in/lynda-attaway']",True,1696546
4c8ef0d6-37b6-4f2b-aa32-2ac07a006fc2,SunPower,Renewable energy solutions,sunpower.com,"None, None",True Green Capital Management,1987.0,-38.18,,140000000.0,,True,1538066
ed8350e0-5299-4430-9b6a-32bad80c85a8,SunRoof,Solar power-based roof tile maker,sunroof.se,"None, Sweden","['World Fund', 'SMOK Ventures', 'EIT InnoEnergy', 'Nordic Alpha Partners', 'KnowledgeHub', 'Inovo Venture Partners', 'Alfabeat', 'LT Capital', 'Inovo VC', 'Klima', 'Level2 Ventures', 'Legal & General Capital', 'Alantra', 'FD Growth Capital', 'Jon Olsson']",75.0,-22.68,Series B,13500000.0,,True,225193549
d2425eb9-410f-4b64-93c4-a0846b48bc4c,sunsave,Solar and storage subscription service,,,,,,,,,False,Not in Affinity
0cd4b10a-1261-4edd-8211-631600c46bab,Sunstone Credit,Tech-enabled solar loan finance platform for businesses,sunstonecredit.com,"Baltimore, Maryland","['Earthshot Ventures', 'Greenbacker Capital Management LLC', 'Forbright Bank', 'Grotech Ventures', 'Cross River Digital Ventures']",40.0,-9.09,Series A,20000000.0,,True,282642715
94057a49-f534-477f-a010-9e2365904cfc,suntuity renewables,Renewable energy solutions provider,,,,,,,,,False,Not in Affinity
63a59e14-aea2-4fd2-9117-658baecd0f83,Sunverge Energy,Provider of a distributed energy resource control and aggregation platform,sunverge.com,"San Francisco, California","['SBCVC', 'Equinor Energy Ventures', 'Evergy Ventures', 'Ecosystem Integrity Fund', 'AGL Energy Ltd.', 'Australian Renewable Energy Agency (ARENA)', 'Total Energy Ventures International', 'Venture Capital Unit of Siemens', 'Siemens Venture Capital', 'Southern Cross Renewable Energy Fund']",14.0,-41.67,Other,11000000.0,"['Kenneth Munson (Co-founder and President & CEO, Board Member): https://linkedin.com/in/kennethmunson', 'Dean Sanders (Chairman & CTO (Co-founder)): https://linkedin.com/in/dean-sanders-b96b3a16']",True,1697892
57600f31-2621-40f6-aa70-1619c7af3064,Sunvigo,Solar-as-a-service startup,sunvigo.de,"Cologne, Germany","['existing shareholders', 'Future Energy Ventures', 'DKB AG', 'Triodos Energy Transition Europe Fund']",18.0,-75.68,Series C,19500000.0,"['Bastian Bauwens (Co-Founder & Managing Director): https://linkedin.com/in/bastianbauwens', 'Michael Peters (Co-Founder & Managing Director): https://linkedin.com/in/michael-peters-11356767', 'Vigen N. (Co-founder and Managing Director): https://linkedin.com/in/vigen-n-92773164']",True,279067466
9f58552c-c231-4419-b8a9-12ea36d10ff8,SUPER73,Electric bike company,super73.com,"Irvine, CA",,,,,,,False,100675755
9ab334f6-b8fe-465f-a3b3-48ab47092f36,supercircle,Recycling logistics platform,,,,,,,,,False,Not in Affinity
fb79146f-e926-400f-a8d5-a670f1c031fa,supercritical,Carbon removal marketplace,,,,,,,,,False,Not in Affinity
9fa2a69a-9993-4455-8514-bd8289d72333,supercritical solutions,Electrolyzer developer for producing low-cost hydrogen,https://www.supercritical.solutions/,,,,,,,,False,Not in Affinity
a0950df9-be40-4c3a-b1e4-7aa2ef2b1b1a,Supernode,Superconducting technology manufacturer,supernode.com,"Dublin, Ireland",,,,,,,False,263314633
d10f9202-a5be-4c87-bd6a-ec2fb13a23fd,supernova invest and crédit agricole group,Investment firms,,,,,,,,,False,Not in Affinity
45bbee4c-5bd2-4f85-9cde-f840428c832b,Superpedestrian,Micromobility startup,superpedestrian.com,Boston,,,,,,,False,1645170
77ce69af-8845-42ed-b2ca-4bb3bc8d0b44,superplum,Agritech supply chain platform,,,,,,,,,False,Not in Affinity
0cd03751-b333-42ec-94a1-a03936432073,Supplant,Efficient irrigation system startup,supplant.com,Israel,,,,,,,False,163281565
a059e79e-dd66-47d0-b704-d715afde4fae,SupplyShift,Helping companies reduce their supply chain emissions,supplyshift.net,"Santa Cruz, California","['Impact Engine', 'Buoyant Ventures', 'HSBC', 'Blackhorn Ventures', 'Working Capital', 'Valuestream Ventures', 'Bowery Capital', 'Aiim Partners', 'Supply Chain Ventures', 'Tenfore']",18.0,-47.06,,10000000.0,"['Jamie Barsimantov (COO and Co-founder): https://linkedin.com/in/jamesbarsimantov', 'Alex Gershenson (CEO): https://linkedin.com/in/alexander-gershenson']",True,1615663
ee9ac037-c13a-4795-98c3-fc9001ed91e2,suprema,Produce superconductive tapes used in fusion reactors,,,,,,,,,False,Not in Affinity
c8746472-c10e-406a-9548-eeb73382e71c,SureImpact,Impact management and reporting solution,sureimpact.com,"Powell, OH",,,,,,,False,262705878
a8935d50-904f-4c37-853b-d97906c17a58,Suryanesia,Residential solar installer,suryanesia.com,Indonesia,,,,,,,False,288741717
9922f7da-9a47-4492-8d49-3673246aad8d,sust global,Climate risk data startup,https://utilityglobal.com/,,,,,,,,False,Not in Affinity
aa797836-761a-4bd6-9f87-c20fbd2554c2,Sustaera,Carbon removal startup,sustaera.com,"Cary, NC",,,,,,,False,284354666
579b7394-7167-47a4-8c58-b042e766f905,Sustain.Life,SaaS platform helping companies adopt more sustainable practices,sustain.life,"New York, New York","['Kompas', 'Tapestry VC', 'Mike Hanrahan', 'Agya Ventures', 'Active Impact Investments', 'Seyen Capital']",14.0,-73.58,Seed,16000000.0,Annalee Bloomfield (CEO): https://linkedin.com/in/annalee-bloomfield-37aa009,True,282329104
1d310833-2837-42ad-8d3b-bb60940ffd0d,sustainability group,Sustainability management and ESG reporting platform,,,,,,,,,False,Not in Affinity
a9a2dbd7-784b-4f09-90de-ab454d81058a,SustainCERT,Climate impact verification platform,sustain-cert.com,"Roeser, Luxembourg","['Citizen Capital', 'Partech', 'Innovacom', 'Hartree Partners', 'Blue Orchard', 'Microsoft’s Climate Innovation Fund', 'Gold Standard Foundation', 'World Wildlife Foundation (WWF) Impact Ventures', 'Microsoft Climate Innovation Fund', '1to4 Foundation']",97.0,-14.16,Series B,37000000.0,,True,220452718
5e7d5816-f77e-4e73-8ea1-95450fccb349,SustainKart,Ecommerce marketplace for sustainable products,sustainkart.com,India,,,,,,,False,280856678
acf2cdf3-6594-4a38-aecc-4bf3f173a079,Susteon,DAC and SAFs developer,susteon.com,"Cary, NC",,,,,,,False,279599927
55da9fdc-8e11-4976-a5f5-c035602f4050,svante,Carbon capture and removal provider,,,,,,,,,False,Not in Affinity
0459708a-0dcb-46d4-8a9c-eb95c617c36c,svante technologies,Carbon removal business,,,,,,,,,False,Not in Affinity
2cef417d-905d-4d48-bad6-087f3fb734f4,svx,Sustainable energy technology company,,,,,,,,,False,Not in Affinity
8a06e0c9-b42c-47d5-ba11-9774be2ab614,Swantide,GTM tech stack management platform,swantide.com,"San Francisco, CA",,,,,,,False,263381928
447d1149-18b1-4626-90cc-20c74109619f,swap,Swappable batteries for e-motorcycles,,,,,,,,,False,Not in Affinity
33709d3d-6e04-4039-b6a8-7e81c86aaabe,PhoenixEra Swap Energy Solutions,Smart battery swapping network for e-motorcycles,swapenergies.com,Indonesia,,,,,,,False,292563868
2b974fd3-020d-4f5c-b85e-e9260fc22f8d,Swap Robotics,Solar vegetation management platform,swaprobotics.com,"Ontario, Canada",,,,,,,False,283612324
8c40e0fb-df1a-4f04-bb03-0f979e5ad3b9,swapp,Construction planning company,,,,,,,,,False,Not in Affinity
575ef969-6377-42be-b688-417ad7994c99,Swarm Engineering,Provider of food supply chain software,swarm.engineering,"San Juan Capistrano, California","['Serra Ventures', 'S2G Ventures', 'VTC Seed Fund', 'Soren Schroder', 'Wells Street Capital', 'Harvard Business School Alumni', 'Rinvest']",23.0,0.0,Seed,2700000.0,"['Anthony Howcroft (CEO, co-founder): https://linkedin.com/in/amhowcroft', 'Matt Oberdorfer (Co-Founder and Technology Advisor): https://linkedin.com/in/mattoberdorfer', 'Stu Frost (Chairman & Co-founder): https://linkedin.com/in/stu-frost']",True,151467755
b61ed16e-ad45-48f5-a5b3-5529be93ffd5,SwarmFarm Robotics,Provider of autonomous farming robotics services,swarmfarm.com,"Gindie, Australia",,,,,,,False,116048914
601ded11-56dd-4e32-863d-5e28530fbaf2,sway,Seaweed based packaging developer,,,,,,,,,False,Not in Affinity
c3947b23-8470-4184-87cb-2e29eda33ec4,SWEEP-Net,Startup tracking carbon emissions across supply chains,sweep.net,"Montpellier, France","['Coatue', 'Tony Fadell’s Future Shape fund', 'Balderton Capital', 'New Wave', 'La Famiglia', 'San Francisco-based technology entrepreneurs']",176.0,20.55,Series B,73000000.0,"['Raphael Güller (Co-Founder): https://linkedin.com/in/raphaelgueller', 'Yannick Chaze (Co-Founder): https://linkedin.com/in/ychaze', 'Rachel Delacour (Co-Founder): https://linkedin.com/in/wearecloudrachel']",True,224033445
65ee0e10-cd5d-4984-bb0e-a307a5ba045c,sweetch energy,Provider of osmotic energy from saltwater,,,,,,,,,False,Not in Affinity
66dd4160-1a85-4bc6-8c89-395a58a0b498,Swell Energy,Virtual power plant company,swellenergy.com,"Santa Monica, California","['Ares Infrastructure Opportunities fund', 'Ontario Power Generation Pension Fund', 'Greenbacker Development Opportunities Fund I, LP', 'SoftBank Vision Fund 2']",25.0,-79.84,Series B,120000000.0,"['Matt Rising (CRO & Co-Founder): https://linkedin.com/in/matthewrising', 'Sean Feeney (Tesla Powerwall, Sales Team Founder): https://linkedin.com/in/seanfeeney310', 'Suleman Khan (CEO): https://linkedin.com/in/sulemankhan', 'Andrew Meyer (Co-Founder and COO): https://linkedin.com/in/meyer-andrew']",True,136989236
9cae3f6d-d93b-4162-b215-8e2a526cbe3f,Swift Solar,Make solar panels with perovskite technology,swiftsolar.com,"San Carlos, California","['Jonathan Lin', 'Good Growth Capital', 'Climate Capital', 'James Fickel', 'Sid Sijbrandij', 'Fontinalis Partners', 'Eni Next', 'Toba Capital', 'Adam Winkel', 'HL Ventures', 'Fred Ehrsam', 'Stanford University', 'BlueScopeX']",39.0,0.0,Series A,27000000.0,"['Tomas Leijtens (CTO, Co-founder): https://linkedin.com/in/tomas-leijtens-355747104', 'Joel Jean (Co-Founder and CEO): https://linkedin.com/in/joeljean', 'Kevin Bush (Co-Founder and VP Product): https://linkedin.com/in/kevin-bush-602709a8', 'Maximilian Hoerantner (Co-Founder, VP of Engineering): https://linkedin.com/in/maxhoerantner']",True,200339407
eeb4d998-773a-4ece-91f9-62a56a03b10f,Swiftmile,Startup providing micromobility parking and charging stations,swiftmile.com,"San Carlos, California","['Thayer Ventures', 'Alumni Ventures Group', 'Verizon Ventures']",14.0,-26.32,Series A,5000000.0,"['Leo Vera (Co-Founder; Chief Business Officer and CFO): https://linkedin.com/in/leo-vera-04807a29', 'John McGraw (Co-Founder - Strategic Accounts): https://linkedin.com/in/john-mcgraw-816b3276', 'Keith Moravick (Co-Founder | CTO): https://linkedin.com/in/keith-moravick-63ab037']",True,1787084
18b0a0ca-c35d-4c47-886f-86a0e86f304a,Switch Bioworks,Biofertilizers with microbes for chemical application,switchbioworks.com,San Carlos,,,,,,,False,285416238
35a6323e-7676-4187-8217-d4b3acbd3247,SW/TCH Maritime,Hydrogen and electric ferries manufacturer,switchmaritime.com,"Jackson, WY",,,,,,,False,262948234
90c673a5-0b72-4151-beed-565dc8670ac6,switchboard,Data engineering automation platform,,,,,,,,,False,Not in Affinity
9216f7c2-5bd7-4f40-8fdf-ea5b5f6f025c,SwitchDin,Distributed energy resources software company,switchdin.com,"Maitland, Australia",,44.0,-6.38,,3456858.0,"['Johann Du Toit (Founder): https://linkedin.com/in/johanndutoit', 'Andrew M. (Chief Executive Officer & Founder): https://linkedin.com/in/andrewmears']",True,209882188
eb49438e-6286-44c0-b33f-9a770f97128a,Switchee,Help homeowners lower their heating bills via its smart thermostat,switchee.co,"London, U.K.","['Wayra UK', 'Contrarian Ventures', 'Pi Labs', 'ClearlySo', 'Ian Nolan', 'Mustard Seed Ventures', 'Clearly So Limited', 'Mustard Seed', 'Fair by Design Fund']",27.0,,Seed,1736120.0,"['Russ MacMillan (Founder (CEO), then Technical Director (CTO)): https://linkedin.com/in/russ-macmillan-8681a858', 'Tom Robins (Chief Executive Officer): https://linkedin.com/in/trobins01', 'Adam Fudakowski (Founder and CEO): https://linkedin.com/in/adam-fudakowski-8202b14', 'Ed Warrick (Founder): https://linkedin.com/in/ed-warrick-205aa48', 'Ed W. (Founder): https://linkedin.com/in/ed-w-205aa48']",True,2532484
f6f979d5-7727-4fb1-a863-057b12d5bbd9,Swobbee,Micromobility battery swapping company,swobbee.de,"Berlin, Germany",,,,,,,False,224641254
342a11f5-d4fb-42e4-b10f-0f6da8d5cb3a,swtch energy,EV chargers in apartments and condos,https://www.swtchenergy.com/,,,,,,,,False,Not in Affinity
bf4d219c-f897-4043-92f4-e1dcdc44c56a,Swytch,Producer of a pocket-sized ebike battery,swytch.io,"Austin, Texas",Reflective Venture Partners,15.0,,Other,,"['Evan Caron (Founder & Chief Strategy Officer): https://linkedin.com/in/evanc1', 'Jessica St. John, MBA (Senior Project Manager & Culture Team Co-Founder): https://linkedin.com/in/jessica-st-john-mba']",True,161812225
de71a4a9-e03c-4e4b-a6c1-51a16bccf9d2,Sylvera,Carbon offset ratings provider,sylvera.com,"London, United Kingdom","['Balderton Capital', 'Insight Partners', 'Bain & Company', 'Speedinvest', 'Index Ventures', 'Fidelity Strategic Ventures', 'Salesforce Ventures', 'Seedcamp', 'LocalGlobe', 'angel investors', '9Yards Capital']",148.0,-9.2,Series B,57000000.0,"['Allister Furey (Co-Founder & CEO): https://linkedin.com/in/afurey', 'Oliver Gough (Founder Associate): https://linkedin.com/in/oliver-gough-75950990', 'Ollie Gough (Founder Associate): https://linkedin.com/in/ollie-gough-75950990', 'Samuel Gill (Co-Founder & COO): https://linkedin.com/in/samuel-gill']",True,225104370
57c693ac-0e28-4dc7-8889-b6686a7fb635,symbrosia,Seaweed feed additive startup,,,,,,,,,False,Not in Affinity
1019c48e-fb4e-4cb8-a97e-d0f94e25b283,Sympower,Providing grid-balancing services,sympower.net,"Amsterdam, Netherlands","['Enfuro Ventures', 'Rubio Impact Ventures', 'Expon Capital', 'PDENH', 'Rockstart', 'Activate Capital', 'VC', 'Casper Peeters', 'Kees Koolen', 'A&G Energy Transition Tech Fund', 'European Investment Fund']",227.0,17.01,Series B,21300000.0,"['Simon Bushell (Founder and CEO): https://linkedin.com/in/sbushell', 'Georg Rute (Founder and CTO): https://linkedin.com/in/georgrute']",True,6048387
2cd08bb8-8fe2-4027-af0f-5460b529616d,synaptec,Passive electrical sensor networks developer,,,,,,,,,False,Not in Affinity
82106cc4-02b7-4971-bad1-40424ebd80c5,Synergi,Software that helps consumers and utilities participate in flexible electricity markets,synergi.so,"Helsinki, Finland","['APX', 'Lifeline Ventures', 'Wave Ventures', 'Greencode Ventures', 'Vaens']",15.0,7.14,Seed,2000000.0,"['Petrus Holm (Co-founder, Product): https://linkedin.com/in/petrusholm', 'Antti Hämmäinen (Co-founder, CEO): https://linkedin.com/in/antti-hammainen', 'Harri Iisakka (Co-founder, Operations): https://linkedin.com/in/iisakkaharri']",True,287691203
c5c51b67-5ceb-477e-9c67-f8a3001d5b6b,Synhelion,Solar fuel producer,synhelion.com,Switzerland,,,,,,,False,200338553
a386c357-ba14-40c5-bfea-81985389bb28,Synop.ai,Operating system for commercial EV fleets,synop.ai,"New York, New York","['Wireframe Ventures', 'Better Ventures', 'Congruent', 'Obvious Ventures']",30.0,-18.92,Series A,10100000.0,"['Andrew Blejde (Co-Founder): https://linkedin.com/in/andrewblejde', 'Gagan Dhillon (Co-Founder): https://linkedin.com/in/gagan-dhillon-6b5b5116']",True,286790356
028d3f61-2299-4908-b81f-304f425df97a,syntetica,Nylon recycling company,,,,,,,,,False,Not in Affinity
543787ce-eb21-496b-b343-0574d51efecd,Synthesia,AI video generation,synthesia.io,"London, UK",,,,,,,False,137591238
74aab6b5-5afc-4f11-b562-de57dea6c290,synthetaic,AI-powered visual data analysis software,,,,,,,,,False,Not in Affinity
a09a9c3c-805e-44e6-9761-4c68a4c79157,synthica,RNG project developer,,,,,,,,,False,Not in Affinity
f15335b5-f0e0-4ec6-938a-8321d9415b99,SYRE,Textile and polyester recycling business,syre.com,"Stockholm, Sweden",,,,,,,False,279176211
5b997657-cd44-4238-a035-594a94bab8e4,syso,Operate renewable and battery energy storage assets,,,,,,,,,False,Not in Affinity
6107aac8-b004-411e-b523-81e933f100e2,syso technologies,Market operator for renewable energy and battery storage developers,,,,,,,,,False,Not in Affinity
c9ae0bf0-cb9a-4893-917e-dbfde3ea0a85,Syzygy Plasmonics,Maker of photocatalyst for industrial applications,plasmonics.tech,"Houston, Texas","['Sumitomo Corporation of Americas', 'LOTTE CHEMICAL', 'Equinor Ventures', 'GOOSE Capital', 'Evok Innovations', 'Toyota Ventures', 'The Engine', 'Goose Capital', 'Aramco Ventures', 'Carbon Direct Capital', 'The GOOSE Society of Texas', 'EVOK Innovations', 'Horizons Ventures', 'Chevron Technology Ventures', 'Pan American Energy', 'angel investors from the Creative Destruction Lab program and the Houston area']",103.0,-8.04,Series C,76000000.0,,True,161812293
1d74f7c6-4fa3-4573-91d6-0aafe6d47b91,T-Robotics,Robotic programming developer,t-robotics.ai,"San Francisco, California","['Engine Ventures', 'Emergent Ventures', 'Raisewell', 'Berkeley Skydeck']",9.0,125.0,Seed,5400000.0,,True,295915882
7a16d2f8-c8df-418e-885a-8195e83f807e,TablePointer,Energy management platform,tablepointer.com,Singapore,,,,,,,False,282565389
d8142baa-ca53-43ef-b9b7-38e95cde809c,Tackle.io,Software marketplace,tackle.io,"Boise, Idaho","['Coatue', 'Andreessen Horowitz', 'Bessemer Venture Partners']",175.0,-11.62,Series C,100000000.0,"['John Jahnke (CEO): https://linkedin.com/in/johnjahnke', 'Carilu Dietrich (Advisor to the CEO and Head of Marketing): https://linkedin.com/in/cariludietrich', 'Brian Denker (Co-Founder & COO): https://linkedin.com/in/briandenker', 'Dillon Woods (Founder): https://linkedin.com/in/dewoods']",True,202531563
9574b6d8-d81b-4461-8c28-44572fdbc609,tado°,Home energy management startup,tado.com,"Munich, Germany","['Panasonic Corporation', 'Energy Innovation Capital', 'Target Partners', 'Kiko Ventures', 'BayBG', 'Trill Impact Ventures', 'E.ON', 'Inven Capital', 'Shortcut Ventures', 'Swisscanto', 'Inveni Capital', 'S2G Ventures', 'Bayern Kapital', 'European Investment Bank', 'Amazon, Inc.', 'other investors', 'Statkraft Ventures']",215.0,-5.29,Other,32626200.0,"['Christian Deilmann (Co-Founder & Managing Director): https://linkedin.com/in/christiandeilmann', 'Valentin Sawadski (Co-Founder): https://linkedin.com/in/sawadski']",True,1620456
a6ced0a4-0681-44bf-9f2d-7c77511bfcce,tae technologies,Field reversed configuration fusion developer,,,,,,,,,False,Not in Affinity
255941af-9a58-4c7a-917c-895c7e638b7f,"TakeOff Technologies, Inc.",Online grocery-shopping marketplace,shoptakeoff.com,"Waltham, MA",,,,,,,False,291710524
11641b6b-b0e6-4416-8340-b08acbb2fbf7,tala,Sustainable activewear brand,,,,,,,,,False,Not in Affinity
4faf3ac6-ea74-4b87-a247-abdbfa283d64,Tallarium,Price discovery analytics platform for OTC energy markets,tallarium.com,"London, UK",,,,,,,False,223955956
fd9f1304-6445-4dfa-baba-dbcde9404742,tan90,Provider of portable cold storage for temperature-controlled products,,,,,,,,,False,Not in Affinity
9af490ac-b1e7-41c9-81ed-1bcf6926e29a,Tandem PV,Tandem perovskite solar panels achieving 28% efficiency,tandempv.com,San Jose,,,,,,,False,223161935
7f6d69c9-e1c4-49a9-b1fc-0d2500687d3c,tangible,Platform that helps building developers measure carbon footprints and find low-carbon materials,tangible.co,"San Francisco, CA",,,,,,,False,299040428
c8cefe01-18f3-4013-88cd-2f9f3a3045ee,taranis,Agricultural intelligence startup,,,,,,,,,False,Not in Affinity
eface364-f2a6-40fd-9831-8f59b63ebc50,tata motors,EV business,,,,,,,,,False,Not in Affinity
ae3c5640-ec81-4905-9e2e-10cb115be2e8,Tau Group,EV motors developer,tau.group,"Pianezza, Italy","['Finindus', 'Santander InnoEnergy Climate Fund', 'CDP Venture Capital', 'a consortium of two leading Middle Eastern sovereign wealth funds', 'Russian Direct Investment Fund (RDIF)', 'German investment manager', 'German specialty chemicals company Altana', 'corporate venturing arm of German specialty chemicals company Altana AG']",64.0,-1.54,Series B,11911240.0,"['Piero Degasperi (Co-founder and CTO): https://linkedin.com/in/piero-degasperi-5a77a0a7', 'Filippo Veglia (Co-Founder and CCO): https://linkedin.com/in/filippo-veglia-16337615', 'Francesco Taiariol (CEO): https://linkedin.com/in/taiariol']",True,223146020
cc3b1f52-62b8-4238-8f38-47a86dce5164,Taurus Investment Holdings,E-scooter manufacturer,tiholdings.com,UK,U.S. Small Business Administration.,97.0,-3.0,PPP Loan,350000.0,"['Peter Merrigan (CEO & Managing Partner): https://linkedin.com/in/petermerrigan', 'Ramiro Juliá (Taurus Americas - Founder, Managing Partner): https://linkedin.com/in/ramirojulia', 'Ulrich Gerhardt (Geschäftsführer CEO Germany): https://linkedin.com/in/ulrich-gerhardt-8ab917120', 'Ajay Prasad (Managing Director and Chief Executive Officer - India): https://linkedin.com/in/ajay-prasad-a9775511']",True,136365561
66c9a9e0-4771-4b44-8afa-88fd09b56593,TCab Tech,Manufacture eVTOL air taxis,tcabtech.com,Shanghai,,,,,,,False,284032253
80a9c353-89ca-4bdd-9e85-92b5d25757ef,TDK Ventures,Fund for early-stage deep tech startups,tdk-ventures.com,"San Jose, CA","TDK Ventures, Inc.",37.0,5.71,Investment Fund,150000000.0,,True,221387728
f4b97d56-2f6f-4a8c-9f6d-9d5fe4962221,tealbook,A data platform to improve supplier data visibility,tealbook.com,"Toronto, Canada","['Silicon Valley Bank', 'Reciprocal Ventures', 'S&P Global', 'Ten Coves Capital', 'Grand Ventures', 'Refinery Ventures', 'RTP Global', 'Workday Ventures', 'CIBC Innovation Banking', 'Royal Bank of Canada', 'Stand Up Ventures', 'BDC Capital', 'Good Friends']",75.0,-1.32,Series B,50000000.0,Stephany Lapierre (Chief Executive Officer): https://linkedin.com/in/tealbook,True,118306215
4a2a7ab6-e177-4039-93e5-0c015c4d580f,Tebrio,Breeding and processing mealworms for animal feed and bioplastics,tebrio.com,"Salamanca, Spain",,,,,,,False,291943076
54ae8586-bed2-4c7d-837c-90fca0747576,GMN TECHMET,Investments in critical minerals mining,techmet.com,"Dublin, Ireland",,,,,,,False,283875493
a827d8d3-d337-4977-9129-e3c7eaac9aa9,Technosylva,Wildfire risk monitoring platform,technosylva.com,"San Diego, California","['TA Associates', 'General Atlantic’s BeyondNetZero Fund']",115.0,32.18,Other,,"['Joaquin Ramirez Cisneros (Founder and Principal Consultant): https://linkedin.com/in/joaquinramirez', 'Bryan Spear (Chief Executive Officer): https://linkedin.com/in/business-solution-strategy']",True,223828728
22fff97f-06d9-47ae-a55d-7bac23164dd0,techvision,Augmented reality training solutions,https://www.techvision.com/,,,,,,,,False,Not in Affinity
8aa04065-8893-4612-9632-cbc2379097e3,TEKEVER,Unmanned aerial vehicles for data collection,tekever.com,"Lisbon, Portugal",,,,,,,False,1612745
1703e0ac-fa47-4123-ac21-79a6e5997934,Tekoma Energy KK,Solar development business focused on Northern Asia,tekoma.energy,Tokyo,,,,,,,False,299902524
7ef654aa-8f48-4cf0-8ab8-62ece62f4be5,Teleo,Retrofit heavy construction equipment,teleo.ai,"Palo Alto, California","['YCombinatol', 'UP.Partners', 'F-Prime Capital', 'K9 Ventures', 'Trucks VC', 'Triatomic Capital', 'Trousdale Ventures']",26.0,0.0,Series A,16200000.0,"['Vinay Shet (Co-founder and CEO): https://linkedin.com/in/vinayshet', 'Rom (Romain) Clement (Co-founder & CTO at Teleo): https://linkedin.com/in/romclement']",True,262393266
71f77ddd-bd2e-4bf4-8f0e-a778b1e1498a,telescope,Sustainability risk management for real estate,,,,,,,,,False,Not in Affinity
bd6da9fa-17a4-4d78-9496-e591c4d3f65c,Telesense,Agricultural IoT startup,telesense.com,"Sunnyvale, CA",,,,,,,False,1795902
bb3f96a4-6b5f-4130-a76b-9b7b82d064d0,telo,Electric vehicle company,,,,,,,,,False,Not in Affinity
8f2c5072-e8a1-49c5-92c9-d66959f83e97,Telo Trucks,Small electric vehicles manufacturer,telotrucks.com,"San Carlos, CA",,,,,,,False,289445660
57e010e4-29a8-45a0-94ed-1546978473c4,Temenos,Help UK businesses buy energy from renewable projects,temenos.com,"Geneva, Switzerland",N/A,6106.0,-3.03,Public Markets,580000000.0,,True,1562399
4f5feb88-0485-43b0-a44e-49d8b584d00f,tembici.,Micro mobility startup operating Latin America,tembici.com,"São Paulo, Brazil",,,,,,,False,204072153
1c901c0c-c6e6-43c1-92af-911aac9e1a59,temo,Electric propulsion developer,,,,,,,,,False,Not in Affinity
b4db31d1-2df9-4f16-b91b-5fbef4000252,TemperPack,Maker of packaging alternatives to Styrofoam,temperpack.com,"Richmond, VA",,,,,,,False,122979129
f0bec2b9-5c07-480e-ab78-3aae7510c4d6,temporal,"Open source, stateful, microservices orchestration platform",https://temporal.io/,,,,,,,,False,Not in Affinity
0a1b37c8-a631-4d86-9d37-490df184a354,Tempus,Technology company focused on precision medicine,tempus.com,"Chicago, Illinois","['Novo Holdings', 'Baillie Gifford', 'NEA', 'Franklin Templeton', 'T. Rowe Price', 'other existing investors', 'Revolution Growth', 'New Enterprise Associates (NEA)', 'Baillie Gifford International']",2345.0,2.27,Public Markets,200000000.0,"['Maritza Huerta Casas (CEO - Representante Tempus Labs): https://linkedin.com/in/maritza-huerta-casas-2840115', 'Eric Lefkofsky (Founder and CEO): https://linkedin.com/in/ericlefkofsky']",True,100247068
ea367dee-1df6-4a11-abba-2b9fd3e228d2,tender food,Make plant-based meats,https://tenderfood.com/,,,,,,,,False,Not in Affinity
ebf08b13-4e8d-46e2-9699-80581c60f4cd,Tenderd,Fleet and emissions management software,tenderd.com,"Abu Dhabi, United Arab Emirates","['Y Combinator', 'Peter Thiel', 'Matt Mickiewicz', 'VentureSouq', 'Dynamo', 'Justin Mateen', 'SOMA', 'Paul Graham', 'Global Founders Capital', 'Paul Buchheit', 'BECO', 'Wa’ed Ventures', 'SOMA Capital', 'Nakhla Ventures', 'A.P. Moller Holding', 'Liquid 2 Ventures', 'Quadri Ventures', 'Saurya Prakash']",50.0,-18.03,Series A,30000000.0,Arjun Mohan (Founder & CEO): https://linkedin.com/in/mohanarjun,True,164005770
c5863f73-006e-49d7-916b-93ff64c20201,tenet,Fintech startup offering EV auto loans,,,,,,,,,False,Not in Affinity
11ae0884-886d-4190-9dba-397fd7c756a9,tenet energy,EV financing services platform,,,,,,,,,False,Not in Affinity
65b631cd-503f-4501-86bc-57d8d94c1a75,Tensor Ventures,"Invest in deep tech startups, including climate tech",tensor.ventures,Prague,,,,,,,False,225102051
289ee559-4fed-4afc-a557-944442b5adfa,tenways ebike,Electric bike manufacturer,https://tenways.com/,,,,,,,,False,Not in Affinity
938118f3-10df-49b5-b452-682a435332b2,tepbac,IoT-enabled hardware and data system for shrimp farmers,,,,,,,,,False,Not in Affinity
2368667f-105a-4c1a-af5d-9849bf829028,tepeo,Zero-emission boiler developer,,,,,,,,,False,Not in Affinity
673f6f32-571c-42a5-b07f-38dbdf9a0beb,Terabase Energy,Solar digital startup,terabase.energy,"Berkeley, California","['Fifth Wall', 'Prelude Ventures', 'EDP Ventures', 'Breakthrough Energy Ventures', 'SJF Ventures', 'other existing investors', 'SoftBank Vision Fund 2', 'existing and new strategic investors']",139.0,14.88,Series C,130000000.0,"['Thang Le, P.E. (VP Project Management and Engineering, Co-Founder): https://linkedin.com/in/thang-le-p-e-b6744520', 'Amine Berrada Sounni (Co-Founder): https://linkedin.com/in/amineberradasounni', 'Dan Cohen (EVP, Technology & Operations, Co-Founder): https://linkedin.com/in/dan1cohen']",True,224081227
8f6d41fc-299b-4603-be0e-b5b8afa593ca,TeraPore Technologies,Nanofiltration membrane systems developer for biomanufacturing,terapore.com,"San Francisco, CA",,,,,,,False,276211630
78779c8f-684e-4f63-82a5-46f5de6a4084,Tereform,Molecular recycling process developer,tereform.com,"Denver, CO",,,,,,,False,290897461
c8e3a344-5e5b-483a-9263-e6db2282d70e,termina,Automatic energy account switcher service,,,,,,,,,False,Not in Affinity
45a32a8f-8084-4544-9e13-915bda045afb,tern ai,AI-powered alternative to the GPS,https://tern.ai/,,,,,,,,False,Not in Affinity
1075b16c-0562-486a-80aa-6e6543e3a5c8,ternel,Invest in climate change and biodiversity startups,,,,,,,,,False,Not in Affinity
571ad0c2-615c-439a-ba54-db68bc864b9c,Terra CO2 Technologies,Low-carbon alternatives producer for cement production,terraco2.com,"Golden, Colo.",,,,,,,False,255177394
35752767-de85-4d86-be0f-c3c1f18442de,terra co2 technology,Low-carbon cement materials,,,,,,,,,False,Not in Affinity
c3021a9c-0598-43ba-9aeb-984931d85466,terra one,Battery storage company,https://www.terrapower.com/,,,,,,,,False,Not in Affinity
41c98d18-334c-4690-b224-68380193a53c,Terra.do,Global climate career platform,terra.do,"Stanford, California","['Avaana Capital', 'BEENEXT', 'TELUS Pollinator Fund for Good', 'SIG', 'E8 Angels', 'Precursor', 'Hummingbird Firm', 'MCJ Collective', 'David Helgason', 'Avesta', 'City Light', 'C3', 'Albert Wenger', 'Stanford Angels & Entrepreneurs']",5.0,25.0,Seed,5000000.0,"['Rachit Kejariwal (Studio Co-Founder): https://linkedin.com/in/rkejariwal', 'Mayank Jain (Co-Founder): https://linkedin.com/in/mayankrjain', 'Kamal Kapadia, Ph.D. (Co-Founder and Chief Learning Officer): https://linkedin.com/in/kamal-kapadia-ph-d-bb0a181', 'Kamal Kapadia (Co-Founder and Chief Learning Officer): https://linkedin.com/in/kamal-kapadia-bb0a181']",True,262418988
6e2818af-1b9c-4af3-919f-ed5c000bf15a,Terradepth,Ocean data portal powered by autonomous underwater vehicles,terradepth.com,"Austin, Texas","['Nimble Ventures', 'Giant Ventures', 'Seagate Technology']",35.0,29.63,Other,20000000.0,"['Joe Wolfel (CEO): https://linkedin.com/in/joe-wolfel-aa76a054', 'Judson Kauffman (Co-founder, Director): https://linkedin.com/in/judson-kauffman-01468131', 'Judson K. (Co-Founder and Director): https://linkedin.com/in/judson-k-01468131']",True,224200689
31e1af0a-93c4-4c14-a797-b6daa71fd505,terradot,Carbon removal service,,,,,,,,,False,Not in Affinity
1f00831e-d0b8-4d75-bef8-81c0eb5b194e,Terraformation,Startup supporting the scaling of forest restoration projects,terraformation.com,"Waimea, Hawaii",,90.0,-2.17,Series A,30000000.0,"['Yishan Wong (CEO): https://linkedin.com/in/yishan-wong', 'Tyler Levine (Internship with Terraformation/Founder and CEO for SEEDS of Honua): https://linkedin.com/in/tyler-levine-905779226']",True,279149359
d8d38cca-73da-4274-945b-595170135ebf,terralayr,Grid-scale battery management platform,trlyr.com,"Zug, Switzerland","['Creandum', 'Earlybird', 'Rive Private Investment', 'Picus Capital', 'Norrsken VC']",39.0,69.57,Seed,77000000.0,Ludwig Wurlitzer (Founder & COO): https://linkedin.com/in/ludwig-wurlitzer-7a61b587,True,287894032
61560112-aec6-45d1-a2ec-bed991ec5476,Terramera,Developer of plant-based pesticides and fertilizers,terramera.com,Canada,,,,,,,False,26090454
c2d4b01d-44d7-4f16-8fba-53eea378fee0,Terrantic,"Help farmers, food packers, and food processors optimize operations",terrantic.com,"Seattle, U.S.",,,,,,,False,289540239
697c4eb9-fd32-44b1-af7b-0dfcc64d21fc,TerraPower,Building the first commercial advanced reactor in the U.S.,terrapower.com,"Bellevue, Washington","['SK Innovation', 'SK Inc', 'Microsoft']",729.0,8.97,Other,750000000.0,Christopher Levesque (President and CEO): https://linkedin.com/in/christopher-levesque-9ab1326a,True,1637312
8f9ecbb6-4c23-4a8c-ad7e-79f3a29ca522,Terrathermo,Hot dry rock geothermal developer company,terrathermo.eu,"Dublin, Ireland",,,,,,,False,296992411
6de12f2a-ecd8-4962-aac5-3f7fe478fad5,terrestrial energy,Nuclear fission-focused molten salt reactor technology,,,,,,,,,False,Not in Affinity
31787273-c195-4dee-aa42-b228b41c217f,Terreva Renewables,RNG developer,terrevarenewables.com,"Atlanta, GA",,,,,,,False,294088398
0e5eb9cf-d6f3-47cc-a38b-77bcb379a160,TerViva,Produce more feedstocks for renewable fuels,terviva.com,"Oakland, California","['Astia Angels', 'Yield Lab', 'Evans Properties', 'Trustbridge Partners', 'U.S. Small Business Administration.', 'Elemental Excelerator', 'Allotrope Ventures', 'Astera Institute', 'Jeremy and Hannelore Grantham Environmental Trust', 'Howard Fischer of Gratitude Railroad', 'The Jeremy and Hannelore Grantham Environmental Trust', 'Florida agricultural family offices']",80.0,-17.53,Other,54000000.0,"Sudhir Rani (Co-founder, Chief Corporate Development Officer): https://linkedin.com/in/sudhir-rani-a1a70712",True,1747709
2c2b5afd-be2b-4db1-825f-ba56c0e40566,tesseract,Energy company,,,,,,,,,False,Not in Affinity
a758b94d-150f-4d58-a8a4-f5a96f192854,TestFit,A.I.-powered real estate feasibility software developer,testfit.io,"Dallas, Texas",Parkway Venture Capital,36.0,-29.41,Series A,20000000.0,Clifton Harness (Chief Executive Officer): https://linkedin.com/in/cliftonharness,True,224783534
32a160d7-6bc1-4730-9bee-533a2f90d2ed,tether,EV grid integration and V2G platform,,,,,,,,,False,Not in Affinity
