id,name,tagline,domain,Location,Investors,Employees (Current),Employees: Growth YoY (%),Investment Stage,Last Funding Amount (USD),LinkedIn Profile (Founders/CEOs),In Energize Affinity,Affinty ID
966ba347-9099-475c-b7ce-be3edb06c57a,Kitepower,Developer of airborne wind energy systems,kitepower.nl,Netherlands,,,,,,,False,164738388
efa06482-dde2-496f-8de1-9e2a28defd8a,kkr,Investment firm,https://www.kkr.com/,,,,,,,,False,Not in Affinity
639e4d56-8267-4f62-8dae-160931e30151,kkr global climate fund,Climate infrastructure fund,,,,,,,,,False,Not in Affinity
dd02aa49-c5ed-4095-a827-492e53a306e1,Klima,Make software for regenerative agriculture,klima.com,Berlin,,,,,,,False,262970013
95058b2c-bd59-4e3d-aecd-74ec3c218651,kloopify,Sustainable procurement analytics platform,kloopify.com,"Pittsburgh, PA",,,,,,,False,282308113
11c5230c-eae5-4518-9321-d805a1d1c344,koa,Upcycled cocoa fruit products developer,,,,,,,,,False,Not in Affinity
10181c25-80ea-4d51-8103-0b0caa43b61b,KoBold Metals,Use AI to identify copper and other metal deposits,koboldmetals.com,"Berkeley, California","['T. Rowe Price', 'Canada Pension Plan Investment Board', 'BHP Group Ltd', 'Bond Capital', 'Apollo Projects']",204.0,16.57,Series B,192500000.0,"['Josh Goldman (Co-Founder and CFO/CTO): https://linkedin.com/in/josh-goldman-819b834', 'Kurt House (Chief Executive & Co-Founder): https://linkedin.com/in/kurtzenzhouse', 'Jeff Jurinak (Co-Founder and Chief Operating Officer): https://linkedin.com/in/jeff-jurinak-75ba2b2b']",True,223332834
fdb2cc15-c6ba-4ebc-9867-12717bc772c2,KODE Labs,Building optimization analytics platform,kodelabs.com,"Detroit, Michigan","['I Squared Capital', 'Maverix Private Equity', 'TELUS Ventures', 'other strategic backers']",211.0,18.54,Series B,30000000.0,"['Edi Demaj (Co-Founder): https://linkedin.com/in/edidemaj', 'Etrit Demaj (CEO): https://linkedin.com/in/etrit-demaj-7b2364b', 'Gentrit Gojani (Co-Founder & CTO): https://linkedin.com/in/gentritgojani']",True,225113953
8c5bb459-cff8-4bd6-a2d6-78257fcbecd2,kodiak,Autonomous freight truck company,https://kodiak.ai/,,,,,,,,False,Not in Affinity
1c387777-0523-4723-a360-256812ef8415,Kodiak Robotics,Autonomous truck company,kodiak.ai,"Mountain View, California","['Harpoon Ventures', 'Tusk Ventures', 'CRV', 'StepStone Group', 'Aliya Capital Partners', 'Battery Ventures', 'Walleye Capital', 'Lightspeed Venture Partners', 'BMW i Ventures', 'SIP Global Partners', 'Horizon Technology Finance', 'Muirwoods Ventures', 'Bridgestone Americas', 'Gopher Asset Management']",185.0,-1.07,Debt,30000000.0,Don Burnette (Co-Founder & CEO): https://linkedin.com/in/don-burnette-b5472743,True,152149790
3e2db52f-8677-4f20-a31a-0c9a06ffdc11,kofa,Electric motorcycles and battery swapping company,,,,,,,,,False,Not in Affinity
0de1c7d3-42fd-4c4d-a20d-0a1d82da661e,kojo,Materials management platform,,,,,,,,,False,Not in Affinity
15def563-83d7-4633-be2b-7b7e2671c4ea,Kokomodo,Cell-based cocoa and chocolate,thekokomodo.com,Israel,,,,,,,False,297067941
642eab47-4933-40f3-8942-e5dd0a8a61e0,koloma,Geologic hydrogen developer,,,,,,,,,False,Not in Affinity
34bc3caf-12b7-4af9-a0b9-b3cf3a353cc5,kolum.earth,Regulatory compliance platform targeted at the EU’s Carbon Border Adjustment Mechanism,kolum.earth,"Berlin, Germany","['Janine Lampprecht', 'FoodLabs', 'Anna Alex', 'Markus Sudhoff', 'Markus Linder', 'Patrick Noller']",11.0,175.0,Seed,2100000.0,,True,294203885
a43197d8-4520-4f5f-9396-5583878aeb3b,Komaza,Company focused on sustainable forestry,komaza.com,Kenya,,,,,,,False,1629383
3d0f777d-1d82-41be-80f3-a74069462f8d,kompas,Invests in industrial technology across Europe and the U.S.,,,,,,,,,False,Not in Affinity
97509d06-9dd7-4be3-a080-3c3af1c559c5,komunidad,Environmental risk platform,,,,,,,,,False,Not in Affinity
ea7e39b8-078e-4fd0-834d-50c02c86ea9b,koo,Social media platform in multiple languages,,,,,,,,,False,Not in Affinity
4e3f4af3-66a6-4f2b-98e5-4a1b7c9dbf0c,koolbooks,Scaling solar refrigeration across Africa,,,,,,,,,False,Not in Affinity
2e2b5c41-d2b6-4b5e-84eb-dce58d9e4312,Kopperfield,EV charger installation company,kopperfield.com,"Seattle, Washington","['General Catalyst', 'First Round Capital', 'MCJ Collective', 'Giant Ventures']",10.0,-23.08,Seed,5000000.0,"['Jesse C. Vaughan (Co-Founder / President): https://linkedin.com/in/jessecvaughan', 'Mark Wong (Co-Founder / CEO): https://linkedin.com/in/wongmark']",True,286009375
ec3af718-95e3-4be9-a993-975aefa96c67,KORE Power,Lithium-ion battery manufacturer,korepower.com,"Coeur D’alene, ID",,,,,,,False,265038462
52cda5d6-eaac-40f2-bd74-a141ddf1f383,kos,Plant-based protein and supplements company,,,,,,,,,False,Not in Affinity
c2c52d9d-4fe0-45e8-b58c-8fb7d1b1340d,Kraftblock,High-temperature energy storage system developer,kraftblock.com,"Sulzbach, Germany","['Finindus', 'Shell Ventures', 'Moore Strategic Ventures', 'Future Industry Ventures', 'A&G Energy Transition Tech Fund']",28.0,-12.5,Series B,20000000.0,Susanne König (CFO Co-Founder): https://linkedin.com/in/susanne-k%C3%B6nig-29540b71,True,213998282
99a4a1e6-06ec-42f1-a3cb-d83a2ecc8f43,Kubecost,Cost monitoring platform,kubecost.com,"San Francisco, California","['Coatue Management', 'First Round', 'Looker co-founder Ben Porterfield', 'Angels Snowflake CFO Michael Scarpelli', 'Afore Capital']",49.0,-27.94,Series A,25000000.0,,True,224657324
3d4e5e1a-17e7-4715-9822-93412ff85eb8,kubik,Low-carbon buildings from plastic waste company,,,,,,,,,False,Not in Affinity
4401eb5f-27a9-4a51-8743-8a08b54d9de0,KUGU,Building energy management platform,kugu-home.com,"Berlin, Germany","['Wecken & Cie.', 'Michael Lowak', 'Tengelmann Ventures', 'IBB Ventures', 'Axel Müller', 'Future Energy Ventures', 'Gewobag ID']",40.0,17.65,Series A,8500000.0,"['Christopher von Gumppenberg (Co-Founder & Managing Director): https://linkedin.com/in/christopher-von-gumppenberg-86582184', 'Leopold Kuttner (Co-Founder & Managing Director): https://linkedin.com/in/leopold-kuttner-7646705b']",True,200345963
e2587589-a02c-4e19-b838-797979a7bb49,kuleana,Maker of plant-based tuna,,,,,,,,,False,Not in Affinity
17f588f3-78c7-4316-ace0-942513aaf2d7,KUMULUS WATER,Developing technology that generates water from the air,kumuluswater.com,"Saint-Mandé, France","['Khalys Venture', 'PlusVC', 'others', 'Bpifrance']",28.0,-9.68,Seed,3100000.0,"['Mohamed Ali Abid (CTO & cofounder): https://linkedin.com/in/mohamed-ali-abid-10487556', 'Iheb Triki , CFA (Co-founder and CEO): https://linkedin.com/in/iheb-triki-cfa-b5867717']",True,285094626
704eb8b7-df7e-4c24-82a1-64063c41b213,kusaridev,Security platform for supply chain vulnerabilities,kusari.dev,"Ridgefield, Washington","['J2 Ventures', 'Glasswing Ventures', 'Unusual Ventures']",15.0,7.14,,8000000.0,"['Michael Lieberman (Chief Technology Officer, Co-Founder): https://linkedin.com/in/michael-lieberman-65786ba', 'Parth Patel, CISSP (COO / Co-Founder): https://linkedin.com/in/pxp928', 'Tim Miller (CEO / Co-Founder): https://linkedin.com/in/tim-miller-02053621']",True,286232724
301a6606-443e-4454-a7c4-a60d831e9602,Kuva Space,Earth observation technology developer,kuvaspace.com,"Espoo, Finland",,,,,,,False,283559617
4de78fd0-94f2-4c2f-b52b-d2cc1242908c,Kuva Systems,Methane monitoring and quantification platform,kuvasystems.com,"Cambridge, MA",,,,,,,False,163277954
3511b2d8-d08b-4dfe-ad91-e86e2d826b1a,kvasir technologies,Sustainable biofuel development,,,,,,,,,False,Not in Affinity
3a4f1d73-cd4b-4350-905b-395eb29b3db3,kvist,Environmental certification platform for construction,https://www.kvist.com/,,,,,,,,False,Not in Affinity
a298eb15-ae5d-4af2-a806-0a7595fb7470,Red Phase,Electric vehicle charging solutions developer,kwetta.com,"Napier, New Zealand",,,,,,,False,297784636
f8b5db6b-7f32-45d5-b5cb-ff124b4e9132,kWh Analytics,Climate insurance startup tailoring insurance policies for renewable energy installations,kwhanalytics.com,"San Francisco, California","['Anthemis Group', 'Lacuna Sustainable Investments', 'ENGIE']",42.0,0.0,Series B,20000000.0,"['Jason Kaminsky (Chief Executive Officer): https://linkedin.com/in/jasonkam', 'Richard Matsui (CEO and Founder): https://linkedin.com/in/richardmatsui']",True,1766454
c6c6a905-b08c-497a-8fe9-0aa167eb3f23,kwota,Digital validation and trading services for recycled material CO₂ emissions,,,,,,,,,False,Not in Affinity
c6373e4e-d988-48c9-ad9e-08388c7e3429,kynda,Biotech sustainable proteins producer,,,,,,,,,False,Not in Affinity
4c00fa08-39df-4b51-882b-e7471aa74a46,Kyoto Fusioneering,Nuclear fusion technology company,kyotofusioneering.com,"Tokyo, Japan",,,,,,,False,264979282
e978d4e0-c73e-43b6-a03b-211da06becc1,La Solive,Career training for energy renovation professionals,la-solive.com,"Paris, France","['Partech', 'angel investors', 'Brighteye Ventures']",98.0,53.0,Series A,4000000.0,"['Marian Gobeaux (Bras droit CEO): https://linkedin.com/in/marian-gobeaux-794378178', 'Anna Colin (Bras Droit CEO): https://linkedin.com/in/anna-colin-9576b2159']",True,284012560
12a79847-8dcb-4c85-a47a-896ef6437b7e,la vie,"Plant-based meat products, like vegan meatballs",,,,,,,,,False,Not in Affinity
4c5c0116-9e3b-49f6-89ce-7028d8686054,Lactips,"Biodegradable, water-soluble polymers for packing",lactips.com,"Saint-Paul-en-Jarez, France","['SPI Fund Bpifrance', 'Blue Ocean Fund', 'GO CAPITAL', 'BNP Paribas Développement']",49.0,2.08,Other,16869520.0,"['Fabrice Plasson (Co-founder & Mentor of the CEO & Chairman): https://linkedin.com/in/fabriceplasson', 'Alexis von Tschammer (CEO): https://linkedin.com/in/alexis-von-tschammer-16a82645']",True,132103676
564310b9-d871-4d44-8282-6ad8fdd7572f,lacuna technologies,Provider of urban transportation management software,,,,,,,,,False,Not in Affinity
70f1b621-20df-4aee-a54e-1b747759b9fc,LAIIER.IO,Liquid leak detection service,laiier.io,"London, United Kingdom",,18.0,0.0,,4176900.0,"['Bibi Nelson (COO and Co-Founder): https://linkedin.com/in/bibi-nelson-6574802b', 'Isabel Lizardi Vilá (CCO & Co-Founder): https://linkedin.com/in/isabel-lizardi-vil%C3%A1-13b12b16', 'Matt Johnson (CEO and Co-Founder): https://linkedin.com/in/mattmullinsjohnson']",True,283010826
36842037-ccc1-424d-ab82-f98cd8cef9f6,Laird Superfood,Creator of plant-based superfood products,lairdsuperfood.com,Oregon,,,,,,,False,119216715
3ad086ef-ad8c-420d-8b18-8b8d593d0b15,Lancium Technologies,Startup using renewable energy to power bitcoin mining,lancium.com,"Houston, Texas","['SBI Holdings', 'Hanwha Solutions', 'other existing, early-stage investors', 'other strategic energy investors']",53.0,-5.36,,150000000.0,"['David Henson (Co Founder and CTO): https://linkedin.com/in/david-henson-511a768', 'Michael McNamara (CEO & Co-Founder ): https://linkedin.com/in/michael-mcnamara-1055211', 'Prashant Gupta (Co-Founder and Board Member): https://linkedin.com/in/pgupta241']",True,161108674
735a05bf-868a-403d-a48c-bd07a90ef6e3,Lancium Technologies,Power orchestration and management solutions platform,lancium.com,"Houston, Texas","['SBI Holdings', 'Hanwha Solutions', 'other existing, early-stage investors', 'other strategic energy investors']",53.0,-5.36,,150000000.0,"['David Henson (Co Founder and CTO): https://linkedin.com/in/david-henson-511a768', 'Michael McNamara (CEO & Co-Founder ): https://linkedin.com/in/michael-mcnamara-1055211', 'Prashant Gupta (Co-Founder and Board Member): https://linkedin.com/in/pgupta241']",True,161108674
aa8ffe1c-050a-4891-91bb-538095c6a9c3,Landmark Ventures,Electric battery manufacturing,landmarkventures.com,"Cleveland, OH",U.S. Small Business Administration.,72.0,7.46,PPP Loan,350000.0,Jackie Choucair (Account Executive to CTO): https://linkedin.com/in/jackiechoucair,True,1521080
931824e2-b0a3-4fc3-842d-00b5e0a40779,LandGate,Enables purchasers to evaluate land energy resources,landgate.com,"Denver, Colorado","['Kimmeridge', 'NextEra Energy Resources, LLC']",43.0,0.0,Series B,10000000.0,"['Craig Kaiser (President & Co-Founder): https://linkedin.com/in/craig-kaiser-445865140', 'Yoann Hispa (CEO): https://linkedin.com/in/yoann-hispa-652a994']",True,266626238
93b8be29-5443-4b1c-a9b2-cb3bce9a1a65,LanzaJet,For its ethanol-to-SAF business,lanzajet.com,"Deerfield, Illinois","['Southwest Airlines Co', 'Groupe ADP', 'Airbus', 'Mitsubishi UFJ Financial Group']",135.0,14.41,Other,,Jimmy Samartzis (Chief Executive Officer and Board Director): https://linkedin.com/in/jimmysamartzis,True,263507746
695d6cd2-5098-4491-9429-bc505f65e58d,LanzaTech,Biotech company and carbon recycler,lanzatech.com,"Skokie, Illinois","['K1W1', 'Qiming Venture Partners', 'Western Technology Investment (WTI)', 'Mitsui & Co', 'Novo Holdings', 'Siemens’ venture capital unit', 'Khosla Ventures', 'Malaysian Life Sciences Capital Fund', 'PETRONAS Technology Ventures Sdn Bhd', 'Dialog Group', 'CICC Growth Capital Fund I']",340.0,-9.33,Public Markets,30000000.0,Sean Simpson (Founder and Chief Scientific Officer): https://linkedin.com/in/sean-simpson-75008b20b,True,1538094
3cd74475-537b-4ad3-ab44-a2bb648265cb,larger funding rounds,Lithium-ion battery cell manufacturing,,,,,,,,,False,Not in Affinity
4058472e-0426-4ab4-8b15-dd255805774e,Last Energy,Modular microreactor developer,lastenergy.com,"Washington, District of Columbia","['Gigafund', 'Autodesk Foundation']",57.0,-24.0,Series B,40000000.0,"['Bret Kugelmass (CEO, Founder): https://linkedin.com/in/bkugelmass', 'Mike Reynolds (Chief Executive Officer, UK): https://linkedin.com/in/mike-reynolds-5598713']",True,285213731
2b16b283-f247-4fcb-b97b-d121ed112d03,lat water,Developer of sustainable wastewater treatment solutions,,,,,,,,,False,Not in Affinity
4d49ef9f-7486-48af-910e-1361860ab605,latitude media,Climate research and news platform,,,,,,,,,False,Not in Affinity
1fbaed70-3f0d-4171-a391-d8ba5d49c5e1,laxey,Land-based salmon farming producer,,,,,,,,,False,Not in Affinity
7a1bdf11-361d-4537-8503-70dbbe06f04b,LD Carbon,Tire recycling business,ldcarbon.co.kr,"Seoul, South Korea",,,,,,,False,289947241
5c79415a-d5cf-4f23-b4e9-f65477d80716,Le Fourgon,Returnable beverage products delivery network,lefourgon.com,"Lille, France","['Teampact', 'Id4', 'La Poste Ventures fund']",136.0,-7.48,Series A,10000000.0,"['Maxime Tharin (CO-FOUNDER & COO): https://linkedin.com/in/mtharinachatindustriel', 'Charles Christory (co-Founder & CEO): https://linkedin.com/in/charleschristory', 'Stéphane DESSEIN (Co-Founder & CTO): https://linkedin.com/in/st%C3%A9phane-dessein-507816148', 'Maxime Tharin (CO-FOUNDER & COO): https://linkedin.com/in/maximetharincofondateurlefourgon']",True,282357617
d6f9d986-24a0-4a5e-a760-852f4224d315,lead ventures,Early-stage fund for Central and Eastern European startups,,,,,,,,,False,Not in Affinity
ae86ded7-c3bb-45c9-911d-a0cadbf2f509,New Leaf Energy,Farm data API provider,newleafenergy.com,"Los Angeles, CA",Energy Capital Partners,193.0,5.46,,,Dan Berwick (Chief Executive Officer): https://linkedin.com/in/dan-berwick-2aa7315,True,286780897
2f9e8fe8-0198-4b71-9bb2-6bbb183b7537,Leaf Agriculture,Technology-first approach to farm data company,withleaf.io,"Los Angeles, California","['SP Ventures', 'S2G Ventures', 'Cultivan Sandbox Ventures', 'Radicle Growth', 'all existing investors', 'Spero Ventures']",42.0,-16.0,Series A,11300000.0,G. Bailey Stockdale (CEO): https://linkedin.com/in/gbstockdale,True,220091668
61e6fdcf-581d-4a76-9bda-96d277e4a3a9,Leaft Foods,Plant-based protein producer,leaftfoods.com,"Lincoln, New Zealand",,,,,,,False,279208332
419582b5-12d8-4f7c-b329-67046e612010,Leakzon,AI-powered water management platform,leakzon.com,"Kfar Saba, Israel",,,,,,,False,297602927
3fc6f826-8548-4854-ab81-d4daf5f69fad,Leap,DER aggregation platform,leap.energy,"San Francisco, California","['Presidio Ventures', 'Silicon Valley Bank', 'National Grid Partners', 'Congruent Ventures', 'Sustainable Future Ventures', 'Union Square Ventures', 'Standard Investments', 'Powerhouse Ventures', 'DNV Ventures', 'Elemental Excelerator', 'FJ Labs']",84.0,-4.55,Other,,"['Eric Steinhofer (Co-Founder and CCO): https://linkedin.com/in/ericsteinhofer', 'Mara Strijdhaftig (Assistent van de CEO): https://linkedin.com/in/mara-strijdhaftig-744905245']",True,159739961
b83a719b-c5bd-4ede-ad8c-1b29c919a03d,leap24,Facilitating a charging network for electric vans and trucks,,,,,,,,,False,Not in Affinity
81db6acb-2b99-4c82-a451-946f3e6b8142,Legume Technology,Biostimulants for smallholder farmers,legumetechnology.co.uk,"East Bridgford, U.K.",,,,,,,False,267467687
a765a060-19f0-4d8b-bd1e-f11ca427fa9d,Leko Labs,Carbon negative construction company,lekolabs.com,Luxembourg,,,,,,,False,203286706
6deaa0da-43f1-47a1-baa2-eee4de70aeb7,Lemon Energy,Digital clean energy provider,lemon.energy,Brazil,Norte Ventures,111.0,-17.78,,,"['Rafael Mezzomo (Founder): https://linkedin.com/in/rafaelmezzomo', 'Luciano Pereira (Founder): https://linkedin.com/in/lucianolxp', 'Rafael Vignoli (Founder & CEO): https://linkedin.com/in/rafael-vignoli-48a90714b', 'Ariel Bozza Amar (Co-Founder & CFO): https://linkedin.com/in/ariel-bozza-amar-769032198']",True,224696698
742d55c0-3fb4-459d-a475-81120a3bb6a0,lens consortium,Develop sodium-ion batteries,,,,,,,,,False,Not in Affinity
9a8abb44-5a58-4302-b104-e24e5034bc83,Leoparda Electric,Electric motorcycles and batteries company,leopardaelectric.com,Brazil,,,,,,,False,287851105
434ac7dd-d5f7-431c-b6bb-5a01d61e9a7d,leta,Efficient logistics tech developer,https://leta.com/,,,,,,,,False,Not in Affinity
295ddca5-b434-4f23-8c0f-eb995b9fd164,LetsTransport,EV last-mile delivery network,letstransport.in,"Bangalore, India",,,,,,,False,1793976
c12dd5b3-776c-41e8-be0a-e49ee26ec3b3,LevelTen Energy,Facilitating the purchase of renewable power,leveltenenergy.com,"Seattle, Washington","['Google', 'Equinor Ventures', 'My Climate Journey (MCJ) Collective', 'Founders’ Co-op', 'Total Ventures', 'Wireframe Ventures', 'TotalEnergies Ventures', 'Constellation Technology Ventures', 'Equinor Energy Ventures', 'Techstars Venture Capital Fund', 'Techstars', 'Prelude Ventures', ""Founders' Coop"", 'Element 8 Fund', 'Avista Development', ""Founders' Co-op"", 'Techstars Ventures', 'NGP ETP', 'NGP', 'Constellation', 'B Capital', 'ZOMA Capital', 'Aster', ""Microsoft's Climate Innovation Fund"", 'Intercontinental Exchange']",179.0,16.99,Series D,65000000.0,Bryce Smith (Founder and Chief Executive Officer): https://linkedin.com/in/bryce-smith-8545a819,True,124906420
c0bcb35d-7634-4edb-900f-a8395cdb51f5,Lever VC,Seed-stage venture fund focused on funding plant-based and cell-cultivated protein startups,levervc.com,"New York City, NY",,,,,,,False,221025456
31d499c9-5f5f-4949-a00b-e72131231199,Levidian,Decarbonizing methane by cracking it into graphene and hydrogen,levidian.com,England,,,,,,,False,285150909
1eed2f09-393c-4c4f-bb9b-39da414cb81d,Lexion,Contract management and operations workflow platform,lexion.ai,"Seattle, Washington","['Point72 Ventures', 'Citi Ventures', 'Khosla Ventures', 'Madrona Venture Group', 'Wilson Sonsini', 'WSGR']",20.0,-82.14,Series B,20000000.0,"['Gaurav Oberoi (CEO & Co-founder): https://linkedin.com/in/goberoi', 'James Baird (Co-Founder & Senior Software Engineer): https://linkedin.com/in/james-baird-13a18b37', 'Emad Elwany (CTO & Co-founder): https://linkedin.com/in/emadelwany']",True,222126911
a787f700-83de-439d-8dea-f7a06952b1f3,LeydenJar Technologies,EV battery startup,leyden-jar.com,Netherlands,,,,,,,False,46248812
d61486d5-18a7-43b4-820f-5921ef189abe,li auto,Chinese maker of electric SUVs,,,,,,,,,False,Not in Affinity
f6958b46-6824-4188-aac0-6ad4ce7ab6f7,li industries,LFP battery recycling facilities,https://liindustries.com/,,,,,,,,False,Not in Affinity
48e15ba3-bba2-4c54-9081-57f77df8787b,Li-Cycle,Lithium-ion battery recycling platform,li-cycle.com,"Toronto, Canada",Glencore plc,174.0,-19.82,Debt,200000000.0,"['Tim Johnston, CFA (Co-Founder): https://linkedin.com/in/timjohnston1', 'Ajay Kochhar (President and CEO, Co-Founder): https://linkedin.com/in/akochhar', 'Annaliese Alexander (Executive Business Partner, CFO): https://linkedin.com/in/annaliese-alexander-700846']",True,163312688
1817ef21-05e8-4c9d-ba8e-01404b779149,Libattion,To upcycle used EV batteries into stationary energy storage,libattion.com,"Opfikon, Switzerland",,,,,,,False,291823521
cb056a6e-0575-4267-ae22-30f453824f42,liberate foods,Plant protein and meat substitute company,https://meati.com/,,,,,,,,False,Not in Affinity
20907e4b-876f-470a-a33d-9f08fb6e438d,Liberation Labs,Facilities for precision fermentation,liberationlabs.com,"New York, U.S.",,,,,,,False,289074750
2c602098-d72b-4f5e-94ec-c72b7dcda4b4,librec,Li-ion battery recycling company,,,,,,,,,False,Not in Affinity
6699cea3-2cda-422f-a782-3d6291e3d0c1,Lidwave,LiDAR chips for various applications,lidwave.com,Jerusalem,,,,,,,False,262966603
49789db4-1825-4435-b246-f20276d745dc,liefergrün,Zero-emissions delivery startup,,,,,,,,,False,Not in Affinity
1c3c9ccc-416a-4269-96d4-f1362693bb9f,LifeLabs,Producer of thermally-efficient lifestyle apparel,lifelabs.com,"Sunnyvale, CA",,,,,,,False,1624943
fe16a421-9bcc-455a-a437-038d4b88236d,LiftWerx,Maintenance services for onshore wind,liftwerx.com,"Cambridge, Canada",,,,,,,False,268065867
de67b93e-0757-42be-9b26-f19775d58a8d,light bridge,Hydrogen electrolysis systems manufacturer,,,,,,,,,False,Not in Affinity
cb8c9315-c660-48cb-9d1e-124d6b70c465,Lightdash,Remote-based open-source business intelligence platform,lightdash.com, ,,,,,,,False,291875836
1d57a0f8-3374-4b49-857b-0385a0b933ab,Lightlytics,Cloud deployment SaaS platform,lightlytics.com,"Tel Aviv, Israel",,,,,,,False,263319800
1f5690cf-07dd-4e34-9f81-36b1428dc20d,lightning emotors,Electrifying commercial vehicle fleets,,,,,,,,,False,Not in Affinity
c8d4bd22-e401-4f78-b552-63e81aa3855b,lightshift energy,Owner and operator of utility-scale battery storage projects,,,,,,,,,False,Not in Affinity
c4a998ac-f9e8-454f-9d85-42cede79c0a3,lightship rv,Maker of electric RVs,,,,,,,,,False,Not in Affinity
c0816fdb-f11d-444f-afa1-847fe5f2e0f5,Lightsource BP,Solar power developer,lightsourcebp-ha.com,"London, UK",,,,,,,False,282612532
7aa13f2b-493f-4386-ab2b-ee896a3d6bc0,Lightyear,Developer of long-range solar-powered cars,lightyear.one,Netherlands,,,,,,,False,120606746
b07f0b72-1045-41ff-befa-beb821165473,ligna energy,Provider of wood-based batteries,,,,,,,,,False,Not in Affinity
88d73931-0c2b-4756-ab82-9f04f4d479af,Lignovations,Biomass-derived ingredient innovation developer,lignovations.com,"Klosterneuburg, Austria",,,,,,,False,285073857
4326fa96-3272-4b4d-9115-946924e143b7,Lilium,Electric regional airplane developer,lilium.com,"Gauting, Germany","['Qell Acquisition Corp.', 'B. Riley Securities', 'Aciturri', 'Atomico', 'Baillie Gifford', 'Lightrock', 'LGT', 'Aceville Pte. Limited', 'Obvious Ventures', 'Tencent', 'Freigeist', 'Honeywell', 'consortium of investors', 'Mobile Uplift Corporation GmbH']",973.0,-20.51,,1000000000.0,,True,79714633
60edf886-f7c3-45e8-8d3f-bf000c0df7f2,Lime,Electric scooter rental startup,li.me,"San Francisco, California","['Insitutional Venture Partners', 'GV', 'Coatue Management', 'UBS O’Connor', 'Andreesen Horowitz', 'GIC', 'Fidelity Management & Research Company', 'Fifth Wall', 'Alphabet', 'Uber', 'Atomico Partners', 'Fidelity Management and Research Company', 'Abu Dhabi Growth Fund', 'Bain Capital Ventures', 'Google Ventures', 'Highbridge Capital Management', 'IVP', 'Andreessen Horowitz', 'Fidelity Management', 'Singapore’s Sovereign Wealth Fund', 'Alphabet’s tech investing group GV', 'Atomico', 'Research Company']",1238.0,0.08,Debt,523000000.0,,True,159036710
b1795aa3-df14-446b-8dc4-8dabbb67a72d,Liminal Insights,Intelligence battery manufacturer,liminalinsights.com,"Emeryville, California","['Helios Climate Ventures', 'Good Growth Capital', 'Impact Science Ventures', 'Volta Energy Technologies', 'Northvolt', 'Chrysalix Ventures', 'University of Tokyo Edge Capital Partners', 'ArcTern Ventures', 'Chrysalix Venture Capital', 'Elemental Excelerator', 'Ecosystem Integrity Fund', 'Helios Capital Ventures', 'Incite.org', 'The University of Tokyo Edge Capital Partners (UTEC)', 'Good Growth Capital (GGC)']",36.0,-30.77,Series A,17500000.0,"['Barry Van Tassell (Co-Founder): https://linkedin.com/in/barry-van-tassell-46b67b102', 'Dan Steingart (Co Founder): https://linkedin.com/in/dansteingart', 'Andrew Hsieh (Co-Founder & CEO): https://linkedin.com/in/andrew-hsieh']",True,285469792
b2952a80-ba21-4e90-a0c3-80d8db6457c9,lina energy,Solid-state sodium battery company,,,,,,,,,False,Not in Affinity
e6dc1f12-adaf-4f0e-91f1-c16c85f27e31,Linear Labs,Developer of fully modular electric motors and generators,linearlabsinc.com,"Fort Worth, Texas","['Moving Capital', 'Ustream co-founder Dr. Gyula Feher', 'Science', 'Capital Factory', 'OzoneX Ventures', 'THRC Investments', 'Lowercarbon Capital', 'Champion Hill Ventures', 'Masergy Executive Chairman and former-CEO Chris MacFarland', 'Chris and Crystal Sacca', 'Dynamic Signal CEO Russ Fradin', 'champion hill ventures', 'Spike Ventures', 'Folsom Point Equity', 'Ryan Graves', 'Kindred Ventures', 'Saltwater Capital']",15.0,0.0,Series A,17000000.0,"['Brad Hunstable (CEO, Founder): https://linkedin.com/in/bradhunstable', 'Fred E. Hunstable (CTO, Founder, Inventor): https://linkedin.com/in/fred-e-hunstable-8ba74b47']",True,1720810
eb2320cc-cc95-4c94-b2fd-02bbb95d760f,lineat composites,Using reclaimed carbon fiber to manufacture new composite components,,,,,,,,,False,Not in Affinity
32826f5e-443c-4188-9445-c922f95d10fa,Linevision,Provider of non-contact overhead power line sensors,linevision.com,"Somerville, MA",,,,,,,False,297472765
c99820db-abf0-480e-b09d-226419712bbe,Lingrove,Sustainable composite materials company,lingrove.com,"San Rafael, California","['Bunge Ventures', 'Diamond Edge Ventures', 'Lewis & Clark Agrifood', 'SOSV']",24.0,9.09,Series B,10000000.0,"['Desi Banatao (Founder, Resin Formulator): https://linkedin.com/in/desi-banatao-53a11228', 'Elaine Chow (Cofounder | Business Dev and Ops): https://linkedin.com/in/elchow']",True,147496911
26451b7d-f4be-4fe3-b121-bea41afadea7,linova,High-energy polymer battery technology maker,,,,,,,,,False,Not in Affinity
6476d63c-006c-4552-9eb3-ca5e5b7a003d,linova energy,Polymer cathodes for batteries,https://linovaenergy.com/,,,,,,,,False,Not in Affinity
41bd4af5-bfe3-4ac4-b1de-9931b23a8809,Liquid Wind,e-Fuels developer,liquidwind.se,"Göteborg, Sweden",,,,,,,False,223163002
15bc13c2-39f7-4f2b-a449-ba9b8bce33ac,liquidonate,Manage returns and promote circularity,,,,,,,,,False,Not in Affinity
d5b44d39-0c28-4c69-b2f2-01e86cba9ba0,LiquidStack,Develop advanced cooling solutions for data centers,liquidstack.com,"Carrollton, TX",,,,,,,False,291963261
8e6dca04-bdf9-4b57-b195-aaadbe795ce9,lis technologies,Laser-based technologies for enriching uranium,,,,,,,,,False,Not in Affinity
1547f904-17df-458f-b955-cc6fd69197fc,lithion recycling,Battery recycling technology provider,,,,,,,,,False,Not in Affinity
81da2281-cd75-4143-b393-a85f2956937b,lithios,Electrochemical lithium extraction technology developer,https://www.lithios.com/,,,,,,,,False,Not in Affinity
1b61608a-f3f4-4384-8c26-2fdac8e0c2ac,Lithium Americas,Lithium mining service provider,lithiumamericas.com,"Vancouver, Canada",,,,,,,False,1783825
4b79ea54-b222-4ab7-bfd2-163e5f268b22,LitLingo,A.I. risk monitoring platform,litlingo.com,"Austin, TX",,,,,,,False,224047097
2d75f27e-f40e-40f3-a9ff-363c0cb9490a,"Little Leaf Farms, LLC",Sustainable packaged lettuce brand,littleleaffarms.com,"Devens, Mass.",,,,,,,False,115157130
c46dc25d-b976-41ee-9360-ee3860a7c51d,LiveEO,Satellite analytics platform that monitors infrastructure networks,live-eo.com,"Berlin, Germany","['European Commission', 'Dieter von Holtzbrinck Ventures (DvH Ventures)', 'Hannover Digital Investments (HDInv)', 'Investitionsbank Berlin', 'MMC Ventures', 'Finanzcheck founder Andreas Kupke', 'DvH Ventures', 'motu ventures', 'Helen Ventures', 'Segenia Capital', 'Matterwave', 'NordicNinja', 'DeepTech & Climate Fonds (DTCF)', 'more', 'Hannover Digital Investments']",136.0,9.68,Series B,25000000.0,"['Daniel Seidel (Co Founder): https://linkedin.com/in/daniel-seidel-979524137', 'Sven Przywarra (Co Founder): https://linkedin.com/in/svenprzy']",True,212174574
352a2990-def5-4c22-8176-e2a12b4552e3,LIVEKINDLY,Collective of plant based food brands,livekindly.co,"Los Angeles, CA",,,,,,,False,163310939
73983273-7852-4a48-bc04-987764b1429d,LIVEKINDLY Collective,Portfolio of plant-based food brands,thelivekindlyco.com,"Los Angeles, CA",,,,,,,False,282163220
a90ad22d-e936-483a-9019-3c1557eb57a1,LIVIN farms,Insect protein startup,livinfarms.com,Vienna,,,,,,,False,2177938
3ba30e72-c5f4-4929-98c3-c1a3eeaae4fe,Living Carbon,Plant-based carbon capture and storage company,livingcarbon.com,"San Francisco, California","['Lowercarbon Capital', 'Felicis Ventures', 'Toyota Ventures', 'Temasek', 'other strategic angels']",27.0,-38.64,Series A,21000000.0,Maddie Hall (Co-Founder & CEO): https://linkedin.com/in/maddie-hall-76293135,True,262974913
c2cfe842-77ff-4191-ada4-0cba9f25f3a6,Living Security,Cybersecurity company bringing awareness,livingsecurity.com,"Austin, TX",,,,,,,False,148158669
4ab40295-17e2-40a0-ac50-f550e0de900b,LivNSense Technologies Pvt,Industrial AI platform solutions company,livnsense.com,"Bengaluru, India",,,,,,,False,262508777
e5a77557-55b5-4a95-ad4e-5713794f3455,lleaf,Developer of luminescent technology for greenhouses,,,,,,,,,False,Not in Affinity
be19e607-c999-4b43-a867-ac06b6cdd908,LO3 Energy,Provider of digital tools to utilities for distributed resources,lo3energy.com,"Portland, Oregon","['Centrica', 'Braemar Energy Ventures', 'Siemens AG', 'Sumitomo Corporation', 'Royal Dutch Shell']",8.0,-11.11,Series B,11000000.0,"['Lawrence Orsini (CEO): https://linkedin.com/in/lawrence-orsini', 'Lawrence Orsini (Founder): https://linkedin.com/in/lo3']",True,2165942
3ac39d78-2210-471a-9251-aabae7f99e60,loadar,Online transport optimization service provider,https://www.radar.com/,,,,,,,,False,Not in Affinity
e9bda1ec-8796-404d-9ef6-b862723cf67b,LOAMIST,Biomass feedstock collection platform,loamist.com,"Snowmass Village, Colorado","['Third Sphere', 'VoLo Earth', 'WovenEarth']",6.0,20.0,Seed,1000000.0,Andy Miller (Chief Executive Officer): https://linkedin.com/in/andymill,True,291413791
6f18194d-b0f4-493f-bf98-5c969c0f61a1,loanpal,Lender for residential solar installations,,,,,,,,,False,Not in Affinity
b60a2049-f149-484e-9c1b-027236d231c6,Locus Fermentation Solutions,Produces biological alternatives to chemicals,locusfs.com,"Solon, OH",,,,,,,False,200342358
e7107591-0cb8-4511-af45-096e9a405f81,LocusView,Platform for managing infrastructure capital projects,locusview.com,"Chicago, Illinois","['U.S. Small Business Administration.', 'Israel Growth Partners']",141.0,-7.24,Series A,64000000.0,"['Shahar Levi (Co Founder & CEO): https://linkedin.com/in/shahar-levi-79462222', 'Alicia Farag (Co-Founder and CEO): https://linkedin.com/in/alicia-farag-05a7546', 'Jason Zielke (Chief Executive Officer & President & Co-Founder): https://linkedin.com/in/jason-zielke-6424081']",True,150795731
9730a630-c4ce-4781-9e86-0bcaa47339c4,Log 9 Materials,Battery manufacturing platform,log9materials.com,"Bengaluru, India","['Amara Raja Batteries Ltd', 'Amara', 'Oxyzo Financial Services', 'Unity Small Finance Bank', 'Exfinity Venture Partners', 'Surge Programme', 'Western Capital Advisors', 'Exfinity Ventures', 'Surge', 'Amara Raja Batteries', 'Incred Financial Services']",213.0,-33.64,Series B,40000000.0,"['Purnendu . (Co Founder): https://linkedin.com/in/purnendu-740aaa81', 'Akshay Singhal (Founder and CEO): https://linkedin.com/in/akshayvsinghal']",True,124408278
372d6650-4e24-4678-9469-3fb566147ae1,Logan Energy,Hydrogen energy developer,loganenergy.com,"Edinburgh, UK",,,,,,,False,223145028
99657eac-db3c-4c0e-84df-3497c70be02e,Logical Buildings,Smart building and virtual power plant software and solutions provider,logicalbuildings.com,"Livingston, Montana",Keyframe Capital,34.0,-26.09,Other,10000000.0,"['Bradford Klatt (Executive Chairman): https://linkedin.com/in/bradford-klatt-312b53b1', 'Jeff Hendler (Chief Executive Officer): https://linkedin.com/in/jeff-hendler-568b4210']",True,220244875
e4fc7737-d7b9-4fac-b934-a9112cf0b80e,LogicLadder,Sustainability management platform,logicladder.com,"Gurgaon, India",,,,,,,False,1662604
4ad30082-481c-42f2-a4d5-2759f651e5e5,logicstar,Autonomous software maintenance company,,,,,,,,,False,Not in Affinity
42cbb15f-f655-4d64-a4e2-57b73ce737a8,Lohum,Lithium-ion battery recycling platform,lohum.com,"Greater Noida, India",,,,,,,False,278518967
b61e3b63-4565-4a5f-b0e4-065025906390,lohum cleantech,Battery recycling and repurposing business,,,,,,,,,False,Not in Affinity
39db4229-1d6a-42b2-ac9d-961b1dda3e7d,LOLIWARE,Making seaweed-based materials to replace plastics,loliware.com,"San Jose, CA",,,,,,,False,1670882
009faf11-b54b-4962-8d79-e0f376f3954a,london electric vehicle company (levc),Electric taxi manufacturer,https://levc.com/,,,,,,,,False,Not in Affinity
9381e8c3-acab-4264-9276-6e4d53eb5ebb,Long Journey Ventures,Generalist VC targeting climate and energy tech,longjourney.vc,"San Francisco, California",,14.0,7.69,Investment Fund,181818181.0,Lee J. (Founder and General Partner): https://linkedin.com/in/lee-jacobs,True,261117716
37c99082-8529-44c1-b07b-8562b675a668,Longroad Energy,Renewable energy developer,longroadenergy.com,"Boston, Massachusetts","['New Zealand Superannuation Fund', 'Infratil Limited']",159.0,4.61,Other,,"['Charles Spiliotis (Co-Founder & Chief Investment Officer): https://linkedin.com/in/charles-spiliotis-83895b9', 'Paul Gaynor (CEO & Co-Founder): https://linkedin.com/in/paul-gaynor-9094a027']",True,220181351
1c27a613-81c6-4ad2-9447-a887667078fd,Loop,Electric vehicle charging infrastructure company,evloop.io,"El Segundo, California","['Fifth Wall Climate', 'Keystone National Group', 'Agility Ventures']",49.0,-15.52,Series A,40000000.0,Frank Nau (Co-Founder - Chief Operating Officer): https://linkedin.com/in/frank-nau-87ba8a211,True,278673059
5a3f4f76-f4b6-43e8-b7d7-c65362a180d3,loop energy,Fuel cell company,,,,,,,,,False,Not in Affinity
cc544183-387a-42c3-845e-4193da2ba923,Loopworm,Insect biotech startup,loopworm.in,India,,,,,,,False,224613420
247a2adf-fe07-4d7a-9619-335e0bf3108c,LiMAR AI Website,Survey platform for digitizing critical infrastructure,looq.ai,"San Diego, California","['Spatial Capital', 'BootstrapLabs', 'Longley Capital']",17.0,0.0,Seed,2600000.0,Shreyas N. (Co-Founder & Chief Scientist): https://linkedin.com/in/shreyasniradi,True,288277894
9635c0a8-32f6-4ae9-beef-371c69ede9c6,lord of the trees,Restoring damaged ecosystems using drones,,,,,,,,,False,Not in Affinity
92d48a9f-0a39-43be-b48c-1158de7a6189,Lordstown Motors,EV-truck manufacturer,lordstownmotors.com,"Lordstown, OH",,,,,,,False,255186797
380ea207-5b50-4d23-998d-c666142f724e,Low Carbon,Renewables investing and asset management company,lowcarbon.com,"London, United Kingdom","['ABN AMRO', 'Commonwealth Bank of Australia', 'ING', 'Intesa Sanpaolo']",205.0,-11.26,Debt,388000000.0,"['Bob McNicoll (Founder and Director): https://linkedin.com/in/bob-mcnicoll-a398804', 'John Cole (Co-founder, Chief Investment Officer and Director): https://linkedin.com/in/john-cole-8840664']",True,1695674
e5ee597d-f800-45a8-b871-9785acff45da,LS Power,"Renewable, gas generation, and other energy projects",lspower.com,"New York, NY",,373.0,5.07,Investment Fund,2700000000.0,"['Patrick Fiel (CEO, LS Digital Infrastructure): https://linkedin.com/in/patrickfieljr', 'Paul Segal (CEO): https://linkedin.com/in/paulsegal1', 'Mike Segal (Founder and Chairman): https://linkedin.com/in/mikesegal1', 'Payne Nick (Group CEO): https://linkedin.com/in/payne-nick-0282ab266']",True,1666394
55cc5609-7b7e-44ad-8368-9b8f48987367,Lucid Motors,,lucidmotors.com,"Newark, New Jersey",Public Investment Fund of Saudi Arabia,5348.0,-1.2,Public Markets,1000000000.0,"['Peter Rawlinson (CEO and CTO): https://linkedin.com/in/peter-rawlinson-1a910625', 'Hassan Khan (Acting CEO): https://linkedin.com/in/hassan-khan-545484253', 'Finasteride Solution (Chief Executive Officer): https://linkedin.com/in/finasteride-solution-67a649232', 'Harry Ethan Marisetty (ceo): https://linkedin.com/in/harry-ethan-marisetty-718753253', 'Gary Rich Jr. (Supervisor, Logistics Operations, Founder Veterans@Lucid): https://linkedin.com/in/gary-rich-jr-7666aa64']",True,1543317
fbf10d42-0abf-41f3-a5ff-c232ef64b43a,Lucid Motors,Electric vehicle manufacturer,lucidmotors.com,"Newark, New Jersey",Public Investment Fund of Saudi Arabia,5348.0,-1.2,Public Markets,1000000000.0,"['Peter Rawlinson (CEO and CTO): https://linkedin.com/in/peter-rawlinson-1a910625', 'Hassan Khan (Acting CEO): https://linkedin.com/in/hassan-khan-545484253', 'Finasteride Solution (Chief Executive Officer): https://linkedin.com/in/finasteride-solution-67a649232', 'Harry Ethan Marisetty (ceo): https://linkedin.com/in/harry-ethan-marisetty-718753253', 'Gary Rich Jr. (Supervisor, Logistics Operations, Founder Veterans@Lucid): https://linkedin.com/in/gary-rich-jr-7666aa64']",True,1543317
b723cc32-cb99-4c1e-9a07-9d7de4ac35cc,Lumen Energy,Clean energy technology provider,getlumen.com,"San Francisco, California","['Bridge Investment Group', 'Nuveen', 'Designer Fund', 'Lowercarbon Capital', 'Ajax']",44.0,26.0,Series A,11000000.0,"['Dave Coen (Co-Founder): https://linkedin.com/in/dave-coen', 'Peter Light (Chief Executive Officer): https://linkedin.com/in/pelight']",True,301207725
64521c19-e101-4ad3-b034-68cc948ee4bc,Lumen Orbit,Space-based data centers for large AI models,lumenorbit.com,"Redmond, WA",,,,,,,False,292438519
39c2b0a8-2b0a-4112-b364-160cc0e107ec,lumi ai,Supply chain data analytics platform,,,,,,,,,False,Not in Affinity
b40ff6e7-b803-4cc0-99ee-8c0a3e783712,lumian,ioT-based energy management company,,,,,,,,,False,Not in Affinity
506e7019-4497-4835-a13d-ac0ded88c65a,luminescent,Developing a heat engine for waste heat upcycling,,,,,,,,,False,Not in Affinity
c8f896f9-409f-4711-9013-c0d3172de455,"Lumio, Inc.",Solar energy company,lumio.com,"Lehi, Utah",,,,,,,False,116943857
4c58d97a-41ee-48b7-b861-4d11abbe6970,lumo,Smart irrigation technologies,,,,,,,,,False,Not in Affinity
a61df37c-7490-43d3-ade8-ef8459c4dfde,lumo labs,Invest in impact-driven European startups,,,,,,,,,False,Not in Affinity
e50d5a5a-17e0-4b6b-9234-d12b4a7ec8bb,luna financial,Online financial planning platform,https://www.pry.fi/,,,,,,,,False,Not in Affinity
0c99263a-f0ea-4a93-82d4-2231c678b4e6,Lunar Energy,Home electrification startup,lunarenergy.com,"Mountain View, California","['Sunrun', 'SK Group']",220.0,-9.09,Other,300000000.0,,True,282145678
8e3ca622-1962-42f5-aa07-4609596e820e,Lune.xyz,Startup helping businesses integrate climate impact into their customer experiences,lune.xyz,UK,,,,,,,False,278772050
77a73b83-7fbf-48a9-8e13-461aa64d45b2,luup,E-scooters and e-bikes provider,,,,,,,,,False,Not in Affinity
a92936e3-87e7-4a19-aa19-3612cc4fa0b0,LUXWALL,Vacuum-insulated glass to improve energy efficiency in buildings,luxwall.com,"Ypsilanti, MI",,,,,,,False,286098488
d4b51922-b0d3-4226-87eb-07295a0ebbc1,Lynkwell,EV managed charging platform,lynkwell.com,"Albany, NY",,,,,,,False,289169179
540b6c16-4626-4953-bad2-c5bfff0f7d2a,"lynq technologies, inc.",Deep-tech startup connecting people and devices,,,,,,,,,False,Not in Affinity
4ad8b5f1-2f93-43de-b996-a9159312a6a6,lypid,Alternative fat solutions manufacturer,,,,,,,,,False,Not in Affinity
a24cdcfd-b9ec-45ba-b9a6-6422ec8a5781,Lyteflo,Consumer-facing SaaS EV sales platform,lyteflo.com,"Toronto, Canada","['Amplify Capital', 'Whitecap Venture Partners', 'Diagram']",7.0,,Seed,3000000.0,,True,300267528
517cfda2-b855-4991-91ee-0a5aded5ef85,LytEn,Advanced materials developer,lyten.com,"San Jose, California","['Honeywell', 'Stellantis', 'FedEx', 'Walbridge', 'Prime Movers Lab', 'Walbridge Aldinger Company', 'FedEx Corporation']",259.0,1.57,Series B,200000000.0,"['Lars Herlitz (Co-Founder, Board Director, Investor): https://linkedin.com/in/larsherlitz', 'Dan Cook (CEO, Co-founder, & Investor, Lyten Inc): https://linkedin.com/in/dan-cook-1b10ba12']",True,262780551
42bc61d0-2b30-483f-842a-83afb61eb5c5,M-KOPA,Financing platform for energy services,m-kopa.com,"Nairobi, Kenya","['British International Investment', 'Standard Bank Group', 'The International Finance Corporation', 'FMO', 'Nithio', 'Mirova SunFunder']",1521.0,-0.13,Other,55000000.0,David Walsh (Co-Founder and General Counsel): https://linkedin.com/in/davidwalsh6,True,1662831
a4e6aaac-f5a9-4e88-abc1-54b11df64b3d,m2i life sciences,Producer of pheromones to replace chemical pesticides,,,,,,,,,False,Not in Affinity
3dd7d52e-f748-4530-8a30-972156ea7576,Macro Oceans,Turning seaweed into sustainable biochemicals,macro-oceans.com,"Sacramento, CA",,,,,,,False,268358179
60a66c2d-ce72-454b-9f60-ee2b5fb44862,MacroCycle Technologies,Plastics upcycler,macrocycle.tech,"Cambridge, Massachusetts","['Volta Circle', 'KDT Ventures Home', 'Neotribe Ventures', 'Clean Energy Ventures']",11.0,10.0,Seed,6500000.0,"['Jan-Georg Rosenboom (Co-founder & CTO): https://linkedin.com/in/jan-georg-rosenboom-b2065050', 'Stwart Peña Feliz (Co-Founder & CEO): https://linkedin.com/in/stwart-pena-feliz']",True,293044127
a224c7e4-2918-4c4d-b552-0d8e694c81c8,Mad Capital,Loan money to farmers for regenerative farming,madcapital.com,"Boulder, CO",,,,,,,False,285797031
aec50d46-a7af-4f55-87ca-15c92d19d989,made of air GmbH,Climate tech startup,madeofair.com,"Berlin, Germany",,,,,,,False,42465604
fc89ad53-1115-41a2-b482-24613a237901,maderight,Fungi-based sustainable packaging developer,,,,,,,,,False,Not in Affinity
cd0c0813-cc31-4e1f-8f77-888ba1e17ea1,magenta mobility,EV solutions platform,,,,,,,,,False,Not in Affinity
95c67d36-f4de-428c-bc8d-e40bbbe94839,magical mushroom company,Develops biodegradable packaging using mycelium technology,,,,,,,,,False,Not in Affinity
085a9b7a-4983-42c3-bdcd-bf78c24f6753,magna imperio systems,Water treatment company,,,,,,,,,False,Not in Affinity
ca149034-3dbc-4a6c-8a19-a8d06685c916,Magnotherm Solutions,Sustainable cooling systems developer,magnotherm.com,"Darmstadt, Germany",,,,,,,False,263319967
269d0269-9fc8-44a6-b430-4a488cf356da,"Magnus Metal Works, LLC",Efficient industrial metal castings,magnusmetalsusa.com,"Tel Aviv, Israel",,,,,,,False,295417871
76a7fc9e-9e23-410a-aa6e-23f5dcf659ef,magrathea,Carbon-neutral metal production company,https://www.magrathea.com/,,,,,,,,False,Not in Affinity
02563d07-1aae-476f-b395-a29016206106,magreesource,Recycling rare-earth magnets,,,,,,,,,False,Not in Affinity
ad3f8add-3bdf-4184-9c35-ccb7cecd3038,Maia Farms,Make protein with mycelium,maiafarms.com,Vancouver,,,,,,,False,303621721
633edac5-a1e6-445b-adcb-b97d29546d85,Mainspring Energy,Linear generators using clean fuels,mainspringenergy.com,"Menlo Park, California","['General Catalyst', 'Bethany Mayer', 'Temasek Holdings Pte.', ""Amazon.com Inc.'s Climate Pledge Fund"", 'Tom Linebarger', 'Shell Ventures', '40 North Ventures', 'AEP', 'Equinor', 'Hanwha Power Systems', 'Lightrock', 'Khosla Ventures', 'Bill Gates', 'Princeville Capital', 'ClearSky', 'Fine Structure Ventures', 'KCK', 'Chevron Technology Ventures', 'Devonshire Investors', 'Canada Pension Plan Investment Board (CPP Investments)', 'Lineage Ventures']",430.0,15.59,Late Stage,258000000.0,Adam Simpson (CPO and Founder): https://linkedin.com/in/adam-simpson-24a4265,True,163285532
b4e71fcc-7324-42e5-aaa8-d2f768e290c2,Mainstream Renewable Power,Wind and solar energy company,mainstreamrp.com,"Dublin, Ireland","['Natixis', 'Societe Generale', 'DNB', 'KfW IPEX-Bank', 'Aker Horizons', 'Mitsui & Co., Ltd.', 'CaixaBank', 'SMBC']",342.0,-16.99,Other,631000000.0,,True,1535364
293c577a-1dc3-47ca-8113-c6e2e33b8329,maisa,Agentic AI chain-of-work technology developer,,,,,,,,,False,Not in Affinity
356d8370-9b12-4254-87df-0ab6a9e11b5f,maiven,AI-driven climate policy platform,,,,,,,,,False,Not in Affinity
9594e4eb-9548-4f82-90a6-81ad30ff1627,MAKA MOTORS,Electric motorcycles manufacturer,maka-motors.com,"Jakarta, Indonesia",,,,,,,False,291336209
fc899872-047e-41de-886c-7aa0d7453119,Makersite,Providing data management software for sustainable product development,makersite.io,"Stuttgart, Germany","['Planet A', 'KOMPAS', 'Hitachi Ventures']",104.0,42.47,Series A,18000000.0,"['Christoph Wilfert (CEO and Cofounder): https://linkedin.com/in/christophwilfert', 'Neil Dsouza (CEO): https://linkedin.com/in/neilsaviodsouza', 'Neil Dsouza (CEO): https://linkedin.com/in/neil-dsouza-b514a6183']",True,223154205
7290923e-ff89-4722-ba9f-284c9bd51938,maki,Invest in Nordic and Northern Europe deep tech startups,,,,,,,,,False,Not in Affinity
baa12484-faa3-429c-99cd-b1f6e25bafb7,MALK Organics,Plant-based milk developer,malkorganics.com,"Austin, TX",,,,,,,False,161837463
9b235970-0a8f-4c32-a4de-d9cb2188ddc9,Malta.com,Developer of long-duration energy storage solutions,malta.com,"Cambridge, MA",,,,,,,False,294425205
00781572-6b2e-453e-aa1a-dff746f88851,manex ai,AI-driven manufacturing optimization platform,https://manex.ai/,,,,,,,,False,Not in Affinity
40a02420-fc0c-442b-a826-892b199494f7,Mangata Networks,Satellite-enabled telecommunication services,mangatanetworks.com,"Phoenix, Ariz.",,,,,,,False,263485431
2e509b9f-328d-4e5e-9b93-47d9b9e5c486,MangoBoost,Data center energy efficiency software developer,mangoboost.io,"Bellevue, Washington","['Shinhan Venture Investment', 'Premier Partners', 'Korea Development Bank', 'IMM Investment', 'KB Investment', 'IM Capital']",80.0,21.21,Series A,55000000.0,"['Eriko Nurvitadhi (US CEO and Co-Founder @ MangoBoost): https://linkedin.com/in/nurvitadhi', 'Jangwoo Kim (Founder and CEO): https://linkedin.com/in/jangwookim', 'Dongup Kwon (CTO and Co-Founder): https://linkedin.com/in/dongup-kwon-982854236']",True,288801291
a9a14ef4-93cb-46b0-bb45-0eddfbd48594,mangrove lithium,Lithium refining company,https://mangrovelithium.com/,,,,,,,,False,Not in Affinity
e7ed1231-09dc-4cd5-8c60-0b54707d2d05,Manifest Climate,Cleantech software startup,manifestclimate.com,"Toronto, Canada","['Klass Capital', 'Golden Ventures', 'Garage Capital', 'OMERS Ventures', 'Active Impact Investments', 'Bryker Capital', 'Climate Innovation Capital', 'BDC Capital Women in Technology Venture Fund', 'influential angel investors']",31.0,-29.55,Series A,30000000.0,"['Jeremy Greven (Co-Founder, President): https://linkedin.com/in/jeremygreven', 'Laura Zizzo (Co-Founder and CEO): https://linkedin.com/in/laura-zizzo-57013110']",True,279420302
d212c2fb-4f66-4798-aa77-5c877558ec61,manifest cyber,Software supply chain risk reduction platform,https://www.manifestcyber.com/,,,,,,,,False,Not in Affinity
f3b1e908-156b-48cf-aade-d40a07c9f698,maniv,Invest in mobility and energy,,,,,,,,,False,Not in Affinity
f044c515-a8ca-44ae-9905-da36519e8c86,ManoCap Energy,Renewable energy investment vehicle,manocapenergy.com,"Accra, Ghana",,,,,,,False,288867791
c36e60a4-005c-4c4f-869c-69232d24f6eb,Mantel.com,Molten salt-based carbon capture technology developer,mantel.com,"Cambridge, MA",,,,,,,False,262599779
11e8e3cb-1ad5-426c-b52d-203c2cf62ee6,mantel capture,Molten salt-based carbon capture technology business,,,,,,,,,False,Not in Affinity
2c7580cf-3690-439f-9f75-db291f37cde4,"Mantis Robotics, Inc",Human-robot collaboration technology developer,mantis-robotics.com,"San Francisco, California","['Amazon Industrial Innovation Fund', 'Emerald Technology Ventures']",14.0,55.56,Other,5000000.0,Gerry Vannuffelen (Co-Founder & CEO): https://linkedin.com/in/gerryv,True,284078413
58831ad4-9766-4776-9409-40e3ae7c4ace,Mantle8,Develops AI tools for hydrogen deposits,mantle8.com,San Francisco,,,,,,,False,301252794
94963d6e-dc05-4aa0-b632-83c61ed17320,Manufacture 2030,Decarbonization platform for suppliers,manufacture2030.com,"Oxford, United Kingdom",,,,,,,False,220163785
ea554344-a014-4e9d-bf43-aba1508bdef5,Mapon,Fleet management software platform,mapon.com,"Riga, Latvia",,,,,,,False,263545940
c607b721-cb29-42e6-9351-48ff54b7499e,Marathon Fusion,Fusion power technology developer,marathonfusion.com,"San Francisco, CA",,,,,,,False,292527495
3382cbca-a23e-4f01-abc0-0aa4e15cde1e,MARCELYN GOW,Residential solar business,servo-la.com,"Hannover, Germany",,,,,,,False,295709588
e938394a-95cb-4eb3-98c6-9927dcc4f994,MarineLabs,Real-time weather and ocean condition monitoring,marinelabs.io,"Saanich, Canada","['BDC Capital’s Sustainability Venture Fund', 'Seaspan Shipyards']",26.0,13.04,Seed,4500000.0,"['Scott Beatty (Founder & CEO): https://linkedin.com/in/scott-beatty', 'Clayton Hiles (Co-Founder): https://linkedin.com/in/clayton-hiles-3645a641']",True,223994383
93ad4e12-efce-4f70-83b9-57eafcb3467e,Marvel Fusion,Nuclear fusion startup,marvelfusion.io,"Munich, Germany",Possible Ventures,,,,,"Pasha Shabalin (Co-founder, SVP Technology Integration): https://linkedin.com/in/pasha-shabalin-a582199",True,262723770
263be485-85ee-42fe-8a41-62cff68b3482,masdar,Renewables developer,,,,,,,,,False,Not in Affinity
44a1af23-7328-48ea-b414-ab44c39f70be,Mast Reforestation,Wildfire forest restoration company,mastreforest.com,"Seattle, Washington","['Seven Seven Six', 'Social Capital', 'Pulse Fund', 'Asymmetry Ventures', 'Thistledown Capital', 'Julius Genachowski', 'Climate Capital', 'Techstars', 'Resilience Reserve', 'Elemental Impact', 'Massive Capital Partners', 'Tesla co-founder Marc Tarpenning', 'Climate Avengers', 'Drone.vc', 'Spero Ventures', 'Gaingels']",45.0,-35.71,Series B,25000000.0,"['Ben Reilly (Cofounder / CTO): https://linkedin.com/in/ben-reilly-8a06489', 'Grant Canary (CEO): https://linkedin.com/in/grantcanary']",True,289738149
d022bedf-6679-495f-a44e-791f48f06348,matereal,Polyurethane plastic alternative made from bio-based feedstocks,,,,,,,,,False,Not in Affinity
154dd096-c372-42c9-bf6c-98c708f01702,Material Evolution,Sustainable cement producer from industrial waste streams,materialevolution.com,"Middlesbrough, U.K.",,,,,,,False,291915517
3fba07e1-0e99-44ef-958e-cdeed7eb638c,Materials Nexus,Net-zero materials platform,materialsnexus.com,"Littleport, United Kingdom","['Ada Ventures', 'MD One Ventures', 'The University of Cambridge', 'High-Tech Gründerfonds']",25.0,38.89,Seed,2570960.0,"['Jon Pillow (Co-founder & CSO): https://linkedin.com/in/jon-pillow-91446111', 'Robert Forrest (Co-Founder & CTO): https://linkedin.com/in/robertmforrest', 'Jonathan Bean (Co-Founder & CEO): https://linkedin.com/in/jonathan-bean-2b7670128']",True,283757201
965ce398-0230-4924-89f9-dbc330d36968,materra,Producer of climate-resilient cotton,,,,,,,,,False,Not in Affinity
6f1b0807-116d-42c9-9b15-1feb73445f6e,Mati Carbon Removals,Carbon removal approach using crushed basalt rock,mati.earth,"Houston, Texas",,19.0,0.0,,,Shantanu Agarwal (Founder): https://linkedin.com/in/shantanuagarwal,True,291879155
ff990eba-5052-49d2-9889-668991e36c0f,matoha,Portable material identification devices manufacturer,,,,,,,,,False,Not in Affinity
d55d0fc1-3919-4b59-b5b6-c84586477f34,matr foods,Plant-based food producer,,,,,,,,,False,Not in Affinity
25252e65-6da6-4404-9f89-f742929e911c,MatrixSpace,Collaborative sensing solutions company,matrixspace.com,"San Francisco, California","['Intel Capital', 'Raptor Group']",60.0,17.65,Series A,10000000.0,"['Greg Waters (Founder): https://linkedin.com/in/greg-waters-7586403', 'Jose Martinez Lorenzo (Co-Founder): https://linkedin.com/in/jose-martinez-lorenzo-6471ab165']",True,263284171
9656ac23-2f9d-4eb5-a7bc-c49afe9ca781,Matteco,Green hydrogen production tech,matteco.com,"Valencia, Spain",,,,,,,False,293840336
133d0baa-0adb-4de9-ac4d-c8715ddff04a,Matter Unlimited,Microplastic technology and innovation company,makethingsmatter.com,"Bristol, U.K.",U.S. Small Business Administration.,8.0,-11.11,PPP Loan,150000.0,"['Seth Zalkin (Co-Founder, Board Member): https://linkedin.com/in/sethzalkin', 'Nancy Elder (Co-founder, Chief Strategy Officer): https://linkedin.com/in/nancyelder', 'Bill Seibel (Advisor to the CEO): https://linkedin.com/in/billseibel']",True,1586988
690ef86c-68f6-49f7-9b86-c585dc4bff3d,matter intelligence,Sensors for Earth imaging purposes,,,,,,,,,False,Not in Affinity
93431be6-503f-49b2-8bb0-e4a272896f1e,matter motors,Electric bikes manufacturer,,,,,,,,,False,Not in Affinity
3319eb45-562b-488e-b694-f773587ed5f3,Mattiq,Sustainable materials discovery and testing platform,mattiq.com,"Skokie, Illinois",Material Impact,12.0,9.09,Seed,15000000.0,"['Andrey Ivankin (Co-Founder & Chief Technology Officer): https://linkedin.com/in/andreyivankin', 'Jeff Erhardt (Chief Executive Officer): https://linkedin.com/in/jefferhardt']",True,289307172
c261758e-a5a5-4711-866a-d9edd10f79b4,matx,High-throughput chips for large language models,https://matx.ai/,,,,,,,,False,Not in Affinity
4aa4c7b0-6932-477e-8ed5-ab82c99f5d67,Mavarick,Sustainable manufacturing software,mavarick.ai,"Limerick, Ireland",,16.0,77.78,,1491750.0,,True,293445470
d60dbfd1-7932-42f3-8bad-b35d90ca61c3,Maverick Metals,Advanced metal extraction and minerals processing technologies,maverickmetals.com,"San Antonio, TX",,,,,,,False,301827981
cea6bb28-eaca-4d6c-9b44-971d428a5d3a,maxem,B2B charging and energy management platform,https://maxem.com/,,,,,,,,False,Not in Affinity
08050a46-9696-46e0-9e14-7fb249b95dd8,Maxterial,More sustainable chemicals and advanced coatings,maxterial.com,"Pleasanton, CA, U.S.",,,,,,,False,163287885
719d3993-0d3d-4efd-98f2-8760e95297c1,May Mobility,Autonomous Transportation-as-a-Service (TaaS) provider,maymobility.com,"Ann Arbor, Michigan","['State Farm Ventures', 'Toyota Ventures', 'Trucks Venture Capital', 'Y Combinator', 'Millennium Technology Value Partners', '1843 Capital', 'Cyrus Capital Partners', 'LG Technology Ventures', 'Tokio Marine', 'Aioi Nissay Dowa Insurance Company', 'Toyota Tsusho', 'Mirai Creation Fund II', 'Next Century Ventures', 'Cyrus Capital', 'Maven Ventures', 'BMW i Ventures', 'Bridgestone Tire', 'Bridgestone Americas', 'NTT Group', 'Toyota Motor Corporation', 'SoftBank', 'Trucks Ventures', 'Wanxiang', '10x Group', 'Thayer Ventures', 'YCombinator', ""SPARX Group Co., Ltd.'s Mirai Creation Fund II"", 'SAIC', 'Karma', 'Bay Lake Ventures', 'Toyota AI Ventures', 'Millennium New Horizons', 'SV Angel', 'Tandem Ventures', 'BMW iVentures', 'SPARX Group Co., Ltd.', 'SPARX Group']",297.0,-2.62,Series D,105000000.0,"['Alisyn Malek (COO and Co-Founder): https://linkedin.com/in/alisynmalek', 'Edwin Olson (CEO): https://linkedin.com/in/edwin-olson-6644387']",True,263635520
c7625615-dd30-4afe-b6f3-8af2814e3739,Maya Climate,Project platform for nature-based solutions,maya-climate.com,"Berlin, Germany","['Berlin Angel Fund', 'Antler', 'High-Tech Gründerfonds (HTGF)']",5.0,-44.44,Seed,1200000.0,"['Till Tornieporth (Co-Founder): https://linkedin.com/in/till-tornieporth-ba895616a', 'Christian-Hauke Poensgen (Co-Founder): https://linkedin.com/in/christian-hauke-poensgen']",True,287752266
20cecaaa-8553-4f02-bfda-f9b2b2c1b40f,maymaan research,Clean combustion engines company,,,,,,,,,False,Not in Affinity
3c9b6898-39b8-4b06-ad81-3453785aa7ba,MCi Carbon,Carbon utilization and storage technology provider,mcicarbon.com,"Mayfield West, Australia",,,,,,,False,291856945
4c42b3d3-04f4-4520-a810-af1a12d29453,Measurabl,Technology platform for real estate,measurabl.com,"San Diego, California","['Moderne Ventures', 'Concrete Ventures', 'Energy Impact Partners', 'Lincoln Property Company', 'Impact Engine', 'WVV', 'Constellation Technology Ventures', 'Building Ventures', 'Colliers', 'Broadscale', 'Sway Ventures', 'Salesforce Ventures', 'Camber Creek', 'Borealis Ventures', 'RET Ventures', 'S&P Global', 'Starwood Capital Group', 'Cushman & Wakefield', 'DivcoWest', 'Stone Point Capital', 'Suffolk Technologies', 'Concrete', 'Crosscut Ventures', 'industry and professional investors']",178.0,-20.89,Series D,93000000.0,Matt Ellis (Chief Executive Officer): https://linkedin.com/in/measurabl,True,1687951
bc759bd4-95b3-45e4-a1e4-ac45346d9440,Measurable,Electricity-reducing plug sockets developer,measurable.energy,"Reading, United Kingdom","['Bonheur ASA', 'Clean Growth Fund', 'RO Capital Partners', 'MMC Ventures', 'Vectr7 Investment Partners LLP', 'Bonheur ASA/Fred Olsen', 'Temasek Holdings', 'Vertex Exploratory Fund', 'Vectr7', 'Roger Ferguson']",39.0,11.43,Series A,4800000.0,Dan Williams (Co-Founder and CEO): https://linkedin.com/in/danwilliams10,True,224943362
09b8f63b-18b5-41f5-9e3c-32368a8ba1cb,Meatable,Cultivated meat platform,meatable.com,"Amsterdam, Netherlands",,,,,,,False,200347272
5f7b279b-fbaa-498f-838e-c379f161ca06,Meati Foods,Alternative meat developer,meati.com,"Chicago, Illinois","['BOND', 'Congruent Ventures', 'Wellington Management', 'Prelude Ventures', 'Acre Venture Partners', 'Revolution Growth', 'Tao Capital', 'Rockefeller Capital', 'Chipotle Mexican Grill', 'Grosvenor Food & AgTech', 'Canada Pension Plan Investment Board (CPP Investments)', 'Cultivate Next', 'Revolution']",111.0,-22.38,Series C,100000000.0,"['Justin Whiteley (CTO & Co-founder at Meati Foods): https://linkedin.com/in/justin-whiteley', 'Tyler Huggins (CEO and Co-Founder): https://linkedin.com/in/tylerhuggins']",True,223169806
e0eeda93-ec0d-4a35-9cf4-40ee61a11ff2,Meati Foods,Fungi-based meat alternatives,meati.com,"Chicago, Illinois","['BOND', 'Congruent Ventures', 'Wellington Management', 'Prelude Ventures', 'Acre Venture Partners', 'Revolution Growth', 'Tao Capital', 'Rockefeller Capital', 'Chipotle Mexican Grill', 'Grosvenor Food & AgTech', 'Canada Pension Plan Investment Board (CPP Investments)', 'Cultivate Next', 'Revolution']",111.0,-22.38,Series C,100000000.0,"['Justin Whiteley (CTO & Co-founder at Meati Foods): https://linkedin.com/in/justin-whiteley', 'Tyler Huggins (CEO and Co-Founder): https://linkedin.com/in/tylerhuggins']",True,223169806
4f192769-b91a-424b-a38a-33170ce59d5f,mediconnect,Telemedicine platform for remote consultations,https://www.ohmconnect.com/,,,,,,,,False,Not in Affinity
fe3962f6-3655-414a-b97d-304064da89fa,mediterranean food lab,Fermentation-based flavor solutions developer,https://medfoodlab.com/,,,,,,,,False,Not in Affinity
69ac71c7-824c-4691-b95a-1152121cc7ea,MeduSoil,Sustainable construction materials manufacturing,medusoil.com,"Lausanne, Switzerland",,,,,,,False,220045315
017fb817-9129-4289-b59c-34c24649f10e,Melonfrost,Microbe production platform,melonfrost.com,"Brooklyn, New York",,,,,,,False,225196213
25d178b0-254a-42a0-accd-0bd7c907e7c4,meloon,Membranes for carbon capture and removal,,,,,,,,,False,Not in Affinity
56e758e4-cec5-445f-88af-6712c4b303fb,membion gmbh,Innovative membrane bioreactor technology developer,membion.com,"Roetgen, Germany",,,,,,,False,291800046
a7a181ab-056a-42bc-9076-df634006db53,Memfault,Cloud-based platform for connected device monitoring,memfault.com,"San Francisco, California","['Partech Partners', 'Y Combinator', 'S28 Capital', 'Stripes', 'Uncork Capital', '5G Open Innovation Lab']",59.0,-11.94,Series B,24000000.0,"['Tyler Hoffman (Co-founder & Engineer): https://linkedin.com/in/tyhoff', 'François Baldassari (CEO): https://linkedin.com/in/francois-baldassari']",True,220547709
534a152e-9a57-47d0-9b3b-c928dd581c7d,menlo microsystems,Electromechanical switch developer for battery chargers and electric cars,https://www.menlomicro.com/,,,,,,,,False,Not in Affinity
ee8ae392-6882-4508-9cc8-e7b43ee8c32f,Merlin Labs,Autonomous flight technology developer for fixed-wing aircrafts,merlinlabs.co,"Boston, MA",,,,,,,False,263140965
9cbf38e9-f486-4757-9a1c-a4e7080cb632,Merlin Solar Technologies,"Flexible, lightweight solar panels",merlinsolar.com,"San Jose, CA",,,,,,,False,146200685
cf3b69bd-9ab7-4270-9838-88e9b0d6ee65,mermade seafoods,Developer of cell-based scallops,,,,,,,,,False,Not in Affinity
c8ec3079-f83d-4ba6-aa74-3439e62db261,Meroxa,Data pipeline platform,meroxa.com,"San Francisco, CA",,,,,,,False,268357987
bb08619b-348e-4dbf-bb28-077e4bd5eea3,metafin,Solar financing platform,,,,,,,,,False,Not in Affinity
651d4a00-08d5-4959-add9-35e7b296016f,Metafuels,Catalyst for sustainable aviation fuel,metafuels.ch,Zürich,,,,,,,False,284490542
95a9358b-a0fe-487e-9e59-4e0ea9eabff9,Stream Hyperspectral Imagery in Real-Time,Computer vision software company,metaspectral.com,"Vancouver, Canada",,,,,,,False,263419936
713355c5-14f8-455a-b0d2-a841bcccd782,Metastable Materials,Li-ion battery recycling start-up,metastable.in,"Bengaluru, India",,,,,,,False,286382168
48ecd932-cbd1-4db3-a1cf-9ad394315a74,Meteomatics,Ultra-high resolution computer model for extreme weather events,meteomatics.com,"Saint Gallen, Switzerland","['Fortyone', 'Armira Growth', 'Alantra Energy Transition fund', 'Klima', 'U.S.-based renewables and utility company']",137.0,26.85,Series C,22000000.0,"Paul Walsh (CEO, North America): https://linkedin.com/in/paulewalsh",True,143639176
a0bc66dc-cd7a-4aeb-aec7-173a9de7c6a2,metergrid,Tenant electricity platform,metergrid.de,"Stuttgart, Germany","['Mätch VC', '468 Capital', 'Tiny Supercomputer Investment Company', 'German footballer Mario Götze']",42.0,75.0,Seed,2700000.0,"['Johannes Mewes (Managing Director & Co-Founder): https://linkedin.com/in/johannesmewes', 'Martin Lowinski (Co-Founder & Geschäftsführer): https://linkedin.com/in/molowinski']",True,282418461
2d727992-70f1-4429-bc3f-4daa11c771f4,methanex,Acquisition of OCI Global’s methanol business,,,,,,,,,False,Not in Affinity
ecd54c64-8c89-4e15-9e17-1538d6a6c750,METOX,High-temperature superconducting (HTS) electricity transmission,metox.com,Houston,,,,,,,False,296344094
d34be770-bf0f-44e5-8b7d-b5e6a03d3e3a,metris,Platform designed to help property owners evaluate solar potential,,,,,,,,,False,Not in Affinity
a5e6e878-bc09-405e-ada3-823ef66b16cc,METRON,Energy optimization solutions provider,metronlab.com,"Paris, France","['BNP Paribas', 'NTT DOCOMO Ventures', 'StatKraft Ventures', 'Breed Reply', 'Financière Fonds Privés']",122.0,-8.27,Series A,10000000.0,"['David Bardina (Directeur Général Adjoint - Deputy CEO): https://linkedin.com/in/david-bardina-aa48b21', 'Vincent Sciandra (CEO): https://linkedin.com/in/vincent-sciandra-17809b12', 'Julian ARISTIZABAL (CEO & Co-founder): https://linkedin.com/in/julian-aristizabal-b692902b', 'MARCO DONATELLI (CEO Brasil): https://linkedin.com/in/marco-donatelli-8a617017']",True,204008416
260c0b05-3dac-4bfd-a89f-a8254ca0d6b8,METYCLE,Digital platform for international secondary metal trade,metycle.com,"Cologne, Germany","['Project A', 'Partech', 'Market One Capital', 'Gisbert Rühl (ex-CEO of Klöckner & Co.)', 'Dutch Founders Fund (DFF)', 'Christoph Cordes (Flink)', 'Philipp Andernach (Antunnacum)', 'Anne-Marie Großmann (GMH Group)', 'One Capital', 'DFF', 'Tom Bird', 'Louis Pfitzner', 'DFF Ventures']",24.0,33.33,Series A,14100000.0,"['Rafael Suchan (Co-Founder): https://linkedin.com/in/rafael-suchan', 'Sebastian Brenner (Co-Founder): https://linkedin.com/in/sebastian-brenner-925b981']",True,286441641
ba3ae667-defd-4d71-8a9d-21b00b4d0d6f,MGA Thermal,Thermal energy storage technology,mgathermal.com,"Tomago, Australia",,,,,,,False,263790883
4025be13-521b-482e-b1e3-e249d5fe0be3,mi terro,"Using ag waste for plastic replacement, animal feed, and more",,,,,,,,,False,Not in Affinity
87ecc8f9-ffaf-428f-9995-05e81fc3411c,MiAlgae,Microalgae production technology platform,mialgae.com,"Edinburgh, Scotland",,,,,,,False,149471332
0a5d6444-6b10-462e-bf64-98ff88a2079c,microcaps,Advanced microencapsulation technology for cosmetics packaging,,,,,,,,,False,Not in Affinity
0c2e99b3-67c1-4886-85c4-55f7e6f4fc7d,MicroGen Biotech,Ag-tech developer focused on reducing heavy metals in food and increasing soil health,microgenbiotech.com,Ireland,,,,,,,False,1736459
501b5702-ceed-43e1-9c35-b57696d0d8be,microharvest,Producer of alternative proteins through fermentation,,,,,,,,,False,Not in Affinity
fda53d60-e416-4982-8d47-5dccc4c30d84,Micronic Technologies,Developer of industrial wastewater concentration technologies,micronictechnologies.com,"Richmond, VA",,,,,,,False,223646759
71370295-5404-4e89-ab4f-7ec6076d313a,micropep,Use tiny proteins to make better pesticides,https://micropep.com/,,,,,,,,False,Not in Affinity
c48bd8dd-567b-4a89-9a01-869e178041a5,microshare,Provider of Smart building data solutions to multinationals and public institutions,,,,,,,,,False,Not in Affinity
61d55da1-cf9c-4124-bcca-c22d6a125b43,microverse,Online school for software developers,,,,,,,,,False,Not in Affinity
8e4faf9d-b856-4c63-8527-b68fdf886688,Mighty Buildings,3D printing homes developer,mightybuildings.com,"Oakland, California","['Core Innovation Capital', 'BOLD Capital', 'KB-Badgers', 'Decacorn Capital', 'Gaingels', 'Peak State Ventures', 'SQN Venture Partners', 'Y Combinator', 'Polyvalent Capital', '15 other new and existing investors', 'Foundamental', 'Abies Ventures', 'MicroVentures', 'Khosla Ventures', 'Modern Venture Partners', 'ArcTern Ventures', 'Saudi Aramco’s Wa’ed Ventures', 'One Way Ventures', 'Zeno Ventures', 'Klaff Realty', 'Giant Ventures', 'Bold Capital Partners']",89.0,-35.04,Series A,52000000.0,"['Alexey Dubov (Co-founder and COO): https://linkedin.com/in/alekseydubov', 'Dmitry Starodubtsev (CTO and Co-founder): https://linkedin.com/in/dimastar', 'Slava Solonitsyn (CEO and Co-founder): https://linkedin.com/in/solonitsyn']",True,138206752
d00e27e1-8dd1-48f9-b8b9-a0d1d6cd23cb,mill industries,Food recycling technology provider,,,,,,,,,False,Not in Affinity
72a3b3a8-8541-4a26-8b91-2ab13128cf88,millow,Mycelium-based alternative meats,,,,,,,,,False,Not in Affinity
61203eb5-0684-4b42-a1f3-b71fc5b9301e,Minesto,Tidal and ocean current energy technology developer,minesto.com,"Kriebitzsch, Germany",,,,,,,False,2170528
26206c8b-511f-451a-8513-32fb7cd6167e,minimum,Startup that makes apps to calculate personal carbon emissions,,,,,,,,,False,Not in Affinity
10e0d1fa-fabc-4ce0-9463-4295ce498dc8,mining giants bhp and rio tinto,Australian carbon credit fund,,,,,,,,,False,Not in Affinity
971aa5fe-4c50-47fd-a6dd-b411c5451775,minus global,Food waste recycling technology company,,,,,,,,,False,Not in Affinity
eccb90ef-f393-4bdd-83d4-281eec30613d,Minus Works,Sustainable packaging manufacturer,minusworks.com,"Long Island, N.Y.",,,,,,,False,284098932
b15f0615-0a8d-4da8-909e-abf507423f08,Minut,Smart home security startup,minut.com,Sweden,,,,,,,False,1790352
7115043d-866e-4b3c-82ed-bb0b29d95e89,Minviro,LCA assessment SaaS platform,minviro.com,"London, United Kingdom",,46.0,-6.12,Other,2530332.0,"['Robert Pell (Founder & CEO): https://linkedin.com/in/robert-pell', 'Xiaoyu Yan (Co-Founder & Scientific Advisor): https://linkedin.com/in/xiaoyu-yan-33853b2b']",True,282662794
f85c3507-0378-41bd-b772-3c73f5b2e980,Miresso,Nuclear fusion startup for securing minerals,miresso.co.jp,"Misawa City, Japan",,,,,,,False,295897744
268ccc14-3b24-4a3d-868c-7df73a87fa50,MIRICO,Maker of laser-based methane gas sensing tools,mirico.co.uk,"Harwell, United Kingdom","['Longwall Ventures', 'Rainbow Seed Fund', 'Foresight Williams Technology EIS Fund', 'UK Innovation & Science Seed Fund']",25.0,4.17,Other,4822020.0,"['Hans D Nilsson (Executive Chairman): https://linkedin.com/in/hans-d-nilsson-7869514', 'Bob Flint (Chief Executive Officer): https://linkedin.com/in/bob-flint-16320a', 'Mohammed Belal (Co-Founder & Business Development Director): https://linkedin.com/in/mohammed-belal-350b5942', 'Linda Bell (CEO): https://linkedin.com/in/linda-bell-a634294']",True,2176826
2ee9315e-aa6a-4178-b928-f574e0c2bd1f,mirSense,Quantum laser tech toxic gas sensors,mirsense.com,"Orsay, France",,,,,,,False,220511856
32af58da-eb9b-4099-971c-84d3f181f61f,Miru Smart Technologies,Electrochromic window technology to enhance energy efficiency,mirucorp.com,"Vancouver, Canada","['TNG Capital Corp.', 'Angelo Paletta', 'BDC Capital', 'Greensoil Proptech Ventures', 'Business Development Bank of Canada']",55.0,10.0,Series A,20000000.0,Curtis Berlinguette (CEO & Co-founder): https://linkedin.com/in/berlinguette,True,223967508
ff975a80-5c73-4ea2-8f73-0ce217e74b29,miruku,Programming plants to grow dairy proteins and fats,,,,,,,,,False,Not in Affinity
98863199-93c3-4204-8060-b354be391bb3,Misfits Market,Subscription service for “ugly produce”,misfitsmarket.com,Philadelphia,,,,,,,False,221892216
3036470f-ff5a-486f-92bc-55b14e589806,e-Mission Control,B2B SaaS platform for recreational league esports,e-missioncontrol.com,"Sacramento, California",Skyview Ventures,28.0,8.0,Series A,3000000.0,,True,278332400
bfe6b929-0105-41e8-81c3-1e4e6ad2642e,Mission Zero Technologies,Direct air capture (DAC) technology platform,missionzero.tech,"London, England",,,,,,,False,282433792
65431d77-4d70-4bb6-96a8-b4594ac34db2,Mission Zero Technologies,Direct air capture technology startup,missionzero.tech,"London, UK",,,,,,,False,282433792
69fec605-f566-47de-8063-8464186d64b0,mitico,Granulated metal carbonate sorption technology capturing carbon,,,,,,,,,False,Not in Affinity
36f0019a-83a7-4ea0-b732-0b92f9799ce7,Mitiga Solutions,Natural disaster risk and resilience platform,mitigasolutions.com,"Barcelona, Spain","['Faber Ventures', 'Kibo Ventures', 'Nationwide Ventures', 'Microsoft Climate Innovation Fund', 'CREAS Impacto']",80.0,17.65,Series A,13250000.0,"Alejandro Marti, PhD (CEO & Co-Founder): https://linkedin.com/in/alejandromarti",True,223142855
3bc5a9f5-1ff7-4a7e-8059-66f4a98787cd,Mito Material Solutions,Developer of additives that enhance product performance,mitomaterials.com,"Indianapolis, IN",,,,,,,False,157665654
d09b1687-6c8e-472a-b3a4-ce2dac8e2b6a,Mitra Chem,Battery materials producer,mitrachem.com,"Mountain View, California","['Boutique Venture Partners', 'Fontinalis Partners', 'The Keffi Group', 'Earthshot Ventures', 'Bonds Investment Group', 'Social Capital', 'Bricks Capital Management', 'Zeon Ventures', 'WovenEarth Ventures', 'GS Futures', 'Scribble VC', 'General Motors', 'others', 'Zeon', 'InQTel', 'Techmet-Mercuria', 'Alpha Wave Ventures']",68.0,-6.85,Series B,,"['Vivas Kumar (Chief Executive Officer and Co-Founder): https://linkedin.com/in/vivaswathkumar', 'Chirranjeevi Gopal (Co-Founder and VP of Engineering): https://linkedin.com/in/chirranjeevibalajigopal', 'William Chueh (Chief Scientific Advisor and Co-Founder): https://linkedin.com/in/william-chueh-987745201']",True,283170440
d4064ec1-41bf-4a52-98b7-ea505ae5c3cf,mitra future technologies,Iron-based cathodes for lithium-ion batteries,,,,,,,,,False,Not in Affinity
a5802f80-a3dd-4b21-9dc5-546700d1fd0f,mitti labs,AI-led rice monitoring services provider,,,,,,,,,False,Not in Affinity
f0a8ed2f-b029-462c-b6c2-d8ffcdd720f9,Mixergy Ltd.,Hot water tanks and heat pumps start-up,mixergy.co.uk,"Thame, United Kingdom","['Centrica', 'Nesta', 'Centrica Innovations', 'Foresight Williams Technology (FWT)', 'Kiko Ventures', 'Foresight WAE Technology', 'Oxford Science Enterprises', 'Oxford Sciences Innovation', 'EDP Ventures', 'IP Group']",48.0,14.29,Series C,9200000.0,Pete Armstrong (CEO): https://linkedin.com/in/pete-armstrong-45039136,True,213998769
4bfcbacc-f3cf-434e-aceb-128e96e167ad,mkb,Investment firm focused on energy transition,,,,,,,,,False,Not in Affinity
22c898e9-fdd5-4356-aa8f-ae8ed997c65c,mmi,Electric and hydrogen-powered buses,,,,,,,,,False,Not in Affinity
c83decd2-c149-41dd-9ceb-92cf43a0d18e,mn8 energy,"Solar, storage, and EV charging development business",,,,,,,,,False,Not in Affinity
e29d3298-2570-4055-80f1-aedee9bc8419,moa foodtech,To upcycle ag waste into fermented proteins,https://moafoodtech.com/,,,,,,,,False,Not in Affinity
34df8a5b-a512-4428-afe5-3ebf2b63add8,mobile power,Pay-per use battery sharing platform,,,,,,,,,False,Not in Affinity
be625e7c-c4b4-4092-bc95-c1b947775858,MobilityPlus,Real-time data insights and energy management for EV charging,mobilityplus.be,"Ghent, Belgium","['Suma Capital', 'Concentra']",74.0,-3.9,,40000000.0,Luc Opdebeeck (President & CEO): https://linkedin.com/in/lucopdebeeck,True,279461546
7e30c775-9b52-4912-94bd-f8f02b8b4cf7,mocean energy,Wave energy convertors developer,,,,,,,,,False,Not in Affinity
d6015a39-4916-4b1e-a7c1-ee7d02f45c7a,Access Mode,AI assistant for factories and construction sites,accessmode.org,"Denver, Colorado",Techstars,7.0,-12.5,,,"['Zaneta Kelsey (coFounder and CEO): https://linkedin.com/in/zaneta-kelsey-3a034a5', 'Kevin Allen (CoFounder and Board Member (Techstars ‘23)): https://linkedin.com/in/kevinallend']",True,288001695
b2263812-ac49-4de6-a4fb-7c68f3136c41,Modern Electron,Hydrogen-based home heating startup,modernelectron.com,"Bothell, Washington","['At One Ventures', 'Extantia', 'Starlight Ventures', 'Wieland Group', 'Valo Ventures', 'IRONGREY']",10.0,0.0,Series B,30000000.0,"['Max Mankin (Co-Founder and CTO): https://linkedin.com/in/maxmankin', 'Tony Pan (CEO & Co-founder): https://linkedin.com/in/tony-pan-1487a73']",True,161816522
9b815be3-4261-43a2-8d30-d0cd50553318,modern hydrogen,Distributed hydrogen production system developer,,,,,,,,,False,Not in Affinity
75993c70-77a2-43a9-a1c8-63a4a17a47f4,Modern Meadow,Producer of biofabricated textiles,modernmeadow.com,"New York, NY",,,,,,,False,1617440
76ec8560-0ad6-4908-928f-7df1dd0f92eb,modern milkman,Providing return and reuse grocery services,,,,,,,,,False,Not in Affinity
3400d7ab-1521-4ebc-9037-84fece8e2a09,Modern Synthesis,Biotech textile developer,modernsynthesis.com,"London, England",,,,,,,False,293018667
61a9eddf-ec2b-4acc-8ff5-75c34d6f63be,Modo Energy,Energy data analytics startup,modo.energy,"Birmingham, United Kingdom","['Triple Point Ventures', 'Fred Olsen Ltd.', 'existing investors']",58.0,34.88,Series A,3700000.0,,True,293700218
5f80778f-7447-4238-b8eb-783d16f19db4,Modulous,Design and construction startup to speed up homebuilding,modulous.com,"London, United Kingdom","['Goldacre', 'Blackhorn Ventures', 'Leela Capital', 'CEMEX Ventures', 'Regal London', 'GroundBreak Ventures', 'Patrizia-backed Sustainable Future Ventures (SFV)']",9.0,0.0,Series A,11500000.0,,True,221255107
ea85309e-8725-40f4-bebb-7b2eefc010cb,modulus labs,Monitor AI accountability,,,,,,,,,False,Not in Affinity
457ea6ee-92ce-40dd-8b87-752e52e3fd2c,Modvion,Sustainable wood technology company,modvion.com,Sweden,,,,,,,False,112510980
2998133c-141f-49e2-a179-3a32a06e7800,moEVing,EV and infrastructure maker,moeving.com,India,,,,,,,False,280148399
51b8309e-ff4a-4c1e-9cef-f5479c81b198,moeving urban technologies,Operator of electric mobility technology platform,,,,,,,,,False,Not in Affinity
2f70e3b8-a68d-4021-9202-6c6420319bcd,MOF Technologies,Carbon capture company reducing industrial emissions,moftechnologies.com,UK,,,,,,,False,1600946
134dcebf-b1b0-4dcd-8196-98ca311efdee,moixa,Energy storage management platform,https://www.moixa.com/,,,,,,,,False,Not in Affinity
790882e6-5882-4115-9cab-24fb72508531,mojave,Liquid desiccant air conditioner developer,,,,,,,,,False,Not in Affinity
eef1dfee-83e4-4688-bd18-a8defd17b224,Moleaer,Developer of nanobubble technology enabling industries to reduce their footprint,moleaer.com,"Carson, CA",,,,,,,False,155611282
9beb1388-5047-4e70-b859-ca3b72b81773,molg,Robotic disassembling factories,https://molg.com/,,,,,,,,False,Not in Affinity
fb08820d-fd65-4e9f-9c6b-7d9bb4c39dfc,Molten Industries,Methane pyrolysis developer,moltenindustries.com,"San Francisco, CA",,,,,,,False,287731491
72418b7b-7c1e-4d7e-8e40-cfb29aa714c0,molten salt solutions,Technologies to produce enriched lithium for nuclear applications,,,,,,,,,False,Not in Affinity
3e08d2de-e701-4df8-a04e-c663659c6368,Molyon,Advanced lithium-sulfur batteries,molyon.com,"Cambridge, U.K.",,,,,,,False,295218564
4119c5bd-d577-435a-b81f-168de7d049da,Mombak,Reforestation-based carbon removal service,mombak.com,"None, Brazil","['Rockefeller Foundation', 'Axa', 'Canada Pension Plan Investment Board']",47.0,46.88,Debt,17000000.0,Peter Fernandez (Co-founder and CEO): https://linkedin.com/in/petermfernandez,True,283272195
4d3a80f9-0482-4c23-aedf-c5867be1a588,moment energy,Repurposing retired EV batteries,,,,,,,,,False,Not in Affinity
06fbf684-bdc4-4c57-82b2-a40ee9e469a3,Momentick,Satellite-based emissions monitoring platform,momentick.com,"Tel Aviv, Israel",,,,,,,False,291867163
73213c71-1f05-410c-b914-9cf6afab40ac,momentum technologies,Lithium-ion battery and rare earth permanent magnet recycling company,,,,,,,,,False,Not in Affinity
00fe56b5-c9fe-46e3-9e90-c5617e05fd35,Mona Lee,Residential solar installation platform,monalee.co,"Boston, MA","['Ludlow Ventures', 'Palm Tree Crew', 'The Pags Group', 'Coalition Operators', 'Plug and Play Ventures', 'Shrug VC']",40.0,-4.76,Seed,3250000.0,Akarshan Kumar (Co-Founder & Head of Product): https://linkedin.com/in/akarshan-kumar-b41ab128,True,288849438
dce12b1b-458e-4d59-b503-75b8c609842e,Monaire,Building management systems and software,monaire.ai,"Madison, Wisconsin","['Steve Fredette', 'Construct Capital', 'Workshop Ventures', 'Tom Kuo']",19.0,35.71,Seed,3500000.0,"['Nishant Kanapilly (Nish) (Co-Founder): https://linkedin.com/in/nkanapilly', 'Rahul Subramany (Co-Founder): https://linkedin.com/in/rahul-subramany-8343b140']",True,281162684
3383e4bd-0f70-4119-9b40-cef633e075a1,monalee,Solar and battery sales software,,,,,,,,,False,Not in Affinity
42f0281b-9263-4f5e-b836-96c9bd530cd7,Monarch Tractor,Autonomous tractor company,monarchtractor.com,"San Francisco, CA",,,,,,,False,223206079
59329d47-d23c-49cb-a7e9-4ca800f2ca6b,Monarch Tractor,"Electric, autonomous tractors",monarchtractor.com,"Livermore, CA",,,,,,,False,223206079
7f084e7f-e3d3-4497-ab5b-5693cd4e7979,Mondra,SaaS platform to track food supply-chain emissions,mondra.com,"London, United Kingdom",,72.0,26.32,,3600000.0,Jason Barrett (Founder): https://linkedin.com/in/jason-barrett-b7631227,True,279435515
58b7c755-c809-460e-bdcf-cea8921df5c5,monogoto,Software-defined connectivity and IoT solutions,https://www.monogoto.com/,,,,,,,,False,Not in Affinity
30d9f69e-11cf-49fa-9e2f-703dd35489c6,monolith,Green hydrogen producer,,,,,,,,,False,Not in Affinity
ff2c4120-d4ae-473e-ae48-bcb2dec6c6ae,Monta,EV charging management platform,monta.com,"Copenhagen, Denmark","['Energize Capital', 'Creandum', 'Quantum Light', 'AENU', 'GreenPoint Partners', 'byFounders', 'Energize Ventures', 'Headline', 'Denmark’s state-backed Export and Investment Fund', 'Pale Blue Dot']",298.0,6.81,Series B,80000000.0,"['Anders M. (Co-founder & COO): https://linkedin.com/in/anders-m-pedersen', 'Casper H Rasmussen (CEO / CTO & Co-founder): https://linkedin.com/in/casper-h-rasmussen-63b13922', 'Peter Bardenfleth-Hansen (Advisor & Angel Co-Founder): https://linkedin.com/in/peter-bardenfleth-hansen-0846111']",True,284386218
8809dd2e-7d91-40b1-a96e-26ded70d7625,montamo,Install heat pumps for manufacturers,montamo.com,"Berlin, Germany","['Project A Ventures', 'several renowned angel investors']",20.0,33.33,Seed,2100000.0,"['Ole Schaumberg (Co-Founder): https://linkedin.com/in/ole-schaumberg-1a976876', 'Alexander Böhm (Co-Founder): https://linkedin.com/in/alexander-boehm3']",True,293759151
3540ee1a-2b48-4a0e-8037-5075c0f00946,Montauk Climate,Climate tech startup incubator,montaukclimate.com,"New York, New York",Sheel Tyle,10.0,25.0,,8500000.0,,True,291632553
aec90bc3-27ff-482e-8969-18d79ebc1654,monterra,Software for automating EV charging installations,,,,,,,,,False,Not in Affinity
20d6b947-56bb-4e89-b862-a8e6277530f0,Montinutra,Bio-based chemicals manufacturer,montinutra.com,"Kuhmo, Finland",,,,,,,False,280232431
ce5ebd10-ac41-4433-a432-09e6af4f1eb2,monumo,Electric motor for EVs developer,,,,,,,,,False,Not in Affinity
85df4116-e2a2-4732-95ca-fcc7ab14efff,Moolec Science,Molecular farming developer,moolecscience.com,"Warwick, UK",,,,,,,False,278518533
c6fe8507-f129-476e-9c08-9e3094b0f393,moonrider,Make electric tractors,https://www.outrider.com/,,,,,,,,False,Not in Affinity
d6345092-a743-422a-9d2b-2812d6eb9fc5,moove,Mobility financing business,,,,,,,,,False,Not in Affinity
8dd1bff2-980a-468c-b677-bee6c55190d5,morgan stanley infrastructure partners,Global infrastructure fund,,,,,,,,,False,Not in Affinity
e930c432-74e7-48fd-b585-fcb31ef44a4e,morgan stanley investment management,Climate-focused growth fund,https://www.morganstanley.com/,,,,,,,,False,Not in Affinity
a2a658eb-0cab-4e71-9155-36a1dfe237b0,Morrow Batteries,Battery energy storage system developer,morrowbatteries.com,"Oslo, Norway",,,,,,,False,282985563
33c17146-e008-4649-bd68-1ebb6d080cd8,mosa meat,Cultivated beef,https://www.novameat.com/,,,,,,,,False,Not in Affinity
5c7a1677-a52b-4325-89b4-773bf6cdb08f,Mosaic,Loans for residential solar projects,mosaic.com,"Oakland, CA",,,,,,,False,28298143
1ec46a34-f43f-4fc4-bbb6-b40989dbc302,Mosaic Building Group,Construction tech platform for residential development industry,mosaicgroupmi.com,"Phoenix, AZ",,,,,,,False,295460665
5bc7f66f-930d-4077-ba66-d90cd1737039,moss.earth,Carbon credit marketplace focused on preserving the Amazon,,,,,,,,,False,Not in Affinity
dbf107ce-fbaf-497b-a3fd-9de7fc611281,motatos.com,"Online grocery store selling life-long, surplus goods",motatos.com,Denmark,,,,,,,False,285335146
5a930072-e949-43b8-b85a-1af44124b138,mote hydrogen,Gasifying woody waste biomass into hydrogen,https://www.motehydrogen.com/,,,,,,,,False,Not in Affinity
0f11f7b4-fe70-445b-ad68-c7ab498aed1b,motion ventures,Maritime tech fund,,,,,,,,,False,Not in Affinity
d5aa5c87-1c90-4db8-acb4-7305db186784,motiv power systems,Producer of electric truck chassis,,,,,,,,,False,Not in Affinity
9dcef61d-a394-4db7-8b92-62716b9d00fd,motivo,AI-powered design solutions for chip design,motivo.ai,"Palo Alto, CA",,,,,,,False,144271142
8f9eca5e-d194-4956-a29e-77bb9c6d366f,Lucid Motors,Consumer EV subscription service,lucidmotors.com,"Newark, New Jersey",Public Investment Fund of Saudi Arabia,5348.0,-1.2,Public Markets,1000000000.0,"['Peter Rawlinson (CEO and CTO): https://linkedin.com/in/peter-rawlinson-1a910625', 'Hassan Khan (Acting CEO): https://linkedin.com/in/hassan-khan-545484253', 'Finasteride Solution (Chief Executive Officer): https://linkedin.com/in/finasteride-solution-67a649232', 'Harry Ethan Marisetty (ceo): https://linkedin.com/in/harry-ethan-marisetty-718753253', 'Gary Rich Jr. (Supervisor, Logistics Operations, Founder Veterans@Lucid): https://linkedin.com/in/gary-rich-jr-7666aa64']",True,1543317
1438f08a-f58e-4235-a69c-8c6bf97c7643,move energy,Invest in accelerating energy transition,,,,,,,,,False,Not in Affinity
6735a2b6-1bde-41b5-a85f-e9470d361609,movener,Hybrid vehicle retrofitting company,,,,,,,,,False,Not in Affinity
515e35cd-bb12-41cd-9691-09fd1ca518e9,Movopack,Circular and sustainable packaging materials for e-commerce,movopack.com,"Milan, Italy",,,,,,,False,286407310
9ad86453-9e0e-4b74-9a33-5582c9e32d2c,Mobile Power Solutions,Developer of mobile energy storage technology,moxionpower.com,"Richmond, CA",,,,,,,False,262941725
77755751-9dc9-451e-a3d4-ed66d72464bb,Moxxie Ventures,Third fund in climate tech,moxxie.vc,"San Francisco, U.S.",,8.0,33.33,Investment Fund,95000000.0,,True,222180481
e77a17a5-8405-44ab-82a8-3f63961ca126,moxy,Forestry biomass waste-based building materials,,,,,,,,,False,Not in Affinity
d7e37e93-2ae6-4b45-a36a-7a41898232ad,MP Materials,Rare earth magnet manufacturing facility,mpmaterials.com,"Las Vegas, Nevada",Hancock Prospecting,331.0,6.09,Public Markets,,,True,278330693
173b5e54-29b0-4846-9b64-7f4dea90dd3c,mpower technology,Solar tech company,,,,,,,,,False,Not in Affinity
a91087aa-d2ec-4ba9-8ae0-0f64dc7867e7,mpower ventures,Emerging markets solar financing and distribution,,,,,,,,,False,Not in Affinity
9d88bb0c-ff9e-4f63-87d8-b56accd9a413,MTA E-Mobility,Electric mobility company,mtaev.com,India,,,,,,,False,289049693
307d5b34-d917-4952-8fa2-b2e1d563656c,Muddy Machines,Robotics company automating crop harvesting,muddymachines.com,UK,,,,,,,False,262874292
e800023a-356a-49b2-a285-18af33b9955c,muffin green finance,EV financing platform,,,,,,,,,False,Not in Affinity
e9e395b3-5011-4710-8cb6-9c70a6475f10,Mufin Green Finance,Climate financing solutions platform,mufingreenfinance.com,"New Delhi, India",,,,,,,False,289752214
9b901fab-4d29-4648-816f-614b4d9747c2,Muir AI,Track emissions data and provide sustainability insights,muir.ai,"Seattle, Washington","['Madrona Venture Labs', 'Base10 Partners', 'Soma Capital']",13.0,8.33,Seed,3250000.0,"['Harris Chalat (Co-Founder): https://linkedin.com/in/harrischalat', 'Peter Williams (Co-Founder): https://linkedin.com/in/peter-joseph-williams']",True,288795320
485080d1-77c7-4d2d-a9a0-99a0a3877644,Alma Mundi Ventures,Kembara Fund I FCR to invest in growth-stage deeptech and climate companies,mundiventures.com,"Madrid, Spain",AECID,43.0,0.0,Other,27258000.0,Javier Santiso (CEO): https://linkedin.com/in/javier-santiso-805586180,True,35714358
8a3dc0b1-aa1e-4928-96d0-3704012c9b87,Munro® - Electric 4x4 Vehicles,Electric SUV maker,munro-ev.com,"Scotland, UK",,,,,,,False,285559737
cd63817e-7d29-4f67-bdf7-c3b538c0d8a5,Muon Space Site,"Design, build, and operate satellite constellations optimized for providing new data",muonspace.com,"Mountain View, California","['Climactic VC', 'Radical Ventures', 'Costanoa Ventures', 'Ubiquity Ventures', 'Space Capital', 'Acme Capital', 'Congruent Ventures', 'South Park Commons', 'Activate Capital', 'Congruent VC']",118.0,49.37,Series B,56703000.0,"['Jonny Dyer (CEO): https://linkedin.com/in/jonny-dyer-1870085', 'Reuben Rohrschneider (Co-Founder): https://linkedin.com/in/reuben-rohrschneider-3635406a', 'Paul Day (Co-Founder and COO): https://linkedin.com/in/paul-day-a2945039', 'Pascal Stang (Technology, Co-Founder): https://linkedin.com/in/pascalstang', 'Dan McCleese (Co-Founder & Chief Scientist): https://linkedin.com/in/dan-mccleese-11b180211']",True,282019734
d5723af8-2ea9-4d6c-be58-9a03f57d0fe5,MURAL,Digital collaboration software startup,mural.co,"San Francisco, California","['Bill Veghte', 'Alta Ventures', 'Intel Capital', 'Collaborative Fund', 'Gradient Ventures', 'Insight Partners', 'Endeavor Catalyst', 'Tiger Global', 'Google’s AI-focused venture group', 'Ryan Smith', 'NXTP Labs', 'World Innovation Lab', 'Radian Capital', 'Allison Pickens', 'Slack Fund', 'Intel capital']",441.0,-18.48,Series C,50000000.0,,True,1592350
c2f0bd7b-e2aa-4061-91bf-6f25eef210f8,mush foods,Blended meats developer,https://mushfoods.com/,,,,,,,,False,Not in Affinity
7c16aa7b-4e8a-4706-acd2-67b6e6a719b3,Mushroom Material,Make mushroom-based materials that can replace polystyrene plastics,mushroommaterial.com,"Auckland, New Zealand",,,,,,,False,278231680
c52b302b-4662-431d-99cd-7500fe824193,musubi,AI-powered content moderation platform,,,,,,,,,False,Not in Affinity
7d130d62-1e6a-4659-b1c0-c218ce7e6243,Mycocycle,Fungi-based remediation solutions company,mycocycle.com,"Bolingbrook, Illinois","['Telescopic Ventures', 'others', 'TELUS Pollinator Fund for Good', 'Anthropocene Ventures', 'Alumni Ventures', 'Closed Loop Partners’ Ventures Group']",14.0,16.67,Seed,3600000.0,,True,223180541
6ca0350f-6d9a-44cd-b72f-5dd1a70482e5,mycotechnology,Using mushrooms to transform the food industry,,,,,,,,,False,Not in Affinity
abac84aa-f39e-42ef-a7a6-6cfee875571f,MycoWorks,Developing fungi-based biomaterials,mycoworks.com,"Emeryville, California","['Wireframe Ventures', 'DCVC Bio', 'Prime Movers Lab', 'Mirabaud Lifestyle Impact', 'Valor Equity Partners', '8VC', 'Novo Holdings', 'AgFunder', 'Humboldt Fund', 'SOSV', 'Future Tech Labs', 'SK Capital Partners', 'Susa Ventures', 'Cthulhu Ventures', 'Tony Fadell', 'Gruss & Co.', 'John Legend', 'Natalie Portman', 'WTT Investment Ltd.']",184.0,-2.65,Series C,125000000.0,"['Matthew L. Scullin (CEO): https://linkedin.com/in/mlscullin', 'Sophia Wang (Co-Founder & Chief of Staff and Culture): https://linkedin.com/in/sophiafwang', 'John Goodman (Chief Executive Officer): https://linkedin.com/in/john-goodman-0aa8171b7', 'philip ross (Co-Founder MycoWorks): https://linkedin.com/in/philip-ross-94706253']",True,22440483
98708cd0-6aa0-449d-a9f2-6a679617f872,myenergi,Eco-smart home technology company,myenergi.com,"Binbrook, United Kingdom","['Energy Impact Partners', 'HSBC UK']",170.0,-7.1,Debt,36771600.0,Pete Rowse (Non Executive Director & Chairman of Audit Committee): https://linkedin.com/in/pete-rowse-4873721,True,222229597
0a1d0319-ef2e-4a7a-8e72-2abf3c9bdaa2,MyFOREST FOODS,Meatless food company,myforestfoods.com,"Green Island, N.Y.",,,,,,,False,284568792
62659033-aa4a-461e-aba2-4dc60c428c6f,myjoulebox,Solar distributor and operator for Africa,,,,,,,,,False,Not in Affinity
37e54c16-ef34-4f87-91ba-c9179f116329,MyLight150,Solar and smart energy management solutions platform,mylight150.com,"Lyon, France",,,,,,,False,289733312
461bde78-af0d-49ea-ade1-c489c31f17b6,Myodenovo,Cultivated meat scaffolding technology start-up,myodenovo.com,"Durham, NC",,,,,,,False,288637242
ac679161-999c-42c6-b78e-419cf75471b4,myoworks,Cultivated meat startup,,,,,,,,,False,Not in Affinity
dbb41961-10b4-467e-b296-714e95677b84,Myriota,Satellite connectivity for IoT,myriota.com,"Adelaide, Australia",,,,,,,False,124906749
2d4f5ad5-2b71-454a-8a52-163c881bf9d7,Myst AI,Using A.I. to forecast electricity supply and demand,myst.ai,"San Francisco, California","['Gradient Ventures', 'Valo Ventures']",1.0,-50.0,Series A,6000000.0,"['Titiaan Palazzi (Co-founder): https://linkedin.com/in/titiaanpalazzi', 'Pieter Verhoeven (Co-Founder & CEO): https://linkedin.com/in/pjverhoeven']",True,225106359
ae4f1f37-a360-473d-91ed-b2b1d93098f5,n8n.io,Workflow automation platform for technical teams,n8n.io,"Berlin, Germany",,,,,,,False,223548265
c0a49084-b7cc-4d62-a4ed-2aa12bb94754,Nace.AI,Precision enterprise AI models developer,nace.ai,"Palo Alto, California",General Catalyst,65.0,103.12,Other,5000000.0,,True,294739714
fb391b79-e113-41df-8d36-7ab9a81bed8d,naco technologies,Nano-coatings and materials for hydrogen systems,,,,,,,,,False,Not in Affinity
b4392147-47aa-4d92-ad3d-fe01c87042e4,nafas,Air quality technology developer,,,,,,,,,False,Not in Affinity
280239e3-ec66-439d-b453-39d150be3708,naked energy,Solar thermal collector,https://www.nanotechenergy.com/,,,,,,,,False,Not in Affinity
60b16f87-364d-46d1-aa69-04a3f4817528,Nala Earth,Corporate nature and biodiversity management software,nala.earth,"Berlin, Germany","['Pale Blue Dot', 'IRIS', 'KOMPAS VC', 'Founderful']",12.0,9.09,Series A,3800000.0,"['Anna Alex (Co-Founder): https://linkedin.com/in/anna-alex', 'Nick Zumbühl (Co-Founder): https://linkedin.com/in/nick-zumb%C3%BChl-88b612134', 'Nicolas Somogyi (Co-Founder): https://linkedin.com/in/nicolas-somogyi-08346717a']",True,290505956
051cad5d-2612-43a9-ada6-b7d65de6f9a1,Nano Nuclear Energy,Advanced nuclear microreactors manufacturer,nanonuclearenergy.com,"New York City, NY",,,,,,,False,285852887
4e443214-7400-46d2-b175-7b36e4dce643,Nanoramic,Makes battery materials,nanoramic.com,"Wakefield, Massachusetts","['Fortistar Capital', 'General Motors Ventures', 'Top Material', 'Catalus Capital', 'Samsung Venture Investment Corporation', 'WindSail Capital Group']",45.0,-2.17,Series C,44000000.0,Eric Kish (CEO): https://linkedin.com/in/erickish,True,222348101
2943603a-81a5-4718-9e4b-1664b5e0b4b8,nanoramic laboratories,Electrode technology platform for battery development,https://www.nanoramic.com/,,,,,,,,False,Not in Affinity
fd3d715e-6492-4b3f-8233-4aa2ffd1767e,Nanotech Energy,Manufacturer of graphene-based batteries,nanotechenergy.com,"Sunny Isles Beach, Florida","['N/A', 'Taiwanese financial services company Fubon Financial Holding Co.']",58.0,0.0,Series D,64000000.0,"['Maher El-Kady (Co-Founder and Chief Technology Officer): https://linkedin.com/in/maher-el-kady-75975535', 'Jack Kavanaugh (Co-Founder, Chairman, CEO): https://linkedin.com/in/jack-kavanaugh-a534337']",True,150129737
e43ff43c-5192-4bf6-a23f-588331dde017,natcap,Nature risk management solutions platform,,,,,,,,,False,Not in Affinity
d2e2935e-3ca4-4055-b9d1-7710e546e94e,Natel Energy,Hydroelectric equipment manufacturer and developer,natelenergy.com, ,,,,,,,False,1793956
f88a95cb-e90b-4f2c-ab53-9ea74865e150,National Grid Partners (NGP),Invest in AI-focused startups for electric grid efficiency,ngpartners.com,"Los Gatos, California",,1.0,0.0,Investment Fund,150000000.0,,True,206257334
72a1231b-a8b3-4ad9-8d1d-69b6815625d8,natrion,Solid state battery developer,,,,,,,,,False,Not in Affinity
52fffe45-9d04-4817-bfca-fe93d89cc47c,Natron Energy,Sodium-ion batteries manufacturer,natron.energy,"Santa Clara, California","['Nabors Industries Ltd', 'Liberty Energy Inc', 'United Airlines']",123.0,-10.22,Other,55399998.0,"['Colin Wessells (Co-founder and CEO): https://linkedin.com/in/colin-wessells-9b148b42', 'Mauro Pasta (Co-Founder): https://linkedin.com/in/mauropasta']",True,3587622
9c6f971c-e10a-48cd-a248-c9634c9c496b,Natrx,Nature-based adaptive infrastructure company,natrx.io,"Raleigh, NC",,,,,,,False,279157110
fce97d45-5cb6-412f-9bf0-54095da77ab8,natural capital research limited,Understanding nature-related risks and opportunities,,,,,,,,,False,Not in Affinity
9345f27d-fc73-4410-9759-e70690457844,Natural Fiber Welding,Textile fibers company,naturalfiberwelding.com,"None, None","['The Community Development Venture Capital Alliance', 'For Good Ventures', 'BMW i Ventures', 'Prairie Crest Capital', 'Engine No.1', 'Ethos', 'Collaborative Fund', 'Advantage Capital', 'AiiM Partners', 'Tidal Impact', 'Ralph Lauren Corporation', 'Gaingels', 'Tattarang', 'Scrum Ventures', 'Evolution VC Partners', 'Lewis & Clark AgriFood', 'Central Illinois Angels', 'Raga Partners']",109.0,,Series B,85000000.0,"['Michael Wooten (Chief of Staff to the CEO & Founder): https://linkedin.com/in/michael-wooten-64475336', 'Eric Pollitt (Co-Founder): https://linkedin.com/in/eric-pollitt']",True,197479372
754cdfd1-a859-49b5-a52e-8c001b72af84,Naturbeads,Biodegradable cellulose ingredients manufacturer,naturbeads.com,"Bath, UK",,,,,,,False,223165026
d6864ee7-e85e-417d-b712-0e21204ed871,Nature Coatings,Carbon-negative pigment developer,naturecoatingsinc.com,"Los Angeles, California","['The 22 Fund', 'Regeneration.VC', 'Portfolia', 'Safer Made']",12.0,-7.69,Seed,2450000.0,Jane Palmer (CEO of Nature Coatings Inc.): https://linkedin.com/in/jane-palmer-6ab688a,True,263482407
55db341a-b7e3-432d-882d-f9617b1756f8,Nature Metrics,Developer of biodiversity monitoring products,naturemetrics.co.uk,"Egham, United Kingdom","['Ananda Impact Ventures', 'Systemiq Capital', 'SWEN Capital Partners’ Blue Ocean', 'BNP Paribas Solar Impulse Venture Fund']",25.0,,Series C,14000000.0,"['Kat Bruce (Founder Director): https://linkedin.com/in/katbrucenm', 'Katie Critchlow (Co-Founder & Chief Operating Officer): https://linkedin.com/in/katiecritchlow']",True,205503336
93db8795-fd7e-4128-9dac-55b2a1ead5e9,Nature's Fynd,Food tech company producing a protein from microbes,naturesfynd.com,"Chicago, Illinois","['1955 Capital', 'Danone Manifesto Ventures', 'Generation Investment Management LLP', 'ADM Ventures', 'Breakthrough Energy Ventures', 'Mousse Partners']",130.0,-9.09,Series A,80000000.0,"['Yuval Avniel (Co-Founder, Director of Intellectual Property & Special Projects): https://linkedin.com/in/yuval-avniel-411a3810', 'Thomas Jonas (CEO and Co-Founder): https://linkedin.com/in/thomas-jonas-569407', 'Yuval Avniel, PhD (Co-Founder, Director of Intellectual Property & Special Projects): https://linkedin.com/in/yuval-avniel-phd-411a3810', 'Matthew Strongin (CFO & Co-founder): https://linkedin.com/in/matthew-strongin-05205a13']",True,162556853
94a44152-b54a-4c9b-8dfb-7f34a652ed7e,Nautilus Data Technologies,Developer of commercial-scale water-cooled data centers,nautilusdt.com,"Pleasanton, California","['Ireland Strategic Investment Fund', 'other private clean tech investors', 'Emerson Elemental', 'Singapore’s Keppel Group']",30.0,3.45,Series C,26000000.0,"['James L. Connaughton (Chief Executive Officer): https://linkedin.com/in/james-l-connaughton-95002611', 'Arnold Magcale (Founder and Chief Scientist): https://linkedin.com/in/arnoldmagcale', 'Robert Pfleging (Chief Executive Officer): https://linkedin.com/in/robertpfleging']",True,1628686
54031aef-ede7-4fde-b3a1-dce60e5e8615,nautilus labs,Marine logistics software platform for ocean commerce,,,,,,,,,False,Not in Affinity
5efaf107-ec1d-46a0-b194-8a33156e2c8b,Navier,Developing electric speedboats at relatively affordable prices,navier.com,"San Francisco, CA",,,,,,,False,220299936
e03f610c-208b-4268-a0b9-c40ebea4f86f,navitas solar,Solar module manufacturer,,,,,,,,,False,Not in Affinity
53e34ed9-6e0d-409f-8620-a41e7d48324b,NCX,Carbon marketplace,ncx.com,"San Francisco, California","['Clearvision Ventures', 'J.P. Morgan', 'Scribble Ventures', 'Dalus Capital', 'Energize Ventures', 'Marc Benioff’s TIME Ventures', 'Intercontinental Exchange (ICE)']",37.0,-2.63,Series B,50000000.0,"['Zack Parisa (Co-Founder): https://linkedin.com/in/zack-parisa-77633752', 'Max Nova (Co-Founder and COO): https://linkedin.com/in/maxnova']",True,282275247
bdef2ac0-e628-41f9-b8ce-264a796a5b05,ndustrial.io,Make energy-efficiency software for industrial applications,ndustrial.io,"Raleigh, North Carolina","['Clean Energy Ventures', 'ENGIE New Ventures', 'ABB', 'GS Energy', 'Southwire']",58.0,9.43,Series B,19500000.0,"['Charles Tuck (Co-Founder, Director of Professional Services): https://linkedin.com/in/charlestuck', 'Elliott Wolf (Co-Founder, Advisor): https://linkedin.com/in/elliottwolf', 'John Crawford (Co Founder and CTO): https://linkedin.com/in/john-crawford-26448312', 'Taylor Brown, PMP (Co-Founder, Operations & Customer Success Manager): https://linkedin.com/in/taylornbrown']",True,1776555
875bd97e-6fb8-4077-9097-02a39011bd3a,neara,Advanced 3D modeling software for utilities and infrastructure,,,,,,,,,False,Not in Affinity
6773b5e4-824a-49dc-a304-644dafea76d0,neatleaf,Developer of an autonomous robot designed to manage agricultural crops,neatleaf.com,"San Francisco, CA",,,,,,,False,268191665
50c86bdc-c1d3-4077-9b81-109400b8c12d,Necture,EV fleet management platform,necture.com,"Vienna, Austria","['Verbund X Ventures', 'Smart Innovationsfonds', 'others']",38.0,0.0,Series A,7000000.0,,True,295237387
29be63b4-7252-4954-868a-2851484a90bd,needenergy,AI-powered virtual power plant platform,,,,,,,,,False,Not in Affinity
18638ce4-2192-4c52-8803-adb1a1e99609,Neo4j,Graph tech maker,neo4j.com,"San Mateo, California","['Greenbridge Partners', 'Dawn Capital', 'Greenbridge Investment Partners', 'Creandum', 'One Peak Partners', 'Sunstone', 'Morgan Stanley Expansion Capital', 'Eight Roads Ventures', 'Eight Roads', 'GV Management Co LLC', 'Eurazeo SE', 'Deutsche Telekom Capital Partners Management GmbH', 'Creandum AB', 'Lightrock LLP', 'Greenbridge Partners LLC', 'Noteus Partners']",876.0,0.69,Other,50000000.0,"['Sabrina Beatan (Executive Business Partner to CEO): https://linkedin.com/in/sabrina-beatan-15a1a658', 'Peter Neubauer (Founder, Advisor): https://linkedin.com/in/neubauer']",True,1539807
6667407c-af7d-42f3-9bc5-4fa808c6df62,neocarbon,Carbon capture startup developing retrofitting cooling towers,,,,,,,,,False,Not in Affinity
2450e6cf-2ffc-40dd-8099-73a4e4d19102,Neoplants,Provider of air purifying houseplants,neoplants.co,"Paris, France",,,,,,,False,223144208
543d4c54-56bb-49dd-91c0-d693ea55f2c4,Neos Partners,Energy transition infrastructure fund,neospartners.com,"San Diego, CA",Neos Partners,48.0,26.32,,1400000000.0,"['Brad Forth (Senior Partner and Founder): https://linkedin.com/in/brad-forth-08a73318', 'Peter Jonna (Managing Partner & Founder): https://linkedin.com/in/peterjonna']",True,290024745
c20cd51a-6211-4c46-af4e-95ed67c225ec,Neptune Robotics,Robotics-based hull inspector,neptune-robotics.com,"Kowloon Tong, Hong Kong",,,,,,,False,291804502
436262af-3ca0-4bc7-8fba-b429038372f7,net purpose.,Sustainable investing platform,netpurpose.com,"London, United Kingdom","['Revent', 'Exceptional Ventures', 'Louis Family', 'Illuminate Financial', 'Kevin Gould', 'ETF Partners', 'M-Tech Capital', 'Jim O’Neill']",39.0,-22.0,Series A,10000000.0,"['Dinah A. Koehler, ScD (Head of Research and Co-Founder): https://linkedin.com/in/dinah-a-koehler-scd-63a201a', 'Ashby Monk (Co-Founder, Board Member): https://linkedin.com/in/ashby-monk-208a479', 'Samantha Duncan (Co-Founder & CEO): https://linkedin.com/in/samantha-duncan-6235a814']",True,268136689
af3dd32f-f89a-463d-9806-1033b1f6651e,The Net Zero Company,To create a carbon removal token hosted on a blockchain,thenetzerocompany.com,Stockholm,,,,,,,False,283687306
a046665b-e222-444b-b36a-2556f447c8c2,NetZero,,netzero.green,"Paris, France","['Stellantis Ventures', 'STOA Infra & Energy', 'French Development Agency']",128.0,16.36,Other,19500000.0,"['Olivier Reinaud (Co-founder): https://linkedin.com/in/olivier-reinaud-53b86ab0', 'Aimé NJIAKIN (Co-founder & COO): https://linkedin.com/in/aim%C3%A9-njiakin-97338068', 'Axel Reinaud (Co-founder & CEO): https://linkedin.com/in/axelreinaud', 'Pedro De Figueiredo (Co-founder : CTO & Brazil CEO): https://linkedin.com/in/pedro-de-figueiredo-665b87128']",True,278299041
cb996838-c63e-49d4-94bc-7e0da52edcfe,NetZeroNitrogen,Producer of alternative synthetic nitrogen fertilizer,nzn2.com,"Nottingham, United Kingdom",,,,,,,False,293298651
ac5d4dc7-4739-4274-bf41-4ce866f77f7c,NEU Battery Materials,Lithium-ion battery recycling platform,neumaterials.com,"None, Singapore","['Momentum Venture Capital', 'Se-cure Waste Management', 'two business angels', 'NUS Graduate Research Innovation Programme (GRIP)']",19.0,11.76,Seed,800000.0,"['Bryan Oh (Founder): https://linkedin.com/in/bryanoh1', 'Kenneth Palmer (Founder): https://linkedin.com/in/kenneth-palmer-841a73217', 'Alexander Raphael Tan (Founder): https://linkedin.com/in/alexanderraphaeltan']",True,282983413
16910b0d-6880-4167-b119-375061db652b,NEURA Robotics,A.I. and robotics startup,neura-robotics.com,"Metzingen, Germany",,,,,,,False,291746588
bfc9aa3f-f260-42e7-9b18-4717f962211f,Neural Concept,Software that helps engineers optimize designs for products,neuralconcept.com,"Cheseaux-sur-Lausanne, Switzerland","['Alven', 'Forestay Capital', 'Aster Group', 'D. E. Shaw group', 'CNB Capital', 'HTGF']",71.0,12.7,Series B,27000000.0,"['Francois Fleuret (Co-Founder): https://linkedin.com/in/francois-fleuret-462a93170', 'Pierre Baqué (Chief Executive Officer): https://linkedin.com/in/pierre-baqu%C3%A9-57127b45', 'François Fleuret (Co-Founder, Chairman of the Board of Directors): https://linkedin.com/in/francois-fleuret']",True,159740781
9a3da87d-0690-42d9-8ff6-e84135492841,neuron energy,EV batteries for micromobility developer,https://neuronenergy.com/,,,,,,,,False,Not in Affinity
0137d636-343b-4afa-aa2e-2c6c9055cc50,Neustark ag,Developer of CO2 mineralization in aggregate,neustark.com,"Bern, Switzerland",,,,,,,False,279423174
42e9b3cf-625c-4f48-aa90-3f1c8995842b,neutral,Carbon-neutral food company,,,,,,,,,False,Not in Affinity
447fd752-b712-4e07-b053-c06a87f6fc42,"NEUTRAL FOODS, INC.",Carbon neutral food startup,neutralfoods.co.uk,"Portland, OR",,,,,,,False,295839331
de288844-a4ba-4bb3-b73b-fd50c4f892f0,Neverwaste,Maker of building panels from waste cardboard,neverwaste.world,"Esbjerg, Denmark",,,,,,,False,289121096
488c8f83-4914-4743-b91d-c78063d18cd4,Nevoya,Zero-emissions technology and trucking platform,nevoya.com,"San Francisco, California","['Necessary Ventures', 'Ciri Ventures', 'Never Lift', 'RedBlue Capital', 'Third Sphere']",6.0,0.0,Seed,3000000.0,Sami Khan (Chief Executive Officer): https://linkedin.com/in/sami-khan-21674633,True,289195907
1141b1b7-b439-4417-8067-58f6baf1515c,New Age Meats,Producing meat from animal cells instead of animal slaughter,newagemeats.com,"Berkeley, California","['ff Venture Capital', 'San Diego Tech Coast Angels', 'Deep Ventures', 'BeniVC', 'Supernode Ventures', 'Climate Capital', 'Level One Fund', 'Innovating Capital', 'Hanwha Solutions', 'Oceanic Partners', 'Hemisphere Ventures', 'TechU Ventures', 'Sand Hill Angels', 'SOSV', 'Kairos Ventures', 'Thia Ventures', 'ff VC', 'Siddhi Capital', 'Mons Investments, LLC', 'Losa Group', 'Break Off Capital', 'confidential industry player in Asia', 'Peter Rahal’s Litani Ventures', 'Kingfisher Capital LLC', 'Marinya Capital', 'SOSV’s IndieBio', 'Agronomics Ltd', 'RXBAR Founder, Peter Rahal']",3.0,0.0,Series A,25000000.0,,True,161818355
ed6c68f4-e1ca-44d7-bda5-82ee803309aa,New Culture,Maker of animal-free dairy cheese,newculture.com,"San Francisco, CA",,,,,,,False,285572914
88207741-fca7-4508-80d1-3ebd99dd773b,New Frontier Aerospace,Manufacture advanced rocket engines for sustainable aviation,nfaero.com,"Tukwila, WA",,,,,,,False,141753369
3dfcc7be-c4dd-4ab0-95bb-242125b85584,new green power,Solar developer,,,,,,,,,False,Not in Affinity
66961af8-5579-4911-9358-d4cfed89ed67,New Leaf Energy,Renewable energy and energy storage projects developer,newleafenergy.com,"Lowell, Mass.",Energy Capital Partners,193.0,5.46,,,Dan Berwick (Chief Executive Officer): https://linkedin.com/in/dan-berwick-2aa7315,True,286780897
7cf75ce3-4a02-4d80-a481-fdc8b301daa0,New School Foods,Plant-based seafood developer,newschoolfoods.co,"Toronto, Canada",,,,,,,False,283117874
b51e14a9-33c8-4e6c-9a65-1ce348102cf6,new wave foods,Maker of a shrimp alternative,,,,,,,,,False,Not in Affinity
1ff22a59-f5d8-4123-bc53-6b35ab5690d7,newcleo,Developer of small-modular nuclear reactors,newcleo.com,"London, UK",,,,,,,False,283275221
7420fcdf-c627-47c6-b1ab-238bc18cbacf,Newlight Technologies,Maker of high-performance biomaterials from greenhouse gases,newlight.com,"Huntington Beach, California","['GenZero', 'Oxy Low Carbon Ventures', 'Charter Next Generation']",164.0,-4.09,Other,125000000.0,Mike Giardello (Executive VP & Chief Operating Officer): https://linkedin.com/in/mikegiardello,True,1673225
541a4e1d-ba5a-4b9c-84b4-e47132e1ae83,Nexamp,Community solar development and operations,nexamp.com,"Boston, Massachusetts",Generate Capital,510.0,-3.23,Other,240000000.0,Dan Leary (Co-founder): https://linkedin.com/in/dan-leary-30b02311,True,1544361
2afad576-0384-44ef-a5d7-585fbfc94aa3,Nexeon,Lithium battery manufacturer,nexeon.co.uk,UK,,,,,,,False,1575834
8b2cbf7b-739c-4c1f-9c01-003546ab1e19,Nexii,Sustainable construction technology company,nexii.com,"Vancouver, Canada","['Trinity Capital Inc', 'Horizon Technology Finance Corporation']",61.0,-14.08,Other,35000000.0,,True,278521356
5cb4955e-0782-4fcb-98ff-80d4dd0dba0b,nexii building solutions,Building tech company,,,,,,,,,False,Not in Affinity
faa80641-9c39-4970-84a9-1f9dd3391e1d,Nexla,Data operations company,nexla.com,"San Mateo, California","['Liberty Global Ventures', 'Storm Ventures', 'Industry Ventures', 'Shield Capital', 'Liberty Global', 'Blumberg Capital', 'Engineering Capital', 'Correlation Ventures', 'Santosh Janardhan', 'Mike Tuchen', 'Sohaib Abbasi', 'Adarsh Nair']",95.0,20.25,Series A,18000000.0,"['Saket Saurabh (Co-founder & CEO): https://linkedin.com/in/sakets', 'Niket Sourabh (Co-Founder | Engineering & Product): https://linkedin.com/in/niketsourabh', 'Avinash Shahdadpuri (Co-Founder & CTO): https://linkedin.com/in/avinashshahdadpuri']",True,78846467
338914cd-840d-452e-906a-5e31289c880f,NEXT Energy Technologies,Maker of transparent photovoltaic coatings for windows,nextenergytech.com,"Santa Barbara, CA",,,,,,,False,225048738
c8649875-4036-4518-8d81-72bdae954326,Next Generation Esports (NGE),Maker of plant-based poultry,nge.io,Singapore,Plus Eight Equity Fund,25.0,0.0,,,"['Marshall Zelaznik (Chief Executive Officer): https://linkedin.com/in/marshall-zelaznik-42703270', 'Adam Apicella (CEO): https://linkedin.com/in/adam-apicella-41182410', 'Ryan Thompson (CPO and Co-Founder): https://linkedin.com/in/ryanpthompson']",True,114713986
5e8ee088-c7e1-4b1a-bc72-a209d1e364cb,next gen foods,Plant-based food company,,,,,,,,,False,Not in Affinity
543c9ab5-b20e-4a3a-93da-f23bd32a5373,next generation robotics,Fleet management solutions for automated warehouse,,,,,,,,,False,Not in Affinity
ef4795ec-3aff-4d4d-9bed-34b74133f622,next-hydrogen,Hydrogen electrolyzer manufacturer,nexthydrogen.com,"Mississauga, Canada",,,,,,,False,263641661
ce4fd01c-d04d-4739-8541-8fe2cad5c482,Next Level Burger,Plant-based burger chain,nextlevelburger.com,"Bend, OR",,,,,,,False,223435105
daa089ff-3cde-4f16-b0ce-19a4dda819c2,Next Matter,Automation platform for operations,nextmatter.com,"Berlin, Germany",,,,,,,False,223167062
71dbbefb-0fad-4783-9736-39abb8c0c04f,next sense,Smart-building software to reduce carbon emissions,https://nextsense.io/,,,,,,,,False,Not in Affinity
9554a256-8d62-438a-a342-88ea9e5f1fc8,nextmol,Software focused on sustainable chemicals,,,,,,,,,False,Not in Affinity
72ca30e2-d141-4fc6-bc86-bcba98d9332c,nextmv,Provider of decision making models for logistics operations,nextmv.io,"Philadelphia, Pennsylvania","['Dynamo', 'Atypical', 'FirstMark Capital', 'XFactor']",19.0,-20.83,Seed,2700000.0,"['Andrew Hoagland (Co-Founder & COO): https://linkedin.com/in/andrew-hoagland', 'Carolyn Mooney (Co-Founder & CEO): https://linkedin.com/in/carolyn-m-mooney', ""Ryan O'Neil (Co-Founder + CTO): https://linkedin.com/in/ryan-o-neil-59b6ab83"", 'Ryan O. (Co-Founder + CTO): https://linkedin.com/in/ryanjoneil']",True,259492514
e1dcb651-f99d-473c-8c8f-98d9d16a9c2e,nextprotein,Insect protein producer,,,,,,,,,False,Not in Affinity
8b82a7ff-7d2e-4b30-8b40-483e1be720ac,Nextron Energia,Connecting homes and small businesses with renewable energy,nextronenergia.com.br,"São Paulo, Brazil","['Vox Capital', 'Copel Ventures']",55.0,-16.67,Series A,5300000.0,"['Roberto Gandolfo Hashioka (Founder): https://linkedin.com/in/robertohashioka', 'Ivo O. Pitanguy (Founder & CEO): https://linkedin.com/in/ivo-o-pitanguy-a20ab171']",True,285960700
9f478633-78b1-469c-9006-78db043a2e86,Nexus Circular,Advanced plastic recycling company,nexuscircular.com,"Atlanta, GA",,,,,,,False,291797791
ad6c6a29-5fbb-4197-b961-84b653153317,nexus pmg,Waste-to-value project consulting provider,,,,,,,,,False,Not in Affinity
7dd9b7ba-330c-4a69-a92e-bb3e5788ffc7,nexus w2v,Build a renewable natural gas plant and waste-to-fuel development,,,,,,,,,False,Not in Affinity
2eba4f7d-e6a6-4f55-8e4d-55f8c3cf1e95,nEye Systems,Optical switches for data transmission,neye.ai,Berkeley,,,,,,,False,302454099
340d92a1-28dc-466e-b9ac-65a9ffe0d0c3,Nfinite Nanotech,Sustainable coatings to reduce plastic waste,nfinitenano.com,"Waterloo, U.K.",,,,,,,False,281908318
12e43d8e-bf56-4982-a983-7e24e3d61788,ngp,NGP Sustainable Real Assets fund,,,,,,,,,False,Not in Affinity
b4088ea4-3557-4dd1-abb4-54fecc7da3b8,niche mobility,Digital transmission systems,niche-mobility.com,"Girona, Spain",,,,,,,False,289011966
d03f3160-a120-48b3-8a07-47084247e2af,niko.mx,Install more solar in Mexico,niko.mx,"Mexico City, Mexico","['Picus Capital', '468 Capital', 'a number of other VCs and angel investors', 'QED Investors']",31.0,82.35,,23000000.0,,True,293608587
e0bc88d7-125b-4e21-9059-ca3cd3cf7767,nikola,Heavy-duty EV manufacturer,,,,,,,,,False,Not in Affinity
e146a720-cb6b-4bc2-8c45-58dfea338174,nikola motors,Electric vehicle startup,,,,,,,,,False,Not in Affinity
18fef333-5e06-46fc-87f4-ad451a088870,Nimbus Power Systems,Fuel cells for heavy-duty vehicles,nimbuspowersystems.com,"Groton, CN",,,,,,,False,265014343
a16dd786-b86e-479b-a3bd-f6dfe05487fe,Nine Realms,Invest in early-stage technology companies focused on supply chain decarbonization,9rvc.com,"Copenhagen, Denmark",EIF,9.0,12.5,,50000000.0,,True,286252336
b48ee379-ceee-4f29-9ea9-14c1a9895091,NineDot Energy,Energy storage developer,nine.energy,"Wilton, Connecticut","['Manulife Investment Management', 'NY Green Bank', 'Carlyle', 'Monarch Private Capital', 'First Citizens Bank']",65.0,38.3,Debt,65000000.0,"['David Arfin (Co-Founder and CEO): https://linkedin.com/in/david-arfin-06583b1', 'Nalin Kulatilaka (Co Founder, Chief Strategy Oficer): https://linkedin.com/in/nalin-kulatilaka-684a4a', 'Adam Cohen (Co-founder and CTO): https://linkedin.com/in/adambrentcohen']",True,164024393
0183e762-fba1-4700-ab72-cd0d60941315,NIO,Public Chinese electric vehicle maker,nio.com,"Shanghai, China",,2926.0,2.92,Public Markets,518339200.0,"['Alexander Schwarz (CEO Europe): https://linkedin.com/in/alexander-schwarz-66354a46', 'Jack Cheng (Co-Founder): https://linkedin.com/in/jack-cheng-417178141', 'Alan Zeng 曾澍湘 (CEO @ XPT): https://linkedin.com/in/alan-zeng-%E6%9B%BE%E6%BE%8D%E6%B9%98-52094213', 'Jieyu Chen (EA to co-founder): https://linkedin.com/in/jieyu-chen-b7a43716a', 'chris berner (ceo): https://linkedin.com/in/chris-berner-422b18152']",True,2160570
adf6ed02-2bb2-4ee4-af24-6f2c157faf9d,Niron Magnetics,Maker of magnets free of rare earths,nironmagnetics.com,"Minneapolis, MN",,,,,,,False,136355750
c4b98033-ffd7-4683-b11d-3945c4839db8,nitricity,Renewable nitrogen fertilizer developer,,,,,,,,,False,Not in Affinity
e317f11f-ab26-4d4b-a840-f06f7b3f85fd,NitroVolt,Green ammonia developer for farmers,nitrovolt.com,"Søborg, Denmark",,,,,,,False,292827535
c3500e2b-3cb6-4985-8002-8390bf103421,Nium,Developer of on-site green ammonia,wearenium.com,"Cambridge, United Kingdom","['Carbon13', 'DCVC', 'AgFunder']",17.0,6.25,Seed,3000000.0,"['Yubiao Niu (Co-Founder & CTO): https://linkedin.com/in/yubiao-niu-ab328aa8', 'Lewis Jenkins (Founder, Chief Executive Officer): https://linkedin.com/in/lewisjenkins']",True,289227589
b2776e28-8c8d-4388-9fe3-16d1006eae85,No Meat Factory Inc.,Plant-based protein producer for third-party customers,nomeatfactory.com,Canada,,,,,,,False,282618215
14f8294f-bdc5-4dde-b09d-dd0ffff740a9,Noble Gas Systems,Developer and manufacturer of hydrogen gas storage tanks,noblegassystems.com,"Novi, MI",,,,,,,False,279022686
8395753a-d9d0-4be8-af8d-960d5198e9ca,nobleai,Use AI to accelerate novel chemical and material development,,,,,,,,,False,Not in Affinity
2ec1c8a0-01eb-4ff1-9180-41cce21ff59c,Nodal Power Systems,Renewables developer using landfill gas to power datacenters,nodalpowersystems.com,"Salt Lake City, UT",,,,,,,False,301644480
46c15a12-5ad2-442e-9b6d-a473afe4a857,node.energy,Energy management platform,node.energy,"Frankfurt, Germany","['10x Founders', 'Helen Ventures', 'renowned business angels', 'BonVenture', 'BitStone Capital', 'High-Tech Gründerfonds (HTGF)']",84.0,-2.33,Series A,7000000.0,"['Lars Manuel Rinn (Co-Founder): https://linkedin.com/in/lars-manuel-rinn-b159399a', 'Matthias Karger (Co-Founder): https://linkedin.com/in/matthias-karger-4277a918']",True,197508811
21cc3932-f0b3-4b31-bfc1-991fcc3489c0,nodes & links,AI enterprise construction projects platform,https://nodesandlinks.com/,,,,,,,,False,Not in Affinity
bc5391e4-bd75-4e16-b972-b734a528412f,nohbo,Sustainable beauty and personal care technology,,,,,,,,,False,Not in Affinity
18331bfb-f233-4166-a339-7e6899e8970c,noissue.co,Sustainable packaging company,noissue.co,New Zealand,,,,,,,False,147494472
85048cd5-28ab-496a-837f-25a907e4036e,Nomad Atomics,Quantum sensor startup,nomadatomics.com,"Canberra, Australia",,,,,,,False,279172001
cd7fbf47-589e-4494-8141-fd935cca1633,Nomad Solar Energy,Make modular solar generators,nomadsolar.energy,"Madrid, Spain",,,,,,,False,300623615
3299563a-18ca-48e9-ad41-fcda588934d5,Nomagic,AI-powered robotic systems for repetitive warehouse tasks,nomagic.ai,"Warsaw, Poland",,,,,,,False,158343465
9512eebb-d8bb-4283-b520-836662256de5,nominal,Software for systems testing and monitoring,,,,,,,,,False,Not in Affinity
f0b73457-5147-46e1-ba34-eef7ccc9c63c,nomos,Dynamic electricity pricing plans,,,,,,,,,False,Not in Affinity
6027b19d-f761-4d40-b415-4add39a41721,noodoe,EV charging solutions provider,,,,,,,,,False,Not in Affinity
c7367b32-83b4-435c-b94b-ae91eb9229cc,Noonan Energy,"Creator of a low cost, long-duration, energy-dense battery",noonanenergy.com,"Palo Alto, CA",,,,,,,False,262415795
ef6055a0-d021-45db-82b7-618f7ef16b1d,NoPalm Ingredients,Scale production of its alternative palm oil made from yeast,nopalm-ingredients.com,"Wageningen, Netherlands",,,,,,,False,284550146
d12bd6cd-3cfa-4dd1-b841-3167c03cfea8,Nordetect,Building portable water and soil testing solutions,nordetect.com,Denmark,,,,,,,False,131593177
88bfe7cc-1913-427c-aa61-a9c2177d4abe,Nordic FoodTech VC,Back early-stage B2B agrifoodtech startups,nft.vc,Helsinki,,,,,,,False,223955159
a02bb0df-e9fc-43e1-988a-3761350e77a1,nordic science investments,Invest growth capital in deep-tech companies,,,,,,,,,False,Not in Affinity
eae6b215-6dce-4b70-a910-d41c1dd36526,nordic seafarm,Seaweed cultivation and products producer,,,,,,,,,False,Not in Affinity
1d10910c-8d17-4281-90bf-192394cdbfea,Nordsense,Provider of smart waste management solutions,nordsense.com,Denmark,,,,,,,False,71590591
c44d80f7-b8e7-4555-9c7e-f9b33c13185f,Nori,Soil carbon removal marketplace,nori.com,"Seattle, Washington","['Toyota Ventures', 'Tenacious Ventures', 'North Island Ventures', 'M13', 'Cargill', 'others', 'Placeholder', 'unnamed agribusiness giant']",24.0,-46.67,,6250000.0,,True,197492896
99b1911a-543c-4b09-9225-c37c509ea1c1,Noriker Power,Utility-scale energy storage developer,noriker.co.uk,"Cheltenham, England",,,,,,,False,221871730
fb5220d7-e42d-48be-ab0c-0e820e29e6b4,Normative.io,Carbon accounting startup,normative.io,"Stockholm, Sweden","['Blume Equity', 'Future Five', 'Horizons Ventures', 'ETF Partners']",170.0,-6.59,Series B,31000000.0,"['Adam Wamai Egesa (Co-Founder & CTO): https://linkedin.com/in/adam-wamai-egesa-0b733851', 'Kristian Rönn (CEO): https://linkedin.com/in/kristianronn']",True,220167783
1a2443e2-d7d5-4380-996e-2861279165e1,norrsken vc,Invest in impact-focused startups,,,,,,,,,False,Not in Affinity
8df2f54c-3c5c-4bef-a138-7d0f47f1e64a,Norsepower Oy,Provider of rotor sail technology for maritime transport,norsepower.com,"Helsinki, Finland",,,,,,,False,2187024
b4f6c4ba-9af0-49da-baf2-766e05498fbc,North Sky Capital,Clean Growth VI impact secondaries fund,northskycapital.com,"Wayzata, MN, U.S.",,17.0,-5.56,Investment Fund,250000000.0,Scott Barrington (Managing Director and CEO): https://linkedin.com/in/scott-barrington-5a90a95,True,1568309
84090353-e1d5-4234-b3cc-8ef23826e5ad,Northern Genesis Acquisition Corp.,SPAC aimed at supporting environmentally-sustainable businesses,northerngenesis.com,"Kansas City, Missouri",,1.0,,Public Markets,300000000.0,,True,283259429
0f2015ee-6637-4114-83a7-31780d1de0df,Northern Gritstone,Supporting university spin-outs,northern-gritstone.com,"Manchester, U.K.",,,,,,,False,279182611
1a496514-8cdc-4df2-ab7d-f3140c1e897d,Northvolt,Lithium-ion battery developer,northvolt.com,"Stockholm, Sweden",,,,,,,False,146196582
30d08461-f1ae-457d-b26a-94f816e8f1ac,Northwind Climate,Business intelligence solutions provider for the climate economy,northwindclimate.com,"Boston, MA",,,,,,,False,298580747
4b29b7be-204a-4ab2-87b7-ee4431fb9da9,nosh,Company making alternative protein from fungi biomass,,,,,,,,,False,Not in Affinity
54a6d9e5-20ed-4cf9-a2ef-90f7db59cc9c,NotCo,Maker of plant-based milk and meat,notco.com,Chile,,,,,,,False,124906918
0a612b41-774b-42ca-af3c-61237ab0d262,Nouveau Monde Graphite,Produces graphite for batteries,nouveaumonde.ca,"Saint-Michel-des-Saints, Canada",,,,,,,False,147494478
83b83b52-c7d3-410d-bf99-5f3c96a4753c,nova carbon,Carbon fiber recycling tech,,,,,,,,,False,Not in Affinity
4d69f7ee-2ab0-4e0b-a2d7-66695388b111,Nova Pangaea Technologies (NPT),Converting biomass into aviation fuel and various biochemicals,novapangaea.com,UK,,,,,,,False,147493770
19bb6e4c-9716-441a-ae4b-cf98b55871f7,novac,Develop solid-state supercapacitors,https://www.novac.com/,,,,,,,,False,Not in Affinity
afb7ec37-883d-4458-9ffb-0f7e3e339bdd,novalith,Provider of sustainable direct lithium extraction technology,,,,,,,,,False,Not in Affinity
c07a84ec-cd00-4d83-9dc7-23a58197d695,novalith technologies,Producer of low-carbon lithium for batteries,https://novalith.com/,,,,,,,,False,Not in Affinity
e768ca81-fc83-4930-a64b-4aca596275d8,novamea,Advanced membranes and catalysts for electrolysis and green hydrogen,,,,,,,,,False,Not in Affinity
05b94715-c848-4530-9917-e9f32eaf0426,Novamera,Sustainable mining company,novamerainc.com,"Oakville, Canada","['BDC Capital’s Industrial Innovation Venture Fund', 'Chrysalix Venture Capital', 'DIGITAL']",18.0,-18.18,Other,2562893.0,Dustin Angelo (President and CEO): https://linkedin.com/in/dustin-angelo-66786241,True,263128452
b4d475cb-ac8a-47f2-b037-b8b3c56e6864,novata,ESG metrics provider,https://novata.com/,,,,,,,,False,Not in Affinity
b5abc4b6-12ef-4eb2-b0df-7a9a060b5417,novatron,Commercial nuclear fusion reactor developer,,,,,,,,,False,Not in Affinity
3fc34f74-0fbc-44b7-97a8-297d5de4ebbd,Novatron Fusion,Fusion energy development,novatronfusion.com,"Stockholm, Sweden",,,,,,,False,288706890
d93c05b6-81e2-45b1-a039-9a29ce97b8a4,Noventa Energy Partners,Developer of wastewater heating and cooling projects,noventaenergy.com,"Toronto, Canada",,,,,,,False,164029145
8b96f94e-cf63-4478-b147-869c47a8fd86,noveon,Sustainable rare-earth magnets developer,,,,,,,,,False,Not in Affinity
df621741-d223-47cc-b55f-83f5f106929c,Noveon Magnetics,Neodymium sustainable rare earth magnets manufacturer,noveon.co,"San Marcos, Texas","['NGP', 'Aventurine Partners']",57.0,1.79,Series B,75000000.0,,True,291894161
e56d4892-702a-4c0a-af30-17484c8d82d3,Novi,B2B marketplace helping brands make more sustainable products,noviconnect.com,"San Francisco, California","['Defy', 'Greylock', 'Tiger Global', 'Defy Partners']",49.0,11.36,Other,40000000.0,"['Kimberly Shenk (Co-founder & CEO): https://linkedin.com/in/kimberlyshenk', 'Jaleh Bisharat (Co-founder and Board Member): https://linkedin.com/in/jalehbisharat']",True,255220778
846f6bd6-4fe9-4236-b9b1-bf98f0f79871,NOVI Connected,B2B marketplace for sustainable ingredients and packaging,novi-connected.fr,"Larkspur, CA",,,,,,,False,290913592
62627398-b268-4ea1-ae02-442b419a2405,novisto,ESG data management software company,novisto.com,"Montreal, Canada","['Scor Ventures', 'Sagard', 'Diagram Ventures', 'White Star Capital', 'Inovia Capital', 'Portage Ventures', 'SCOR Ventures']",122.0,-9.63,Series C,27000000.0,Edouard Clement (Co-Founder & Chief Product Officer at Novisto): https://linkedin.com/in/edouard-clement-3289665,True,260972406
f9ca664d-2bc0-461b-b554-c60f136162fb,Novity,Predictive-maintenance software for industrial sectors,novity.us,"San Carlos, California","['Weru Investment', 'Myriad Venture Partners', 'Metawater Co. Ltd.']",8.0,-46.67,,7800000.0,Ersin Uzun (Chairperson and co-founder): https://linkedin.com/in/ersinuzun,True,285631205
1baf975f-1be1-4f8f-87af-5f6487fb9709,novo holdings,Growth equity strategy to invest in climate change-focused startups,,,,,,,,,False,Not in Affinity
67e76b0b-d394-403a-a938-b0f4933727e2,novobiom,Mycoremediation process using fungal biotech,novobiom.com,"Ottignies-Louvain-la-Neuve, Belgium",,,,,,,False,278762711
caf16a1c-8eb3-4a1b-99ee-1d09f842d93c,novocarbo,Carbon removal parks developer,,,,,,,,,False,Not in Affinity
c91bf1da-c6cb-44df-9868-ac84c526d56d,NovoHydrogen,Provider of renewable C&I hydrogen solutions,novohydrogen.com,"Centennial, Colorado","['Modern Energy', 'Bruno Franco', 'Joseph Malchow', 'Peyton Boswell', 'Jeremy Avenier']",18.0,5.88,Other,20000000.0,Matt McMonagle (CEO & Founder): https://linkedin.com/in/matt-mcmonagle-45ab5311,True,285705956
b2a14f46-7034-4c2b-8b2c-9599d53dfc52,Novoloop,Company upcycling plastic waste into chemicals and materials,novoloop.com,"Menlo Park, CA",,,,,,,False,285369877
4e459335-33cc-4fcb-8f39-858a840a986e,NovoNutrients,CO2 to proteins developer,novonutrients.com,"Sunnyvale, CA",,,,,,,False,161109431
e28caf59-c846-4a70-b65d-e0498a39f739,nowadays,Maker of plant-based meat,,,,,,,,,False,Not in Affinity
8aaa11a3-4f82-4584-aae7-a90c9be0a0de,NOWOS,Lithium-ion battery repair and maintenance,nowos.com,"Utrecht, Netherlands",,,,,,,False,282770242
b7944233-bb41-4f2b-ad92-bc8424778745,Nowports,Digital freight company,nowports.com,Mexico,,,,,,,False,162557664
9493a69c-0d0c-4760-b7b9-3eb8e644d67f,NPHarvest,Recycle wastewater nutrients for fertilizer,npharvest.fi,"Espoo, Finland",,,,,,,False,293017442
dc1c835c-b03f-4371-b78f-005d788d4a9a,nplan,Machine learning for forecasting construction projects,,,,,,,,,False,Not in Affinity
35490694-e90b-4f7e-984a-4f14ab87278a,NRJx,Help factories reduce energy consumption,nrjx.tech,"Clichy, France",,16.0,77.78,,2295000.0,Cédric Faucheux (Co-Founder & CTO): https://linkedin.com/in/cedricfaucheux,True,291611163
0c2a83db-c320-4e5d-9d48-733cec2029c6,Nscale,Build energy-efficient data centers ('hyperscalars') to meet new demand for AI,nscale.com,London,,,,,,,False,296556561
57106809-9d9b-4a75-a793-48f1a9781d69,NT-Tao,Compact nuclear fusion technology,nt-tao.com,"Hod Hasharon, Israel",,,,,,,False,289168993
d151db10-9f65-4462-bf41-c0885a9a8def,Nth Cycle,Metals refining company,nthcycle.com,"Beverly, Massachusetts","['Equinor Ventures', 'Clean Energy Ventures', 'VoLo Earth Ventures', 'Frankstahl', 'MM Catalyst Fund', 'MassMutual through the MM Catalyst Fund I', 'Caterpillar Venture Capital Inc.', 'MassMutual', 'Mercuria', 'VoLo Earth']",50.0,2.04,Series B,44000000.0,Megan O'Connor (Co-Founder and CEO): https://linkedin.com/in/megan-o-connor-193ab0112,True,224928034
0ce42e5a-0fea-494a-bb92-aa106d59f914,nu quantum,Quantum photonics company,,,,,,,,,False,Not in Affinity
3278a22b-5fcf-4fad-b5f6-a8341d9ad6f5,nuada,CO₂ filtration technologies,,,,,,,,,False,Not in Affinity
823864f0-358e-4bb5-8136-6232b863065d,Nuclearn,Automation platform for nuclear energy,nuclearn.ai,"Phoenix, AZ",,,,,,,False,284719555
937943ae-e2cc-46b4-9adf-f959b1d30d06,nucleus capital,Invest in alternative food production,,,,,,,,,False,Not in Affinity
ba3e509e-3add-4d53-a3aa-9a86e92d2478,nuggs,Plant-based chicken producer,,,,,,,,,False,Not in Affinity
bffa429b-237b-4013-bc12-b603fd5e10f5,Nukoko,Cocoa-free chocolate using precision fermentation,nukoko.com,"Guildford, U.K.",,,,,,,False,292528279
9374252a-3a98-4a54-b8ff-6d2fd6862c7c,Number 8 bio,Reduce livestock methane production,number8.bio,"Sydney, Australia",,,,,,,False,286006545
7294d067-7aff-452c-9d49-f52d73ae61c7,NUMiX MATERIALS,Water treatment company,numixmaterials.com,"Chicago, IL",,,,,,,False,221272985
d5bd8065-9654-4f58-b9bf-7ca073658166,Nuon,Software deployment technology developer,nuon.com,"San Francisco, CA",,,,,,,False,2532526
40813375-ca29-4b30-b68d-8aa2427ad8ac,Nuro,Self-driving technology for robotaxis,nuro.ai,"Mountain View, California","['Greylock', 'other existing investors', 'Fidelity Management & Research Company, LLC.', 'Banyan Capital', 'Tiger Global Management', 'Fidelity Management & Research Company', 'Fidelity Management & Research Co', 'Fidelity Management & Research Company, LLC', 'Baillie Gifford', 'Greylock Partners', 'SoftBank Vision Fund', 'T. Rowe Price Associates, Inc.', 'Google', 'Chipotle', 'T. Rowe Price Associates, Inc', 'T. Rowe Price Associates', 'SoftBank Vision Fund 1', 'others', 'SoftBank Group Corp', 'Kroger', 'Woven Capital', 'Gaorong Capital', 'funds and accounts advised by T. Rowe Price Associates, Inc.']",723.0,-6.1,Series E,106000000.0,"['Dave Ferguson (Co-Founder): https://linkedin.com/in/dave-ferguson-565b974', 'Jiajun Zhu (Co-Founder and CEO): https://linkedin.com/in/jiajun', 'Miyamoto Musashi (Co-Founder): https://linkedin.com/in/miyamoto-musashi-20778b275']",True,118307984
40da7b32-a189-4c3e-8fcf-37732f8f78a9,NuScale Power,Developer of small modular reactor nuclear,nuscalepower.com,"Corvallis, Oregon","['Sarens', 'Doosan Heavy Industry and Construction', 'IHI Corporation', 'Samsung C&T Corporation', 'GS Energy', 'Sargent & Lundy', 'JGC Holdings Corporation']",392.0,-7.11,Public Markets,152000000.0,"['John L Hopkins (Chairman and Chief Executive Officer): https://linkedin.com/in/john-l-hopkins-b1ab379a', 'Jose Reyes (Chief Technology Officer and Co-Founder): https://linkedin.com/in/jose-reyes-76a97b7', 'John Hopkins (President and Chief Executive Officer): https://linkedin.com/in/john-hopkins-1213a530', 'Paul Lorenzini (CEO and Co-Founder): https://linkedin.com/in/paul-lorenzini-533b65a']",True,1535441
6c82e550-033b-49f6-8399-d257c5d5184b,nusku,Heat pumps,,,,,,,,,False,Not in Affinity
3a69f2cf-cff4-451d-b3aa-e62d6313da3d,Nutcracker Therapeutics,Developer of mRNA therapies,nutcrackerx.com,"Emeryville, CA",,,,,,,False,164006839
3a34231d-d290-459f-adee-29aa4355a1bf,nuuEnergy,Hybrid software-hardware heat pump model,nuuenergy.com,Munich,,,,,,,False,293043520
