id,name,tagline,location,domain
88f0c179-955e-4b58-9ef0-9355f0929a94,100ms,Live video infrastructure startup,"San Francisco, CA",https://100ms.live/
53675ec4-2344-4b9b-8e11-c267430a857a,1build,Construction-cost estimation software maker,"Los Angeles, CA",https://www.1build.com/
74fa40a1-8587-4903-b916-10b959ff8923,1komma5,Making products and infrastructure necessary for carbon neutral homes,Germany,https://1komma5.de/
f59f4d69-13d5-4a91-82fa-25beb87f5e23,1komma5°,Residential electrification products & services provider,"Hamburg, Germany",https://1komma5.de/
d780f9f7-7a0a-4333-8ce7-bbd5de5594aa,1mt nation,Developer of nature-based carbon removal projects,"Tallinn, Estonia",
8d0f2419-6cfd-4748-afbd-a04d607444b5,1pointfive,Direct Air Capture (DAC) developer,"Houston, TX",https://1pointfive.com/
6f5326e2-5b25-4bff-83c4-14c59e040510,1s1 energy,Green hydrogen production using boron materials,"Portola Valley, CA",https://www.1s1energy.com/
66fcbdd7-d4ae-4070-afe5-73f432ce30fc,2150,Urban tech solutions fund,"London, U.K.",
f11811de-8c51-4313-887b-c4a99114feb0,24m,Revolutionizing the lithium-ion cell manufacturing process,"Cambridge, MA",
feee7337-25f2-4a49-a900-8abed8957beb,24m technologies,Lithium ion cell manufacturer,"Cambridge, MA",
fa0ee1f6-0705-4792-a686-09b5add1da71,257,AI-powered residential energy platform,"New York City, USA",
40f3fb00-d466-48f8-98c6-4bd74f237fc9,280 earth,Direct air capture plants,"Mountain View, CA",
ee55c637-2194-4c94-a69a-4cbf97dc1e84,3deo,Additive metal manufacturing,Los Angeles,
89d9f254-5702-41ab-bf77-3b4034ca68bc,3e nano,Energy and solar control coatings company,"Toronto, Canada",https://www.3enano.com/
17be7cab-0448-4ca9-8dcd-54e5b488518c,3v infrastructure,"Install level-two EV chargers in apartment buildings, hotels, hospitals, and other multi-unit properties",New York,https://www.3vinfrastructure.com/
fcdbb138-e474-423a-a90c-09564e0a8e83,42watt,Retrofitting advisory platform,"Munich, Germany",
ce75a733-329e-4462-a948-442f3a92bb60,44.01,Accelerates rock mineralization for carbon removal,Oman,
23e00a82-30ac-4614-84d3-170c9a832b7b,4elements,Launch of new high-impact climate startups,"TK, France",
da418c24-8ee8-47c5-b13f-f42fd9c00e4b,4impact capital,Investment firm focused on climate software companies,"The Hague, Netherlands",
7d1fa862-736f-44b7-ae46-5f5d1e4fadcf,4m analytics,Subsurface infrastructure mapping startup,Israel,
bc0a7d5e-f25f-45ca-aa63-368e48fe47c0,51tocarbonzero,Corporate net zero transition platform,"London, England",https://51tocarbonzero.com/
c8a425f3-1d2c-405d-8cef-87451d7c2ae2,5b,Solar power deployment company,"Sydney, Australia",
e0a3c15f-ac8f-4be9-99ed-7281e4daf5b0,5b australia,Modular solar manufacturer,Australia,https://www.5b.com.au/
05c39eea-f6f5-49f4-830f-f5612c20900a,60hertz energy,Platform improving microgrids and backup generators,"Anchorage, AK",
ace1230e-9ed1-44a6-a007-faa01bfde090,6k,Developer of advanced microwave-based plasma technology,"North Andover, MA",
9c228b64-311e-4214-be18-db68be824cf6,75f,Building automation technologies to optimize indoor air quality and energy efficiency,"Minneapolis, MN",https://www.75f.io/
3ae64c28-9110-4df8-85dc-41075eb6c3d6,75f inc.,Provider of wireless building automation for commercial buildings,"Burnsville, MN",
b174b98e-361a-49f6-a5cd-1dcb18c93887,7analytics,Developer of AI and machine learning models for predicting floods and landslides,"Bergen, Norway",
50bd1d04-9b18-464c-aeb4-b1892026a8b7,7bridges,Logistics engine optimization platform,"London, UK",https://www.7bridges.com/
aff8ea53-2907-4075-ae0b-86fdda23a19c,7gen,EV-as-a-service platform for medium and heavy duty fleets,"Vancouver, Canada",
d1359475-343d-4b39-918c-f22b18a111ac,8 rivers,Net-zero solutions provider,"Durham, CA",
ad7acda1-61db-4a32-a1d0-5b4e18d8274e,80 acres farms,Vertical farming company focused on eco-friendly farming,"Hamilton, Ohio",
e20007ef-5f82-4a5d-83ce-eabf22d87ff2,8090 industries,To invest in industrial companies and sectors including decarbonization and energy,"New York, NY",
5caadd9e-e024-43b2-8b40-bc9c1ef233d1,8base,Development platform for building digital products,"Miami, FL",https://8base.com/
77091465-8e6a-4ecd-ad41-dfdbdc43e783,8inks,Coatings for lithium-ion batteries,"Schlieren, Switzerland",https://8inks.com/
630c7ec6-427f-4736-b179-2ee32d644ebf,900.care,Refillable personal care products provider,"Paris, France",https://900.care/
6628fa08-59db-461b-99eb-2b915e9d2bb8,99 counties,Regenerative meat marketplace,"Chicago, IL",https://99counties.com/
3e15f743-b1be-4990-a377-24e9eb2af7ea,99minutos,Logistics service for e-commerce vendors,"Mexico City, Mexico",https://99minutos.com/
9adac7d1-bc96-4ee0-94c0-8d3b62ed873c,aalo atomics,Modular microreactors for predictable and economical nuclear reactor deployment,"Toronto, Canada",https://www.aaloatomics.com/
5abde552-b72c-4996-9f70-3236583beedf,ab carval,Investment firm focused on credit and hard-asset investments,"Minneapolis, MN",
383b79ae-7c46-4a5f-b4d3-b35e568a5fef,abatable,Carbon offsetting procurement platform,"London, UK",https://www.abatable.com/
c9c9a583-eb86-4350-84f2-c768604ba9b7,abb e-mobility,Provider in EV charging solutions,"Zurich, Switzerland",
129647a5-78c8-46e3-9cc4-f40d609594e6,abodu,Startup building backyard homes,"Redwood City, CA",
04b73059-76ca-443e-8719-541ca570bf33,abolis,"Sustainable, tailor-made bio-based industrial solutions platform","Evry, France",
166e69b3-8623-4fd3-b5dc-7ad8e1eb5af5,about:energy,Battery testing intelligence platform,"London, UK",
e32164a1-54e9-4560-8ce6-c191642e8285,absolute foods,"AI-driven platform enabling vertical farms, greenhouses and open farms",India,
42838bf2-6f68-45c6-ba4d-72d064cddad9,accacia,Building decarbonization data platform,Singapore,https://accacia.com/
625f4e17-b3a7-4241-90b2-159ac7201382,accelergen energy,Renewable power and storage developer,"Austin, TX",https://accelergen.com/
0b7736d7-3c10-4560-b35d-3310b93a472a,acceleron fusion,Develop fusion technology tackling a muon-catalyzed approach,"Cambridge, MA",
5befc05a-e1d2-4204-9e50-c47b3f247074,accelsius,Thermal cooling systems for datacenters provider,"Austin, TX",
0375d257-3444-4a1d-9204-5f209380e3a1,accure,"Provider of battery safety software for utility, home, and automotive uses",Germany,
25436a61-7cf9-4c55-b834-2b5351e164d4,accure battery intelligence,Battery safety company,"Aachen, Germany",
a5d6f5bc-bc9c-4da5-b5a8-ec4e6b0e706f,ace green recycling,Battery recycling technology company,India,
00be14fa-2b0b-4a95-815a-0d562b481458,acel power,Electric boat developer,"Vancouver, Canada",https://acelpower.com/
f922213a-1905-4c47-a740-33b87c26fc34,acerta analytics,Manufacturing technology solutions for automotive,"Kitchener, Canada",https://www.acerta.ai/
167774f1-4931-4ba3-8df7-723dbe7b79b5,aclarity,Water treatment startup,"Hadley, MA",
937be1e9-3e85-4b6e-be2c-926655e5f0de,aclima,Air pollution and greenhouse gas measurement startup,"San Francisco, CA",https://www.aclima.io/
76fc9ebf-59a5-4b14-a6c5-8ec296508908,acon s2 acquisition,Sustainable business-focused SPAC,,
ded1abb2-25f9-413f-a488-b389128bb468,acre venture partners,Invest in ag and food-tech companies,"Santa Monica, CA",https://acre.vc/
3b37234c-12c1-4325-b715-ba48e9107d91,acretrader,Farmland investing platform,"Fayetteville, AR",
8c03a78f-0758-4222-afc1-4afc856f54bd,act-ion,Lithium ion battery cathode active materials developer,"Dallas, TX",
4d864bda-76d3-49d6-a561-2fc38b9ef0f1,active impact investments,Climate tech fund,,
c6c06eba-e36f-4619-ab36-89ebe9bd508b,active surfaces,Ultra-light and thin solar modules,"Woburn, MA, U.S.",
9dd4ef06-3855-4c91-8a57-7cde105cbc44,adamo foods,Developing whole-cut meat alternatives,London,https://www.adamofoods.com/
3c36de5f-9160-4ae5-a08f-da53b027d400,adaptis technologies,Net-zero building adoption and optimization platform,"Toronto, Canada",
fef9a2f1-1caf-498a-9b0f-0d507c8937b1,adaptive insurance,AI-powered climate insurance solutions provider,"Austin, TX",
a55231b2-bedd-41bb-898a-f55270978e97,adden energy,Battery technology developer,"Waltham, MA",
4d15cde9-62ad-4aca-a913-8a30ee5e5f65,addenergie,EV charging network,Quebec City,
16715182-6c91-49ba-9a42-c2606addf2ec,addionics,Scale production of 3D current collectors for EV batteries,"London, U.K.",https://www.addionics.com/
18cbb90e-3dfc-4abf-ab06-ce7f63f4846b,addis energy,Ammonia production technology developer,"Somerville, MA",https://www.addisenergy.com/
dcf26880-614a-480e-a8b3-db55037559d3,adept materials,Develop paint material to help buildings control internal humidity,"Somerville, MA",https://www.adeptmaterials.com/
ce93dbcf-c035-48c2-bc82-14b1f1f20a4f,adionics,Developing lithium extraction processes,"Les Ulis, France",https://www.adionics.com/
9edfce5c-e761-4fd2-917f-39b89cd38e8a,adsorbi,Bio-based material removing air pollutants,"Gothenburg, Sweden",https://adsorbi.com/
e914fa4f-24ee-4c91-9b11-d5f8e4de8254,advanced cooling technologies,Thermal management and cooling technologies developer,"Lancaster, CA",
50d77236-d20d-4e2b-ad02-a73240dde02a,advanced electric machines,Designer and manufacturer of electric vehicle motors,"Washington, U.K.",
4ec09657-f9ea-49be-9c2a-d7896afed8b9,advanced electric machines (aem),Electric vehicles design and manufacturer,"North Sunderland, UK",
28d8be37-c20c-4212-829c-0e46b3a3614d,advanced farm technologies,Developer of robotic farming equipment,"Davis, CA",
6fe57e72-0a40-441b-9d91-5e41782737e4,advanced ionics,"Industrial electrolyzer provider, producing hydrogen","Milwaukee, WI",https://www.advancedionics.com/
f571d06a-d549-4b99-8788-fd37ff72960c,advancedag,Bioagriculture input developer,"Raymond, Canada",
da5dd232-970e-4014-b2de-0032b90ae745,advancing eco agriculture,Regenerative agricultural systems startup,"Middlefield, OH",
74dea0ef-f6c8-45ce-8d66-b228088e461e,advano,Focused on lithium-ion battery technology,"New Orleans, USA",
16914413-ccb4-4203-8152-64261f37880d,advanta seeds,Developing high performing and hybrid seeds for agriculture,Dubai,
85f644cb-a11a-4eaa-b896-989633fb88e5,advent technologies,Fuel cell maker,,
aa2571d1-8cd7-4bd6-9966-472b8587b660,advex ai,Improving AI Vision models for manufacturing,San Francisco,https://advexai.com/
527c321e-66d4-4435-a2aa-592b7d5683b5,aea-bridges impact corp.,ESG-focused SPAC,,
0e7f5225-8f74-436b-ab7b-bf32da1cbe2d,aedifion,Energy usage management and monitoring company,"Cologne, Germany",https://www.aedifion.com/
ea6109fc-d109-4f52-a9ee-0c65e6e95222,aegir insights,Offshore wind intelligence platform,"Copenhagen, Denmark",
b5c0f977-7070-4c95-8bd8-961bbe053d4a,aegis energy,Network of lower-emission and multi-fuel source refueling hubs for commercial vehicles,"Wakefield, U.K.",
d8077a86-8c49-4864-8764-27493ac85b65,aeinnova,Wireless IoT company,"Barcelona, Spain",
0d25e311-b7b9-4783-bf42-c7d324ea2d57,aemetis,Biofuel producer,"Cupertino, CA",
dd4af698-6646-4361-abf3-d9c69dcba593,aepnus technology,Developer of an electrochemical platform for emissions reduction in battery supply chain,"Oakland, CA",
7541f4bf-f57c-410d-a4bd-c83e644f89a7,aerem,Solar panel financing provider,India,
82448a25-85e9-458b-9aef-8080b4630ec7,aerleum,Direct air capture technology,"Strasbourg, France",https://www.aerleum.com/
385521df-05c2-408c-9789-62946c21943b,aerobotics,Aerial crop intelligence startup,South Africa,https://www.aerobotics.com/
f432dbfb-86d4-443c-bb2f-1f79c5d1d9c8,aerofarms,Vertical farming company,"Newark, NJ",
6f4d4a86-8349-419b-9792-9062c41f06f8,aerones,Robotics for wind turbine maintenance service provider,"San Jose, CA",https://www.aerones.com/
c189dab9-635a-45c4-934c-9942fa9a1bd0,aeroseal,Provider of air duct and vent sealing technology,"Dayton, OH",
0a8a0e9d-383f-4a5e-99bf-69cac8a38d10,aeroshield,Developing transparent insulation for energy-efficient windows,"Cambridge, MA",
a4c44097-63da-4e45-89ab-2a46cdfccd25,aeroshield materials,Energy-efficient windows provider,"Boston, MA",
7c0eb22f-b314-48db-bcbb-9adc6255a3ce,aether,Rare metals extraction company,"Menlo Park, CA",
778f9d4e-0610-41ae-abe7-dcda8fb59838,aether bio,Developer of enzymes for lithium extraction,"Menlo Park, CA",
a7003855-2a2e-4a72-9f2e-2a038fe3034d,aether diamonds,Creator of diamonds made from atmospheric carbon,"New York, NY",https://www.aetherdiamonds.com/
ee9948ff-4fab-4e20-8f66-47a8603df127,aether fuels,To upcycle carbon into more sustainable fuels for aviation and maritime shipping,San Francisco,https://aetherfuels.com/
fd307c49-6312-44b4-892a-40e4d475cfad,aev robotics,Modular autonomous electric vehicle maker,Australia,
ae95ae45-cf6f-47bc-852d-cb8f9c0e2d4b,aeva,LiDAR sensing and perception technologies,"Mountain View, CA",
5e8e6422-713f-438b-ab09-a44e0d296262,afresh technologies,AI-based supply chain platform for grocers,"San Francisco, CA",https://www.afresh.com/
6c88f6f0-bec9-44de-8932-b9fa7f0268fc,afryen neoxy,Biorefinery for biobased acids developer,"Saint-Avold, France",
f8bea35f-4fbe-4244-b4a2-28872bc50910,ag5,B2B SaaS platform for the manufacturing industry,"Amsterdam, Netherlands",https://www.ag5.com/
4ec8d706-ae54-4e8e-837f-91343fd69ae1,again,Uses gas-eating bacteria to convert carbon dioxide into chemical products,"Copenhagen, Denmark",
a0be9bcd-324b-457d-be5a-ae5e62454724,agbiome,Developer of microbial-based products including a fungicide for disease control,"Durham, NC",
54264b2a-5fa3-477c-a86f-22cb02bd3658,agilitas energy,Solar and battery energy storage projects,"Wakefield, NY",
eff5f6b8-e8ea-44ac-a808-c4a1e034904f,agnext technologies,AI-driven agribusiness platform,"Chandigarh, India",
ffae300f-72ad-40d4-80c2-810b7f8a65b2,agora systems,Maker of materials supply chain software,"San Francisco, CA",
f8bd98b8-5aea-427d-9434-aa3ea67733e1,agragene,Developing eco-friendly alternatives to chemical pesticides,"San Diego, Calif.",
32090f7d-af7e-4ddc-8d26-1f2bc25300e7,agreena,Carbon market platform focused on regenerative agriculture,Denmark,https://www.agreena.com/
4ef6bfca-f68c-413b-b8d3-56ae0a0726c0,agricarbon,Soil carbon measurement technology developer,"Dundee, United Kingdom",https://www.agricarbon.com/
b9e87ace-2640-4548-9d03-02d5b2d3d44c,agriconomie,Ag marketplace including regenerative inputs for farmers,France,https://www.agriconomie.com/
e2ae7271-abb1-4859-a103-ff87b2e4760f,agricycle global,Ingredient upcycling startup focused on Africa,"Milwaukee, WI",
4d740913-cbd7-473c-b6b2-4ebfd5f977e7,agrig8,Gamified platform for reducing methane emissions,Singapore,
c64e1e85-1949-48a5-9b87-297f7d7b848e,agriloops,Aquaponics farm developer,"Paris, France",https://www.agriloops.com/
65dd94d2-c359-40f1-9285-41ae23cfd414,agritask,Agronomic intelligence startup,Israel,https://agritask.com/
ebff386f-5bc6-4a25-914f-a9f8957dd575,agritech innovations,Revolutionizing agricultural practices with technology,"Nairobi, Kenya",
230ca0c3-3c78-4480-897a-11354c386d04,agriwebb,Beef cattle management platform,Australia,https://agriwebb.com/
4a96ed07-9ecc-4b58-ad89-fb38011326b2,agrobiomics,Make biostimulants that make plants more resilient to stressors like drought and salinity,"Copenhagen, Denmark",
a3f91147-0869-4db0-8cea-0f8274d7569f,agrolend,Farm credit provider,"São Paulo, Brazil",
323d4d09-d3bc-4a7d-9f3b-0170e388a3c2,agrology,Regenerative and predictive agriculture platform,"Alexandria, VA",
378310a9-7aea-4303-8c24-f803e7788f41,agros,Solar irrigation provider,Singapore,
5c59fd66-45f1-4b9a-97fc-f778eafa77a4,agrospheres,AgriCell platform protecting pesticide solutions,"Albemarle County, VA",https://www.agrospheres.com/
c90fa71b-d093-4d50-8cd7-0cfead4e5c04,agrourbana,Vertical farming business,Chile,
61074457-98e6-4d81-ae9b-e71a7f8777e2,agteria,Biotech additive focused on reducing livestock methane emissions,"Stolkhom, Sweden",
ebe7dbba-7d4d-40e2-8e8d-345970d82273,agteria biotech,Enzyme-blocking molecule for reducing livestock methane emissions,"Stockholm, Sweden",https://www.agteria.com/
efb0d2fa-b397-4481-9a60-c7067a6c31fa,agtonomy,Software and services provider for autonomous agriculture,"San Francisco, California",https://www.agtonomy.com/
58dd8333-3936-48f0-b12c-32f21235d335,agurotech,Hardware and software for precise agricultural data,Amsterdam,https://agurotech.com/
a79762f9-42ed-458f-8523-2bea073f8804,agzen,Efficient crop spraying equipment and software,"Somerville, MA",https://www.agzen.com/
ae99c99d-0cfd-413a-96bb-a7f5050d14c8,aichi automobile co.,Chinese electric vehicle startup,China,
8e481fc0-9cd0-41fd-9624-4d92e177276c,aicrete,Concrete decarbonization software platform,"Richmond, CA",https://www.aicrete.com/
28db9e33-39f5-4ce1-aab2-86bbd9e0b2c8,aidash,Software designed to make critical infrastructure processes more sustainable and climate resilient,"San Jose, CA",https://www.aidash.com/
198e5b78-ace9-4861-9e8b-af7bdac57c3f,aifleet,Maximize trucking utilization and efficiency,"Austin, TX",https://aifleet.com/
cfa31d09-8bda-4972-be20-06df1a64c2bc,aigen,Solar-powered robotics platform for soil regeneration,"Kirkland, WA",
19d914d2-cd30-473a-ae34-79f1e672c48e,aikido technologies,Manufacture floating wind turbines,"San Francisco, U.S.",
9b4dd988-f8d9-4695-9451-95777fdda2e9,ailytics,Heavy industry monitoring business,Singapore,
f391216e-14be-41a0-ba99-b73c745b9ca3,aim intelligent machines,Autonomous vehicles for construction sites,"Redmond, WA",
b5c73ff7-bfa2-4737-85a4-4e2efd38b6ea,aip management,Solar energy and carbon solutions provider,"Nashville, TN",
7cfccff3-7690-45a5-9404-dd81a77596b9,aiperia,Manage food service providers’ inventories to reduce food waste,"Würzburg, Germany",https://aiperia.com/
9854db40-e914-4a0d-9a48-7c95daf8737d,air aware labs,Air quality service technology provider,"London, England",
0e866a01-da79-45f7-9582-41862c547c19,air company,Carbon-negative alcohols and consumer products creator,"New York City, USA",https://www.aircompany.com/
aa61172b-1242-4c86-99f6-64560d2bd0db,air protein,Alternative meat company,"Pleasanton, CA",https://www.airprotein.com/
6446cb8c-4f57-412c-bef9-f3ead090f77b,aira,Home energy efficiency platform,"Stockholm, Sweden",
e83aa375-5239-4be2-a26c-d65d4013b0de,aira technologies,AI cellular network infrastructure technology developer,"San Francisco, CA",
118b6244-eb0e-4364-bfb1-92d9b7bc8435,airbound,Make efficient delivery drones,"Bengaluru, India",https://www.airbound.com/
dcf5ad61-73cd-4fee-984a-a70a29f5c0c2,aircapture,Carbon removal and mineralization project,"Berkeley, CA",https://aircapture.com/
047aa7e5-fb0d-423f-984c-d23d3f18918b,aircarbon exchange,Carbon trading exchange,Singapore,https://www.aircarbon.co/
fb80eb3d-7929-4fb8-9122-6fc317821184,airforestry,Electric aerial tree harvesting drones,"Uppsala, Sweden",https://airforestry.com/
2e86fa67-77e5-4320-9cd1-1c4cf6b9f159,airhouse,E-commerce operations platform,"San Francisco, CA",https://www.airhouse.io/
bfea3572-ae05-4963-af67-e5ae5e87e7b1,airjoule technologies,Atmospheric water harvesting technology developer,"Newark, DE",
1a4de302-8cd5-460c-a9fe-b6afab607b22,airly,Combining sensing technologies and software to measure air quality,"Krakow, Poland",https://airly.eu/
a546a092-c586-4a82-9b35-76e3ecaeb16a,airmo,Satellite technology for GHG emissions provider,"Weßling, Germany",
6f28b4d5-b5cb-4d57-976b-53cf996081c8,airmyne,Direct air capture (DAC) technology platform,"Berkeley, CA",
ce9fb5d4-ab31-4c62-9c0f-e21c8c20c3b5,airtable,"Collaborative, no-code platform for building apps","San Francisco, CA",https://airtable.com/
c8fe5514-63d3-4546-8567-e322c294af85,airthium,High-temperature heat pump developer,"Paris, France",
550c6c24-e404-4dc3-b193-c9f4597ff95c,airworks solutions,Autonomous processing software for aerial mapping and surveying,"Boston, MA",
9fef7305-95b2-403b-b26f-5ecfbe822514,aistech space,Capture thermal data and imagery from satellites,Barcelona,
0c7f9265-860e-451e-8e67-4c9774db2055,aisti,Startup developing carbon negative acoustic tiles,"Jyväskylä, Finland",https://aisti.com/
e605f8a5-7f10-41b4-ae36-59481bc06393,aiven,Managed cloud services for open-source data technologies,"Helsinki, Finland",https://aiven.io/
867971a0-c13b-4f8c-9912-efcfce5d1925,akaysha energy,Build new battery energy storage,"Cremorne, Australia",https://akayshaenergy.com/
3cef3b42-726a-4d47-80d3-7251dd782848,akorn technology,Developing edible coatings for produce through upcycle corn by-products,"Berkeley, CA",
0a509cc9-0223-49fd-9b7e-ab224da27735,akua,Maker of kelp-based burgers,"New York City, NY",
2c7af8fd-de53-4088-ae77-2914f1d87c7e,alba orbital,Satellites aimed to provide Earth observations,"Glasgow, Scotland",https://www.albaorbital.com/
6fe9dafe-7b8d-4120-94d6-45e25938f010,albedo,High-resolution satellite developer,"Austin, TX",
e750f17e-485c-4e3d-809f-9e3765650bba,alcazar energy,Utility-scale renewable projects in emerging markets,Luxembourg,https://www.alcazarenergy.com/
7be41753-ea7b-4b19-9f4e-299aa57e42f6,alcemy,Developer of software for sustainable cement and concrete production,Germany,
e4ad06e7-fb0e-473e-811b-6e253193d6c6,alchemyca,Enhance anaerobic digesters with enzymes,"San Francisco, CA",
f68fa229-7c0f-42bf-986c-2229c4250256,aleph farms,Cultivated meat company growing steaks from animal cells,"Rehovot, Israel",https://www.aleph-farms.com/
d1258249-b594-428a-b5ee-a189e8e58f86,alga biosciences,Algae feed additive start-up,"San Francisco, CA",
b67a02eb-203b-4254-aa9f-0a086c8704d9,algae factory,Cultivates algae group diatoms for high-tech silica shells,"Göteborg, Sweden",
c9cacefd-12b9-413c-9fa4-1fb039a3d258,algama,Alternative protein platform using algae,,
fd6e0b4b-b927-4dc3-b90c-962ac018e876,algebris investments,Venture fund for climate and deeptech startups,London,
195cc6d2-1705-41ee-891f-71b5b61131cd,algiecel,Developing algae-based carbon capture,"Odense, Denmark",
f36c234a-d058-4077-be80-5d26e17534da,algiknit,Startup turning ocean algae into bio-yarn,New York,https://algiknit.com/
df2b2b8e-e51d-4cd8-b114-327777686cb7,alight,Solar project developer,Sweden,
ce1802e8-4d87-4416-a74e-2f9bd774c896,aligned climate capital,Second venture fund focused on climate tech,New York City,
096eec1c-6b79-4ed1-9367-34541d8d5531,allbirds,Sustainable footwear maker,"San Francisco, CA",https://www.allbirds.com/
cc77a97e-9e3e-4a40-a1ee-dcf02cfae00f,allegro energy,Water-based Redox Flow Batteries,"Newcastle, Australia",
3066bfc8-7682-4690-b2ce-3d4353302238,allergy amulet,Portable allergen sensor,"Madison, WI",https://www.allergyamulet.com/
f26eb8c9-f7b3-4a7f-a62f-c5f3438ecb3a,allinfra,Blockchain platform helping institutions achieve sustainability goals,Hong Kong,https://www.allinfra.com/
09fff127-53e7-49bf-8786-b4425fd7be7e,allonnia,Waste and wastewater treatment company,"Boston, MA",
007464e2-e1f2-48cd-ac84-70de41cad150,allotrope energy,Battery manufacturing startup,"Woking, United Kingdom",
09d8ba4a-1ca5-42f9-960f-4cf5cac6c109,alloyed,Design advanced metal alloys and manufacture high-performance metal components using 3D printing,"Oxford, U.K.",https://www.alloyed.com/
bba3e85c-8d1d-493e-8553-cccbe61dbcac,allozymes,Sustainable enzymes for food and chemical production,Singapore,https://allozymes.com/
2e58c119-97cc-4f40-be25-87440239f1ce,allstacks,Predictive forecasting and risk management platform,"Raleigh, NC",https://www.allstacks.com/
1a55816a-ce44-46f3-9cb8-e2bab0e7b8ff,allume energy,Solar sharing solution for multi-family dwellings,"Melbourne, Australia",
b3336ec8-ffca-4577-8c17-96f870609104,allumia,Energy efficiency startup,"Seattle, WA",https://www.allumia.com/
234acaad-49df-4c5f-9e49-074f469305ca,allye,Mobile energy storage system,"London, UK",
784531b5-04e1-4369-93f9-5da770591f31,aloha,Plant-based protein production business,"Littleton, CO",https://www.aloha.com/
05b076c1-98d8-43c3-abdc-4e38a4fe7965,alpha grid,EV charging infrastructure development software,"San Francisco, CA",
2f784418-08d7-420f-9ee9-651ffbde4dc6,alrik,Construction logistics management software developer,"Stockholm, Sweden",
42477def-871b-4e3b-af6b-370c7b980978,also,Micromobility solutions provider,U.S.,https://www.also.com/
e3ca67da-c24b-4986-8a3a-c203d2170598,also capital,"Invest in hard tech, including synthetic biology",New York,https://www.alsocapital.com/
ce62e601-8e57-424a-9a30-f04a30b3f04a,alsym energy,Make non-flammable batteries with a water-based electrolyte,"Woburn, MA",https://alsymenergy.com/
2be81d64-1aa9-4476-a5b5-576643192529,alt carbon,Carbon capture technology developer,"Bengaluru, India",
5a0f6906-d8f3-4cbc-869b-17c79b955d76,alt mobility,EV fleet leasing platform,"New Delhi, India",
761b08eb-1266-488c-877a-cd6cf7b08e92,alt.leather,Plant-based leather alternatives developer,"Melbourne, Australia",
c5dd6c47-3faa-47bb-9206-c9af6ac8ce49,alta resource,Separate rare earths from e-waste with biotechnology,"Boulder, CO",
d3114aaf-262d-4fa5-867b-e240c6fe490f,alta resource technologies,Extract rare earth elements from electronic waste,"Boulder, CO",
2918b2d0-8b05-4b9a-b04a-53a92ee29c45,altana,Value-chain data platform including emissions data,"New York, U.S.",https://www.altana.ai/
381d1483-4ea0-4289-a355-70c5d5532bb4,alternō,Sand-based battery technology targeted at agricultural energy and heating needs,Singapore,
67a22378-b79e-4f02-9f30-fdec0710f2ba,alterpacks,Developing materials from food waste,Singapore,
3a555276-50e7-43c4-83b1-92dff9f108eb,alterβiota,Decarbonize concrete,"Edwardsville, Canada",https://alterbiota.com/
b3763da3-32b5-412f-b041-118258e8c285,alteva,Battery cell development business,"Cologne, Germany",
7d629a29-f21a-4b03-8bed-74dcf137d87a,altigreen propulsion labs,EV startup,India,
516c7c8c-eed7-46df-bfce-7c4546fc015f,altilium,Battery minerals recovery platform,"London, U.K.",
b42e8822-9ebd-466f-98ff-8d59759c46b6,altm,Biomaterials platform from agricultural residue,"Bangalore, India",
f0828b70-26d2-4476-b062-af75c1b3cb59,altris,Sodium-ion battery manufacturer,Sweden,
593c0422-2e60-439d-815c-08760d1e468e,altrove,AI and lab automation to accelerate new material discovery,Paris,
d898c1b4-5588-4a4a-afdf-d31dd10a7a10,altruistiq,Sustainability management SaaS platform,U.K.,https://www.altruistiq.com/
97d48dd2-cc3a-438e-8493-cd6d37d5122f,altus power,Commercial solar business,"Stamford, CT",
71d591ac-20bc-4e45-b48f-aab22edca4a6,aluna,Health tech for respiratory conditions,"San Francisco, CA",
0525f697-85f1-4604-80d7-122f454db842,alvéole,Beekeeping solutions company,Canada,
e52f5e02-99d7-4705-a8aa-0b565b160a46,alō index,Provide ESG ratings for hotels,"Hartford, CT",
fb7dfe19-9f5d-4ea5-92c8-d2e7800c43aa,am batteries,Additive manufacturing company focused on the lithium-ion dry electrode market,"Chelmsford, MA",
d883be32-467c-4e31-8ae6-8b400287e8ae,amarenco,Solar IPP and energy storage provider,"Cork, Ireland",
1a348850-855d-4286-8225-3098c5b12355,amatera,Non-GMO perennial crops developer,"Paris, France",
730deae5-aa31-48aa-94d1-97ed450007b8,amber,Software for optimizing home battery charging,"Melbourne, Australia",
190d4f9b-e011-4db4-a899-4ae83c181a35,ambercycle,Material recycling technologies,Los Angeles,https://www.ambercycle.com/
0ef7a77e-1a11-40f0-9c29-da9dd75e5e6e,ambient fuels,Green hydrogen project developer,"New York, NY",https://ambientfuels.com/
6d255bbf-9e0d-43c5-abf5-9cf281486734,ambient photonics,Developer of photonics energy harvesting technology,"Mill Valley, CA",https://ambientphotonics.com/
693e0532-a07f-4979-b7d3-0ae16852dcd8,ambri,Developer of liquid metal battery technology,"Marlborough, MA",https://www.ambri.com/
b0d925f8-79a9-4c87-abed-a6c92eea3807,amcs,Waste management software company,"Limerick, Ireland",
cca76404-a4bd-486d-a03a-21be1d26f79b,amea power,Renewable energy developer,"Dubai, United Arab Emirates",https://ameapower.com/
edc8076d-78d9-4e6b-9d83-41e13d34c412,amfg corp.,Manufacturing execution system and workflow automation software for 3D printing,"Austin, Texas",
f90f34c4-aec2-42fe-8248-ab57a8ba26b5,amini,AI-driven environmental monitoring data platform,"Nairobi, Kenya",https://www.amini.com/
394f2676-6ce2-4ed4-a6b4-bd08385bbb7a,ammobia,Demonstration project to make green ammonia,"San Francisco, CA",
b89214f4-e167-4a3a-9942-9223d88f4d2f,ammp technologies,Developer of remote renewable energy monitoring systems,"Amsterdam, Netherlands",https://www.ammp.com/
2beecbdd-e52f-4f2e-9635-9f14812fdce4,amogy,"Developer of ammonia-based emission-free, high energy-density power solutions","Brooklyn, NY",https://www.amogy.co/
1b5ef645-1618-485a-b666-b15fdc2f1ba8,amorsui,Make more sustainable personal protective equipment,New York,https://www.amorsui.com/
ab95eca5-f8e4-4784-9728-c9f3112d9450,amp,Energy management company for e-mobility,Los Angeles,
8fd50850-1d0b-4bcb-9357-09a6a44ca6b4,amp americas,Renewable transportation fuel industry,"Chicago, USA",
dc820741-4bcd-4106-8425-32ca20537b4f,amp robotics,Robotic systems that automate the sorting of recyclable materials,"Louisville, CO",https://amprobotics.com/
061904db-cefe-4cc3-baa0-8784db0dcadc,amp robotics corp,Artificial intelligence and robotics for recycling,"Louisville, CO",
393c2bd2-0a3b-4715-b7fe-366ad6b7f866,amp robotics corp.,Artificial intelligence and robotics focused on waste,"Denver, CO",
8e81ffdb-b366-45c8-af86-18b7f59e22e1,ampacimon,Grid monitoring analytics platform,"Grâce Hollogne, Belgium",
20ff81be-a90a-4879-876d-68e4255fe6e4,ampcera,Developer of solid-state electrolyte materials,"Milpitas, CA",https://ampcera.com/
716dd567-e748-463e-9d72-e6389bd23c98,ampcontrol,EV charging software provider,"New York City, NY",https://www.ampcontrol.io/
10790add-403b-4737-ba5d-5c579e1f1199,ampd energy,Developing battery systems for electrifying construction sites,"Sha Tin, Hong Kong",https://www.ampd.energy/
e6dad383-39e1-4df2-a75a-bf782528106e,ampeco,EV charging management startup,"Sofia, Bulgaria",
975ffbd9-86d8-4e89-9cef-bc88d5216b73,amped innovation,Designer and manufacturer of solar-powered appliances,"Palo Alto, CA",https://ampedinnovation.com/
935d46c0-7d31-451d-8b14-74cf67d4e1ca,ampere.cloud,Platform for renewable energy plant management,"Berlin, Germany",https://ampere.cloud/
4e02ce21-610d-4dde-ab75-e724aa0aa8f7,amperecloud,Energy asset management business,"Berlin, Germany",https://amperecloud.com/
9d3078e9-6444-4db4-b874-080f7ac6aaa9,amperon,Data analytics platform designed to help power grid operators decarbonize their grids,New York,https://www.amperon.co/
ace1ef2e-3a14-41e7-8a7d-e242cbc036a4,ampersand,Battery-swapping motorcycle startup,"Kigali, Rwanda",
355d70c1-9594-4690-ac7d-3888662c308b,amphistar,Environmentally friendly surfactants for cleaning products,"Ghent, Belgium",https://amphistar.com/
9ea2926e-3efd-477b-be22-55bb5d96100b,ampin energy transition,Renewable energy and storage service provider,"New Delhi, India",
da4eaa07-2136-4cef-bca2-f251ba3c0422,ample,Build EV battery swapping infrastructure,"San Francisco, CA",https://www.ample.com/
63b688be-9a4c-44b5-be2e-6f9275ac9470,amply power,Electric vehicle charging startup,"Los Angeles, CA",
68fcacda-f65f-4105-b427-221682a6bc74,ampotech,Building energy IOT devices developer,Singapore,
b2e60540-496a-4210-86f0-7cb767690746,ampup,Maker of electric vehicle charging tech,"Cupertino, CA",https://www.ampup.io/
46704fd2-fb91-429f-82f5-c4e2a3502751,amsilk,Producer of bio-based silk,"Planegg, Germany",https://www.amsilk.com/
e5b72083-48a7-4f17-86d6-2ad3a90062c9,anaphite,Develop dry-coating technology for battery electrodes,"Bristol, U.K.",https://www.anaphite.com/
32086b1c-5af6-4cc9-94cf-835642099faa,andes,Developing microbes for soil carbon sequestration,"Emeryville, CA",
70dd8d5a-ae45-47e7-a5c4-fc5aa2c6e3de,andium,Industrial internet of things (IIOT) startup providing remote-field monitoring,"New York City, NY",https://www.andium.com/
31d4f7e9-593e-44e4-abde-d00e638d917a,ando,Sustainable banking startup,"San Diego, CA",
9beac2b0-41ed-4bd0-935e-5070ef8e102b,annea,Automation platform for renewable energy infrastructure,"Hamburg, Germany and Lisbon, Portugal",
fba28154-5fb1-4d19-bcb4-20a7c682d1e9,anode labs,Web3 energy system developer,"Austin, TX",
b6d297f9-d6d9-4b61-a5cb-23a7a0d63cc1,anodot,Autonomous business monitoring company,"Redwood City, CA",
5e77b88e-7c2f-45b1-9cd4-0f5948b97c1f,antheia,Synthetic biology company,"Menlo Park, CA",
8bf60e4e-9769-4887-ade9-68d74507174e,anthro energy,Advanced lithium-ion battery technologies,"Palo Alto, CA",https://www.anthroenergy.com/
809a70d1-785e-4eda-81e0-faf0b1b5aca8,anthrogen,Cultivate CO2-consuming microbes,San Francisco,https://www.anthrogen.com/
85b4554a-b838-4050-ac2c-cad823ea0dfb,antithesis,Autonomous software testing platform,"Vienna, Va.",https://www.antithesis.com/
7634d6e9-1d4f-429d-ab5c-8aef48eae975,antora energy,Developer of batteries designed to convert renewable electricity into industrial energy,"Sunnyvale, CA",
1881a1bf-dfac-47d1-b6aa-cb3035d5c4a3,anuvia,Developer of bio-based fertilizer,"Winter Garden, FL",
561a4524-f6c2-47bb-9082-7d8f5f1b6d4a,anvil,Paperwork automation platform,"San Francisco, CA",https://www.anvil.works/
abc0552a-9f44-4f11-b1e5-e57710f35659,anybotics,Develop autonomous robots for industrial inspections,Zürich,https://anybotics.com/
926519f4-188d-402c-a14a-c36e9247bef0,anzu,Additive manufacturing technologies to make advanced materials,"North Andover, MA",
38a5b2b5-3cd7-4abf-a818-0cbf437e0ca0,anzu partners,Investment firm,"Washington, WA",
4f7a27c7-c1b2-42dc-bb6f-1b70d323664b,apeel,Maker of a life-extending casing for fruits and vegetables to combat food waste,"Santa Barbara, CA",https://apeel.com/
1f0d8037-4dbe-4518-9e69-0b820b1c784c,apeel sciences,Developer of food preserving technology,"Santa Barbara, CA",https://www.apeelsciences.com/
88334cc1-f30a-4d41-b5a8-b1467b11b6f4,apeiron bioenergy,Producer of bioenergy products from feedstock,"Singapore, Singapore",https://apeiron.com/
0bca72ba-57be-428d-ab36-d9e678a2d1da,apex clean energy,Builds wind project,"Charlottesville, VA",
1845a46c-93a3-4d3a-bd25-6519657b735b,aphea.bio,Agtech company focused on fungal control and reducing fertilizer use,"Gent, Belgium",https://aphea.bio/
021308e6-e5db-47ba-a30a-105ca650cc32,apheros,Data center cooling technology,"Zurich, Switzerland",https://apheros.com/
41a62695-e3dc-444e-a4a7-ee76aa18a19d,apiday,AI-powered ESG data platform helping companies with compliance,Paris,https://www.apiday.com/
38d3414d-3328-416b-bdda-06097f4c3e8c,apollo agriculture,Creator of a mobile-based product suite for farmers,Kenya,https://www.apolloagriculture.com/
2e94938b-fd32-4635-9cb2-2c3e43007839,appharvest,Indoor farming and greenhouse operator,Appalachia,
884629ab-6631-4f20-8601-043be47bc6de,apple,Clean energy fund for renewable projects in China,"Cupertino, CA",https://www.apple.com/
0d8598c5-5b66-4f33-9080-f63f6898293c,applied carbon,Designer of carbon-removal technology,"Houston, TX",https://www.appliedcarbon.com/
c767e7e0-e2f3-48b7-8f1c-de0994e8e88a,applied ev,Developing autonomous driving software for EVs,Australia,
97cbd407-f78c-47cd-b3b0-f50e8bf923af,applied intuition,Maker of software for autonomous vehicle testing,"Sunnyvale, CA",https://www.appliedintuition.com/
8a36113d-cb82-4db1-9afb-f0bffa5d0e3b,applied xl,"Information detection company that tracks health of people, places, and the planet",New York,
edbe4fb9-ee9e-40bd-8c9b-f3cf1626e098,appwrite,Open source backend-as-a-service platform,"Tel Aviv, Israel",https://appwrite.io/
5f3ca4b5-4297-4094-9e8a-9047636e5178,apricus generation,Distributed solar and battery energy storage IPP,"Boca Raton, FL",
de790d14-dd02-4a80-bac0-c87d05812d96,apromore,Process mining software provider,"Melbourne, Australia",https://apromore.com/
8b78ab63-e782-4570-a325-1340a22fed47,aqua membranes,Developer of water filtration system,"Albuquerque, NM",
64f4692a-2fa3-4593-a981-e95573c2e468,aqua-yield,Sustainable fertilizer company,"Draper, UT",
bfe0c095-f4c5-49db-88fb-87dba0657e18,aquabattery,Long-duration energy storage technology using table salt,"Alphen aan den Rijn, Netherlands",https://aquabattery.com/
4920fb0e-d1fe-45f1-923c-1de9e046740d,aquabyte,Machine learning platform for sustainable aquaculture,"San Francisco, CA",
065a6c91-14c8-4a4c-b68d-6df4d944f0c5,aquaconnect,Uses satellites and AI to monitor and analyze aquaculture farms,"Tamil Nadu, India",
d6775449-4c75-45d5-9120-f690ecc267a3,aquagreen,Pyrolysis technology for waste conversion developer,"Roskilde, Denmark",
dfc32702-70d6-44ba-8739-f80d17948859,aqualung carbon capture,Membrane carbon capture and separation technology,"Oslo, Norway",
3744bf2c-140a-4776-b135-0c02f408e3f0,aquaria,Air water infrastructure developer,San Francisco,https://www.aquaria.com/
c27a159c-7a35-4981-81e0-4fe0a6864aca,aquicore,Cloud-based software provider for commercial real estate energy management,"Washington, D.C., USA",https://www.aquicore.com/
cc8f1f8d-56fa-4944-8e27-295c4ef39a40,arable,Maker of data solutions for agriculture,"San Francisco, CA",
fdc5e385-ad5a-4d5c-872c-f1a246042733,arbol,Provider of climate risk solutions,"New York City, USA",https://arbolmarket.com/
17bb9a84-17ed-41d0-a4e1-2b53646de053,arbonics,Climate tech startup,"Tallinn, Estonia",
22425ada-1eb4-4dab-b39d-023f2fa52e1a,arbor,Home energy solutions and analytics platform,"Austin, TX",
73bb9e43-b11e-4d12-84dc-f1b1516da1d6,arborea,Cultivated protein startup,U.K. and Portugal,
a6ac0ba8-068f-4dd8-9939-f2e05af7e78a,arc,Manufacturer of electric boats,"Los Angeles, CA",
d889cdc9-5498-4e76-a45c-b720b29ce70c,arc clean energy canada,Advanced small modular reactor technology provider,"Saint John, New Brunswick, Canada",
f2b97c91-782f-4d2e-8dcd-805a1a3b6955,arc clean technology,Small modular reactor developer,"Saint John, Canada",
0944ca06-ce9f-4c58-9913-a53091b33f6a,arc electric boats,Startup focused on electrifying boating,"Los Angeles, California",
a65bed8f-998e-484f-b3e6-e588f33b2efc,arcadia,Energy data platform and community solar provider,"Greenwood Village, CO",https://www.arcadia.com/
364b1d73-8f6d-44c3-938b-5071ab7d2be6,arcadia efuels,Low-carbon synfuels producer,Denmark,
72c7f3bf-0b74-4811-8d98-c8566af829ed,arcelormittal calvert,Build electrical steel plant,"Mobile, AL",
2bf0b3c1-7d8a-4434-a238-09d00c4cc609,archer,eVTOL developer,"San Francisco, CA",https://www.archer.com/
5cb2a81f-e560-4c6a-a120-c1256e216aff,archer aviation,Electric aircraft integration and air taxi services,"San Jose, CA",https://www.archer.com/
6a9c80fc-7a39-4bde-9a5b-46e67b30f42b,archipelago,Commercial property risk analysis platform,"San Francisco, CA",
5f5e8eb1-9a63-4e67-ae9b-30a537e4db99,archive,Startup helping integrate resale marketplace brands,"San Francisco, CA",
d1642d0d-335a-4e4b-8419-1611bd45f82d,arclight clean transition corp.,Renewable energy-focused SPAC,,
a7a8f571-059c-401e-a1fe-636c71acaeda,arclight infrastructure partners,SkyVest Renewables unit,"Boston, U.S.",
3ba2b380-251b-4cbc-bd39-5a759fd3379f,arda biomaterials,Transforming waste feedstocks into biomaterials,"London, England",https://ardabiomaterials.com/
a6e79583-4a86-4f90-b463-e7fdd7784535,arena,AI-powered platform for hardware engineers,New York,https://www.arena.com/
bddf79f8-3063-40ce-a1a6-dcc60d5ef994,arenko,Energy storage and optimization developer,"London, England",https://www.arenko.com/
6597051c-e335-4766-980b-30215564d413,arevo ab,Biotech platform focused on plant growth,"Umeå, Sweden",https://www.arevo.com/
19c7fe64-e3c3-468e-b5fd-2ad44530b095,arevon energy,Solar-plus-storage project in California,"Scottsdale, AZ",
77342e14-1f52-4d0c-8cac-c0a8b0bdae98,aris machina,AI manufacturing company,,https://arismachina.com/
c2857631-1677-49e3-ab6d-f57001f82ffe,ark capture solution,Modular carbon capture systems,"Brussels, Belgium",
ef1d7a1a-051f-40ac-ae3b-e7a6e25c7e2d,arkea bio,Maker of cow vaccines for enteric emissions,"Reno, NV",
4cec43fe-5928-4c62-857e-b90ceeaad804,arkeabio,Vaccine to reduce livestock methane emissions,"Boston, MA",
1b24c0f8-1b64-4c1c-ba76-61cddc1f7222,arkeon biotechnologies,Turning CO2 into food ingredients,Austria,
a9dc204e-2d4a-4295-9c87-952773659647,arlo,AI-powered health insurance provider for small and medium-sized businesses,"New York City, NY",
13fe21c5-c7e3-4235-8c81-2df52c01937e,arnergy,Lease-to-own solar model,"Lagos, Nigeria",https://arnergy.com/
9e639c65-e635-43df-ba1f-d0ef1ed4f3be,arnica,Behavior-based solution for software supply chain security,"Atlanta, GA",https://arnica.io/
188dcc30-508f-4c77-b028-0535f68b0382,aro homes,Carbon-negative homebuilding startup,San Francisco,https://www.arohomes.com/
77aa2592-a0a2-41f0-b0e2-24f4fe35af15,array technologies,Maker of ground-mounting systems for solar energy projects,"Albuquerque, NM",https://www.arraytechinc.com/
2c6790dd-a989-4d85-a981-9c16b6376194,arrcus,Provider of software driven solutions,"San Jose, California",https://www.arrcus.com/
4484b29b-ce07-47ee-a098-a7c6470e9c06,arrikto,Machine learning development startup,"San Mateo, CA",
1d64ebd4-0f14-4141-b5bf-4cb09fd06591,arrival,Maker of electric vans and buses,"London, UK",
9c345931-0c8d-413e-84c9-ec80cdbdb851,arrive recommerce,Resale platform,"Santa Monica, CA",
a2464030-33c4-4655-94f2-d8ad066c9be7,arsenale bioyards,Advanced bioreactors with AI-driven software for biomanufacturing,"Milan, Italy",
f4d6685b-47f7-4b64-aa09-072fdae008e6,artem,Software and hardware platform for CBAM compliance,"Cham, Germany",https://artem.com/
2425dab8-591e-49f2-923c-149a91f5b792,arturo,AI-powered analytics for property analysis,"Chicago, IL",
5fbd6dbd-2040-4494-815b-38854a5d0991,artyc,Cold supply chain technology including a lithium-ion battery and a solid-state heat pump,San Francisco,
1e3b6a98-adfd-4ce7-8bc3-0eb80644be87,arya.ag,Agritech credit provider,"Noida, India",https://arya.ag/
59723c49-710d-4cf5-8e46-cf5291e6a9ec,ascend analytics,Energy transition analytics platform,"Boulder, CO",https://www.ascendanalytics.com/
e186af1a-82e2-46c3-b2e7-654dbb908e38,ascend elements,Manufacturer of sustainable battery materials for electric vehicles,"Westborough, Mass.",
0cc34456-f053-47c4-8c5f-fa04ad41bb6e,aspen creek digital,Renewable Bitcoin mining operator,"El Segundo, CA",
719e8c24-501f-480b-a5b3-563cc7a17020,aspen power partners,Decarbonization platform,"Dallas, USA",
92a67762-2e92-4ee2-8de3-e5ac8cb33e83,aspiration,Socially- and environmentally-conscious fintech startup,"Marina del Rey, CA",https://www.aspiration.com/
0509a617-87d2-4c77-923e-a6a9c3bf838f,aspiration partners,Sustainable banking startup,"Marina Del Rey, CA",https://www.aspiration.com/
e04504c7-1b08-4e63-bf5f-fc49f4296764,aspiring materials,Carbon capture startup,New Zealand,
23414114-2b1d-42d0-97f1-b58d0f8c0e50,assembly,Modular construction startup,"New York, NY",https://www.assemblyos.com/
346224cd-8189-4abc-8890-68be710f9d86,assetcool,Power lines robotics and coatings developer,"Leeds, England",https://www.assetcool.com/
df46cf9c-9734-4e62-8e42-207d96df9dba,assetwatch,Asset monitoring and predictive maintenance business,"Westerville, OH, U.S.",https://assetwatch.com/
73420168-1b64-46da-8e3f-1e57358ce74d,astanor ventures,Focused on European agri-food tech startups,,
3c6d418a-4669-4fdd-918a-18e16a542e7d,astraea,Satellite intelligence company leveraging geospatial data to address climate change,"Charlottesville, VA",
f0a29499-9ab1-4a40-9095-3845e905f280,astral systems,Develops multistate fusion technology,"Bristol, U.K.",https://www.astralsystems.com/
71d2767a-37e3-4269-9ef2-d50fdd0271f7,astroforge,Mining resources in space,"Huntington Beach, CA",https://astroforge.com/
9207ecd8-0b0f-479b-be4a-4aaeacfa6ce1,astroscale,Company removing space debris,"Tokyo, Japan",
21998883-119b-40d3-9451-40aa20336825,asuene,Carbon emission visualization platform,"Tokyo, Japan",https://asuene.com/
41afc561-1f94-4f00-aa0b-73ef94b3df49,at one ventures,Investment firm,"San Francisco, CA",
7ba62b21-1548-48f4-9ea6-47c7cb7cf3e3,atarraya,Developing sustainable shrimp farming technology,Mexico,https://www.atarraya.com/
e3a0e255-229b-497f-aa63-c0bcee865c3a,atec,Smart stove technology platform,"Castlemaine, Australia",
ee8ced14-3515-4a6d-82f0-7c1c4fa1f2c7,ather energy,Electric scooters manufacturer,India,https://www.atherenergy.com/
5ac8e5e5-cd8e-45b0-8337-1d7c3689eda2,athian,Livestock carbon marketplace,"Indianapolis, IN",
f5b33bb9-2e86-4ebf-a708-e82bd69b52e5,ati motors,Autonomous electric vehicles designed for industrial settings,"Bangalore, India",https://www.atimotors.com/
daf996e8-b787-4d59-8001-37fef0165429,atinary technologies,Materials discovery platform for climate solutions,"Lausanne, Switzerland",https://atinary.com/
65c69a39-48da-4a79-9f02-07b1dfd47162,atlas ai,Provider of economic and agricultural insights,"Palo Alto, California",https://atlasai.co/
e7a1db36-cb41-4949-a0d5-900f6b9c0b05,atlas materials,Technology platform processing low-grade nickel ores,"Claymont, DE",https://www.atlasmaterials.com/
0132b25a-ad48-461d-937c-598531b62529,atlas metrics,Build an online platform for tracking ESG metrics,"Berlin, Germany",https://www.atlasmetrics.com/
52e62172-011f-479b-9324-04fdbf99d80f,atlas renewable energy,Energy storage projects in Chile,Miami,https://www.atlasrenewableenergy.com/
c7072db2-cd90-467a-bf93-f1e380af64cf,atlast food co,Producer of plant-based meats,"Green Island, NY",https://atlastfood.co/
c91166e8-354d-4c60-9e43-38b57d278654,atmen,Automated sustainability certification platform,"Eching, Germany",https://atmen.io/
ac7e26b0-0a6d-4b85-83c2-18cc825ca1ca,atmio,Operating system for finding and reporting methane emissions,"Hamburg, Germany",https://www.atmio.com/
ef6bd109-5d49-4dff-92fe-461162a65c4a,atmocooling,Evaporative cooling systems using seawater,"Seattle, WA",https://www.atmocooling.com/
815a9119-7818-4b17-9c30-7c8ac8bf4304,atmosic technologies,Low-power compute and connectivity technology,"Campbell, CA",
aca17dd9-5283-4ca3-825e-f92c8dda50a7,atmoszero,Electric boilers to decarbonize steam,"Fort Collins, CO",
6ee05810-f3ef-4772-86b3-3ee8cb469db3,atob,Help truck drivers and fleet managers manage fuel and other expenses more efficiently,"San Francisco, CA",https://www.atob.com/
bcf28f2b-0a11-4fae-9523-9104e85087a0,atom power,Power delivery and EV charging company,"Huntersville, N.C.",https://www.atompower.com/
ac1e0afa-eaaa-433f-943f-a045ee2703e1,atomberg technology,Smart and energy-efficient appliances company,"Mumbai, India",https://www.atomberg.com/
cb74dedc-1ee0-4e4d-a95e-c2f7f487aea5,atomic canyon,AI-powered operations solutions for the nuclear energy sector,"San Luis Obispo, CA",https://www.atomiccanyon.com/
dbb2d0dc-659f-493f-b0b1-02b897feb981,atomo coffee,Developer of sustainable coffee through upcycled ingredients,"Seattle, WA",https://atomocoffee.com/
5de038c1-0563-49ca-bd08-8c2a7d5fdeed,auar,Robotic microfactories for timber home construction,London,
496334b7-68a5-4b44-b22b-dbbe88eb4b65,audette,Net zero planning platform for commercial real estate,British Columbia,
c3aa3a8d-5326-414b-af37-566610c6b1d4,augmenta,Building design automation company for the construction industry,Toronto,https://www.augmenta.ai/
ba030290-afd8-42be-9e91-28edb57c74f9,augmentus,Developer of intelligent and no-code robotics software solutions,Singapore,https://www.augmentus.tech/
2427940f-ce37-42c2-b32e-042de6311683,augury,Machine diagnostics provider,New York,
50451c56-18b9-4c91-ae8f-2caf995330a8,august,Creating biodegradable period care products,"New York, NY",
26be284f-db2e-4e40-8a67-90a900ef7457,aura power,Solar and battery storage provider,"Bristol, England",
d3ed1dfe-c9c9-4ca7-8337-f12be94fbfe9,aurea imaging,Sensor systems designed for orchard farmers,"Utrecht, Netherlands",https://aureaimaging.com/
48c22b2d-e8f4-4fc3-802f-72b08f727cc6,auriga space,Electromagnetic space launch developer,"Los Angeles, CA",
d78fd972-e88b-4cfe-9a5b-920b1fa96e28,aurora solar,Tools for solar professionals to design and sell solar remotely,"San Francisco, CA",https://www.aurorasolar.com/
65a6b44d-7129-4c06-bdbe-94d6a2abe2c9,autodrive,Autonomous vehicle technology,"Los Angeles, CA",
038ef9e2-ba9c-44e7-a0a7-2eb04752e9f0,autofleet,AI-powered fleet optimization and vehicle-as-a-service solutions,"Tel Aviv, Israel",
ef81bc07-94d3-4b42-bd3f-b5e84c740874,autoflight,Developing electric autonomous aircraft,"Shanghai, China",
4725f84f-5353-44eb-843b-f622757f402c,automated architecture,Robotic home construction,"London, U.K.",
519cea6d-979d-4b9a-bbaa-cb7a11feebe4,automotive cells company,Lithium-ion battery cell gigafactories,"Paris, France",
a26d8a20-2ce1-46c5-84fe-1b2acaf29ee0,automotus,Automated curb management solution,"Los Angeles, USA",
00435b39-e27e-49ea-8bf7-46a61141ae88,autonxt automation,High-voltage electric powertrains,"Bhiwandi, India",
f5c44165-ef42-4788-b8b0-65d3e81387b9,avaada,Green hydrogen ammonia producer,"Mumbai, India",
3bf52188-2998-4227-8fcc-fc28317a616b,avalo,Genome analysis company focused on plants resistant to climate change,,
f3791201-3417-4749-86ae-b47d1d2d9c6e,avangrid,Power company,New Mexico,
dc4c88ca-96e8-4b6e-9203-2948b1d61d8b,avant,Plant-based protein producer,Hong Kong,
ba792614-598a-4f2c-afcb-7e938a50bd30,avantus,Utility-scale solar and battery energy storage,"Los Angeles, U.S.",https://avantus.com/
87570b21-2bc2-4c1c-8bcc-54cf42448a12,avidxchange,Accounts payable automation for mid-size businesses,"Charlotte, NC",
a18605f2-1738-4151-9f43-12602b2b5077,avisomo,Automated vertical farming technologies,"Gardermoen, Norway",
a3aefe28-122a-4c10-b84e-c800ee7aa158,aviwell,Animal healthy platform,"Toulouse, France",https://aviwell.com/
784353d3-56fd-4d15-8950-450f9fb27c92,avnos,Direct air capture and water extraction developer,"Los Angeles, CA",
fe593e75-360e-419e-99f9-d2ba0a61d85d,avoxt,Membrane-free electrolyzer technology for hydrogen production,"Eindhoven, Netherlands",https://avoxt.com/
78691a54-960b-47e0-92a9-ca207547c2da,axeleo capital,"Investment firm across energy, chemicals, materials, agriculture","Paris, France",
e1947a06-14d6-4253-be45-113abecc3146,axine water technologies,Wastewater treatment technology designer,"Vancouver, Canada",
3c8161f1-8cba-4eed-86b5-6647af0237b7,axiom cloud,Refrigeration management software designed to reduce energy usage and costs,"San Jose, Calif.",
cfc4e3a7-1f75-4455-ac05-11418d9010ce,axle,AI company that automates workflows for compliance teams,"San Francisco, CA",https://www.axle.ai/
30d00e86-dcf6-42bd-b748-0c3d52a67540,axle energy,Energy demand flexibility software startup,"London, UK",
66d7033f-53ef-432d-bb0e-b65176e14087,aymium,Biocarbon and biohydrogen products,"St. Paul, MN, U.S.",
d44a76a6-d26c-445d-ab37-57efbcfe8462,aypa power,Utility-scale energy storage development business,"Austin, TX",https://www.aypapower.com/
67ffbe2a-64d9-4101-b65a-e596432c3909,ayro,Wingsail developer for cargo ships and yachts,"Paris, France",
6eedeed9-9c9a-40a1-95d6-b6fbac437bb7,b:bot,Plastic recycling robotics company,"Puteaux, France",
6392f86a-99d0-4ca0-8acf-0e2362210d73,baaz bikes,Electric scooter manufacturer,"New Delhi, India",
5fa684f8-c965-449b-8cec-f0a925a27d9b,babylon micro-farms,On-site vertical farming provider,"Richmond, VA",https://www.babylonmicrofarms.com/
d45ff0ae-ad83-4fca-a9ef-d8aacba8aff1,bacta,Carbon-negative natural rubber producer,"Paris, France",
622d0c88-03ec-44f2-8a29-2a167ee15f49,balena,Developer of infrastructure for IoT device management,"Seattle, WA",https://www.balena.io/
92cab4b3-35bc-44e3-a520-5989a70209b4,balkanid,Cloud access governance solution developer,"Austin, TX",
2d181344-89c6-491b-aca9-ec26f406be2f,ballard power systems,"New fuel cell Gigafactory in Rockwall, TX","Burnaby, Canada",
c920074b-2c11-4c8a-8086-f24326929ef6,balto energy,Connect homeowners for electrification,"Palo Alto, CA, U.S.",
8ab6037b-6f60-4f4b-89b4-89d6d0356255,bambrew,Sustainable packaging solutions,"Bengaluru, India",
2de3d8d4-3deb-4bad-9d5c-bc0ced6abd0a,banyan,Project finance platform for sustainable infrastructure,"San Francisco, CA",https://banyancapital.com/
42be7174-018d-453b-a5d1-81dc47f28c37,banyan infrastructure,Financing software platform,"San Francisco, CA",https://banyaninfrastructure.com/
efb9e2cf-5a75-4f12-a034-fe870b6ba679,banyu carbon,Sunlight-driven process to strip CO2 from seawater,"Seattle, WA",https://www.banyu.com/
0c1443bd-749c-4685-86a8-25d4553e2f58,barton blakeley,Chemical process to turn CO2 emissions into synthetic silica,"Harpenden, U.K.",https://bartonblakeley.com/
3edfd38a-d755-4182-b30e-edc6baf71852,base power,Energy company,"Austin, USA",https://www.basepower.com/
8274d072-73e0-41c0-8635-089d53f78e23,basecamp research,Protein-discovery and advanced materials discovery technologies,London,
36fffe5b-d57a-4631-acc9-ac53fd920c13,baseload capital,Geothermal energy projects,"Stockholm, Sweden",
d864a1f7-51c3-43c2-9dc0-0cdb9e73b839,basigo,EV buses in Africa company,"Nairobi, Kenya",
c67f41da-3579-4e68-9423-4240ba470cee,basis climate,Marketplace for buying and selling clean energy tax credits,"New York, NY",
20105617-f6f8-4b35-bc2b-8430fcf144c3,bastcore,Manufacturing industrial hemp fiber processing company,"Montgomery, AL",
5fef31ed-c48e-44e1-90d0-8e86c2fd96ab,battery resourcers,Lithium-ion battery recycling and manufacturing company,"Worcester, MA",
988e849a-0d70-4df1-98a5-228f3433c740,battery smart,Build a battery-swapping network for electric two and three-wheelers,"Gurgaon, India",https://www.batterysmart.in/
3e036441-1ef3-4be3-abb9-97577cd8966f,battgenie,Software solutions provider for battery management systems,"Seattle, WA",https://battgenie.com/
2e1bb4fe-2074-46d0-91df-0a190333f399,battle motors,Manufacturing vocational electric fleet trucks,"New Philadelphia, OH",
5f6527bb-195f-4173-b32d-10c7b6e3155f,battolyser systems,Integrated battery and electrolyzer manufacturer,"Schiedam, Netherlands",
83b84a5a-6cae-4e5a-b807-3922074b8799,batx energies,Lithium battery recycling company,India,
a6091350-a9b0-4e14-b245-2e4253074f8d,bayotech,Producer of on-site hydrogen,"Albuquerque, Canada",
876efd03-8ef1-46e6-93e5-acead2393c60,bcomp,High-performance sustainable materials from natural fibers,"Fribourg, Switzerland",https://www.bcomp.ch/
c220ffb3-8688-4ff3-bb60-5bc9bbf90077,be.ev,To expand its fast EV charging network,"Manchester, U.K.",
cdf71541-6043-4fd5-a494-e47cfd3240b2,beacon power services,Energy management software and analytics provider,Nigeria,
64e9a3cb-d0e8-4b3d-984d-b2f0347eb876,beam,Micromobility startup providing shared e-scooters,Singapore,https://www.beam.com/
04ac8563-ee15-46db-9d22-552d343ebb66,beams,Home renovation platform,London,
928d7960-2ac8-45df-b10b-86c54252545a,beans.ai,Location intelligence and mapping platform for logistics,Palo Alto,https://www.beans.ai/
70a9f29c-8066-4c22-863c-d78e54b5400e,bear flag robotics,Producer of autonomous tractors,"Newark, CA",https://www.bearflagrobotics.com/
4a2dc76e-b5a3-4aa2-9eb7-5a175af1a1e4,bearing,Green shipping software company,"Palo Alto, CA",
4897e8a3-8be3-4471-ba1f-2a9453c37fc9,bedrock energy,Ground source heat pumps for buildings developer,"Austin, TX",https://bedrockenergy.com/
611a3a85-909f-4a1b-93a5-265074b07bad,bedrock materials,Sodium-ion battery materials development,"Chicago, U.S.",
780332a4-76a4-4f45-a474-1202c44651e5,bedrock ocean,Autonomous underwater robots,"Richmond, CA",https://www.bedrockocean.com/
618de78c-b809-4ba9-a492-3abb5edad6ae,bedrock ocean exploration,Ocean exploration vehicle developer and data platform,"Brooklyn, NY",https://www.bedrockocean.com/
ad77369a-d063-4663-9e03-527dd55ce667,beebop.ai,Control DERs in homes,Belgium,https://beebop.ai/
7cf59d68-ecdd-4e35-a93b-d4db25831429,beeflow,Startup looking to protect bees,"San Francisco, CA",
7ded4f4e-f5a2-4791-9ae9-c07586c938de,beehero,Pollination as a service startup,"Fresno, CA",https://beehero.io/
a6973652-c22e-4e2f-921c-de7b8e88b6d1,beem energy,Maker of home energy efficiency and management systems,France,https://www.beemenergy.com/
09673c11-5e77-4c93-ad45-99db6307cc4d,beep,"Provider of multi-passenger, electric, autonomous vehicles","Orlando, FL",
50f2f74e-d429-4390-a044-51d3410d276e,bees & bears,Software for cleaner energy installations,Berlin,https://www.beesandbears.com/
a818fcd1-9d98-47d6-884a-ba345eb256f4,beewise,AI-run beehive management solutions startup,Israel,
6930d802-d34a-4bcd-a041-faafc463ad8b,begas motor,Makes engines that run on biogas,Madrid,https://www.begasmotor.com/
e309ceb4-f3df-4f92-b1b1-ee9b521da37a,believ,Electric vehicle charge point operator,"London, England",
edc9bd27-f9ff-44b3-abb3-958110882ee5,bend,Carbon removal corporate spend company,"New York, NY",
809db42b-332e-408f-baa0-95ebb50e9490,bendi,AI-powered supply chain ESG risk platform,"London, England",https://www.bendi.com/
abacb8ee-3fed-4136-b57e-5a7cc093b74d,bene bono,D2C food waste platform,"Paris, France",
b7b8ad91-956f-4f21-bb9e-15c7d91c7ef6,beni,Second-hand shopping browsing extension,"Santa Barbara, CA",
68694c0d-3c2c-4b97-8582-1e7e2db7972d,benson hill,Agricultural breeding startup for sustainable foods,"St. Louis, MO",
70fa4ce4-9d2c-445a-a67a-427c216a9464,besirius,AI-powered sustainability intelligence platform,"Amsterdam, Netherlands",https://besirius.com/
f5230bfe-081c-40aa-80ec-a80591a2e7e2,bestmile,Fleet orchestration platform,"San Francisco, USA",
7530a99c-e883-4949-be03-85153ce92def,beta bugs,Insect protein for animal feed developer,"Edinburgh, Scotland",
93673cc6-a64c-4dd9-9d7d-929cb8619e9a,beta hatch,Mealworm producer for animal feed,"Cashmere, WA",https://betahatch.com/
92e33023-433b-486c-8dca-052583113475,beta technologies,Electric vertical take-off and landing vehicles (eVTOLs),"South Burlington, VT",https://www.beta.team/
4a4f6d80-50f0-4430-a539-48288bf1e1c4,better dairy,Sustainable dairy products startup,UK,https://betterdairy.com/
44f2a804-7636-443c-9a98-521101d8a5bb,better origin,Startup that converts food waste into chicken feed,UK,
2a64d3af-16b9-4188-8781-c946f1949f91,better world acquisition,SPAC targeting ESG companies,,
4e4f49ba-9fff-461f-b065-f658fbece1e7,betterfleet,Fleet electrification solutions platform,"Sydney, Australia",https://www.betterfleet.com/
a7f98643-a648-4dd0-9f2b-bf1e78e91ada,betterseeds,Utilizing gene editing to create resilient crops,Israel,
dd642505-1675-4cf8-9fad-4c367730e791,bevc,Investment firm for climate-related companies,"Berkeley, CA",
2e5280a3-11d6-42df-b124-e4d1cda29ed6,bevi,Smart water cooler developer and provider,"Boston, MA",
ee3c70df-a09a-4bba-9e60-42173a905350,beyond aero,Hydrogen-electric aircraft manufacturer,"Toulouse, France",https://beyondaero.com/
6a196bfc-ff9b-4aae-a3e3-7d3ba233e8a5,bezero carbon,Carbon ratings agency,London,https://www.bezerocarbon.com/
b529a8fa-9c85-4164-8c73-6c1435562b66,bezos earth fund,Research into livestock methane reduction,,
49a6b5d1-9db1-41d6-af8f-bf431f55f64e,bforeai,AI for predicting and blocking cyberattacks,New York,
7c772c98-0ec8-48f2-a71e-d463f7e6843d,bhp group,Mining giants merger,Australia / U.K.,
37724e31-0f50-4081-abd0-8f6e4bd43ab7,bia,Smart meter data analysis platform,"Bogotá, Colombia",https://www.bia.com/
49b5a0a5-753c-44e6-b0f5-e98931e4ae47,bia energy,Smart meter and retail energy platform,"Bogotá, Colombia",
f0b677ac-b3bf-48f9-a193-0a3ef2e8a64e,bibak,Provider of software for reusable containers,"Versailles, France",
fc72a793-c57d-4498-8119-b95d2a1f5ae0,bidgely,Grid energy data platform,"Los Altos, CA",https://www.bidgely.com/
23a8e2a5-ecd4-4538-8e3f-3aa6dc5d18a7,bigsis,Chemical-free insect control robotics platform,UK,
fcd9a1ca-18e9-4914-a2b9-45b5d3e79b4b,billionelectric,e-Mobility-as-a-Service (eMaaS) platform,"Vadodara, India",
4e85f9c2-b223-4af6-93dc-89e44cf8dae6,bio-logical,Nature-based carbon removal services provider,"London, UK",
e40d0e2d-9ecd-4437-808f-bedccebc3162,biobetter,Cultivated meat startup utilizing tobacco plants,Israel,
b342561a-5a5a-4ddf-a1a8-b37aa96d970e,bioceanor,Predictive analytics provider for water quality,"Valbonne, France",
cfaad663-27c7-41c3-aa39-9f68645ae3e3,bioconsortia,Microbial products designed to improve crop yields without negative environmental impacts,"Davis, CA",https://bioconsortia.com/
97f55699-8c41-4a26-a107-65214d2ee17c,biocsol,Makes sustainable crop protection solutions,"Louvain-la-Neuve, Belgium",
5d454d7c-1710-4330-8e85-8542f86abb3c,bioelements,Bioplastics for packaging,"Santiago, Chile",
046bd613-f44b-451f-bae3-5cd98c6c3222,bioenergy devco,Organic waste recycling company,"Columbia, MD",https://bioenergydevco.com/
9de5c853-00b9-4055-803e-f93fbee2572c,bioflyte,Biothreat detection firm,"Albuquerque, NM",
ee565121-f9e6-4a88-85f2-9e78a91e618d,bioform technologies,Bio-based alternatives to single-use plastic bags,"Vancouver, Canada",https://bioformtech.com/
368de420-93af-4f71-8132-3a0819d97248,biomason,Startup using microorganisms to produce cement,"Durham, NC",
f3f3b9af-5c6a-4725-8e5c-c8ac08936a3d,biomatter,"Make new enzymes for use in chemical manufacturing, agriculture, and more",Vilnius,https://www.biomatter.com/
bf301564-d215-4464-85c6-93342ec776ec,biome makers,Technology company using data analytics and AI to analyze soil's ecosystem,"San Francisco, CA",
53bb744d-35eb-4478-8dc6-cc976de0a0bd,biomilq,Sustainable infant nutrition producer,"Durham, NC",
2c1bfc34-8d7e-4919-89bb-bf4305a1f243,bioomix,Microbial solutions for agriculture developer,"Odense, Denmark",
872479df-da0d-4b1e-9731-bac83c323408,biosphere,Make advanced UV-sterilized bioreactors for biomanufacturing,San Francisco,https://www.biosphere.com/
1c9c283d-44e9-454c-a1c5-fb608e1e0aee,biotic,Providing bio-based plastic alternatives,Israel,
a674a7ac-e0ac-4ff1-8ee2-5add0f6d6547,bioveritas,Upcycling food waste into ingredients,"Bryan, TX",
44486027-ae3a-4421-b294-a8bf0b2e0670,biovox,Sustainable medical-grade bioplastics,"Darmstadt, Germany",http://www.biovox.de/
f9142ffc-bd32-497c-959d-a694b6fce416,birdstop,Drone remote sensing platform for safeguarding critical infrastructure,"Concord, CA",
3c39137b-6ed0-4a71-953d-34c906bb1e96,bisly,Energy-efficient building appliances installation marketplace,"Tallinn, Estonia",
53b5636f-ec33-49eb-a8dd-6de3314a4510,bison ventures,Investment firm,"Seattle, WA",
38f57205-35a9-4ac0-8215-080cf8477c41,bit.io,Postgres database building and collaboration platform,"San Francisco, CA",
04382afc-83f6-4a87-ae9a-8d86b44de1fa,black sheep foods,Plant-based lamb alternative company,"San Francisco, CA",
c3414cd1-e77d-4509-923d-45d9d720fc13,blackhorn ventures,To invest in early-stage digital infrastructure and energy businesses,"Denver, CO",
abe57da1-bfac-47b8-a0e7-d59f0c5866e5,blackrock,Investment firm,"New York, NY",https://www.blackrock.com/
7b97f9de-8d09-4760-be72-243a114649d5,blackstone,Energy-transition-focused private equity fund,"New York, NY",https://www.blackstone.com/
e62978fb-43ef-4b9c-ac72-51503d4947db,blastr green steel,Builds hydrogen-powered steel plants,"Lysaker, Norway",
07b4c182-f109-4db3-8c3a-5379ec78802f,blickfeld,Light detection and ranging (LiDAR) sensing technology developer,"Munich, Germany",https://www.blickfeld.com/
8419e77c-a760-4569-8269-ba18c6a7b62f,bling energy,Residential solar business,"Lisbon, Portugal",
b694c9e7-2afe-497f-8d93-43cbce2438cf,blitz,Electric vehicle-based logistics service platform,"Jakarta, Indonesia",
584a2855-a1ab-400d-903b-106d1ee28b3a,blitz electric mobility,EV logistics startup,"South Jakarta, Indonesia",
a660fff9-fac2-40cb-92f9-baab29d3b177,blocktexx,Chemical textile recycling business,"Loganholme, Australia",https://blocktexx.com/
5e4a3824-bad4-4209-97de-a542887b28fe,blocpower,Climate technology developer,"Brooklyn, N.Y.",
c0611bc1-942e-404a-a647-2b537a78b0ec,bloom biorenewables,Startup developing products to substitute fossil-sourced carbon,"Fribourg, Switzerland",https://bloombiorenewables.com/
5e6ca8e5-d0fd-490e-ba9c-db5431aa02b7,bloom energy,Deploy fuel cells to commercial and industrial customers,"San Jose, CA",
358cec9b-b10f-42e2-b70a-84138dbbc074,bloom science,Microbe-based neurological disorder therapeutics developer,"San Diego, CA",
829a0d72-73ec-4e40-a86e-8b53d7f6afbd,bloomfield robotics,AI-based inspection agriculture robotics platform,"Pittsburgh, Pennsylvania",
ed472e30-a3c1-436c-ba2c-c35ac8a1d020,bloomx,Startup providing AI pollination for crops,"Tel Aviv, Israel",
2b91eafc-3289-4971-93ea-b32d9526dae7,blubrake,E-mobility solutions provider,Italy,https://www.blubrake.com/
9762c9aa-20f2-4e1e-9a78-378296846e35,blue bear capital,Invest in early-stage climate tech,"Paris, France",
5a34f7c2-89bf-4a3c-91ef-27e460965dd6,blue current,Solid-state battery developer,"Hayward, CA",https://www.bluecurrent.com/
f4734751-ceff-4e4b-9ac5-c4a40598f4d2,blue energy,Build small modular nuclear reactors underwater,"Washington, D.C.",
c3627567-8c77-4754-9cc8-2a3cd36f3ac3,blue farm,Plant-based producer of powdered oat milk,Germany,
659da80a-99fd-4b65-8291-c84449a9f288,blue frontier,Innovator in sustainable building cooling solutions,"Boca Raton, Fla.",
e177789c-4d03-4dde-9520-a7c5cbc31862,blue horizon ventures,Sustainable food technology focused venture capital fund,Zurich,https://bluehorizon.com/
6006a1d9-adb7-4abf-80c5-988c25b31a3d,blue laser fusion,Laser confinement fusion technology developer,"Santa Barbara, CA",http://www.bluelaserfusion.com/
4d1b4a61-b032-47fc-85a7-f71f74bd6ba4,blue ocean barns,Producer of a cattle supplement which significantly reduces the animal’s methane emissions,"Redwood City, CA",https://blueoceanbarns.com/
138f27f0-3763-4ca9-aa17-0490efb821c7,blue planet,Developer of carbon capture technology,"San Jose, CA",
fe2d0a63-0248-42b7-ac5b-242bb96014af,blue sky analytics,Geospatial data intelligence startup,India,
a677a018-279b-444b-be47-6213c393b205,blue stripes,Sustainable consumer food products from ‘upcycled’ cacao fruit,New York,https://www.bluestripes.com/
3caee749-a4ad-414a-9094-b50d0b098ffc,blue water autonomy,Fully autonomous naval ships,Boston,
c82068a8-cb6e-41ae-ab5b-5bc92f33eb03,blue whale materials,Lithium-ion battery recycling platform,"Washington D.C., USA",
67ffdac3-239e-4b7d-8a2a-1342e7afe5ab,blue white robotics,Agriculture robotics company,Israel,
1cb76338-e440-4400-97cb-5f6a995343f2,blue world technologies,Developer of methanol fuel cells,Denmark,
c94c76b7-6c51-49a1-9e21-909f6e1e97be,bluedot,EV charging payments platform,"San Francisco, CA",
96fc4a5e-ea53-490f-a7ff-bc20273e8e96,bluedot photonics,Innovator in new applications of perovskite materials,"Seattle, WA",
0940f3db-1a82-4233-a578-f050cdc824b3,bluefront,Investment firm targeting sustainable seafood companies,"Oslo, Norway",https://bluefront.com/
ac84684c-84db-4f60-9c71-86d0c1399274,bluegreen ventures,Investment firm targeting early-stage startups,"Washington, DC",
f3b9143b-01b2-4ac6-99f0-576f05bec954,blueland,Producer of cleaning products focused on reducing single use plastics,"New York, NY",https://www.blueland.com/
98b23683-8302-4f8f-b811-020e52efb6f9,bluelayer,Carbon project management software platform,"Berlin, Germany",https://www.bluelayer.io/
e02fdb4d-0af1-4cf1-bfcc-2555fd787575,bluenalu,Startup producing seafood directly from fish cells,"San Diego, CA",https://bluenalu.com/
c99f9e01-aa61-4598-b459-02c16de1f376,blueoval sk,EV battery manufacturing joint venture with Ford,"Stanton, TN",
47f94199-38a5-4c1a-b6e5-b1e38abe78e4,blueredgold,"More sustainable, indoor, automated saffron production",Sweden,
5f8ab5d0-0a64-402c-b64b-b8c1b71b93e1,bluescape opportunities acquisition,SPAC focusing on the energy and industrial sectors,,
bd27d821-adff-4064-b485-6f6625332cd4,blueshift,Electrochemical climate technology developer,"Boston, MA",
8f3e442a-cc61-4dda-babd-154e5f5a49a8,bluespace.ai,Autonomous driving startup focused on mass transit,"San Jose, CA",
9b6a6db1-fc26-4d9d-8309-e543153fefe2,bluestein ventures,Third fund for proprietary food tech,"Chicago, IL",
dfa7f311-a9d5-46a0-afb7-e51283842a67,bluestem biosciences,Renewable chemicals company utilizing synthetic biology,"Omaha, NB",
46463c0b-4edc-418c-871b-89ef2bde696e,bluetrace,Traceability solution for seafood harvesters,"Castine, ME",
135ddcc4-2a7e-4b1e-9ca6-ef47adbb0834,bluewhite,Developer of remote and autonomous farming technology,"Tel Aviv, Israel",
9936e516-9b23-4023-a6f1-30353d409334,blume equity,Climate tech investment firm,"London, UK",
a33901b9-deb3-454e-835d-fe255f969488,bluon,Support app for HVAC technicians,"Irvine, CA",https://www.bluon.com/
4e0f8469-6be9-4de9-a7ef-1aa25a4abdaa,blusmart,Indian EV ride-hailing company,"Gurgaon, India",
3aad0e65-c0a4-4082-809e-760e617f7825,blusmart mobility,All-electric ride hailing platform,"Mumbai, India",
68abede2-c367-465a-9abe-41cae9535310,bluu seafood,Cultivated seafood platform,"Berlin, Germany",
07519ecc-1d44-4f50-ac90-e6def2fc2f8c,bluwave-ai,Grid energy optimization platform,"Ottawa, Canada",https://bluwave-ai.com/
cb6e223e-02f0-406b-b436-548a18f06824,bnewable,Develops battery and energy management systems for businesses,Brussels,https://bnewable.com/
e475cb2b-55eb-4e92-ad59-9c311b36cf89,bodhi,Solar-focused software technology company,"Austin, TX",
d27dd6ae-17b4-4ce9-9230-82c33ff7203b,bolder industries,Converting end-of-life tires into petrochemicals,"Boulder, Colo.",https://bolderindustries.com/
c4186bb5-3ddf-4dab-88cd-b0934da6655c,bolt,A platform for transportation services,"Tallinn, Estonia",https://bolt.eu/
03bcbd79-ab14-424a-8156-e10822ea1bd9,bolt.earth,EV charging network,"Bengaluru, India",https://www.bolt.earth/
35ff69b9-4c1c-4514-8ea6-bbe53ad59235,bon vivant,Animal-free dairy proteins developer,"Lyon, France",
710e4ac2-021a-44e2-b5d8-89782cef506f,bond pet foods,Utilizing biotechnology to develop plant-based pet treats,"Boulder, CO",
eafe0a71-f1e1-475c-81b6-bfbb46f0da38,bonnet,EV charging network,UK,
d2dfeb6c-5c73-4e3f-a3a7-d9a6860719a0,boon,AI tools to automate fleet management operations,"Gurgaon, India",
f67489ac-bccc-4289-87c3-cbfc79d382b6,boost biomes,Agtech startup developing products to increase crop yields,"San Francisco, CA",https://boostbiomes.com/
0fa96b4a-319e-4cc1-8a95-a616fa6cf9ba,booster,Mobile energy delivery platform,"San Mateo, CA",https://booster.com/
7acb6363-bd34-4a86-b1f5-7c7d42a069dc,boox,Sustainable e-commerce infrastructure company,"Petaluma, CA",
5b4cf615-753d-40d3-b548-9d6d8bd86c16,boston materials,Advanced materials for semiconductor manufacturing provider,"Billerica, MA",
221a1279-9312-4942-a862-bdfdf66ebac2,boston metal,Startup seeking to lower the carbon footprint of metal production,"Boston, Mass.",https://bostonmetal.com/
d9d20158-b1dc-468c-b7ff-3ad2d23b3913,bot auto,Make autonomous trucks,"Houston, TX",
95541a81-d511-4800-a6cf-5d88c5720cb1,bota bio,Biomanufacturing company,"San Francisco, CA",
cb21f231-c815-4baf-9633-a5515f9afe47,bounce,Operator of electric and gasoline scooters,India,
2afc1c68-74c4-4b3b-a100-b3e6b98faee3,bound4blue,Turnkey wind-assisted sails for maritime transport,"Barcelona, Spain",https://bound4blue.com/
7ee0a976-c487-4418-9893-c46d67e516b0,bounti,Autonomous AI products developer,"San Jose, Calif.",https://www.bounti.ai/
fd34b24e-4360-4beb-ae0a-9609357434e7,bovotica,Synbiotic for cattle methane reduction developer,"Brisbane, Australia",
94bd3c4f-e0bb-478a-817e-dc02e4168a53,bower,App that rewards people when they recycle,"Stockholm, Sweden",
35baafce-47d7-4916-988c-4f57c2d2abf2,bowery farming,Vertical farming company,"New York, NY",
1b4dc1e9-b974-42f9-8a5d-813a70e03932,boxpower,Developer of rural solar microgrid projects,"Grass Valley, CA",
95abe012-f066-4c3e-be22-eaa7b6cfac99,brainbox ai,Autonomous building startup optimizing energy consumption,"Montréal, Canada",https://brainboxai.com/
b2160c13-a64e-407e-8cd3-eb9768cf8fcd,bramble energy,Hydrogen fuel cell startup,UK,https://brambleenergy.com/
1d3bc4b8-8fc0-4dfb-a97c-e48937b4bf00,branch energy,"Software designed to make building electricity use less opaque, cleaner, and cheaper","Houston, TX",https://www.branchenergy.com/
ca6e2b90-3f2c-484c-8cdc-0774919bb007,brasol,Solar developer and energy transition company,"São Paulo, Brazil",
55710ee0-17e3-4d63-8a64-a7d56634bbb5,braya renewable fuels,Renewable fuels developer,"Dallas, TX",
75edd71f-6bdf-4640-a604-9c3eaaf8b9e8,breaking,Engineers microorganisms to degrade plastic waste,"Boston, MA",https://breaking.com/
8071ab91-1fd2-485f-ada7-5d9cec4aaf82,breakthrough energy ventures,Fund targeting startups with deep decarbonization potential,,https://www.breakthroughenergy.org/
8b2664d4-bce3-406f-9111-a26879c955a4,breathe battery technologies,Battery performance software provider,"London, UK",
23660780-3ae2-4b63-b179-f13f53bffa25,breega,Invest in African seed-stage companies,"Paris, France",
553f96ae-173b-4e38-a729-29599a4f89c2,breezometer,Air quality data provider,Israel,https://www.breezometer.com/
71466ea0-2e74-4328-9fbb-ce1baf444be7,brevel,Startup developing a microalgae-based protein,Tel Aviv,
32ab9401-db2f-4e4e-86b4-fea8859b5cc5,brickeye,Digital IoT platform for construction sensors,"Toronto, Canada",https://www.brickeye.com/
9af9fc4f-5353-44e5-a62c-b83a37045796,bridgecrew,Maker of automated cloud security tooling aimed at engineers,"San Francisco, CA",
f5d9d776-a077-4e06-af3d-3e4fc613185f,bridger photonics,Developing methane detection technology,"Bozeman, MT",https://bridgerphotonics.com/
207654c6-099b-47d7-84df-41c51742802d,bright,Rooftop solar distributor,"Mexico City, Mexico",https://www.bright.com/
105b17d2-582d-45b3-98ab-12942336b062,bright biotech,Cultured meat company,UK,
d347b0e5-6e3c-458b-a35f-da5ed3ca41a2,bright machines,To make automated manufacturing systems for manufacturers of products like batteries,"San Francisco, CA",
5bc06043-4e85-4e1e-85a5-e9f3df90ea52,bright power,Energy and water management platform,"New York, NY",https://brightpower.com/
b2d1a4df-c2df-4370-908f-3ca4c3ed1e77,brightai,Monitor and manage physical assets with AI and IoT,"San Francisco, CA",
f0c44864-6f56-4a4f-bcb2-47aa928e076e,brightband,AI-powered weather and climate forecasting tools,San Francisco,https://brightband.com/
77640d99-080a-4b44-b331-653f108031e5,brightfarms,Indoor farming startup,"Irvington, NY",https://www.brightfarms.com/
fc77d743-7891-4ff5-9b41-941e2c0facb5,brightnight,Utility-scale renewables development and operations,New York City,
0ac091c6-efe0-47a9-a51f-57ce0b753af6,brightseed,Startup using AI to identify plant nutrients,"San Francisco, CA",https://www.brightseedbio.com/
ae9ff247-fb87-4ba8-a499-8e5b44c86540,briink,Automate extracting ESG-related insights from documents,Berlin,https://www.briink.com/
f63a9396-d651-4338-93ff-5b61230cc65d,brill power,Battery management software platform,UK,https://brillpower.com/
cd5566f2-e952-4573-925b-6c81857fa80b,brimstone energy,Green cement company,"Berkeley, CA",
d3f99913-ec10-43a7-9fa9-bcd712cfaae7,brineworks,Ocean-based carbon removal technology developer,"Amsterdam, Netherlands",
65c8d658-cae2-4b0e-85de-968aee062f21,bringly,Sustainable last-mile delivery provider,"Amsterdam, Netherlands",https://bringly.nl/
c406bd9c-0be2-405b-9fc6-a23f1d6208fc,brompton bicycle,Foldable bikes and e-bikes company,"London, UK",https://www.brompton.com/
9901568d-8522-43d0-acd4-049c3bafaf8e,brookfield,Investment firm,"Toronto, Canada",
78381ccc-1625-4b71-8c84-1fb62960a0d5,brookfield asset management,Investment firm,"Toronto, Canada",https://www.brookfield.com/
02d092a0-54db-400e-b0fa-490a63138d03,brown foods,Company developing milk using mammalian cell culture technology,"Delhi, India",
4ea4eb2c-6866-4bcd-b379-d7e01934ce93,brudeli,Electric truck startup,"Hokksund, Norway",
9a32a472-3843-4d26-b5ec-0eb3b0ba1966,budderfly,Energy solutions marketplace,"Shelton, CT",
55152059-c7ee-4f75-bd88-27c7d08f6f3c,build to zero,Industrial thermal energy storage company,"Seville, Spain",
a92c9264-61c6-425d-9769-1d37a3c0c85c,buildforce,Connecting skilled tradespeople with contractors,Houston,
31ea36a2-8db2-4160-aed0-14440108c072,buildings iot,Maker of building systems management software,"Concord, CA",
64f45226-e967-41e7-ab13-4a662923208f,buildops,"Management platform for commercial contractors in HVAC, plumbing, and electrical industries","Brooklyn, New York",https://www.buildops.com/
931400f0-0b8b-48ac-acd4-3a7ee0072f50,buildots,A.I.-based construction management company,"London, UK and Tel Aviv, Israel",
f58f56c8-03f0-4ec6-a29c-8002022197f3,buildvision,Construction procurement platform,"Charleston, SC",
bf1939e9-f446-4336-beb1-1087948ea697,built robotics,Automation technology solutions for the construction industry,"San Francisco, CA",
155fb922-db1d-46d3-9dd6-9563f06bc5a4,bukukas,Digitizing small businesses,Indonesia,https://bukukas.co.id/
0b6e0ed5-56f1-453e-949a-318192f7e204,burnbot,Developer of mechanized vegetation management and wildfire prevention tech,"San Francisco, CA",
dea21a07-4d76-4efd-89c4-f3b24ec924cc,burro,Agriculture autonomy company,"Philadelphia, PA",https://www.burro.ai/
c7165bc4-5985-444a-b8c9-53d12c6cc9c9,butlr,AI and thermal technology sensors developer,"Burlingame, CA",https://www.butlr.com/
2492c81a-4b01-4442-afc7-4be3c178ade8,buynomics,Revenue optimization SaaS platform,"Cologne, Germany",
e904d134-3e5e-4761-b042-cc4cfc86754e,buzz solutions,AI image analyzation maker for detecting infrastructure flaws,"Palo Alto, U.S.",https://buzzsolutions.com/
3061ccc8-1f63-4a1f-9b1a-d546644443e7,bx technologies,Food supply chain decarbonization platform,"London, UK",
0dd90a06-b373-47dc-a4e9-0d6d4378179f,bxventures,Investment firm,"New York, NY",
5f58df9c-3732-4eee-abf8-51b9e5419217,bybug,Produce recombinant proteins from genetically engineered black soldier flies,"Coquimbo, Chile",
bdce37fd-5198-447d-bc64-e108bd43bcd3,byd,Chinese car and battery maker,China,https://www.byd.com/
84dfc89c-2c04-4c71-8bb4-3ab02f09ac5f,bynd venture capital,Investment firm for pre-seed and seed-stage European ESG-focused startups,Lisbon,
85b1b685-54ab-48c2-9e05-582897869a79,b’zeos,Compostable seaweed-based packaging,"Oslo, Norway",https://bzeos.com/
d1a0e80a-f699-4737-b6ab-428a12b63ba5,c-capture,Post-combustion CCS developer,"Leeds, UK",https://www.c-capture.co.uk/
34432f81-d71b-4e4a-8500-d217bf176d42,c-crete technologies,Materials discovery for energy transition platform,"San Leandro, CA",
3bbca01f-07a5-4741-a52c-b5f8ef11f789,c-zero,Natural gas decarbonization,"Santa Barbara, CA",
f1e48cdf-a009-4a92-90b2-92d1cc0b0387,c1 green chemicals,Low-carbon chemical process developer,"Berlin, Germany",
2822c2ea-d078-4195-a459-0fe9a8d987d6,c1 green chemicals ag,Green methanol catalysis technology,"Berlin, Germany",
ed5e7148-2b31-4973-aa65-cd4206d3d668,c16 biosciences,Producer of sustainable alternatives to palm oil using biotechnology,"Somerville, MA",
0b57413e-b131-4ef2-ad36-bf04a4add185,c2ca technology,Recycled demolition concrete service provider,"Utrecht, Netherlands",
7b51359b-2bb0-425f-ad48-9b8b20afc0d9,caban,On-site power provider,"Plano, TX",
485a5431-8d8c-4e3b-8bfd-6f0dd9ee30b9,caban energy,Energy-as-a-service solutions provider,"Plano, TX",
79453aef-21f6-434a-8bc5-debc3082f97f,caban systems,Software-enabled energy storage and management systems for telecommunications,"Burlingame, CA",https://cabansystems.com/
097d203d-b476-4446-993d-32100fc50b24,cache energy,Pellets of calcium hydroxide for heating,"Champaign, IL",
78861665-b7a8-4f9b-abe3-c75410856e5d,cactos,Repurposed energy storage systems developer,"Helsinki, Finland",https://cactos.fi/
2ba1019e-f03b-4221-844f-3de24d952491,cadstrom,AI tools for electrical engineers,Montréal,https://cadstrom.com/
476d5fbe-c190-4fd2-b43d-f33f4d1eaf22,caeli wind,Platform for analyzing and marketing wind energy locations,"Berlin, Germany",
1391c251-6dd3-40db-9ff4-c862b4f4a3c7,caelux corporation,Developer of perovskite-based solar technology,"Pasadena, CA",
3a5a00ac-173e-4f6c-8232-bf4eb0c18b3b,cala systems,Producer of heat pump water heaters,"Somerville, MA",
640253b5-015d-4468-8fc6-f901e0a1c9c7,caladan bio,Streamline experimentation in synthetic biology,New York,
5fdb21a9-e860-4441-af65-7f18538b281b,caldera,Low-carbon heating technology for industrial applications,"Fareham, England",
4aafd20b-bfee-4552-ae08-253a7776a6e5,calectra,Thermal energy storage system,"Oakland, CA",
e7b83630-49d9-42c9-9c88-4a86593b3a3a,calefa,Waste heat technology provider,"Hollola, Finland",https://calefa.com/
93f2de0e-d839-4fa8-86cf-ded221612143,calice,AI-powered agricultural software platform,"Buenos Aires, Argentina",
d3cceca5-d895-41d3-bf73-b7703b1450b7,california cultured,Plant cell cultures to produce flavanol-rich cocoa,"Davis, CA",
a6dd1b3b-0507-4f04-b7f2-d9239b3f33bd,calumino,Thermal sensor technology and A.I. developer,"Sydney, Australia",https://www.calumino.com/
c1af2d4f-9e30-4005-be1a-f43bb608d418,calysta,Focused on alternative proteins,"San Mateo, CA",
70a5a5bc-66d7-448b-b343-b768eb810bdf,calyxia,More sustainable alternatives to microparticles and microcapsules,"Bonneuil-sur-Marne, France",https://calyxia.com/
34cbec95-60e5-4755-b62c-51d2a47dca35,cambium,AI and software solutions for repurposed waste wood into lumber,Baltimore,
74c9c8ae-4373-4e84-a638-7f9de39827b9,cambium carbon,Reforestation startup reclaiming wood waste,"Baltimore, MD",https://www.cambiumcarbon.com/
a7ae84e4-611c-42aa-989e-a2465ffd8d71,cambridge electric cement,"Low-carbon, recycled cement production process",United Kingdom,https://cambridgeelectriccement.com/
ace8d8db-14ea-4437-b2c9-ea58a86f60cf,cambridge electrical cement,Low-carbon cement producer,"Cambridge, England",
1f00c347-ceaa-468e-982e-dfca26464d1b,cambridge gan devices,Maker of energy-efficient devices,U.K.,
7b48e339-03f6-485a-8e9c-a619b2683c44,cambrium,Biomaterials discovery platform,"Berlin, Germany",
2dc092ae-fc62-4c90-b338-e178e91c86e3,cameo,Platform for personalized video messages from celebrities,"Chicago, IL",
7b85e740-3de0-4bab-a2da-554c8c3d3ab4,camion,Intelligence and analytics platform for power and electric vehicle charging,"London, U.K.",https://camion.com/
bddd5612-f927-40d2-9c76-eb1788776ada,campbell global,Timberland investments with carbon removal,,https://www.campbellglobal.com/
7084a876-bd36-4e11-b197-e4984bc59d54,camus energy,Advanced grid management software maker,San Francisco,
9af8b88f-34c5-458a-ac25-21b202c16999,canadian solar,Solar technology pure play developer,"Guelph, Canada",https://www.canadiansolar.com/
49a53c77-f5ff-45b3-8db3-06df18112598,cancrie,Sustainable advanced materials producer,"Jaipur, India",
63ee9f3b-809a-476f-b3a8-40c77c26c7fc,candela,Electric hydrofoil technology company,"Stockholm, Sweden",https://candela.com/
6c3ca4bb-044c-4850-88b8-027e697ebad9,canoo,Offering EVs on a subscription basis,Southern California,
e7fad307-a5ac-4940-b948-2603be5c971c,canopus,Geothermal drilling solutions platform,"The Hague, Netherlands",
0a4b2531-b167-4856-9e1a-4fd2a7ba4631,canvas,Machine learning to install drywall at construction sites,"San Francisco, CA",
7b528c02-84a8-4048-8179-0f90070bac0d,capagro,Investment firm focused on early-stage agriculture and foodtech,"Paris, France",
f8e8e174-3da9-486c-8d89-c9211ab29fe6,capalo ai,Battery energy storage systems trading optimization company,"Kuopio, Finland",
0f8dfa6c-dc9a-4661-a396-2986f9f64fb7,capezero,Financial platform for clean energy developers,"Brooklyn, NY",
91ed9387-b19f-43ef-bbc7-28e4eee25023,capow,Developer of a power delivery system for robotic fleets,"Be’er Sheva, Israel",
ec75b499-d73a-43be-a3c1-caf14965e255,capra robotics,Autonomous mobile robots for various industries,"Viby J, Denmark",
5e075eeb-b368-4a54-981f-ea236243e5df,captain fresh,Sustainable seafood business,"Bengaluru, India",https://captainfresh.com/
ccdad9e4-f992-430b-8352-b4ae45c70189,captiva containers,Recyclable PET packaging manufacturer,"Miami, FL",
32a1ed35-365f-4c82-9144-b7734e014a89,captoplastic,Microplastics capture technology developer,"Vicálvaro, Spain",
556f3c95-c4ec-4d42-85d6-8b2a21a87381,captura,Direct ocean carbon capture startup,"Pasadena, CA",https://captura.com/
39055eb7-6d36-4a95-aeaa-17ecd25fe62f,capture6,Technology that cleans wastewater while removing carbon dioxide,"Berkeley, California",https://www.capture6.com/
27c28d34-a5b6-4739-922e-39257185260f,car iq,Autonomous payment solutions for fleet vehicles,"Oakland, CA",
9d0fe927-cc6e-4fca-a29b-4554a36c7787,carbios,Enzymatic technologies for PET,"Clermont-ferrand, France",
6c46fbf3-a485-41c7-8372-de515bf673d3,carbmee,Carbon and ESG management software for enterprises,Berlin,https://www.carbmee.com/
4036ce2f-34ab-4abb-841d-6793f54b2381,carbo culture,Carbon removal startup, ,
f1750fab-c07b-4179-8206-e0fd442dc946,carbogenics,Developer of bio-additives stabilizing anaerobic digestion plant performance,"Edinburgh, United Kingdom",
12fb840e-ae31-4543-9c1c-cf2887f28dc4,carbominer,Carbon capture technology platform,"Kyiv, Ukraine",
476e559f-a73c-4601-8068-1b9cc7be3fa2,carbon america,Carbon capture and sequestration (CCS) developer,"Arvada, Colo.",https://www.carbonamerica.com/
3cd8bb38-dde1-42a3-8928-2933aa7b021b,carbon capture,Carbon removal startup,"Pasadena, CA",https://carboncapture.com/
50af0054-56f2-4142-9e9a-450bc87bc2b2,carbon capture scotland,Company capturing CO2 from organic processes,"Crocketford, United Kingdom",
6393c2ac-bf80-423d-ad50-93fb5b260124,carbon clean,Carbon capture technology startup,UK,https://carbonclean.com/
8f3f293a-a7ca-42b0-b5c5-9ead21cb59c5,carbon clean solutions,Low cost CO2 capture and separation technology startup,"London, United Kingdom",https://carboncleansolutions.com/
a6257674-8edf-4f26-a7ea-3d2471f3fda0,carbon counts,Climate change gaming platform,"Cambridge, MA",
f09db215-950d-4195-aacd-9243e765ac4a,carbon direct,Carbon management firm,"New York, NY",
7a20b4aa-4557-4756-92ce-44e4f6613b4e,carbon equity,Climate venture capital and private equity fund investing platform,Amsterdam,https://www.carbonequity.com/
647a5ef5-ad4d-4e31-ad7c-16fcc24db53d,carbon free energy cloud,Scope 2 emissions measurement and mitigation platform,"San Francisco, CA",
9f57ae85-7942-4269-84b9-6ed864613ced,carbon maps,Climate management platform for the food industry,"Paris, France",
415ff076-d3b2-4fbb-a37a-b706cb1ac87d,carbon neutral club,Incentives platform for workforce-led climate action,"Toronto, Canada",
ebd424f8-762d-441b-b5dc-aa19461d6d49,carbon re,AI platform reducing industrial emissions,UK,
fda768aa-2136-491a-9fb6-f6c93ac2ff52,carbon recycling international,CO2-to-methanol producer,"Reykjavík, Iceland",https://carbonrecycling.is/
e0b98b5c-ea34-4c9e-8958-ddd82996b2d3,carbon reform,Indoor air quality and energy efficiency direct air capture technology,"Newark, DE",
7832723d-870b-46ee-9c86-ba534305cbf2,carbon relay,AI driven solutions to data centers,"Boston, MA",
d4b12cb0-bdda-4a06-b6e0-f9656c13b198,carbon ridge,Develop of modular CCS solutions for maritime industry,"Los Angeles, CA",
ce5d06f7-f3e3-4925-b5de-bbb92a10ada0,carbon robotics,AI precision weed control robot maker,"Seattle, WA",https://www.carbonrobotics.com/
56a7b0bd-f457-482d-a7ed-bd4efa49adea,carbon upcycling technologies,Carbon utilization company producing CO2-embedded cement,"Calgary, Canada",
b3381cb4-ebb1-47e1-807d-d60d114694f4,carbon13,Climate venture builder,"Cambridge, United Kingdom",
4556058e-43dc-48ba-a915-715cf2b7f29d,carbonable,Climate-focused investment management platform,"Paris, France",
13ffac78-79bc-4529-8527-1099363dbac3,carbonaide,Carbon curing technology start-up,"Joensuu, Finland",
a3a7e4bf-e43b-49af-9984-f499d929fe3d,carbonaires,Carbon asset manager,"London, UK",
cdf4235a-3843-401e-ba2c-c6892d1d6522,carbonblue,Ocean-based carbon dioxide removal business,"Tel Aviv, Israel",
96ab797d-0f1b-442c-8970-f6b8ea5c5c93,carbonbuilt,Carbon dioxide capture tech maker,"Los Angeles, CA",https://www.carbonbuilt.com/
b99c2e18-f8f3-4c4c-b415-3d75e1906846,carboncapture,Modular direct air capture technology platform,"Pasadena, CA",https://carboncapture.com/
ee8e9cb9-cfa7-4ffc-8c10-7a6c706fcd10,carboncloud,Climate footprinting platform for food supply chains,"Göteborg, Sweden",https://carboncloud.com/
dd3234c7-3c14-4afb-9e14-686a26aab83d,carboncycle,CCS project developer,"Irving, TX",
611ad245-eaa9-47f1-a1dd-0622a9d8e2a4,carbonethics,Tech-enable climate solutions developer,"Jakarta, Indonesia",
dd4366fc-634c-42cb-8e20-4e5b1fa0978d,carbonfact,Emissions-tracking service for the fashion industry,Paris,https://carbonfact.org/
c332f30c-6ab5-4a2f-aea3-680c39a1b506,carbonfuture,Digital infrastructure for carbon removal,Germany,https://carbonfuture.earth/
1b01e94e-f4cc-419c-987b-633b46a40396,carbonhound,Carbon management software for SMEs company,"Toronto, Canada",
a08ae9c6-dd0c-40fd-aca6-c6ce4f59285e,carbonoro,CO2 capture company,"Nijmegen, Netherlands",
6f4e527d-db3e-47ac-8ebc-dea429fc14da,carbonova,Carbon nanofibers from CO2 platform,"Calgary, Canada",https://www.carbonova.com/
1f82f4c0-f6e4-422f-9ba5-dd53ae98c831,carbonplace,Carbon credit transaction network,"London, UK",
64801513-965a-4dc5-9872-4adfa3eb7d62,carbonquest,Distributed Carbon Capture technology for heavy industry,"Spokane, WA",https://carbonquest.com/
ab3af72c-a6e8-4327-b20b-719ceae88f54,carbonrun,Add alkalinity to rivers to deacidify waterways,"Nova Scotia, U.S.",
7111f552-73bd-4ec0-948f-69904e03a055,carbonscape,Biographite developer,"Riverlands, New Zealand",https://www.carbonscape.com/
048752f1-3dfc-4476-a76d-00595d573b88,carbonstop,Carbon emissions management software and consulting solutions provider,China,https://www.carbonstop.com/
c6b1592e-2ad5-4533-9d38-dc19872c4935,carbonwave,Developing advanced biomaterials from seaweed,"Carolina, Puerto Rico",https://www.carbonwave.com/
8423f8eb-ac91-49a4-bab3-1d85ed5a247b,carbonx,Build carbon black plants for graphene production,Amsterdam,https://carbonx.com/
d9632c73-b83d-4c50-81b2-8f426a07fd11,carbonzero.eco,Biochar production technology developer,"Los Altos, CA",
1f5f28ff-eec4-49d1-a238-9d0495740404,carbyon,Direct air capture business,"Eindhoven, Netherlands",https://carbyon.com/
a96869ae-eba7-4b76-bedf-b5ee4d075e5d,cargoroo,Manufacturer of electric cargo bikes,Netherlands,
ad2a6a21-dd47-44e0-a8e4-2bd4cba4c235,cariqa,EV charging marketplace,"Berlin, Germany",https://cariqa.com/
cc4fbb87-575a-43bb-9760-515a2770b45d,carpecarbon,Direct Air Capture (DAC) technology developer,"Torino, Italy",
2d06c7f9-ae25-436b-b878-ae3fcdb5a116,carrar,Provider of battery modules and thermal management systems for electric vehicles,"Sha’ar Hanegev, Israel",
8dfe2e8a-4628-4bb6-ba43-ffe2f3f354dd,cartken,AI-powered autonomous robots maker,"Oakland, CA",https://www.cartken.com/
06c1537b-8461-438a-aa67-2ed37dc56eb5,cascade biocatalysts,Sustainable chemicals platform,"Brooklyn, NY",https://www.cascadebiocatalysts.com/
516ed905-7520-4ed8-8f4f-d160f9c0ed3b,cast.ai,Cloud management software provider,"Miami, FL",https://cast.ai/
9f6c5edc-9819-4c1f-b10f-b5ddbe51a060,catalera biosolutions,Sustainable pest-control products,"Vancouver, Canada",
25075ae0-e0bd-4ab9-8616-bfcf33f20421,catalyst fund,Investments in early-stage climate companies in Africa,"Nairobi, Kenya",
b8a5c7df-e5c5-439b-a25b-b03bac8aca04,catalyxx,Bioethanol conversion technology developer,"Chesterfield, MO",
15b6deb0-13cd-452d-8f6c-36833acc11b1,catchfree,Plant-based seafood alternatives maker,"Zurich, Switzerland",
a686e192-ae09-4b4f-9976-f58f273d718b,catchwise,AI-driven predictive analytics for the wild fishery industry,"Oslo, Norway",
0d27917e-993e-451a-baa6-02180149ba8f,category ventures,VC making pre-seed and seed investments,San Francisco,
2af934b9-1d98-4f4e-a74a-2c3bb3703448,cauldron,“Fermafacturing” startup for foods and fibers,"Orange, Australia",
3d96c2c9-84cc-49c4-a8a1-bf2a266edcf1,cauldron ferm,"Sustainable, plant-based proteins","Orange, Australia",https://cauldronferm.com/
f0ccb86b-6efe-4e6d-be28-6af1301deec0,causal labs,AI weather prediction startup,,
8a7890ff-88cc-462c-828d-38d5c7df5cec,cavela,Automated product sourcing AI platform for e-commerce companies,"San Francisco, Calif.",https://www.cavela.com/
8c110bfc-e8bd-4743-964f-6addf261ceb5,caveonix,Compliance and security cloud company,"Falls Church, VA",https://www.caveonix.com/
cd0c2765-7901-41a8-bd8d-a9e6093d91e5,cavnue,Autonomous roadways company,Washington D.C.,https://www.cavnue.com/
764ee60f-5986-49e7-b262-9539d881838f,cecil,Platform for managing carbon and natural capital assets,Australia,
0f9b515d-7750-49ae-8b4a-289b68bbee80,cedara,Carbon intelligence platform for the media industry,"Austin, TX",
01419f1c-9f3d-415f-84ad-bf8aed788084,ceezer,B2B carbon credits marketplace,"Berlin, Germany",https://www.ceezer.com/
cfdd4dd8-7918-4f06-8bb3-cd2038e85431,ceibo,Copper extraction technology,"Santiago, Chile",https://ceibo.tech/
8a8c35ac-ebb0-420a-828c-6817419f0c3f,celadyne,Developer of fuel cells and hydrogen solutions,"Chicago, Ill.",https://www.celadyne.com/
c7f0e467-d8f1-4c1b-9dad-76d2540d1301,celest science,Climate risk assessment platform,"Paris, France",
6cedef3e-7377-4823-891f-23e3f4383739,celestial ai,Creator of the Photonic Fabric optical interconnect technology platform,"Santa Clara, CA",
5ea91c2a-047a-4b84-93c3-c78008425725,celigo,Integration platform as a service,"San Mateo, California",https://www.celigo.com/
2e2a71df-c9a8-4f12-9280-0f7042d824b8,celleste bio,Cell-cultured cocoa ingredients,"Tel Aviv, Israel",
bd17f150-bb79-4f93-a511-d975850031a0,cellfion,Developing bio-based membranes for energy storage and conversion devices,Sweden,
0cd792fa-f474-4881-b2bf-c23c658e45b5,cellink,Flexible circuits for clean energy company,"San Carlos, CA",
41fb9076-e3a6-46be-9f7b-f8087a411486,cellmeat,Alt shrimp maker,South Korea,
6399a888-ca5c-4599-ab20-844e742e5a89,cellmine,Lithium-ion batteries recycling platform,"Livingston, UK",
c57f43e7-d79b-4c27-91fe-28a2f21434c9,cellqua,Cultivated seafood start-up,"Songnam, South Korea",
5989116a-cff6-466b-a1fb-440a570a3e00,cellva ingredients,Cellular agriculture platform,"São Paulo, Brazil",
0284b26a-7dff-4f95-b40d-b2e00d5af255,cemvision,Sustainable cement production platform,"Nybro, Sweden",
2cb0f75d-44fd-46eb-900d-0216b2598220,cemvita factory,Biotech startup using microbes to turn carbon dioxide into useful products,"Houston, TX",
0b170f46-d761-4928-9134-1e74c03e182e,certa,Procurement platform with ESG management tools,"San Francisco, CA",https://www.certa.com/
792419d4-da1b-45d5-a986-61577688d6ca,cerv e,Food waste and efficiency platform,"Göteborg, Sweden",
73f96e90-4812-496d-95c6-5872cc94f918,cerve,Digitising the global food supply chain,London,
d1f8e037-557b-422f-887f-7f5295f8c5da,cervest,Earth science AI company,U.K.,
b85668fb-169e-4954-af76-513f43558b52,cetogenix,Developer of organic waste to renewable energy,New Zealand,
eb86c0d7-c93f-4128-8483-bd10a935c6b1,cf pathways,Carbon credits and risk management provider in the energy and environmental markets,UK,
7b753b7d-ff31-4246-ad43-4e7108652f81,ch4 global,Company using seaweed to reduce methane emissions,"Henderson, Nev.",
c83e31bd-7f34-4cea-af1f-249edbf6a048,chain.io,Cloud-based supply chain integration platform,"Philadelphia, PA",https://www.chain.io/
f08e8081-b51f-4210-8c2b-47faca541a86,chaincraft,Developing biochemicals from organic waste,Netherlands,
310ac52d-3d36-40a7-b77e-f38e10c91ba8,chainguard,Supply chain software security company,"Kirkland, Wash.",https://chainguard.dev/
f0f25811-8c0e-435f-ad7b-a09db7179454,change foods,Vegan cheese company,"Palo Alto, CA",https://www.changefoods.com/
2c71e2d0-5f6c-42ec-a9f2-6840989223ca,chapter,AI-powered operating system for knowledge in sustainable energy,Amsterdam,https://www.chapter.com/
8a61e027-bbb3-411b-b67b-09928b2047c4,char.gy,To expand its EV charging network,London,https://char.gy/
506df315-7b5d-4fd1-bba6-4b32760d98e6,charbone hydrogen,Green hydrogen producer,"Brossard, Canada",
e8c83bd1-6938-4410-b760-5f1ae378a145,charge,Developer of electric charging stations for e-bikes and e-scooters,"NYC, NY",
33e7f66d-3177-47de-9a44-bba7e99ea8f5,charge amps,Green-tech company and maker of EV charging solutions,"Solna, Sweden",https://chargeamps.com/
fe107293-30fe-49d9-b333-7956f41c30f5,charge zone,Fleet electrification and retail EV charging platform,"Vadodara, India",
e4f60f04-59ec-4805-b9e0-12763ff0f103,charge+zone,Fleet electrification and retail EV charging company,"Vadodara, India",https://chargezone.com/
06fc5d24-bd5a-45c8-b8f6-24602b86ed69,chargeeuropa,EV charging infrastructure,"Warsaw, Poland",https://chargeeuropa.com/
a1df1c0c-4f7a-44bf-b0ef-ba6f8b3ae316,chargelab,Developer of EV charging operating software,"Toronto, Canada",https://www.chargelab.co/
ad5a6960-bd6b-4028-9c74-49bcadc9a8e1,chargenet,EV charging startup,"San Francisco, CA",
95dffaed-191b-4b2b-b2f6-4a2239599b4e,chargepoint,The world’s largest electric car charging network,"Campbell, CA",https://www.chargepoint.com/
767b7843-48da-4a59-9216-7be35bfcc376,chargerhelp,On-demand repair app for electric vehicle charging stations,"Los Angeles, CA",https://www.chargerhelp.com/
c0bc8878-1e7d-4447-91f1-b05c1bb66d71,chargerhelp!,Maintenance and workforce development for electric vehicle charging infrastructure,"Los Angeles, CA",https://www.chargerhelp.com/
6b7a1268-cf4e-432f-a42a-287a586c7c50,chargetrip,EV navigation software provider,"Amsterdam, Netherlands",https://chargetrip.com/
aa64986c-ed2d-4bc1-a9b8-19d32d54db67,chargeup,EV battery swapping network,India,
873e9314-c19d-4023-a00e-af5c670e2c1e,chargex,EV charging system operator,"Munich, Germany",https://www.chargex.de/
2d9ac345-a583-4f49-98e9-487459059d5f,charm industrial,Carbon removal technology company,"San Francisco, CA",https://www.charmindustrial.com/
31556b85-bf83-430f-b19c-5232590a29ea,chasm advanced materials,Developer of carbon nanotube hybrids,"Canton, MA",
90814a9c-755c-4b46-a524-79029813bda8,checkerspot,High-performance materials company that designs materials at a molecular level,"Berkeley, CA",
f149aac2-b64c-40b4-92da-fc85b1d13e63,checksammy,Waste removal and recycling services provider,"Dallas, TX",
ac5b3ae3-df4a-411f-8596-65d1bdd5383b,cheesecake energy,Energy storage startup,UK,
48b3cd05-0ac1-4458-af8c-a1bc441c9f1e,chemix,Use AI to accelerate EV battery innovation,"Sunnyvale, CA",
c2c2e7bb-bbfe-48f6-9495-fcbf10b7d5b8,cherry street energy,Providing solar energy solutions,"Atlanta, GA",https://www.cherrystreetenergy.com/
f7aef0ac-2d76-49d2-87d1-7259e9ae5804,chestnut carbon,Carbon removal company,"New York City, NY",https://www.chestnutcarbon.com/
7118a156-37d4-493d-986f-c7224b78e732,chilibeli,Commerce platform for farmers and suppliers,Indonesia,
45c73e15-696a-4ac0-9f84-082724fa0f88,chilye,Startup developing high-voltage battery systems for EVs,China,
af3cb940-95bb-41fe-99b7-01e3f63cd72a,chooch.ai,Computer vision startup,"San Francisco, CA",
e0abd684-e9db-40ed-9655-fa5b3de21225,chooose,SaaS platform enabling enterprise to integrate climate action into customer experiences,Norway,https://chooose.today/
6747202a-8ad3-4146-8210-260814a36a90,chopvalue,Company recycling chopsticks into durable materials,"Vancouver, Canada",https://chopvalue.com/
77b6bec7-331a-455a-a9e9-d21565248b6d,chopvalue manufacturing,Recycling chopsticks into durable materials,"Vancouver, Canada",https://www.chopvalue.com/
806b22fd-37c7-4806-b97c-ef2a2b7a8c78,chorus.ai,Sales conversations intelligence platform developer,"San Francisco, CA",
b82b88dc-ae48-4547-a1f9-ad1355ad3ab0,chroma,Open-source embedding database provider for generative A.I.,"San Francisco, CA",https://www.chroma.com/
0b16be59-a8da-4a01-ac23-4a4491caf033,chromologics,Developing natural food colorants from fungal fermentation,"Søborg, Denmark",
55cbde4c-0c24-4073-a670-932bea837ed5,chronosphere,Cloud-based applications monitoring company,New York,
b432fcc6-2bd8-4fba-8421-5980290c9a0e,chrysalabs,Soil quality assessment technology developer,"Montréal, Canada",
1e162a71-0767-403b-9497-288deda5b238,cibus capital,Invest in sustainable food and agriculture companies,"London, U.K.",
b9eb5f8f-e0e1-4e4a-bc68-1a19a7846a43,cim,Property operations decarbonization platform,Ireland,
f36995fe-fa90-4558-ac4b-100df4ad0712,cimico,Biotechnological wastewater treatment platform,"Donostia-San Sebastian, Spain",
aed327ef-e894-4139-8228-7116cf88d944,cinsoil,AI- and satellite-powered MRV tool for soil carbon,"Berlin, Germany",https://cinsoil.com/
61460fa1-126a-455c-992c-0f44bce63ec9,cintoo,Reality capture data management platform,"Biot-Sophia Antipolis, France",https://www.cintoo.com/
8dd8887d-5631-4a20-9b69-7df3c1a5bb9b,cirba solutions,Battery management and materials processor,"Charlotte, USA",https://www.cirbasolutions.com/
c0f96ce7-f65f-41a9-8055-589c96675ac5,circ,Circular fashion company recycling fashion waste into textiles,"Danville, VA",
3a2c8c2a-9b2e-44d3-9dc8-9adfad8a6799,circadian technologies,Energy management system provider,"Berlin, Germany",
7fd5c69d-c199-41cb-a160-a2a968c85224,circe,Carbon-negative manufacturing company,"Boston, Mass.",https://www.circe.com/
ac07ed70-0c07-4dbb-a805-d267680c59c9,circonus,Data analytics and monitoring platform for businesses,"Fulton, MD",
845483a9-41d1-4c19-9fe3-7c7a7ab9cf35,circtec,Tire recycling facilities using pyrolysis technology,"London, U.K.",https://www.circtec.com/
7b1f522c-8b22-4230-bd5b-900f4a1f290a,circu li-ion,Battery recycling platform,"Hesperange, Luxembourg",
1f22e480-0f7f-44f4-bc60-431287958e5f,circuit,Electric shuttle service,UK,
900fbb00-928e-46a5-8704-eb8ae289b989,circuland,Digital Material Passports for construction,London,
c7a9e4c2-0b8f-450b-9326-424c6c11fb1b,circular,Circular economy digital tools platform,"San Francisco, CA",
622f81f1-6450-4b71-8de6-316894a05e49,circular brain,Electronic waste lifecycle management platform,"Jundiaí, Brazil",
bd543def-1c09-4681-bb84-de57ffac2c80,circular.co,Platform for buying and selling post-consumer recycled materials,"San Francisco, CA",https://circular.co/
2965f1ca-355b-405a-90c2-83eca0b9dced,circularise,Blockchain-based plastics recycling tracking platform,"The Hague, Netherlands",
fd4a85b7-eea6-48cd-97d9-d538a08c8584,circulate capital,VC fund investing in innovations to combat plastic waste,,
94d61678-4649-4417-82f3-981b007cdd15,circulor,Supply chain traceability and CO2 tracking,London,https://www.circulor.com/
de381e27-4922-49c1-8e5f-68252e0989d0,circunomics,Circular battery platform,"Mainz, Germany",https://www.circunomics.com/
c4a55743-c162-4dc8-b8da-d14dcfa79d75,citrine informatics,Developer of a materials artificial intelligence operating platform,"Redwood City, California",
3d98932f-6219-4c9d-8130-4b4ce45260da,citron,Building energy transition company,"Suresnes, France",
b4358321-8b2d-4b52-a006-36a1820e991e,citroniq,Carbon-negative materials and plastics,Houston,
f9062ecb-ee37-4603-939c-55d4223547eb,civ,Debut fund for critical infrastructure investments,"Venice, CA",
d3dc2c48-0fb6-443d-8257-43c0df67d972,civ robotics,Autonomous surveying solution for civil engineering and infrastructure projects,"San Francisco, CA",
3b82a912-0f81-4964-83d6-6f1daefe6994,clairity technology,Low-cost carbon dioxide removal systems,"Los Angeles, CA",
ad8fe209-7895-4274-82c3-83a41f5bd7ed,clarity ai,Platform for determining the social and environmental impacts of portfolios,"New York, USA",
07ed39dc-2c5c-4add-95b5-57105a2502b6,clarity movement,Air quality monitoring company,"Berkeley, CA",
fd9aa650-de80-4beb-943c-33f9b75ecec0,clarke valve,Developer of energy-saving shutter valves,"North Kingstown, RI",
f3abd71b-b60a-4eb0-8910-a0ce5dae7370,claros,Provider of a power management platform optimizing energy delivery and consumption at data centers,"Mclean, VA",https://www.claros.com/
6750dd8b-0baf-4a23-baca-778401af5d3a,claros technologies,Advanced materials company,"St. Paul, Minn.",https://www.clarostech.com/
cf2795b0-9126-43f5-8cf5-5b9c4b0283b0,claroty,Industrial cybersecurity platform for highly automated production sites,"New York, USA",https://www.claroty.com/
c2249ac3-f07f-473a-9127-0f57040029fc,class8,Manage fleets for trucking companies,"Toronto, Canada",
16258287-714a-4237-afe6-8d77eeca652d,clean crop technologies,"Startup using cold plasma technology to increase crop yields, improve food safety, and reduce food waste","Northampton, MA",https://cleancroptech.com/
a75859cc-e581-450b-a1f6-c85b965101ee,clean electric,Provider of energy storage solutions,"Pune, India",
59f9384a-7a9f-4c6a-b019-2970549d3fa9,clean energy terminals,Offshore wind terminals construction,"Valencia, CA",
4e6c2a83-45a8-4bff-9cb6-a1f6d6354159,clean energy ventures,Invest in decarbonization hardware startups,Boston,
dbae4bca-a5dd-4d8a-9b8e-27ba010e897f,clean food group,Sustainable oil and fat alternatives,"London, England",
5b2dbb9a-1797-4a10-8ce9-3d121e043077,clean kitchen club,Plant-based restaurant chain,UK,
53f13546-8a0d-4bd5-9a46-b4a45c80956f,cleanarc data centers,Hyperscale data centers,"Austin, TX",
bdd9ab17-3379-4b8f-84a5-1f93a8ee3a58,cleancapital,Invests in and operates solar and energy storage projects,"New York City, NY",
e654ab95-024a-4ada-a671-f4e14137d94b,cleanchoice energy,Clean-tech company,"Washington, D.C.",
45a47a16-358e-445c-8b6e-1bca524d01b8,cleanfiber,Provider of carbon-negative building installation from recycled cardboard,"Buffalo, NY",https://cleanfiber.com/
d87e7196-a790-4f07-a9bc-99d118897aef,cleanjoule,Sustainable aviation fuel company,"Salt Lake City, USA",
8d629df8-8113-4b2d-ac50-79414bc2ac2d,cleanlab,A.I. accuracy boosting platform,"San Francisco, CA",
a1f6322a-2441-4a10-bb96-58ce4f63a97f,cleano2 carbon capture technologies,Carbon capture technology company,Canada,
85e86f32-fcca-4d01-9fc9-e24097217f75,cleanrobotics,AI recycling sorting company,"Longmont, CO",
91c8b1a2-c5b2-490c-bed8-b9557f458d28,clear current,AI-powered virtual energy management platform for enterprises,"Albuquerque, NM",
72801ac3-acb1-4797-9d71-641916464c19,clear labs,Maker of a sequencing diagnostics platform,"San Carlos, CA",
375490fe-22a2-4abf-b1b9-161e32659254,clearcogs,Platform to reduce food waste in kitchens,"Chicago, IL",https://clearcogs.com/
100f8460-3af5-4936-a6d3-b06b34aeeb0b,clearflame engine technologies,Developer of clean combustion engine technology,"Woodridge, IL",
0c77b7d7-49d2-44da-a404-7a35ce11661e,clearflame engines,Powering heavy-duty engines with low-carbon fuels,"Woodridge, IL",https://clearflameengines.com/
72d95e25-6af1-4ff3-8466-ea4175d28671,clearleaf,Agricultural emissions monitoring and analytics platform,"San Pedro, Costa Rica",https://clearleaf.com/
1ac1944a-5a9a-4385-8a35-d5bb1122e9e6,clearly,EV fleet management software,London,
c56fcb6f-3b91-44a9-93d9-807dded97cae,clearstory,Change order tool for the construction industry,"San Francisco, CA",
0da6a04b-5c7b-4bf0-a83c-52c40eadeea5,cleartrace,Maker of software with automated energy and carbon accounting,"Austin, TX",
becb3794-5dfb-4ba1-826c-8a2d26f25a5c,clevergy,Energy consumption optimization platform,"Madrid, Spain",
79bbe466-6dcc-4aae-9bfe-016174a2cf0b,cleyrop,Turnkey data platform for companies and institutions,"Paris, France",https://cleyrop.com/
816f23d7-7431-4fc7-8d82-43945a74a67f,clim8 invest,Investing app focused on combating climate change,UK,
9dc3fdb5-5992-43f0-8dad-08c5c64b4d81,climacell,Weather intelligence platform,"Boston, USA",https://www.climacell.co/
ca2bb00c-8a17-4a82-a683-6cf438743703,climate alpha,AI-powered climate analytics platform,"Singapore, Singapore",
9a5a1175-0658-4c32-8be6-80768ee6d3a3,climate change crisis real impact i acquisition,SPAC led by Mary Powell and David Crane,,
0a158f5d-e946-482a-abb6-19072b517392,climate policy radar,Platform to track climate change policy and law,"London, U.K.",
3e3e8ec7-0c56-4bfa-aa3b-fcf44a2a8aa9,climate tech partners,Debut climate startup fund,"Sydney, Australia",
4c394bcf-3661-45c0-beb4-6d3cbfa41616,climate vault solutions,Corporate climate sustainability platform,"Seattle, WA",https://www.climatevault.com/
f0a3c1a7-bbbc-4d28-a7e7-3a35152d2a11,climate x,Climate risk analytics provider,UK,
84df1707-a44a-481e-95e4-51b6bc793dae,climateai,Climate risk modelling startup,"San Francisco, CA",
e001e8c8-3a7e-46ff-b36c-79614ba61d4f,climatealigned,AI-driven sustainable finance platform,"London, UK",
57957f2b-82e6-46cb-9488-ff05b657fbfa,climatecamp,Collaborative platform to reduce Scope 3 emissions,"Antwerpen, Belgium",
3ed0956a-c89c-46fc-926f-8946f373b3f4,climatetrade,Blockchain-enabled marketplace financing certified carbon offsetting,Spain,
d14ae93a-7d05-4230-80bf-4867b8058d33,climateview,Climate transition planning and simulation platform,"Stockholm, Sweden",https://www.climateview.global/
02e9cb38-f89d-4e8b-8d31-7e18770e50d8,climatiq,API platform tracking companies’ carbon footprints,Germany,
244ff27e-20e7-4311-a25a-b48c5ec60ed2,climavision,Weather services and intelligence platform,"Louisville, KY",https://climavision.com/
27d15e1e-a92f-417e-a012-7b820a1e2365,climax foods,Plant-based cheese business,"Berkeley, CA",
17a4afb3-6154-4de4-91fc-22017e146865,climeco,Management and development of environmental commodities advisors,"Boyertown, PA",
d20a887e-cc7a-4075-9d32-0d66e4bf77d0,climes,Brand-based consumer offsetting platform,India,
c829f5a8-434e-4c4b-ab6f-a1b5a05e501a,climeworks,Converting carbon dioxide from the air into a solid state,Switzerland,https://www.climeworks.com/
babd3694-d1a8-4d28-9154-c06f5f7ad970,cling systems,Battery marketplace and logistics startup,Sweden,
ac7b219c-ee36-4921-8ce1-d52d14dd9696,clip,Bike to e-bike conversion device developer,"Brooklyn, NY",
95476a30-fcb3-4aae-8b4b-7fefc6768b7f,clir renewables,Renewable energy software company,,
490ee9fe-f49e-4cd5-82ae-15476d80100f,clobotics wind services,Wind turbine inspection services,"Esbjerg, Denmark",
53a2a66b-427a-4d82-8040-7d6c74ef2748,clockworks analytics,Smart building analytics platform,"Somerville, MA",https://www.clockworksanalytics.com/
f1d1b1e2-3e00-4652-8b6a-54cc9c545633,cloover,Solar software and financing software,"Stockholm, Sweden",
cdfd9e05-e6f0-4963-80e0-3093c07c8c99,cloud agronomics,Agriculture insights startup,"Boulder, CO",
77dff612-0364-44e1-a369-d224c818400a,cloud paper,Maker of tree-free paper products,"Seattle, WA",https://cloudpaper.co/
409d6ab2-d214-48e3-97dc-53620f9546e7,cloudflare,Cloud infrastructure and security provider,"San Francisco, CA",https://www.cloudflare.com/
1b9a1b83-a144-4dc7-884a-6fec21223fff,cloudline,Aerospace startup,"Cape Town, South Africa",
aa15cced-bc31-4634-ab53-8993e14de07d,cloudtamer.io,Cloud management software company,"Fulton, MD",
ddca20f0-05d1-4ca8-b5d7-e5dbcf34fe85,cloudtruth,Cloud configuration management platform,"Boston, MA",
e9fe4a5c-f863-437a-b3fe-0358397f6e01,cloudzero,Cloud cost intelligence platform,"Boston, Massachusetts",
a667c52c-0095-4583-972b-60d2b78eb429,cloverleaf infrastructure,Clean power data center campus developer,"Seattle, WA",
ccef6881-2d6a-4972-8ff5-97986d134617,cloverly,Developer of APIs for companies to measure and offset carbon emissions,"Atlanta, GA",
0e80df22-c9c5-475b-82a9-3dc37b300a69,clyde hydrogen,Green hydrogen producer,"Glasgow, Scotland",
ed8f2da0-92d8-4aa9-b9d1-28f8476a23e9,cmblu,Organic solid flow batteries developer,"Alzenau, Germany",
d6abf02b-4cfb-436f-8d24-2595c5e838ac,cmc machinery,Sustainable packaging maker,Italy,
2f755aaf-4017-4eb9-910a-a932361fc531,cnaught,Carbon credit marketplace,"San Francisco, CA",https://cnaught.com/
d633aeef-a552-4010-82e1-737411b729c4,co-power,On-site solar and battery systems,"Munich, Germany",
a008237a-565f-4c93-b2d2-fe053301ffff,co2 ai,Platform where companies can measure their carbon use,"Paris, France",
799a3646-7368-489a-8b89-7390b91fe4c9,co2 lock,Carbon removal and storage technology developer,"Vancouver, Canada",
b385780b-21dd-4867-bbb2-3badb36f64ac,coco robotics,Zero-emission last-mile delivery robots,"Santa Monica, CA",
e3a5e606-63bd-4fb3-be30-cc050585cd9f,cocoli,Sustainable furniture marketplace,"Berlin, Germany",
427f5191-bc80-450e-9c52-c9b440441124,cocoon,Decarbonization company for the steel and concrete industries,"London, England",
1a1cfc88-ea8a-409b-864d-e923fe0b7448,codat,Maker of software for small businesses to share business and financial data,"London, UK",https://codat.io/
dfd17a84-b015-43f9-a3f1-0b8f15a4ea45,codegreen solutions,Provider of energy management and sustainability services,New York,
2a1584c2-de12-45b7-8f6f-f0fd3d3379d8,codesandbox,"Startup enabling teams to prototype, build and host web applications","Amsterdam, Netherlands",
a3c5513b-56e4-4dcc-8bc8-0ebeba919d96,cofactr,Supply chain and logistics management software for electronics,New York,https://www.cofactr.com/
28007601-62a5-4b8f-981c-65179ce0a43d,cognite,Industrial software company,Norway,https://www.cognite.com/
464f7e20-cd22-4652-8450-e60192c41199,coiled,Machine-learning and A.I. data company,New York,https://coiled.io/
e8e1ab9c-3fe4-454e-aede-2662b66d2a34,coinspect,Food safety startup,"San Francisco, CA",https://www.coinspect.com/
7296d46e-7460-49ab-84f5-dda4bc39721a,cold,Assess and reduce carbon footprints,Minneapolis,https://cold.com/
c6a7076d-4a34-430f-9ea8-703a049b9cb6,collab fund,Prominent investor in climate tech companies,"New York City, U.S.",
37846f1c-395b-41c2-92fa-a0f201a41d42,collectiv food,Fresh products supply chain company,"London, UK",https://collectivfood.com/
ba9dba92-ccf2-44cb-a802-b3d0a7a32c75,collectivecrunch,Analytics platform for sustainable forests,"Espoo, Finland",
32a611c1-be76-4742-8d27-9be2f3b6c551,collide,GenAI platform for the energy industry,"Houston, TX",https://www.collide.com/
4307e654-5d08-47e1-a044-76b619a5a952,colorfix,Organic fabric dyeing company,"Norwich, U.K.",https://www.colorfix.com/
f61318b0-274a-483c-aec2-2923c8a191e5,colorifix,Company removing environmentally hazardous chemicals from the textile dyeing and fixing process,"Norwich, UK",https://www.colorifix.com/
bc8e0e09-b0e4-4d41-8687-662622bc9d89,colossal biosciences,Genetics and biosciences platform bringing back the Dodo and woolly mammoth,Dallas,
a005f614-2b7d-40e4-bff3-49c56bdca868,colossus,Solar software and marketplace model startup,"Boston, MA",
6c496990-5438-4485-9435-4244d8003e25,columna capital,Invest in food and agriculture,"London, U.K.",
661ec86e-62a7-4774-b32b-e5f76bedf2d6,comet bio,Ingredients created from crop leftovers,Canada,
b06174a6-ce41-495d-bd4c-965043c6d442,common energy,Provider of a SaaS platform to manage distributed generation projects,New York,https://www.commonenergy.us/
1b49473f-f466-476d-a49b-d3876ecd69cc,common heir,Sustainable beauty brand,"Los Angeles, CA",https://commonheir.com/
f5692d8d-cc7d-49dd-9aaf-75be8731e858,commonwealth fusion systems,Build compact magnetic confinement fusion power plants,"Cambridge, Mass.",https://cfs.energy/
7e599a7d-47aa-4756-a971-485a8f4bf79a,compact membrane systems,Developer of membranes for industrial carbon capture,"Wilmington, DE",
3f6b1db2-ee8d-49a1-84d9-4a3b06973242,compagnie maritime monegasque,Ethanol-powered boats,"Rio de Janeiro, Brazil",
4ab997f6-396a-4507-8236-0dd0e03e3f47,companion.energy,Manage energy use and buy carbon-free electricity,"Ghent, Belgium",https://www.companion.energy/
02ecf66e-05af-42aa-bd3f-16a73504225a,company a,Innovative tech solutions for businesses,"San Francisco, CA",
055c618c-eb8b-451e-9ddc-81faa5fa709a,company b,Healthcare AI platform improving patient outcomes,"New York, NY",
6c72bcac-ab37-4005-846e-487206563297,company c,Eco-friendly packaging solutions,"Los Angeles, CA",https://www.companyc.com/
f665d9b6-a073-477f-bf99-90b07b5d2d28,company d,Cloud-based financial services,"Austin, TX",https://www.companyd.com/
625452da-3b18-418f-b111-4ddf07e1e9ae,company e,Blockchain analytics for supply chain,"Toronto, Canada",
9ec6d013-6aac-4135-8c3f-adc272fa8428,company f,Mobile app for home automation,"Chicago, IL",
f19e5017-7462-4bfa-9a90-58e39ce8ca21,company g,Online learning platform for professionals,"Seattle, WA",
810ae79c-fedf-4cb7-96d3-78f3dc122425,company name,Tagline,Location,
8ad53784-65de-4f3b-80a0-ad3e815dd65f,complete solaria,"Solar technology, services, and installation company","Fremont, CA",https://www.completesolaria.com/
a072c946-7306-417d-af43-4747a1ba3402,compound foods,Conserving carbon by producing coffee through molecules rather than beans,"San Francisco, CA",
0dc7e3ef-ee36-4239-ab30-c1eb647e6dd3,concert bio,Optimizing microbial ecosystems for hydroponic systems,UK,
bb7051e2-1511-4d4c-82cd-dc94665115ed,concourse labs,Automated cloud governance company,"New York, NY",
25c87fa0-1038-47b0-81e1-0808eb51da8d,concrete4change,Company that captures CO2 and mineralizes it in concrete,"Nottingham, U.K.",
0e897c27-2e77-4941-99f8-1c6a40b01c4a,concretene,Developer of concrete alternatives combining graphene and concrete,"Manchester, UK",
413f1cdc-bd93-4742-ad40-32fab2acc6c2,condoit,Software for electricians to manage electrical data,"Birmingham, AL",
0dd7504d-6442-4a05-ab17-2d3609e6216c,conflux technology,Heat exchangers with additive manufacturer platform,"Waurn Ponds, Australia",
c666b847-7017-464f-a97b-c8412b24388f,congruent ventures,Early-stage climate tech investor,"San Francisco, CA",
93233689-92af-4952-a442-508dc28a0f3e,conifer,Electric hub motors free of rare earth elements,"Sunnyvale, CA",
6404632c-dcef-4d79-b9f5-4d43156c47fb,connect earth,Data platform for sustainable finance,"London, UK",
81ef4fcd-90b8-4291-89a5-34ce11a00740,connect homes,Maker of pre-made homes and models,Los Angeles,https://connecthomes.com/
a6a7ae43-d03c-4776-88f5-bb6498bdc5b5,connectder,Meter socket adapters for solar panels and EV chargers,Philadelphia,https://www.connectder.com/
d3214b8c-516c-4a84-ae78-0e870ca5e5e6,connected energy,Provider of energy storage systems using retired EV batteries,UK,https://www.connectedenergy.com/
e255dba1-d11b-4b0a-b9ec-8d09101699d5,connecterra,Improving the dairy industry with predictive intelligence,Amsterdam,https://www.connecterra.io/
6ea38e60-46cc-431f-b98f-3912da686630,conry tech,Modular air-conditioning units for commercial buildings,"Melbourne, Australia",https://conrytech.com/
bc3872a8-75c1-4924-b61b-827b12e4bb38,conservation labs,Smart water monitoring technology company,"Pittsburgh, Pennsylvania",
5c1ca4b3-8d3f-440e-a4f9-042b1a41e9dd,conservation resources,Impact investments in timberland and farmland,"Exeter, NH",https://www.conservationresources.com/
0b945427-4855-486f-84fc-f4bfda6c53d3,constellation energy,Nuclear energy projects maintenance and expansion,"Baltimore, U.S.",https://constellation.com/
32f19946-5ba7-4125-b20b-dfa873bdce0b,constellr,Thermal satellite data platform,"Freiburg, Germany",https://constellr.com/
a9162b9e-782b-404a-8b6b-8c69d851cc2a,contextual ai,LLM builder for enterprises,"Palo Alto, CA",
c2c5607b-91ef-45c2-bc04-31d2347fa8fc,continue ai,Sustainability intelligence platform,New York,
798351fb-11b0-4298-b6d5-906858be3399,continuum,Metal recycling and supply company,"Los Gatos, CA",
dbccb0d2-b166-4fe2-8dea-31011d4e07a6,continuum ag,Soil health data startup,"Washington, IA",
a452d19c-2fd1-4526-9945-0274bbe4780e,continuum green energy,Renewable energy group,"Mumbai, India",
132abac8-f10d-47af-97d1-b8f95ac41fd0,controlled thermal resources,Direct lithium extraction technology developer,"Imperial, CA",
7f47270e-5ac4-48fb-9f68-8a5a6241ed31,converge,Construction materials decarbonization startup,London,
09aa7a75-42da-4c49-b812-786d486ecdf1,cooks venture,Heirloom poultry startup,New York,
f41317bb-2580-4dd7-84bb-53977abb7033,coolset,Automated decarbonization platform for SMEs,"Amsterdam, The Netherlands",https://coolset.com/
1fff880d-a192-450d-a9e5-77a761fc8371,copeland,Provider of climate software and solutions,"St. Louis, MO",
6a00f78e-1ee6-4151-bae0-928ce0e25f53,copenhagen infrastructure partners,"Invest in wind farms, solar parks, and grid-connected batteries","Copenhagen, Denmark",
0f25e0e6-63fd-486a-8f21-d0c80c64f4cd,coperniq,Workflow software designed for solar and energy contractors,San Francisco,
de781d8e-6f2e-4625-92f0-9f75de165990,copper labs,Wireless energy management solutions,"Boulder, CO",
1ea0c871-016c-418d-9f5c-d481366e1834,copperstone technologies,Robotics platform for mine site inspection,Canada,
429f26e5-a4cc-4334-988d-27c0be1fbf47,coral vita,Focused on coral restoration techniques,"Freeport, Bahamas",
cfccb67f-1a9c-4a50-93ce-abd4681e3771,coralogix,ML-powered log analytics solution,Israel,https://coralogix.com/
6750d81c-78ec-423a-ae64-58559bcd1f7b,cord,Annotation automation for computer vision,London,
117402df-04df-4e9f-a233-b770e7bb449b,core-power,Developer of a marine Molten Salt Reactor,"London, UK",
06151934-d632-4193-80ed-d5c14fc9d723,corepower magnetics,Magnetic solutions company for electric vehicles and the grid,"Pittsburgh, PA",https://www.corepowermagnetics.com/
381cf1ca-a287-4d4c-bd6a-baf7a4a21d34,coreshell,Silicon anode battery technology for EVs,"San Leandro, California",
00b1c66c-4fd9-4695-96d8-8c2afb14aa26,coreshell technologies,Developer of nanolayer coating technology for rechargeable batteries,"San Leandro, CA",https://coreshelltech.com/
2b212da2-1dc0-4b9e-8023-05d10028b454,corestack,Software-as-a-service provider,"Bellevue, WA",
0d20ab76-4a39-4f4f-8307-c013cca526a3,corinex,Broadband over power lines solutions,Vancouver,https://www.corinex.com/
b929c70d-68fa-4193-918b-33b327837361,cornish lithium,Lithium exploration and development platform,"Penryn, United Kingdom",https://www.cornishlithium.com/
8ea0ac35-bc5b-4271-9e3c-b8ca3e792b86,corpower ocean,Wave energy conversion technology developer,Stockholm,https://www.corpowerocean.com/
dcf99aac-f229-4f1f-9542-55aaf6f29b23,correntics,Climate risk analytics platform,"Zürich, Switzerland",https://correntics.com/
5916dba3-755f-44c9-8165-e2d3a91375d6,cortex,Building decarbonization software company,"Nashville, TN",
35841a13-8a72-4b2a-9d88-154ac6e05c41,cosmic aerospace,All-electric passenger aircraft developer,"Centennial, CO",https://cosmicaerospace.com/
1368d5ed-3234-437b-8b6e-58d03c3e01e8,cosmic robotics,AI-powered robot developer for critical infrastructure,"San Francisco, CA",
a93ba15c-ba88-4d7c-8e95-a49228849389,cosmos innovation,Perovskite silicon tandem solar cell technology developer,"Singapore City, Singapore",
86f1b67d-5866-4aa4-a52c-b97938045bd9,cotierra,Decentralized biochar producer,"Zürich, Switzerland",
5a7811b7-d7ee-4533-ab60-faa9da1be718,cottage,Building additional housing on existing properties,"San Francisco, CA",
32112edf-418f-4e7e-b848-5b195bf76fdd,countable,Community management SaaS platform,"San Francisco, CA",https://www.countable.us/
6d73356b-78a1-4f20-91fb-4a506771328e,cove,Biomaterials and packaging developer,"Los Angeles, CA",
0e42bac4-bceb-49dd-9ea2-8d2b44d6779f,cove.tool,Startup providing building performance analysis focused on energy efficiency,"Atlanta, GA",https://cove.tools/
e4f5b268-06a4-4741-89cc-36302f14f405,covercress,Cash cover crop developer,"St. Louis, Missouri",https://covercress.com/
087ceb1c-fa7b-4705-a83b-ba0c8b398da3,cowboy,Electric-bike maker,Brussels,https://cowboy.com/
e0ce2141-71fc-4bde-8043-1f266932de99,cowboy clean fuels,Carbon removal process involving injecting sugar beet waste into coal seams,"Denver, CO",https://www.cowboycleanfuels.com/
cbe3b7db-21a5-48d9-8b7c-795dfd8d5a48,cozero,Carbon management software,"Berlin, Germany",https://cozero.com/
b2f3ed5b-ddbc-4e1e-9fba-4874fe2a5e05,cradle,AI-powered platform to help scientists design and optimize proteins,"Amsterdam, Netherlands",
e8b916e9-6002-4995-adac-9134516739ec,creandum,Invest in seed through Series A companies,"Stockholm, Sweden",https://creandum.com/
d1dbee29-ce62-4c05-9cbb-60472f210ba2,creattura,Carbon credit development and financing platform,Tokyo,
57c70b59-9ddd-43d6-8d29-9d43dcc37b1b,crehana,Reskilling and upskilling tech maker,"Mexico City, Mexico",
59147a63-0d17-4c4c-be8a-4cd281a46cd2,crew carbon,Carbon mineralization for storage service provider,Brooklyn,
34ec3095-0703-4f3b-b733-9154b5cad948,cribl,Data analytics company,"San Francisco, CA",https://cribl.io/
5173bb8a-31b7-466e-93ea-e794b62d3a04,crisp,Demand forecasting software for the food industry,New York,https://www.crisp.com/
338111e7-b978-4c32-9608-279471512269,critical venture partners,Investing in student and recent alumni founders,"New York, New York",
01ef200d-0f5a-4e39-9029-e3b023665561,crobio,Microbes that bolster soil's water retention capabilities,"Macclesfield, U.K.",https://crobio.com/
6f6ceb81-31b0-437d-8374-6f6bfe459a7e,crop biome,Agritech startup developing resilient crops through formulating microbes into biological products,Ireland,https://cropbiome.com/
6ea0d4e5-7425-4dd6-ac7a-58f42978bdae,crop enhancement,Sustainable agrochemical startup,"Cambridge, Massachusetts",
ecf8b95f-6ee1-497b-b38e-e0960e8104d9,crop.zone,Developer of an electric weeding system,"Aachen, Germany",
b6c7f43f-f048-48c5-a2d5-e8b16011623b,cropx,Agronomic farm management system,"Netanya, Israel",https://www.cropx.com/
98bb3923-172a-47a4-a07c-77c01b651d8b,crosstown h2r,Convert natural gas plants to run on hydrogen,"Stuttgart, Germany",
f6becae3-09ee-42e8-b2c7-2e49d0fcd292,crstl,No-code electronic data interchange SaaS application,"San Francisco, CA",
f531f8da-96fe-4124-83b5-dad1004dd55d,crusoe,Developer of AI-optimized efficient data centers,"Denver, CO",https://crusoeenergy.com/
f43f498d-1aac-4923-ac02-103117021639,crusoe energy,Valorize otherwise wasted natural gas assets while mitigating methane emissions to power data centers,Denver,https://www.crusoeenergy.com/
c90e8bc4-1fe8-40e7-9578-b330b1bfaa8b,crusoe energy systems,Flare migration startup converting gas into energy for bitcoin mining,"Denver, CO",https://crusoeenergy.com/
b4fa078e-0199-446c-89c4-8e4fa8e4215c,crux,IRA tax credits marketplace,"New York, NY",
8a5815b8-1a47-49b9-a3e3-bf23370be0a3,cruxocm,Technology for control room operators,"Calgary, Canada",https://www.cruxocm.com/
f36cbf24-c9f7-43ba-8d89-e7becfd62dd0,cruz foam,Maker of compostable packing foam from discarded shrimp shells,"Santa Cruz, CA",
53f254ea-d98c-4b97-9057-baa294f91b81,ctc conductors,Advanced grid conductors developer,"Irvine, CA",
832b28c9-5a62-4cea-aa59-1aa11af30bdd,ctc global,Conductor cores for high-voltage transmission cables,"Irvine, CA",https://www.ctcglobal.com/
e101e89d-794b-40eb-a6bf-50985c81aa0a,ctvc,Climate tech market intelligence platform,"New York, NY",
401046c6-10a2-4c09-b45b-8efea6782268,cube dev,Open-source company for building business tech tools, ,
b8ef2131-15f1-417c-a0c7-1098706abc2d,cuberg,Battery manufacturing and mineral processing,"San Leandro, CA",
729750a6-7e54-4586-9154-6f07b07ed6cc,cubicpv,Solar wafer and perovskite manufacturer,"Bedford, MA",
9ab933c3-28c0-401f-8179-e1ac06ea6d56,cultimate foods,Lab-grown meat,"Berlin, Germany",
1b816fb5-30e7-4f67-87c7-9abf8ef98a40,cultivated biosciences,Yeast-derived cream for alternative dairy products,"Wädenswil, Switzerland",https://cultivatedbiosciences.com/
f9b4ba19-89dc-4f75-a555-4c390f51aa5d,cultivo,Identifies portfolios of nature-based projects for outside investment,"Pleasanton, CA",
42c630d2-e430-476a-923a-d3f6a8ba9985,cumul.io,Analytics platform for SaaS companies,"Brooklyn, NY",https://www.cumul.io/
de570df3-c167-416a-afa5-ffa2531f7af9,cumulus digital systems,Software for industrial applications,"Massachusetts, USA",
40dbd735-b080-4109-9504-9eaf8e8fa2e4,cur8,Carbon-removal climate-tech startup,"London, UK",https://www.cur8.com/
991f6026-dff8-497c-821a-2f641484ec44,curbwaste,Software for waste services management,"New York City, NY",https://www.curbwaste.com/
ee7a134e-4580-49f1-a252-f59a2d0e41d0,curio,Closed fuel cycle for nuclear fusion applications,"Washington, DC",
aa5851f3-d02a-40ca-865f-e417056dca9d,current foods,Plant-based seafood company,"San Francisco, CA",
69e1c935-70d0-4c67-aa3a-04de8a8f2928,currents,Provider of a recycled EV battery marketplace,"Portland, OR",
8ab83119-0754-4d8f-8f2e-ca03b50704d1,curri,Construction material delivery company,"Los Angeles, CA",https://www.curri.com/
64ca32d0-fedc-489f-91d3-74a698158fe6,curvepoint capital,Independent investment firm advancing climate finance,"Los Angeles, U.S.",
8fdab9c4-dd01-4aff-a617-4df95118b485,cuspai,GenAI-driven search for new materials platform,"Cambridge, England",https://cuspai.com/
f1b447e0-1d88-4c82-a8e6-fb13614e7021,cyberfortress,Insuretech startup focused on protecting e-commerce companies,"San Antonio, TX",
91ab2bac-3f0b-47bd-b09a-0661090529a7,cybord,Quality assurance for electronic component manufacturers,Tel Aviv,
0712743d-0b54-42be-9220-bf8a1e510106,cybsafe,Cybersecurity awareness platform,"London, UK",https://www.cybsafe.com/
7470126a-1d6a-4357-98c4-32405ab359ae,cycle capital management,Venture firm focused on clean-tech startups,Montreal,
08fdfcf0-645b-49c4-b16f-96c21e41be50,cyclic materials,Rare earths and critical minerals recycling,"Ontario, Canada",
4800bf66-5c52-43b3-af59-0645425a19be,cyclize,Plasma-based process that turns mixed plastic waste into synthetic gas,"Stuttgart, Germany",https://cyclize.com/
82f729d7-7a7b-4e9f-a4d1-27611c49334e,cycloid,Sustainable engineering platform provider,"Paris, France",https://cycloid.io/
2d123a0e-59d9-4cc9-ab05-3bd15c12d8d7,cycode,Software supply chain security company,Tel-Aviv,
e3c6b35b-7b3e-4319-982b-bb1a4cfa6e9d,cylib,Lithium-ion battery recycling business,"Aachen, Germany",
bced64db-2939-4c9e-a8c5-2c56bf496371,cyngn,Autonomous and electric industrial vehicles,"Menlo Park, CA",
6592dec9-3d17-45e5-ac8a-c94d1f2faa6e,dabbel,Provider of HVAC control automation solutions to cut CO2,"Dusseldorf, Germany",
b79d3fb1-342e-4db9-888b-94ff289fb6b7,daedalus,Using AI to build precision parts factories,"Karlsruhe, Germany",
80fec951-c327-4e87-9a25-ab27096d1dd0,daily,Developer platform for audio and video, ,
98804acf-98df-4b9d-946e-556669ab0506,daiz,Plant-based meat developer,"Kumamoto-shi, Japan",
8444caed-645b-457f-8924-11f9cd027392,dalan animal health,Developer of oral vaccines for honeybees,"Athens, GA",https://dalananimalhealth.com/
f92cd040-1747-4306-b3ec-400695a5f4a9,damon motors,Developer of electric motorcycles,Canada,https://www.damonmotors.com/
bcc2636b-5dac-4531-863a-201c0d9850c5,dance,E-bike subscription business,Germany,
d3b02d27-12a0-4f38-8b6e-674f5eac58b8,dandelion energy,Home geothermal company,"Arlington, VA",
ce300a4e-6956-41a2-a310-b6dfce4829d3,danimer scientific,Makes biodegradable and compostable biopolymers,,
112fdb21-9bac-486b-b2fc-0952921d5e4a,daphne technology,Developer of a sustainable air emissions control system,Switzerland,
67862977-938c-497a-92cd-4470d012c60d,daphni,Mission-driven investments in climate and energy tech,"Paris, France",https://www.daphni.com/
31c7a279-ac8c-45cf-ae48-35234000cbb2,daqus energy,Scale novel TAQ cathode material for lithium-ion batteries,"Woburn, Massachusetts",
ea8a0081-c69a-4f15-a6b7-f5a6367cce4d,daring,Maker of plant-based chicken-meat substitutes,"Los Angeles, CA",
f8b9b55c-041c-44e7-9fdb-a2a03b25e024,daring foods,Plant-based chicken producer,"Los Angeles, California",
fab29f82-5656-4d39-9bb7-5a679873465a,darwin,Methodologies to measure impact on biodiversity,"Paris, France",
4dcade9c-56f2-430f-9daa-ad329885c1eb,dash systems,Airdrop deliveries software company,"Los Angeles, CA",
c90d8990-9080-431e-9951-e5f97892278e,dat bike,Maker of electric motorbikes,Vietnam,
927befd5-a370-4b15-a133-b4f83c2135e9,databand,Maker of data health monitoring software,"New York, NY",
834c69af-9d30-4169-ba22-2f482510dd7c,databutton,Platform for building and sharing AI-powered apps,"Oslo, Norway",
1c5fe06f-221b-42ee-8f11-68fc38f7e63b,datacebo,Developer of synthetic data designed to train enterprise AI and models,"Boston, Mass.",https://www.datacebo.com/
d07eb7b1-d117-43b6-8768-ea6aff56dfeb,datafold,Data reliability platform that automates tedious parts of data engineering workflows,"San Francisco, CA",https://www.datafold.com/
e8c0f49f-fe12-4bed-aa43-14be126dcf4f,dataform lab,Software for offsite building manufacturing,"London, U.K.",
c1e90d47-a18b-4c1a-ba46-086381227c5c,dataloop,Platform for A.I. data management and annotation,"Tel Aviv, Israel",
4c091535-e232-49fe-b6cc-dbe0106627ed,datamaran,Track and analyze ESG regulations and risks,London,https://www.datamaran.com/
a6018d4a-d41b-47d6-96ff-5e74cfa7e016,datanomix,Vendor of production intelligence software for industrial manufacturers,"Nashua, NH",
9b077da8-56a3-4db6-aedc-3d6ae79cd178,datasembly,Data analytics platform for real-life decisions,"Tysons, VA",
1e7cd7c5-4bbc-4fda-ae70-d830abe61349,datch,Voice assistant for industrial markets including power and EV manufacturing,"Los Angeles, CA",https://www.datch.io/
865d58d4-4879-46e7-8cde-a1dc9e82ad7c,datia,Sustainability calculation fintech,Sweden,
086c0e99-6cbc-4697-9f69-ddb551b5ff18,datos health,Automated remote care platform,"Tel Aviv, Israel",
545da6dc-5621-46bc-bceb-ac9408b9c866,daupler,Response management system,"Kansas City, MO",https://www.daupler.com/
433ba6d9-6bb3-4d35-8fb6-dd24b2f4c415,david energy,Electricity supplier bundled with DERs platform,"Brooklyn, NY",https://www.david.energy/
43ee8609-a022-4b32-9af8-dc09a1a983ee,dayrize,Impact assessment for consumer products platform,"Amsterdam, Netherlands",https://dayrize.com/
89d218b8-94c4-42b6-a162-6001655329a8,daystar power,Solar energy company,Nigeria,https://daystar-power.com/
623b0042-6387-4b88-93ef-cc1e789d5e28,dc connected,Vehicle software diagnosis and repair guidance,"Nersingen, Germany",
f1121afd-720a-4c38-b0ed-c978e50d8c92,dcbel,Producer of smart home energy appliances,"Monteral, CA",
9131740c-26c3-473b-a0e5-ed73f3c438cd,dclimate,Decentralized network for climate data,New York,https://www.dclimate.net/
4b2dd790-4ce4-4aa1-858d-0436fe16d35e,dcvc,Invest in climate-focused startups,Palo Alto,https://www.dcvc.com/
0e154226-5322-416e-8d5c-87def0de0114,de novo foodlabs,Precision fermentation producer,"Raleigh, NC",https://denovofoodlabs.com/
ce40270b-0bc7-4bc8-9b8c-cf3dfeff21e8,dealt,Circular economy SaaS platform,"Paris, France",https://dealt.com/
dfbddcf8-1848-4e28-80c7-2d7040618988,debut,Platform developing sustainable active ingredients for cosmetics,"San Diego, CA",
fb4c20a8-4927-4e54-89ea-28285a6916f4,decade energy,Software that helps truck operators transition to electric fleets,"Paris, France",
8286d743-e3c5-46fc-80af-a71a0a7cd834,decarbonization partners,Invest in climate tech and energy startups,U.S.,https://decarbonizationpartners.com/
b75ddfc6-fa3b-471d-a797-3b76ef28d696,decarbonization plus acquisition,A blank check company targeting global decarbonization,,
c2c9e1b9-4e42-4d37-909c-04efb0c1a345,decarice,Hydrogen injection and engine technology,"Sydney, Australia",
2d20cf4e-c54d-44e8-984d-cc4e4530ba84,decentral energy managers,Renewable energy developer,"Johannesburg, South Africa",
4d3236e9-e0fe-42b6-9f42-80e3efb4dca3,decharge,Network of fast EV chargers,"Hyderabad, India",
b65a0573-9680-4c69-a553-2c7f96140d23,deci,Deep learning company,"Tel Aviv, Israel",
28a3ad7d-cd9b-490a-bdd4-6d4382b90756,decibel bio,Crop epigenetic platform for plant traits,Boston,
f5c00440-be96-4fa9-841f-2514525c36e0,deep fission,Make small modular reactors,"Berkeley, CA",
b5e0e250-3d5f-484d-8e82-b2679c1c0611,deep green,Data center heat repurposing platform,"London, UK",
a1e199f3-095f-4dbc-b476-b60e35241ea7,deep sky,Carbon removal project developer,"Montréal, Canada",https://www.deepsky.com/
293e18af-cfe6-4f31-8583-3398af1939d6,deepcell,Life science using A.I.-powered cell classification,"Mountain View, CA",https://www.deepcell.com/
34af926e-d531-4708-86a4-11378491176f,deepchecks,Continuous machine learning validation platform,"Tel Aviv, Israel",
9dfca06b-823e-471b-aa55-22c217d000c6,deepdrive,Make dual rotor electric motors,"Garching bei München, Germany",https://www.deepdrive.com/
19e7bccd-82f0-428b-b14d-6409b43290da,deepgreen metals,EV battery metals maker,Canada,
378b92a7-b58a-42be-b0a9-b0bd6a6a2315,deepki,Carbon management platform for the real estate industry,"Paris, France",https://www.deepki.com/
5a821922-3e8a-4a89-a13d-4a8001c779d5,deepsee.ai,Process automation company,"Salt Lake City, UT",
f6d74844-8dbf-4ca8-ae58-2a931139dcaa,degree analytics,Optimize performance metrics in colleges,"Austin, TX",https://www.degreeanalytics.com/
018cd4fa-aaa9-4e5f-9953-44f0047083ac,dehaat,Agrotech company,"New Delhi, India",
62f4b67c-b86d-45c7-a7f2-d695eb318b3c,delft imp,Developing a nanocoating process to extend battery life,Netherlands,
764c7c68-5423-43c6-a871-52c40f2ce763,deliverect,Online order management platform,"Ghent, Belgium",https://www.deliverect.com/
559cabaa-7c0c-4975-b791-f0589d2abc38,delos,Aquaculture-tech company,Indonesia,https://www.delos.com/
d1eced9d-29f1-47fb-aef5-3baf3ad44a0c,delos insurance,Property insurance for catastrophes platform,"San Francisco, CA",
cc1eb015-76e6-4d83-8508-bd0ec0fa2c17,delos insurance solutions,Assessing wildfire risks using satellite imagery and AI,San Francisco,
46774c74-65c9-4a34-86d5-0409dc08816a,delta green,Grid stability software platform,"Prague, Czechia",
a1334604-16c3-40c5-85e6-e4907e2bbb76,deltia.ai,Platform that uses AI and computer vision to monitor manufacturing operations,"Berlin, Germany",https://deltia.ai/
ac70e2f9-ab4b-4ee5-86b3-c025c8a8572c,deluxe recycling,Plastics recycling company,India,
cf4ec5f1-6b62-41e7-a1df-86abd12e2e36,demex,Risk transfer technology provider for climate and weather risk,"Washington, D.C.",
66742b3c-957e-48f1-a584-2135f48b0130,dendra systems,Ecology data platform using AI and drones,"Oxford, England",https://dendra.io/
50001df7-24b2-4da7-b7b5-25d5c1132ddd,denexus,Software for industrial cybersecurity risk,Boston,https://www.denexus.io/
d497c3ec-1be3-48e1-9a2b-ddbc5009a606,density,Space analytics and people counting company,"San Francisco, CA",https://www.density.io/
557a32ff-cc5b-4341-9299-4cfa36a80ad1,department of science,Funding for AI innovations in electricity grid,"London, U.K.",
b0097789-26b7-4e3c-838c-0ca57bc76a2b,depoly,Plastics-to-raw-material recycling company,"Zurich, Switzerland",
f4f8230d-44a6-46bf-b7ce-60539609967a,descartes labs,Deep-learning image analysis company,"Santa Fe, New Mexico",
37f62704-bb88-4dde-af6a-c83deadc5b00,descartes underwriting,Insurtech focused on climate risk modeling,"Paris, France",
bb6c328b-04cf-4870-a206-966598cdbda1,descycle,Recycling metals e-waste,"London, U.K.",https://descycle.com/
cf93ad2a-b32f-45f1-99c7-978d888157b5,destinus,Developer of liquid hydrogen-powered aircrafts,Switzerland,
8330c199-a1fc-4175-9a17-613baafa8977,detect technologies,A.I.-based SaaS company,"Chennai, India",https://www.detecttechnologies.com/
ee81927a-5531-465b-8961-eb1cdb7a280b,detrapel,Sustainable coatings manufacturer,"Boston, Mass.",https://detrapel.com/
cd5ab75d-a33e-4fb5-9d9e-8bb858959173,deus robotics,Warehouse robotics engineering and software development company,,
3bd70b91-e02b-45b9-9154-884784e136b1,devengine,Clean energy project development platform,"New York City, NY",
8aea11e2-5624-47e3-833e-410b604661f9,devtron,Open source internal DevOps platform,"Gurugram, India",https://devtron.ai/
c768bcbd-5876-42dc-b2f0-2a19a8e487f8,dexmat,Climate tech startup,"Houston, TX",https://www.dexmat.com/
04ff6704-9623-4815-a2b0-79c89b347a7a,dharaksha ecosolutions,Biodegradable packaging material manufacturer,"New Delhi, India",https://dharakshaecosolutions.com/
0a0c8955-8002-4607-aac6-00f4d76b9d40,diagram,First climate tech venture fund,Montreal,
2a02d4e7-8e01-40c5-8fb6-5fbd07de1ea5,differential bio,Biomanufacturing software platform,"Munich, Germany",
d6d0de4b-eeff-4274-be19-18159dcb802a,dig,Cloud data security company,"Tel Aviv, Israel",
a1718e3e-3fb9-4d7f-8442-21e965eaf689,digestiva,Protein digestion enzyme technology developer,"Davis, CA",https://digestiva.com/
c9c6509f-4842-4e16-b6f7-f8803b995f87,digma,Designed to monitor and analyze code for risks,"Santa Clara, California",https://www.digma.ai/
cc8d3746-5d84-48d5-aa87-bc941c9e5e20,dimension energy,Build community solar projects,Atlanta,https://dimensionenergy.com/
87291be9-8c00-4bb8-a5c9-142e3fdebfdd,dioxycle,CO2 to ethylene developer,"Paris, France",https://www.dioxycle.com/
1843e6c5-8ea5-4c7b-80a3-30731ae7e355,direct-c,Developing oil leak monitoring technology,Canada,
bf6a53ac-306a-4263-8783-b35c3f023c83,directh2,Develop modular hydrogen systems,"Houston, Texas",
b30cca3c-ef22-491e-8315-364783ba982b,discord,Communication platform for gamers,"San Francisco, CA",https://discord.com/
d241e27a-0a22-468b-845f-8259dc541751,dishcraft robotics,Cloud dishwashing service,"San Carlos, CA",
f56b05ad-59f9-464c-91ae-63826a21dcbd,dispersa,Waste-derived biosurfactants developer,"Laval, Canada",
b5605aaa-ccbf-4f29-b7dd-79c8880bdc5c,divert,Data-enabled waste diversion platform,"Concord, MA",
0b9310f1-3365-47c4-880e-9f8487e4ef2f,divigas,Startup developing membranes for hydrogen separation,Singapore,
6efb89c0-8388-4efd-99e3-19bafba0d09d,divirod,Flood management and water risk analytics company,"Boulder, CO",
afb21de2-bf2f-4bb6-8abe-a45fadf652f3,dna script,Enzymatic DNA synthesis technology developer,"Paris, France",https://www.dnascript.com/
652ced4c-2d38-43cb-a075-632a5339ceca,do good foods,Food-waste elimination startup,"Bedminister, New Jersey",
1b28a188-eaf3-445b-968c-8f5c99f44ec3,doconomy,Financial technologies for environmental impact tracking,"Stockholm, Sweden",https://doconomy.com/
daf4243e-2c85-4c41-8d89-541a4c52403f,domatic,Building power and automation system,"San Francisco, U.S.",
203b1c61-5ad3-4fb0-8fae-b7f6d49a1085,domna,Help landlords implement retrofits and upgrades for energy-inefficient buildings,London,https://www.domna.com/
e469bceb-eee3-4ad2-ae19-3ec45bcb3d5b,doppler,Data encryption and management platform,"San Francisco, CA",https://www.doppler.com/
12abde90-d62c-4479-b5fe-b36a63d9b534,dops recycling technologies,Direct Carbon Immobilization technology,"Alkmaar, Netherlands",
95a2d7cd-599a-404e-bb25-0c27e314850e,dott,Electric bike and scooter startup,Netherlands,https://ridedott.com/
10db12b0-65e7-4dca-a446-392d9c2f7c52,downforce technologies,Soil organic carbon measurement business,"London, U.K.",
8c3c543d-ec53-4521-87fa-6e606df693c2,doxel,Platform for tracking construction site project progress,"Redwood City, CA",https://www.doxel.ai/
952a82e2-96bd-4e3b-80a0-c35c48a8b357,dreamfarm,Plant-based cheese developer,"Parma, Italy",https://www.dreamfarm.com/
599e9162-3b0b-41fc-b399-0d12e8045429,drem,Heat pump installation services platform,Stockholm,https://www.drem.com/
165a6850-f291-48a2-9c26-ddb7e835dd6d,drift energy,High-performance sailing vessels for hydrogen production developer,"Hertford, U.K.",
5b54dde7-213e-4f85-9fcc-1a24e769913d,drishti technologies,AI-powered video analytics company for factory floors,"Mountain View, USA",https://www.drishti.tech/
96452604-5557-44a6-a748-a7b97e4eb79a,driveco,EV charging stations provider,"Paris, France",
d56f0bcd-ed9b-4160-97c8-820744db7089,dronamics,Long-range drone cargo service,"Sofia, Bulgaria",https://dronamics.com/
83373fa5-df35-4d83-a646-0de51a74f6f7,dronebase,Aerial data analytics company,Germany,
f0adc6e1-07dd-4202-ad7c-9c67e338bf7b,dronedeploy,Enterprise-grade drone data company,"San Francisco, CA",https://www.dronedeploy.com/
30f3f470-74d9-49f2-bc38-bda45bcc97fe,droneseed,Reforestation startup,"Seattle, WA",https://www.droneseed.com/
d5dd427b-8f3d-42e1-b830-15313af7670c,drop mobility,Electric micro-mobility solutions developer,"Toronto, Canada",
a8dfcbc3-5454-4571-bc76-5e5c163fb49c,dropzone ai,Autonomous alert investigation platform for security operations,"Seattle, WA",
bdeda6f4-8624-4a48-bb77-c723edb60de2,dryad,Early wildfire detection technologies,"Berlin, Germany",https://dryad.com/
feb17807-3927-412f-be02-f8ad27621c2b,dryad networks,Startup harnessing its large-scale IoT network for ultra-early fire detection,"Berlin, Germany",https://www.dryad.net/
6722ff09-5768-4591-9393-054bfd79a37f,dunia,AI-driven materials discovery platform,"Berlin, Germany",
9873392a-c44b-4278-aafc-da93ec9e1888,dunya analytics,Software for biodiversity risk management,"Wilmington, DE",
57fe0340-3cf1-48bf-85f4-613f384dd4bf,durin,Develops autonomous drilling systems for mining,"El Segundo, CA",https://durin.com/
d3397627-db99-4c08-bacc-e49ad5b703fe,dusty robotics,Construction robotics company,"San Francisco Bay Area, CA",https://www.dustyrobotics.com/
09f893bd-8f37-495f-9996-a2355b15d754,dvele,Housing technology company offering all-electric modular homes,"La Jolla, CA",https://www.dvele.com/
6630a174-b341-41a3-8b51-f6415e0a42e8,dvx,Startup incubator focusing on clean technology,"Boston, MA",https://dvx.com/
e45eb410-60e9-4377-b568-f94c238c9a30,dyna robotics,AI-powered robots developer,"Redwood City, CA",
699afdd5-c475-43fb-81b6-1deec5f2fb74,dynamhex,Energy and carbon footprint software startup,"Baltimore, MD",
11c599d5-5085-4002-bb5e-e2cfe29c2ec1,dynamon,Data analytics and simulation tools software company for commercial transport and logistics,"Southampton, U.K.",
a95be5d0-24c9-4a05-948f-dd89a90eee6a,dynelectro,Solid-oxide electrolysis technologies to make green hydrogen with industrial waste heat,"Copenhagen, Denmark",https://dynelectro.com/
41026a78-cecb-402a-928c-4ef4de86ec95,dynolt technologies,Power electronics solutions for fast charging manufacturer,"Bengaluru, India",
29b37da3-7dd4-4319-9792-d268ae405a96,dyper,Maker of eco-conscious diapers,"Scottsdale, AZ",https://dyper.com/
40a6e5b0-646e-48f8-aac6-4c603f6e6b0a,e daddy,Two-wheel EVs,UAE,
802a765f-ad5d-4187-ae40-f32aa35d6c7b,e-mission control,Provider of low-carbon fuel programs for electric fleets,"Sacramento, CA",https://e-missioncontrol.com/
6266387b-2731-4cd0-ae5f-c0146d04e186,e-peas,Power management solutions platform,"Mont-Saint-Guibert, Belgium",
72ce07e8-c93c-4ef5-9d58-4da77d8d275f,e-zinc,Developer of a zinc air battery for sustainable energy storage,"Toronto, Canada",
b5e0d605-a31e-4147-8b5a-6e8d9a7e628a,e.go mobile,Electric vehicles manufacturer,"Aachen, Germany",
f24ad398-7129-4d05-92f3-569e696892b4,e2companies,Supplies battery and energy management systems to data centers,"Bonita Springs, FL",
7fd163cb-f805-44eb-b3bd-bc7a4bf2aa26,e3 lithium,Lithium extraction from oilfields developer,"Calgary, Canada",https://e3lithium.ca/
c1e47918-b00b-450f-a36c-ebc76f2cfdbc,e3 metals,Company extracting lithium from old oilfields,Canada,
2a14c44d-242f-4b68-ab15-79a663af2195,e8,Emerging cleantech enterprises,,
f04e1cc1-c4b3-413f-8e60-3a7029641813,eagle genomics,Microbiome R&D sustainability platform,"Cambridge, United Kingdom",
f7fe1394-4969-491c-9fa3-72a5e1972bcc,eagronom,Online farm management provider developing a carbon credit program,Estonia,https://www.eagronom.com/
56adc762-ee1a-42ea-a98c-4eb9ca96e8a7,earth ai,AI-powered clean energy metals discovery and drilling technology,"San Mateo, CA",
50d6dfaf-d449-4eaa-903f-cb9f06e639ec,earth finance,Climate consulting and finance services company,"Seattle, WA",
356349ee-6319-4136-b325-a3c79e78b43e,earth force,Wildfire prevention company,"San Francisco, CA",https://earthforce.org/
8415f560-141b-4ba7-97d1-62d49e60f43a,earthgrid pbc,Plasma boring for grid infrastructure developer,"Richmond, CA",https://earthgrid.com/
23e4f22b-e595-452b-93cd-0ca4cbe400f2,earthly technologies,SaaS CI/CD platform,"San Francisco, CA",
7913f9c8-e499-4bb5-9996-f77c591f0e80,earthmover,Climate data company,"Nyack, NY",
b935fd42-0e6c-45aa-bc31-9fc19571ac3d,earthodic,Producer of bio-based coatings for paper packaging,"Brisbane, Australia",
dc51bd54-561f-4dc4-ac65-88936834e4a4,earthoptics,Software and sensor technology for soil health measurement,"Arlington, VA",
c83130b7-8fd3-4fc1-a499-32991d1a33ca,easy solar,Pay-as-you-Go solar company,Sierra Leone,
5b54afa9-6e7a-417d-9916-5a6c5689e837,eat just,Developing egg and meat alternatives,"San Francisco, CA",https://www.eatjust.com/
27c75da4-1ac9-4ecd-b0c9-579826908eaa,eat the change,"Making environmentally friendly, nutrient-dense snacks","Bethesda, MD",https://eatthechange.com/
da6e34c3-a83b-476d-835c-24f57fc40ce8,eavor,Startup developing closed loop geothermal,"Calgary, Canada",https://eavor.com/
be436064-0730-45b1-812a-c373112d705a,echandia,Batteries for maritime transportation,"Stockholm, Sweden",https://echandia.se/
85094f1d-fc6c-44c4-b765-a667b414c7f7,echion technologies,Niobium-based anode materials for lithium-ion batteries,UK,https://echiontech.com/
bfb6f4f2-ff6b-421f-b6c1-a801c1a05377,eclipse foods,Provider of plant-based ice cream and dairy products,"Oakland, CA",
8e64bfb7-2030-48f7-a40e-f4d6fb3944f0,eco stor,Repurposing EV batteries,Norway,https://www.eco-stor.com/
9a8dfe52-b506-482a-a965-717c4f8b5fe2,eco-movement,EV charging station data provider,Netherlands,
dcd9d64c-c31f-4e93-a13b-3fe39362429e,ecoat,Bio-based paint binders used in paint,"Grasse, France",
69a3f95d-8ec0-45f0-a05e-6baf7c55a351,ecobean,Sustainable chemicals from coffee beans developer,"Warsaw, Poland",
e7c92694-6c08-4c79-9af8-7aef08938880,ecocart,Climate and sustainability-focused e-commerce enablement startup,"San Francisco, CA",https://www.ecocart.io/
18e5e0d0-0763-4ec1-8633-46c1e27b3a27,ecocem,Green cement company,"Dublin, Ireland",
cf34050a-79e0-45f6-af35-3a5ecc400d39,ecochain,Lifecycle assessment software provider,"Amsterdam, Netherlands",
39622877-4d22-47e2-ba6c-6053fdde884b,ecodatacenter,Build more sustainable data centers using mass timber and renewable energy,"Falun, Sweden",https://www.ecodatacenter.se/
0151f60b-cff2-42e3-8403-daf5541a5938,ecoflow,Developer of portable power stations,"San Francisco, CA",https://www.ecoflow.com/
582dfcc1-bf19-4683-a272-d2f7ca9d3b96,ecog,EV charging infrastructure software company,Germany,
efed794d-49d1-4b97-8d82-bd2440f84e64,ecohelix,Providing high performing biopolymers,Sweden,
b98c4919-a42c-4b15-a367-9dacf08bc19f,ecoinno,Developing sustainable alternatives to single-use plastics,Hong Kong,
a6df36c1-7f83-4913-9d72-ae106ba28881,ecojoule energy,Renewable energy integration platform,"Loganholme, Australia",
7d69ee97-eb39-4201-b68f-b58d57ba90a1,ecolectro,Green hydrogen electrolysis startup,"Ithaca, NY",
da2c6fc6-0320-4b40-872c-943f5e89fa50,ecolibrium,Real estate energy decarbonization platform,India,
4982c950-100b-4259-82b9-9e2a3598f979,ecoligo,Impact investing platform supporting solar projects,"Berlin, Germany",https://www.ecoligo.com/
bd287c8c-5014-454a-a722-5065ea80bb25,ecolocked,Using biochar to produce sustainable construction materials,Germany,
34328a24-2ebe-4331-a9fe-0c1d296d4000,ecologi,Carbon-offset startup,UK,https://ecologi.com/
5f88e845-7a22-4ffb-a37c-d518ebe6ac8b,ecolution kwh,E-mobility technology company,"Naples, FL",
275551ea-136e-43fe-b0e2-1b2b8994619e,ecolytiq,Climate education financial services platform,Berlin,https://www.ecolytiq.com/
1fd262f2-16e6-452f-9638-0b2fb38f16b2,ecomedes,Platform for finding sustainable building materials,"San Francisco, CA",https://www.ecomedes.com/
6b9a5280-8d6b-4469-b6f3-ba34398d9a3e,ecomid,AI-powered retail returns reduction platform,"Stockholm, Sweden",
88823d95-fa63-48b3-a91b-735d500f7031,econcrete,Sustainable concrete for ecologically active infrastructures,Israel,
8bfe3a10-3bb3-4c14-b561-f67480fae6f7,econic,Sustainable heat and energy residential installer,Netherlands,https://www.econic.com/
9e0e886e-06f9-4110-854f-8458d6878c3d,econic technologies,Company developing catalysts for polymer manufacturing from carbon dioxide,UK,https://econic-technologies.com/
6dd6693e-bb93-4294-90c3-cf202916a11d,ecop,High-tech heat pump manufacturer,"Vienna, Austria",https://ecop.com/
7b0c6325-8588-4d0b-a0a8-931a18990fa4,ecoplanet,Energy management software provider,"Munich, Germany",
b55900fc-450f-4b09-a616-383d65c7e63f,ecoplant,Software platform to optimize compressed air systems,Israel,https://www.ecoplant.com/
14deac04-822c-4af5-b887-f3fe4869d02c,ecore,Reclaimed rubber materials to products developer,"Lancaster, PA",
4db801f1-7db9-434d-85e6-989030cb3e1d,ecore international,Convert used tires into flooring,"Lancaster, PA",
b95ad113-68f9-4c9f-a15f-6b60cbaeb4e0,ecorobotix,Provider of precision farming solutions,Switzerland,https://ecorobotix.com/
5e005193-3bdf-4daf-ae66-2d5a389b2f8d,ecosapiens,Carbon-backed collectible company,"San Francisco, CA",
38cd517c-d658-4f7e-a95d-63da1b934ad4,ecospears,Environmental remediation company,"Altamonte Springs, FL",
32e2960e-9b4c-4ee8-8069-3fbc79c6bf5f,ecospirits,Low-carbon spirits distribution company,"Singapore, Singapore",
b004bedf-4c5d-496e-923d-ef4997c3c4ac,ecosync,Provider of HVAC control solutions for commercial buildings,UK,
33cf2a0a-343e-441b-bf1d-41322e39f2c8,ecotech,Innovative eco-friendly technologies,"Austin, TX",https://www.ecotech.com/
bbeb83ac-0292-4289-980a-e8d260e2ea7f,ecotransport,Sustainable public transportation solutions,"Berlin, Germany",
bfc2d1ec-be5a-40f7-9f14-def2144f3435,ecotree,Developer of a sustainable forestry platform,France,https://ecotree.fr/
363eed49-642e-47e1-8ae8-e11861c9abd2,ecovadis,Provider of business sustainability ratings,"Paris, France",https://www.ecovadis.com/
eef7b70c-03f0-40da-bd40-3c531e700d22,ecovative,Mycelium-based bacon alternative,"Green Island, NY",https://ecovative.com/
9d2b65b4-6bac-4e51-9510-87f548c6e666,ecovative design,Provider of mycelium technology,"Green Island, NY",https://ecovative.com/
8afaee75-a066-4531-b0fa-1ba36cf47b0f,ecowave power,Wave energy technology provider,"Tel Aviv, Israel",https://www.ecowavepower.com/
6fd37df5-427e-4677-bb9c-48ce2814e426,ecoworks,Retrofitting apartment buildings for NetZero standards,"Berlin, Germany",
feafad7a-c82e-4e0f-8313-a2e871ee88b1,ecozen,Providing cold chain and irrigation solutions,"Pune, India",
2baf4f91-94d1-4d2c-a9b0-366dc8db617a,edac labs,DAC technology developer,"Baltimore, MD",https://edaclabs.com/
13eab75e-bbfb-4605-9e03-a53cd448feca,edacious,Food verification system developer,"Marlborough, MA",https://edacious.com/
b973710b-ac3e-462d-862a-91387548cbf2,eden brew,Animal-free dairy products developers,"Sydney, Australia",
f50492e1-2671-4b84-86e0-628c9591859f,eden geopower,Reservoir stimulation platform,"Somerville, MA",
61690a8c-57cc-4051-af33-6645e487591e,edgegrid,Platform enabling the last-mile delivery of energy,India,
6bca6cf6-9fba-47ca-acfa-c23a95209f24,edonia,Protein ingredients for alternative meats using microalgae,"Paris, France",https://edonia.com/
997e2b75-fcaa-4e13-9a6e-a49a4ceb66b8,edrv,API platform for EV charging,"San Francisco, CA",
7f53b6da-b114-493b-8c57-a088fd79c868,edubirdie,Online academic writing service,"Kyiv, Ukraine",https://edubirdie.com/
1abf8c59-caa8-4c22-87b7-bf1dae5a26fd,edusmart,Online education platform for skill development,"New York, NY",https://www.edusmart.com/
99e22913-ed60-49b7-b986-c169b7b27262,eecomobility,Testing and monitoring software for batteries,"Ontario, Canada",
707f5e00-c3bf-48c8-88c0-d240862ce42e,eeden,Chemical textile recycling service,"Münster, Germany",
c4882f49-bf25-4e76-81c8-c9caf7b95c51,eexion,Using carbon electrodes to develop EV batteries,Israel,
af2178ae-fa39-4621-8e08-44f3a6e7632e,ef polymer,Biowaste upcycling service provider,"Udaipur, India",
3990302a-bc52-4085-b29b-432adaf024d0,efficient computer,Less energy-intensive semiconductors,"Pittsburgh, PA",
011df897-0689-44c4-a44e-7eb50d694d2a,effy,Marketplace for energy renovation,"Paris, France",
88d8ddca-3ea8-4089-972d-95f193bb3ada,efishery,Aquaculture technology company,"Bandung, Indonesia",
27a4a4ba-7935-409d-bba9-500711437ef3,einhundert energie,Provider of green and digital smart services for tenants,Germany,
a1e0e00f-5084-45b4-b8fc-93937d47a5c3,einhundert energy,Digital service partner for scalable tenant power,Germany,
149e46fa-f5b0-4c60-ae6a-e8b814167d80,einride,Developer and provider of electric and autonomous freight tech,Sweden,https://www.einride.tech/
d97cac08-743b-40de-9540-fc215c84591a,eion,Carbon removal company,"Oakland, CA",
3b46f1ce-a00c-4fe2-ae31-676ce0fec7ad,eion carbon,Enhanced rock weathering carbon removal company,"Princeton, NJ",
34836794-0a73-453c-82f3-ebfe84d7490e,eka mobility,Electric vehicle manufacturer,"Pune, India",https://ekamobility.com/
d37d048f-2908-4cde-8550-950301f6754f,ekko,Environmental impact monitoring fintech products,"London, U.K.",https://ekko.io/
81f203f5-901e-47c2-a99e-7705a007746c,ekolution,Hemp-based insulation developer,"Malmö, Sweden",
68a865bf-fff4-479b-aba2-64d73b92bd1b,ekona power,Developer of hydrogen technology,"Vancouver, Canada",https://ekonapower.com/
9aed2658-a0e4-4297-b7a7-ca9ed4d572a3,eku energy,Global energy storage developer,"London, England",https://www.ekuenergy.com/
02815870-a43b-40d3-90bd-c256fd676373,elaia,Investment firm,"Paris, France",
aa02ba31-4472-4597-8877-ca0bef09ffd2,elaniti,Soil analysis technologies,"Cambridge, U.K.",
e1580c6a-b01e-4fd4-957e-93cedf6fa437,elbow beach,Climate impact fund targeting early-stage British startups,"London, U.K.",
af93d0d6-0767-4387-bc81-7a7fdb0114ab,elcogen,Solid oxide fuel cells developer,"Tallinn, Estonia",https://www.elcogen.com/
325bfa21-79ed-4513-824e-0a4310b4da8c,electra,Uses renewable energy to transform iron ore into 99% pure iron,France,https://www.electra.fr/
186f431b-fa68-48e8-9d0b-2607dcc2c2a8,electra aero,Hybrid-electric aircraft manufacturer,"Falls Church, VA",
c390337a-212c-47b5-b8c1-be3d49934b35,electra battery materials,Battery materials refining and recycling platform,"Toronto, Canada",https://electrabattery.com/
e654823b-4ce5-445b-9d41-20842bd93f34,electra vehicles,Software solutions provider for battery management,"Boston, MA",
b4fcffae-4e5f-4e22-abc0-81ab718c1a8f,electra.aero,Hybrid-electric plane startup whose vehicles require very short takeoff and landing distances,"Falls Church, VA",https://electra.aero/
a99e8b3c-65fa-4948-a0a4-300bee0072f3,electralith,Waterless lithium extraction technology,"Melbourne, Australia",
b8ff329d-1376-46dd-b61f-4c90843d76e2,electric era,Climate tech startup,"Seattle, WA",
3306d2b9-f8d4-427b-ae54-689cdf27f0cc,electric era technologies,EV fast charging stations,"Seattle, WA",
85fdd36c-4490-495e-8d04-c7e49e206257,electric hydrogen,Green hydrogen and electrolyzer manufacturing business,"Natick, Mass.",
65f9d988-0a54-43eb-9cc6-5c37cc53a7ee,electric last mile,EV startup focused on commercial delivery networks,,https://electriclastmile.com/
ce8e908d-376f-4f0f-b8fc-6d8385cd507c,electric power engineers,Energy and power systems engineering and consulting firm,"Austin, TX",
51b3357b-898b-46a4-9ba6-ba1ad7a5c05b,electric power systems,Battery developer for electric aircraft,"Logan, UT",
5cea5b6d-1df2-4fb7-a673-9f85618bd4ce,electricity maps,Quantify carbon intensity and origin of electricity,"Copenhagen, Denmark",https://electricitymaps.com/
e1d8d8d3-3bf6-4e0f-bb39-60fa91f8becd,electricpe,EV charging platform,India,https://electricpe.com/
1d157075-bf43-43ec-9284-6cf7312e3bf0,electrified thermal solutions,Joule Hive Thermal Battery (JHTB) system,Boston,https://www.electrifiedthermal.com/
dbaeb6ee-434e-4b77-a7ea-784e618b97d6,electrify america,EV charging network,"Reston, VA",https://electrifyamerica.com/
2a23b6b6-fa94-48bc-8eee-93a8ca47ea9c,electriphi,Provider of software solutions for electric vehicle fleet and energy management,"San Francisco, CA",
17f0e3ef-e49a-4e7f-85c6-cf8176b1853d,electriq global,Hydrogen powder for storage developer,"Tirat Karmel, Israel",
56409ada-d7e7-4fef-ab12-f56284d1756f,electriq power,Residential home energy storage maker,"San Leandro, California",
ee83608a-0dfd-4623-8da6-5d4ea13ad429,electron,Distributed resource energy marketplace,"London, UK",
bfded661-f54d-49fe-ab81-a27496ca0219,electroneek,Robotic process automation software platform,"San Francisco, CA",
849cd8f8-39d2-49b0-9efa-40287dd98953,electronx,Electricity exchange,"Chicago, Illinois",https://www.electronx.com/
2b1c30d9-077e-4811-bc0b-23340c23c214,electrotempo,Planning and intelligence software provider for electric charging networks,"Arlington, Va.",
897e5ebe-86f9-430f-95ea-bdb6b582c682,element analytics,Data hub provider,"San Francisco, CA",
774a8da8-5d6e-497c-b3ce-6653bf46d576,element energy,Developer of advanced battery management technology for energy storage and EV applications,"Los Altos, CA",https://www.elementenergy.com/
63530286-4031-4023-b613-3057c7f95fa3,element zero,Metal producing platform designed to produce metals with zero carbon emissions,"Perth, Australia",
60e059ca-59ad-4bb8-8516-4652082b06d3,element3,Critical material extraction technology company,"Fort Worth, Texas",
941c7dd6-3854-4a07-891f-bc69b22a8342,elemental advanced materials,Converting waste plastics into carbon nanomaterials and clean hydrogen,Houston,
3b04711b-652d-4376-9c3f-3225abf886f4,elephant energy,Home electrification platform,"Boulder, CO",
50629c1b-a508-4389-b678-fa0854a0a78d,elevarm,Agricultural productivity platform,"Bandung, Indonesia",https://www.elevarm.com/
43b5bbb0-a623-4d7d-9b27-40bbf46761a3,elevate renewable energy,Develop battery storage co-located with existing power infrastructure,,
28565ce5-0629-467c-9fe7-5ea3f3499c55,elevated materials,Manufactures lithium thin film technology,"Santa Clara, CA",
3a3b65ec-3c96-4fa9-b729-907c1ffded5b,elevated signals,Manufacturing logistics software company,"Vancouver, Canada",https://www.elevatedsignals.com/
30383764-860f-4ff0-b248-9149405a1cdb,elevation,Fully integrated residential energy solutions company,"Chandler, AZ",
739cb87b-abc4-466e-bf24-6f53780841cb,eli technologies,Software for home electrification incentives,"Halifax, Canada",
ccb45cc5-98d5-4e6d-b7ec-e6faed9ec152,elicit plant,Agtech company focused on reducing the water consumption of crops,France,
3fd779d1-b638-460e-90f1-8531e1c289da,ellethermo,Low-energy thermoelectric materials manufacturer,"Tokyo, Japan",
12cb412e-6de4-4460-a033-b4d5f5fd448e,elroy air,Hybrid-electric air cargo drone company,"San Francisco, CA",https://elroyair.com/
97880c8a-1f80-4e06-b064-54c47135872a,elum energy,Energy management solutions provider for renewable energy systems,"Paris, France",
3b2d8281-5ee4-4519-82ae-940ffbe29116,elvy,Energy tariffs and assets provider,"Stockholm, Sweden",
e107356a-2413-425a-aacc-5281ce39a3a4,elyos energy,Energy flexibility and demand response platform,"London, UK",
346d6440-8993-41dc-ac60-d71572ade774,ember,Electric bus intercity routes,"Edinburgh, UK",
d33abe52-2a53-4546-9d90-1fd2989ef7d6,ember infrastructure,Investments in sustainability-focused infrastructure,New York,
fcbf9c33-b4ca-44db-9bb9-56e96a049344,embotech,Software for autonomous management solutions in industrial logistics,Zürich,https://www.embotech.com/
287931a5-c19d-4fcc-a6c6-4f4e7476ac02,embrace,Performance monitoring and analytics platform for mobile apps,"Culver City, CA",
f0984057-b7f7-4e47-8df5-a651bffdc9c1,embue,"Building intelligence, monitoring, automation, and control solution for multifamily apartment buildings","Worcester, MA",
a5e92563-b7e5-49f5-8a2d-74c827d53eb4,emidat,Software for calculating environmental impact of building materials,Munich,https://emidat.com/
4a941fe3-e724-4cc3-8c8e-e58134b45d00,emitwise,Carbon management platform,UK,
adbff059-baaa-43ef-ab59-6981831b8080,emo energy,Electric micromobility components platform,"Bangalore, India",
6151b132-909f-44ae-bfca-f4d3848e0586,emotorad,Electric bike marketplace,"Pune, India",https://www.emotorad.com/
af996f44-d212-49df-a7b4-4b0db1bc32da,empirical ventures,"Invest in advanced materials, automation, deeptech","Bristol, U.K.",
62ab6062-39a7-4468-8721-18bfa00a9d94,emrgy,"Modular, scalable hydroelectric solutions company","Atlanta, GA",
cc5a4c2e-0ba1-4ca8-a995-cffce500c1e8,emvolon,Modular container-sized systems to turn methane into renewable fuels,"Woburn, MA",https://emvolon.com/
04519d6e-b4c3-4f36-be67-4bedbada9de3,enable,Software solution for rebate management,"San Francisco, CA",https://www.enable.com/
2c7f1b0f-a9f6-4ac7-8d29-a3ed17355461,enact systems,Solar software development company,"Pleasanton, CA",
7259de9e-cabc-418c-96f5-d556a28c7a52,enagas,Natural gas liquefaction and gasification to hydrogen specialist,"Madrid, Spain",
b62b8445-d664-4923-9783-a39f90bbd827,enapi,Broker for EV charging transactions,Berlin,https://www.enapi.com/
4227907e-b1f4-43b4-ae55-1bac56bea797,encamp,"Environmental, health, and safety software platform","Indianapolis, IN",
1c4a932b-a611-48d9-b49f-ccd322d0757b,encore renewable energy,Startup reclaiming undervalued real estate for community-scale solar PV systems,"Burlington, VT",
2929c24f-b8bf-468f-ba2d-82657cd08947,encycle,Developer of HVAC energy management software,"San Marcos, CA",https://www.encycle.com/
79615183-a85e-4287-be1e-1170b1d1b655,endless food,Alternative chocolate products from upcycled brewery grain,"Copenhagen, Denmark",
8870264a-f25a-4080-a18c-b31fdf57f80a,endolith,Microbes for sustainable mining platform,"Denver, U.S.",
e444c3f6-8cde-4d3a-a8df-1a8698423887,endor labs,Software reuse platform for development and security teams,"Palo Alto, CA",https://endorlabs.com/
9aa0a50a-adba-48b8-824b-332910a24dbc,endua,Green hydrogen generation and storage technologies company,"Brisbane, Australia",
11c3158a-0bcb-4238-80b7-c7d66b68974c,enduro genetics,Genetic tool for precision fermentation,Copenhagen,
3349b3be-564f-4d38-ada7-121ac83c653d,enecoat technologies,Developer of perovskite solar cells for solar panels,"Kyoto, Japan",
fbb7a385-f49a-4ea4-86ae-bed69103b267,eneida,Sensors and data analytics software for grid operators,"Coimbra, Portugal",
0aa534a2-d6b3-45e0-b33e-112559d2935f,enerbrain,Startup using IoT energy retrofit solutions to increase building efficiency,Italy,
4eeed9e6-690a-4595-bd8a-562ceebd344f,enerdrape,Prefabricated geothermal panel technology developer,"Ecublens, Switzerland",
f327b67b-e4f7-4e06-9470-13c3f760db53,energicity corp,Owner and operator of solar microgrid utilities,Sierra Leone,
93f04c61-42e8-4de9-b82a-ddf853bc25e7,energize capital,Investment firm supporting asset-light climate solutions,Chicago,
12a093d8-3ef6-47b6-9075-237389d8e15e,energy capital partners,Invest in energy assets,"Summit, NJ",
335b724e-8001-4ce4-bab6-c5e5b9f86be8,energy domain,Online marketplace for mineral and royalty rights,"Fort Worth, TX",
bfa61c4e-a17d-4966-b99d-02d6c4f1bca1,energy dome,Developer of utility-scale long-duration energy storage,"Lonate Pozzolo, Italy",https://www.energydome.com/
29a83ac2-76ea-4041-876b-796c45d2020c,energy exemplar,Provider of energy market simulation software,"North Adelaide, Australia",
3e74179f-d979-40fa-a9eb-c65d5b16ca00,energy exploration technologies,Lithium extraction technology company,"Austin, TX",
9ab4eb6d-d7fb-4922-afe1-581cff5ab86d,energy park,Smart EV charging solutions platform,"Harpenden, England",https://www.energypark.com/
7ecd8588-fff6-42b8-89b3-ee2464fb1dec,energy source,"Provider of repair, reuse, and recycle services for lithium batteries","São Paulo, Brazil",
045e5cee-8a74-44ba-9e17-f09109ff7c69,energy vault,Developer of utility-scale battery storage technology,Switzerland,https://www.energyvault.com/
deeb11f1-eaba-4d77-b1ac-3bc2a68f6b37,energy x,ESG platform for zero-energy buildings,"Seoul, South Korea",https://www.energyx.com/
c49c740f-9c57-43b6-80a2-a1272b4f18b4,energybank,Energy storage startup,New Zealand,https://www.energybank.com/
2408776f-ffff-4988-8124-770e575ebe5e,energyhub,Software platform focused on the distribution of clean energy,"Burlington, Vt.",
5a4d9079-6f63-4d63-a4bb-e4af4e358343,energyre,Develop a solar-plus-storage project,"Charleston, SC",https://energyre.com/
f20475ac-3a5d-42e8-9c8f-2c53917e0362,energysource minerals,Lithium extraction service,"San Diego, CA",
97f23e05-779f-4acd-95f1-354d23b37117,energyworx,Energy data management software platform,Netherlands,
ee8e883e-3d11-4dcb-ac11-731f98d1338c,energyx,Technology for sustainable lithium extraction,Puerto Rico,https://www.energyx.com/
e3a2e25d-c905-42af-bba3-cc3d1eff6ebe,enerkem,Producing renewable fuels and chemicals from waste,"Montreal, Canada",https://www.enerkem.com/
0c0b45e4-886b-4a0a-9bfe-6d6bb724a4fe,enerpoly,Zinc-ion battery startup,Sweden,
f6760b85-1a6c-4672-a302-c5a30da6e32e,enersee,AI-driven energy management software provider,"Brussels, Belgium",
a59aab23-c650-4ea6-88c4-c5384f030048,enervenue,Renewable energy storage company,"Fremont, CA",
9fa310cd-1cf3-459a-a519-443970e2a59d,eneryield,Software to predict and prevent power outages,"Gothenburg, Sweden",
52331521-0c28-4d86-b64c-7d70a2c6a039,enfabrica,High-performance networking chips for data centers,"Mountain View, CA",
ec844d98-934c-414e-8c51-588e0424296d,engage mobilize,Cloud-based digital field management platform for oil and gas,"Denver, CO",
9fa466d0-1200-4acd-9bfe-bedfe2bba5e9,engie north america,Portfolio of solar wind assets,"Houston, U.S.",https://www.engie.com/
a90735a8-0f4d-4b32-bee4-728230a5e22f,enginzyme,Developing biomanufacturing processes for sustainable manufacturing,Sweden,https://www.enginzyme.com/
2591be8d-51c6-4da9-8248-b160615a4d96,engrain,Interactive mapping technology and data visualization software,"Denver, CO",https://engrain.com/
eaea51c9-a189-496d-a446-1ffc5e57aa11,engrate,Energy data integration platform,"Stockholm, Sweden",
862f96aa-37ce-4129-af0c-afe9aadde452,eniac ventures,Invest in sustainability-focused businesses,"New York, U.S.",
dba68704-6c40-4b0d-8833-28e3b12e1c53,enifer,Mycelium-based protein using waste food and pulp,"Espoo, Finland",https://www.enifer.com/
4d76197f-ba35-4d72-9775-cc61e504510c,eniferbio,Mycoprotein-based protein developer,"Espoo, Finland",
7fa88532-99d6-4420-bbbe-dd9f5955b699,enko,Crop health company,"Mystic, Conn.",
0a087373-e6cc-4815-85ad-6cdf6ea519f7,enko chem,Uses machine learning to protect crops,"Boston, MA",
17923f97-62dd-4a33-b67c-a644ccde1d84,enmacc,Energy trading platform,Germany,
e0f1d661-8b6b-40ff-a755-80828f7407a3,enosi energy,Energy traceability company,Australia,
289ecc14-5f2d-490a-8c78-5793e999dd15,enough,Alternative protein from fungi company,"Glasgow, United Kingdom",
ec8f0164-6eb5-4201-a83c-ec31681abcdc,enovix,Maker of next-generation lithium-ion batteries,"Fremont, CA",
3ca3e5c3-5d2f-427e-b301-fd9ea3e40cc9,enpal,Residential solar and heat pump installation platform,Germany,https://enpal.com/
740b82b1-7454-4747-9436-18bd0a8bbfd3,enrichag,Soil enrichment platform,"Vancouver, Canada",
0b9e675a-84e4-4bc8-9b70-b3b045b834e4,enriched ag,Grazing and carbon insights platform for farmers,"Pittsburgh, PA",
089098b0-fd72-47cc-86f3-b37c7b3bd505,ensol,Household solar energy installations platform,"Paris, France",
c6485fc0-d485-44c8-8de0-2847a843b3fa,enspired,Energy market trading-as-a-service platform,"Vienna, Austria",
9b9d99e7-12e5-467d-a5ab-82ec74abcf0d,entalpic,New materials for industrial decarbonization,Paris,
8a2f8a88-e592-4f43-83b7-f6608c0c3047,enteligent,Startup maximizing solar output,"San Jose, CA",https://www.enteligent.com/
e9a8f949-ac91-45e4-8dc5-498bb383824b,entelligent,Climate risk assessment platform,"Boulder, CO",
af0b70fe-3eb4-428d-9be7-649a707eca05,enter,Home energy assessment platform,"Berlin, Germany",
2773a8cb-5611-42fb-8bb6-b05848a5bf07,entocycle,Insect farming tech company,"London, UK",
725d4567-031b-4fb0-8bf5-c4c600f353d4,entoprotech,"Climate change, sustainability and biotech startup",Israel,
726eeffc-5554-4c6b-996b-75e4100a54a0,entosystem,Build more production capacity for black soldier fly larvae proteins,"Sherbrooke, Canada",https://entosystem.com/
5dc6df24-7f49-414e-a60e-2c307950b4c3,entroview,Analytic tools to improve battery diagnostics,"Saint-Martin-d'Hères, France",https://entroview.com/
afdbac79-831a-4ff8-9ccb-ed44275bb3a2,env0,Self-service cloud environments,"San Francisco, CA",https://www.env0.com/
1f3c5013-9d8f-4704-a39e-6e218c629ed2,envana,Methane monitoring,Houston,
eaf6ed98-77f9-48a8-ad5b-7190e586aee7,enverid,Developer of HVAC Load Reduction® technology,"Westwood, MA",
7cf8d585-087e-43b1-b23e-22f78942c32a,enverid systems,Maker of HVAC load reduction technology,"Boston, USA",
4811e7fe-566a-4886-ba6f-fa32b6a91b9f,envgo,Electric hydrofoil boats developer,"Waterloo, Canada",https://www.envgo.com/
d68e7c7b-6874-4b75-a399-f06ab03f5823,enviria,Deploying solar capacity on roofs and buildings,"Frankfurt, Germany",
d49cd838-66c5-4120-90bc-e099b1de1c09,envirospark,EV charging installation and services platform,"Atlanta, GA",https://www.envirospark.com/
67fdfcf9-5b99-44c9-bb18-e163d318585f,envoria,ESG reporting and compliance software company,Germany,
d28d1449-f41f-4c32-ab0d-40dd22498c7b,envoy technologies,Provider of electric vehicle-sharing services,"Culver City, CA",https://www.envoytechnologies.com/
aa7c23d9-0b9b-4230-b0e5-4161916b3346,enzinc,Advanced zinc battery developer,"Richmond, CA",
e4bf8046-d069-4ab5-acd8-1a1673c8ffc3,enzinc inc,Zinc battery developer,"Richmond, CA",
1bd45394-6bd0-48ce-9278-d42ff03b603a,eo charging,Provider of EV charging solutions for fleets,"Stowmarket, UK",https://www.eocharging.com/
7265c981-0fd7-4665-b4b5-bb3377b8b846,eocycle technologies,Production of smaller wind turbines,"Montreal, Canada",
dc1386b5-e32d-473e-b78a-b7e81ea3a7cb,eos,Energy storage developer,"Edison, NJ",
6a8f9038-2d84-4ee1-ab38-12585c5ce070,eos energy enterprises,Energy storage,"Edison, NJ",https://eosenergystorage.com/
a246dbcf-0608-4ed5-9446-c639fb5c3891,eos energy storage llc,Manufacturer of zinc hybrid cathode battery energy storage systems,"Edison, NJ",
44c585cf-8cc1-4f66-979c-288fb32bd4bd,epic cleantec,Onsite wastewater treatment and reuse company,"San Francisco, CA",
6ea50253-9249-48aa-b76b-20e3b07b17d8,epilot,Help grid operators digitize their operations and accelerate renewable energy adoption,"Cologne, Germany",https://epilot.cloud/
d95704ad-8223-421a-bcb0-caaedbd78668,epirus,"Solid-state, software-defined directed energy systems developer","Torrance, CA",https://www.epirus.com/
9a29b60c-62c0-4612-8e16-6b91ee17a500,eplane,Electric flying taxi startup,India,
b94e0901-4183-4429-96c0-7be568f8d800,epoch biodesign,Enzymes breaking down hard-to-recycle plastics,"London, England",
71a83d54-3de0-47c2-9e05-97aef0b86f7f,epower,EV charging installer,"Cork, Ireland",
09440c34-c4df-4c1a-b92f-5b6171fa5e5d,epyr,Develops thermal energy storage solutions,Paris,
2a6a65da-cf1f-462d-a835-9bb0bc59a6a8,eqt,"Long-hold impact fund for climate, nature, and health projects","Stockholm, Sweden",https://www.eqtgroup.com/
7ecf47a7-a462-4413-b8d1-81e21b90b701,eqt corporation,Acquires upstream and midstream assets of Olympus Energy,Pittsburgh,
65aaf76b-b557-4ce8-93cc-232577e40591,equal ventures,Second seed fund,"New York City, NY",
72261c68-b9d5-4b4a-a139-dbd32ab70e8e,equatic,Company combining carbon removal and carbon-negative hydrogen generation,"Los Angeles, CA",
1e5e2882-a800-4b82-b196-e466471fd024,equator,Focused on climate tech startups in sub-Saharan Africa,"Nairobi, Kenya and London",
4c27ccd4-4d7e-4446-8533-4cf9fd980f77,equilibrium energy,Grid power storage optimization services provider,New York,https://www.equilibriumenergy.com/
0e9bafa7-3d22-4257-85ea-4d8a2a5b6e5f,equinom,Plant nutrition company,Israel,
dd00addf-a6d4-4582-a46a-e4ad4654e4db,equinor,Energy company,"Stavanger, Norway",https://www.equinor.com/
d655030d-4c80-4871-bde8-bf58c11b71ec,equipmentshare,Maker of equipment-tracking tech for the construction industry,"Columbia, MO",https://www.equipmentshare.com/
804044df-6a09-4f15-8a51-3940df3944aa,equium,Producer of acoustic heat pumps,France,
070d057d-a78b-4102-9f01-4e5b8cdd6f57,eratani,Digital platform for smallholder rice farmers,"South Jakarta, Indonesia",
96b0aa1f-7799-4542-97ce-bc1ee1f4a7aa,erguvan,Carbon credits and RECs marketplace,"Sarıyer, Turkey",
d16c70bc-0eaf-4409-b6f7-70e1f3cbd6b0,ers (ecosystem restoration standard),Carbon certification platform for nature-based projects,Paris,
3b3530cb-cb0a-4949-ace1-f18aa9cd1f79,erthos,Solar mount technology provider,"Tempe, AZ",https://erthos.com/
727138eb-50be-4b4a-afb5-cbc2781df017,esg book,Sustainability data and technology platform,"London, England",
9d3cfa52-fd18-44cd-bb5d-54d223745c51,esg flo,"ESG platform for industrial, manufacturing, and infrastructure companies","Houston, Texas",https://www.esgflo.com/
e826944e-fe6d-4113-b8b4-8eb70bd2e2b4,esmito,Battery swapping company,India,
2aee3560-291d-48d2-8b12-970e2424b584,esper,Hyperspectral satellite imaging services,"Melbourne, Australia",
d6b78458-8397-415c-bff2-f4c7329e6e02,ess,Developer of long-duration iron flow batteries,,
1af4b896-12a2-4049-b5ca-ec55df96343e,ess inc.,Manufacturer of energy storage systems,"Wilsonville, Ore.",
11be6c64-a78a-4fef-9a39-a0e5a177c716,ess tech,Manufacturer of iron flow batteries,"Wilsonville, OR",
b89371ab-fe8c-455a-80d4-f8881447dca5,est-floattech,Battery systems designed for maritime applications,"Badhoevedorp, Netherlands",
84d4c9b4-9edb-4ddf-8f90-9965c565a24a,estuaire,For its flight data platform focused on reducing aviation emissions,"Paris, France",
f9699bc1-b2c3-49f1-8b70-d4f14fffff91,esvolta,Utility-scale energy storage project developer,"Aliso Viejo, CA",https://esvolta.com/
fd02e08c-1b71-49ef-a8e1-9204ed8316cf,etalytics,AI-powered energy management solutions,"Darmstadt, Germany",https://etalytics.com/
4946cc5b-9b35-4dee-9149-182e2189980a,etch,Hydrogen from methane decomposition developer,"Chevy Chase, MD",
f269410e-943d-424d-baf9-869947e5fea2,etf partners,Software-focused climate tech companies,"London, U.K.",
4d18fb89-dfe8-4322-a3b6-b800c7be0c5c,ethernovia,Ethernet system for electric vehicles,"San Jose, CA",https://ethernovia.com/
976fd1fd-dd91-4a20-9c04-0c7eb4b65619,ethic,Sustainable investing fintech platform,"New York, NY",https://ethic.org/
336f5880-97b3-4d36-9db4-5aa1ec2ac7b2,ethonai,AI-powered manufacturing analytics platform,"Zürich, Switzerland",
74f7c683-4034-47f4-84fb-275cfeb5aa21,ethos engineering,Provider of mechanical and electrical designs for sustainable buildings,"Dublin, Ireland",
c7c2741d-aafa-413f-9438-a814ff5cdbb0,etpa,Short-term electricity market and spot-trading markets,Amsterdam,https://www.etpa.com/
333ac7f2-beb4-4c73-9ff9-09e64026f78e,ettitude,Direct-to-consumer startup making sustainable bedding and sleepwear,"Los Angeles, CA",https://www.ettitude.com/
07028aff-99ba-4242-8828-a6d6c36a63f1,eturnity,Sales software platform for renewables deployment,"Chur, Switzerland",https://www.eturnity.com/
a193e877-4d72-4c4b-a9ed-bc1ee81affd0,eturnity ag,"Renewables evaluation, design, and sales software provider","Chur, Switzerland",https://www.eturnity.com/
5a958c15-b030-48ca-ab31-6043ff4c2a2c,euler motors,Electric three-wheelers designed to carry cargo,India,https://eulermotors.com/
e21d8b93-5fd0-48a6-a93a-7e79d2a54e89,eureciclo,Recycling logistics company,Brazil,https://eureciclo.com.br/
67ab2eac-4c48-4a1c-979b-bd4f13ed3b42,ev biotech,Company developing bio-based chemical feedstock,"Groningen, The Netherlands",
dff802ac-d7e8-4c33-a2d4-aec43c3adfe5,ev life,EV financing marketplace,"Folsom, CA",
6df69045-f4a1-44f3-8fcb-116fb87b5cd2,ev realty,Develop EV chargers for commercial vehicles,"San Francisco, CA",
e91ee45b-e25f-48bc-a4bb-6138411db9fc,ev.energy,Electric vehicle charging software provider,"London, U.K.",https://ev.energy/
b288b1d7-9085-4b90-af62-65bf10781b89,evage,All-electric commercial vehicle startup,India,
e6dc5aee-9471-4e2d-b482-93c43a27f0fe,evari,Producer of efficient heat pump compressors,"Peterborough, NH",
f108a746-741b-4a9e-90a2-b8e17ac7e8b0,evbox,Provider of EV charging solutions,,https://evbox.com/
426facdc-3379-48c4-a40b-74eadab91372,evcs,Electric vehicle charging network operator,"Arcadia, CA",https://www.evcs.com/
519d5edb-33ce-484b-856a-53a427ba66b9,eve air mobility,Electric vertical take-off and landing aircraft (eVTOL) for urban air transportation,"São Paulo, Brazil",https://www.eveairmobility.com/
8cfa1acd-9d31-493f-b244-718a2e61778d,ever after foods,Cultivated meat bioreactor platform,"Haifa, Israel",https://everafterfoods.com/
bf525413-b445-4fd5-94f4-213ac1c2fdfe,ever dye,Sustainable dyes,"Paris, France",
1fccf998-5150-4ddf-978c-1c2ae06ba397,evera,EV leasing solutions provider,"New Delhi, India",https://evera.com/
aba76b95-a35b-433a-b88f-be859f3ce663,everactive,"Maker of battery-free, industrial monitoring solutions","Santa Clara, CA",https://www.everactive.com/
95d6f271-d21f-423e-b486-17cb513bd955,evercloak,Membrane-based HVAC technology,"Waterloo, Canada",https://www.evercloak.com/
c4c18316-af03-4205-94ca-01daa46fc0b6,everest fleet,EV fleet management platform,"Mumbai, India",https://everestfleet.com/
c41e4005-c7f5-4df5-9076-861eae0c5d8d,everestlabs,Utilizing AI to facilitate recycling,"Fremont, CA",
f7a3930f-48ca-41f4-b04d-4a71c2d7c081,evergen,Software platform enabling distributed energy assets,Australia,
0e953cb6-aee3-4fcd-ae49-b15c5b5eae6a,evergrow,Focused on carbon offsetting projects,"San Francisco, CA",
4f6e52b2-a3a4-4591-a1d0-5646dd6f9c39,everimpact,"Carbon tracking platform for cities, ships, ports, and industrial sites",France,
f80e5126-49f3-4b89-afbc-f6513b5579fc,everledger,Creates a secure and permanent digital record of an asset’s origin,U.K.,
4732ddc3-dc0c-4878-b8bf-71311e611680,everseen,Computer vision and business automation solutions,"Cork, Ireland",
1b1fc2ca-5835-4789-8b44-127af4713812,eversource energy,Residential energy provider,"Boston, MA",
663fc7f8-8940-474c-a287-fac66cd67a6d,everstar,Nuclear transformer developer,"New York City, NY",
4f619dff-4e6a-49dd-901b-c784cbac259b,everstream analytics,Supply chain visibility and risk platform,"San Marcos, CA",
a5d25bf2-e1ae-4fc0-9b24-73dc15596154,everyone energy,Renewable energy consultancy,"Berlin, Germany",
7dda644b-04fd-494d-9dbe-633ba10999ef,evgo,Operator of EV charging stations,"Los Angeles, CA",https://www.evgo.com/
d7da40a2-d362-46d0-8262-3e2a213b607d,evident battery,EV battery inspection technology provider,"Westford, Massachusetts",https://evidentbattery.com/
96134b8c-4d7f-4fa6-9ccb-d8a631d6ecde,evios,Home EV charger installation business,"Stewartby, U.K.",
6748aa0a-9953-486b-a034-477718a6d383,evoco,"Low-carbon, plant-based materials start-up","Toronto, Canada",
5262bc92-0ffd-4d05-a2fe-f8af4787effe,evodiobio,Sustainable aromas for nonalcoholic beverages,"Copenhagen, Denmark",
1c24845f-bf24-4c21-814c-c8607012a3d8,evolectric,Provider of circular EV solutions,"Long Beach, CA",
04ee37b9-ad13-4119-962a-64897b7b277b,evoloh,Manufacturer of electrolyzer stacks for green hydrogen,"Santa Clara, CA",
c29a0709-ebcf-4622-b499-e76c326de61f,evolved by nature,Uses Activated Silk technology to create high-performance molecules,"Medford, MA",https://www.evolvedbynature.com/
f1649491-a579-4dda-95c5-3bde941ef54a,evos energy,EV fleet management and charging platform,"Brisbane, Australia",
1f68c189-5090-4551-812a-4f4dc30fd3d7,evrnu,Sustainable textiles startup,"Seattle, WA",https://www.evrnu.com/
9bce7d09-daf1-4399-b7cc-fccefb73909a,ex-fusion,Laser-based nuclear fusion developer,"Osaka, Japan",https://www.ex-fusion.com/
906ba6c8-c34b-4935-8547-53b5d6327a7a,exasun,Solar roof manufacturer,Netherlands,https://www.exasun.com/
5774301a-9cc0-4019-93d1-9490c0042f9a,excarta,AI weather prediction company,"San Mateo, California",
1dfd3e24-aace-4772-b33e-853a54b70367,excelsior energy capital,Renewable Energy Investment Fund,"Excelsior, MN",
55611935-7b91-4eb5-998d-1e8fac92b1a5,excess materials exchange,Online marketplace for materials platform,"Amsterdam, Netherlands",https://www.excessmaterialsexchange.com/
4fc62fd7-d1fe-4cf0-8e35-b91e50c00157,exeger,Manufacturer of a carbon positive material that converts light energy to electrical energy,"Stockholm, Stockholms Lan, Sweden",https://www.exeger.com/
65f5c6ce-c049-4a9c-a264-6589cc0ac9c1,exergo,District heating and cooling startup using captured CO2,Switzerland,https://www.exergo.com/
137b50d3-98ca-482d-82af-acdaccfca509,exergyn,Solid-state technology developer for waste heat recovery,Dublin,https://www.exergyn.com/
f7ca3f74-05af-4923-ab16-2e7db78ded43,exodigo,AI-powered underground mapping technology,"Tel Aviv, Israel",https://www.exodigo.com/
83e1f70a-f079-4a98-8d3c-64cf5c7baf65,exoes,Advanced thermal system developer,"Gradignan, France",
477f1459-e081-4dc4-a040-18cf5ea6bda6,exoflare,Biosecurity risk management & software platform,"Sydney, Australia",
908e2602-d39a-4154-8c6e-f99beeb09d6f,exowatt,Deploy modular and transportable solar thermal energy units,"Miami, FL",https://exowatt.com/
b21cd1b0-a5e7-4c3e-afa6-4675b546fca0,explorium,Data science platform developer,"San Mateo, CA",https://www.explorium.ai/
bc7d5aec-e54f-45df-bc1d-02d8c50e9b22,exponent energy,Developer of fast-charging battery technology,India,https://www.exponent.energy/
e345b689-d55e-49b0-bcb0-6cf68db039dd,extantia capital,Invest in early-stage climate startups,"Berlin, Germany",https://extantia.com/
d8c445d9-4e65-4d52-96ac-7c6077dd0b7e,exterra,Carbon removal company,"Montreal, Canada",https://www.exterra.com/
602acc29-c6b8-4a03-ad94-973d750f7c8a,exus renewables north america,Solar and battery storage project,"Pittsburgh, PA",
20896e4d-b613-4be2-a484-e469bfb55121,exxonmobil,Expand plastic recycling operations,"Houston, TX",https://exxonmobil.com/
f2cdba8e-bff4-4b2d-987f-4e90f5778bfd,eyerov,Underwater robotics technologies,"Kochi, India",https://www.eyerov.com/
565bb862-badd-4f55-afeb-99de74718477,eyrus,Jobsite intelligence platform for construction and oil and gas industries,"Washington, DC",https://www.eyrus.com/
37a4e60d-037c-4541-8b47-ff7b0c42116a,fa bio,Sustainable agriculture bio-products developer,"Harpenden, UK",
49821e94-71e2-4140-b814-35518477d04a,faarms,Agri-tech marketplace,India,
9996abd8-0df6-4387-85e5-8e005b2bf9fd,fable food,Startup making mushroom-based meat alternatives,Australia,
1c4909a0-a2f8-419e-9413-ca26208258a6,fabric8labs,Electrochemical additive manufacturing company,"San Diego, CA",
6658a12a-1f20-4f3b-aefe-cee71c89fa3e,fabricnano,Developing a fossil-free biomanufacturing method for producing chemicals,UK,
a6740052-9a70-44ba-aef2-56c11727453a,factorial energy,Developer of solid-state batteries for e-vehicles,"Woburn, MA",https://factorialenergy.com/
a44148f5-a570-4583-856f-133dbc7150b1,fairbrics,Startup making carbon-neutral fabrics,"Clichy, France",
7509ef34-5314-4780-9d76-961c772c6e85,faircraft,Lab-grown leather developer,"San Francisco, CA",
bc5f73ff-77c9-40d6-b94e-95b2c047096c,fairly made,Fashion sustainability solutions provider,"Paris, France",https://www.fairlymade.com/
faa7275d-34aa-4509-abe7-dbee9ac50156,fairmat,Converting carbon composite into new materials,Italy,https://fairmat.com/
4e0f7481-130a-4e2b-9e36-9c05391fbc30,fairsupply,ESG data provider and consulting company,Australia,https://www.fairsupply.com.au/
f8acd4b9-27ad-4f86-8d76-1c817287d67b,faradai,Net zero intelligence platform,UK,
e3210fb1-c8bb-4f58-96ac-4e5c502d21a4,faraday future,Electric sports cars developer,"Gardena, CA",https://faradayfuture.com/
15c4179c-ef4c-41b2-8296-4af22d28417e,farasis energy,Electric vehicle lithium-ion battery maker,China,
ab14763f-a7d6-4bc7-aa4a-b3fd1235a64c,farm-ng,Modular off-road ag robotics manufacturer,"Watsonville, CA",https://farm-ng.com/
dac93125-1719-469d-9fec-2a3d2fae0fae,farmart,SaaS-based food supply chain platform,"Gurgaon, India",
e8c17206-2774-45f5-a399-58f825572f35,farmblox,Farming automation and agricultural monitoring technologies,"Boston, U.S.",https://www.farmblox.com/
c317fae3-6783-4070-9829-b195facb0113,farmbot,IoT platform for farmers to monitor resources,Australia,https://farm.bot/
15ccc8d6-6cbe-4020-b7bc-7e2527c47c1c,farmers business network,Agriculture technology platform,"San Carlos, CA",https://www.farmersbusinessnetwork.com/
5149df84-8788-49d4-95ad-de042ac98a23,farmer’s business network,Helps farmers share data and information,"San Carlos, CA",
e93e4abe-4b58-4e81-8e7d-42f525227d80,farminsect,Alternative source for animal feed developer,"Bergkirchen, Germany",
86ec0e80-eb1c-4f4a-86f1-65bdd6aaf4fc,farmless,Alternative protein food ingredients developer,"Amsterdam, Netherlands",
4d6faed2-08bb-4f0d-9ccb-8b71767b13fe,farmwise,Builds autonomous farming robots,"San Francisco, CA",
fa5c11b2-b322-4039-8ca4-411ca3ae9fdf,fasal,Smart farming technology company,"Bengaluru, India",
324760a1-a193-4e98-a6d9-aa9135a71d26,fashionnova,Fast fashion retail platform,"Los Angeles, CA",https://www.fashionnova.com/
1d5c533d-2a3a-4eaf-a106-18b9d6eeb533,fashol,Retail network for agriculture,"Dhaka, Bangladesh",
84ac79f2-b949-412a-a747-1e021717423e,fathom fund,Deep-tech investments across technologies,"Houston, TX",
08fddeef-1f29-4b8f-8f8a-8f58b65bf3bb,fazla gida,Food surplus startup,Turkey,
f30c50b8-d097-400e-b492-14be6d200c9b,fazla gıda,Food waste tech company,"Istanbul, Turkey",https://fazlagida.com/
d4ca8b02-f220-4a55-96c4-c58b5aedc014,featureform,MLOps feature store for building AI and ML systems,"San Francisco, Calif.",https://featureform.com/
cd08fad9-c558-4fad-b7b9-8048d9b25e5d,feld.energy,Help farmers install solar panels,"Munich, Germany",https://www.feld.energy/
694c887a-5af1-4d2f-bb67-f59d3e529d51,feon energy,To create new electrolyte formulations for advanced battery chemistries,"Woburn, MA",https://feonenergy.com/
eaf1b52a-e1bd-4399-a83a-371c67e4471f,fermata,Computer vision startup and autonomous crop management system,Tel Aviv,
53dc079c-8afa-411d-aa77-ea3eb57f8c44,fermata energy,Vehicle-to-everything (V2X) technology services provider,"Charlottesville, VA",https://fermataenergy.com/
bfc18cfc-efca-4ed5-ab22-fe0ea764c1c1,ferment,Venture studio for synthetic biology startups,"Santa Monica, CA",https://ferment.com/
edeaa217-f423-4516-a0c5-fece4d938594,fermify,Animal-free cheese developer,"Gerasdorf Bei Wien, Austria",
d839393b-a893-4976-9b6c-264cb3738baa,fermyon,WebAssembly applications deployment and management platform,"Longmont, CO",https://www.fermyon.com/
163d3cdc-9096-48a4-82a8-bc1ef261cc62,fernride,Electric autonomous trucks and operating systems,"Munich, Germany",https://fernride.com/
6151c634-0c4d-4a9e-870d-039965dd6d90,fero labs,Manufacturing process optimization software company,New York,https://www.ferolabs.com/
85918e40-d3cb-4e1e-806c-87f8df22817f,ferry,EV subscription startup,"Austin, TX",
22318b8a-7c9d-42c3-acc7-98ef85b34dcd,fervo,Develop 400 MW Cape Station project,"Houston, TX",https://fervoenergy.com/
a4bfeb5e-932d-45cf-aed7-52ede2f522ad,fervo energy,Enhanced geothermal energy solutions and technologies,"Houston, TX",https://www.fervoenergy.com/
2a9daa50-74e5-4535-870f-ae344c5cc89b,fever,API-based platform for distributed energy resources,"Stockholm, Sweden",https://www.fever.com/
4a8a7539-e788-4a5f-8f04-9152640cddb6,fiberdom,Sustainable wood fiber manufacturer,"Vantaa, Finland",https://fiberdom.com/
777c272a-dcd6-4b1c-8f2e-7a1d0897f8ec,fibersail,Using data-driven shape sensing tech to improve wind turbines efficiency,Portugal,
e660a452-15be-498f-ad11-e358ddb911a4,fiberwood,Sustainable packaging materials,"Järvenpää, Finland",https://www.fiberwood.fi/
52094ddc-ab71-4100-a000-4a77c39c357a,fibmold packaging,"Eco-friendly, molded fiber packaging developer","Mumbai, India",https://www.fibmold.com/
eb58d57f-6823-4517-9163-fb3b7c87494e,fibracast,Water and wastewater treatment developer,"Hamilton, Canada",https://www.fibracast.com/
83e14149-33bd-4cc3-9c70-b820c0613459,fibrecoat,Aluminum-coated fibers for protection against radiation and heat,"Aachen, Germany",https://www.fibrecoat.com/
01c03893-e03b-4b26-8303-922e421147a3,fiddler labs,Provider of an explainable AI engine,"Mountain View, CA",https://www.fiddler.ai/
8cd9d92f-c699-433b-869e-749d30c3292d,field,Battery energy storage project developer,"London, England",
74995162-9ae3-4202-89d1-6eb12b48b0cc,field materials,Procurement platform for contractors,"San Jose, CA",https://fieldmaterials.com/
74015790-45dc-42d9-a8ae-36ce7394830d,fieldin,Provider of a farm management platform,"Fresno, CA",
581be94b-a4b1-4f9a-83ee-8a9a67107b4a,fieldless farms,Developing indoor farming technology,Canada,
7964f852-5706-44a2-9771-9fa6ba7bb430,fieldwire,Field management solution for the construction industry,"San Francisco, CA",https://www.fieldwire.com/
4a91660d-5ef7-49fa-a8f9-fcb6e38fe690,fifteen,Shared e-bike services startup,France,
978e8f7b-7869-479f-b365-5149b11b1bca,fifth wall,Flagship Fund for real estate and technology,"Los Angeles, New York",
bc24d03f-5748-41da-b15e-2c767d71b3f1,figbytes,ESG insights company,"Ottawa, Canada",https://figbytes.com/
b29237a5-5fd7-4a3c-837a-0b18cb1aabd7,figma,Collaborative interface design platform,"San Francisco, CA",https://www.figma.com/
b7a608f0-6fe5-41e9-982e-052708c3e20c,figorr,"Real-time, cold-chain solutions company","Lagos, Nigeria",https://figorr.com/
c64d2108-d990-4ba7-a661-1e47c83a9019,fin,Sustainable logistics provider,"London, UK",
ae6973e0-6861-485f-b56c-83a4f91b13cd,finite carbon,Carbon offset developer,,
f5dd5c1f-d1ab-4a91-b825-eb64c02eb201,finite state,Supply chain and IoT security firm,"Columbus, OH",
c2ac8f66-ff98-45df-9775-919142aa47be,finless foods,Cell-cultured seafood company,"Emeryville, CA",https://finlessfoods.com/
287d3a5b-ef25-4390-8b63-5d13e2a4ad5d,finserve,Financial technology solutions,"New York, NY",
7ffd4d74-2ed3-4ef5-804b-55445341a733,fintech nexus,Streamlining financial services with technology,"Austin, TX",
1aba6685-8cb6-4c77-b6a8-e12d70d24c18,firedome,Autonomous cannons to help put out wildfires,"Tel Aviv, Israel",
95f888b6-b946-40bc-ad37-8169a531b074,firehydrant,Incident response and management platform,New York,https://firehydrant.io/
45e96d66-d7d3-4472-b550-aed3eb0e70a0,firemaps,Wildfire management startup,San Francisco,
f9b47028-9752-49f3-bb01-e6b36c92c87c,first momentum,Invests in pre-seed deep tech startups,"Karlsruhe, Germany",
e62baf33-636e-4000-a680-5a67d2b2b23c,first resonance,Manufacturing software platform for factory operations,"Los Angeles, CA",
79fe65d3-1d33-4fbb-aa34-6934badffb9b,first street,Help customers navigate their climate risk exposure,"New York, U.S.",https://www.firststreet.org/
a585df94-bfb7-4ac1-8f74-b4976e1ea646,first water,Sustainable salmon farming,"Kópavogur, Iceland",
fde7f171-39f0-4cf2-b371-2e2a9385b753,firstelement fuel,Hydrogen refueling network,"Newport Beach, CA",https://firstelementfuel.com/
20565fec-2d0a-49db-a0cb-a3d9c40a580f,fisker,EV manufacturer,"Los Angeles, CA",
b6574916-6391-49d8-b427-b1a21ba9bf33,fitsol,Supply chain sustainability solutions provider,"New Delhi, India",
aeee98b5-d245-488c-a01b-a18797c4eb07,flagship pioneering,"Create 25 impact-driven companies in human health, sustainability, and artificial intelligence","Cambridge, MA, U.S.",https://www.flagshippioneering.com/
094a71ea-4f9b-4544-b971-5d677b210028,flair,Smart vent developer,"San Francisco, CA",
42eea5b5-50f6-42bb-b660-00ba5be4c298,flash forest,Aerial reforestation platform,"Toronto, Canada",https://www.flashforest.ca/
97c46ebe-a78d-4f3c-a3b4-a0e23c7e2bd5,flashfood,Mobile grocery marketplace for expiring food,Canada,https://www.flashfood.com/
a6eb2550-23f4-4d55-aef9-f3e8aaea30c9,flashtract,Cloud-based software for billing and payments for construction projects,"Atlanta, GA",
ee56ed0f-e928-4b6f-8d53-ea49125ac955,flatfile,Data onboarding software,"Denver, CO",
92532337-7767-49dc-9738-121bf09521e5,fleet,Manage employee commuter programs,"San Francisco, CA",
c822eb7b-7bcd-4282-a154-6c4dcd49a0f6,fleet space technologies,Build technologies to expand satellite-based mineral exploration,"Beverley, South Australia",https://fleetspace.com/
e54ef8c2-ebd9-4653-b41b-a1f998361d01,fleetops,AI-based freight marketplace that matches shipments with drivers,"Toronto, Canada",https://www.fleetops.com/
d691040c-59e6-4ca5-9c7f-23080318e534,fleetzero,Startup building battery-electric cargo ships,"New Orleans, LA",
d45c98ad-77f1-48b5-9473-cda781a37a0e,flexcharging,EV charging company,"Bellevue, WA",
8e16e1c6-a949-4599-a5ca-97c59c497aea,flexecharge,EV load and management solutions developer,"Copenhagen, Denmark",
e2ab0c30-8ae2-436a-b3e4-335649b798b9,flexgen,Energy management software platform,"Durham, NC",https://www.flexgen.com/
d92793e2-ad21-4aa2-9c58-86ea595fc621,flexgen power systems,Provider of services and software to energy storage companies,"Durham, NC",
993181e5-2b9b-4775-82e2-f7f515681338,flexidao,24/7 carbon-free energy platform,Spain,
f85859c0-3702-497f-acde-9fc01b672a2e,flexnode,Data centers with liquid-cooling tech,"Bethesda, MD",https://www.flexnode.com/
95ec5064-80b6-43fa-9a54-a9120985a3f4,flexport,Global logistics platform,"San Francisco, CA",https://www.flexport.com/
681d935c-a2a2-4e1f-b18e-6691181bae8d,flexsea,Seaweed-derived biomaterial for packaging platform,"London, U.K. and Berlin, Germany",
09a7205f-9406-486b-9b55-ee6c03ac3b0e,flint,Make cellulose-based paper batteries,Singapore,
632295ab-078d-40a2-ae4b-835f889c2291,flipturn,EV charger and fleet management platform,"New York, NY",
7b476f44-7976-4b0d-9733-d86f3fc60966,flo,EV charging network operator,"Quebec, Canada",
4c73abe4-08c2-4f23-9c44-52f4a352d27f,flocean,Desalination technology developer,"Oslo, Norway",
154092f9-8e62-4d07-91a5-a75ffef81593,flock mobility,B2B platform to improve fleet efficiency,"Edinburgh, Scotland",https://flockmobility.com/
b0a605b4-90fd-47bb-a3ca-16a68736bdf8,flolive,Maker of a way to create private 5G networks,"London, UK",
2b8b5ade-9eef-4c69-b3bc-01b472ae5277,floodbase,Uses satellite imagery and AI to track floods globally,"New York, NY",
1a0b62cb-9eea-4989-b0ce-257eca4d5135,floodflash,Flood insurance technology company,London,
cd1718dd-e962-49d4-bbf6-7dfbee731a6b,floodmapp,Flood forecast startup,Australia,https://www.floodmapp.com/
49f141e5-9714-4b32-8c14-9490514ce80e,floorfound,Oversized retail recommerce platform,"Austin, TX",https://www.floorfound.com/
62fb2477-036c-446d-b29c-66c672450751,flora,Sustainable brand marketplace,"San Francisco, CA",
0a3d9486-8d86-48d6-8a16-39809741e525,flora ventures,Investment firm for food and agricultural start-ups,"Tel Aviv, Israel",
1ae637d9-aa30-4f62-91dd-9b9335d50b96,floreon,Bioplastics developer,"City of Kingston upon Hull, UK",https://www.floreon.com/
b572dcdf-7c18-4424-8914-487c854ee35c,florrent,High-energy density ultracapacitor technology,"Amherst, MA",
f164fe7c-b244-43a0-8ef2-0c3ad39004ba,flowcarbon,Crypto platform building an on-chain carbon market,"New York, NY",https://www.flowcarbon.com/
d8c492f2-19ff-476e-bb52-973fe3dc1e90,flower,Software to integrate intermittent renewables into power grids,Stockholm,https://flower.com/
2a9fa8e3-4bce-44f7-8561-54c9cf81cf3f,fluence,Energy storage technology provider,,
c244f2fc-e2f7-4694-a841-3f66553292ec,fluence analytics,Polymer reaction monitoring and control company,"Houston, TX",
eb8fea49-c87a-438e-9d27-035386cf7d05,fluence energy,Grid-scale batteries for Ukraine,Virginia,
08c430a3-3963-45f1-8667-cab8edacdd3d,flume,Residential water use monitoring platform,"San Luis Obispo, CA",
7507ca79-ce60-4fb4-b1c2-0b7bb635de8b,fluorok,Make less environmentally harmful fluorochemicals,"Oxford, U.K.",
948a4e12-e417-4f67-9781-bd87e2c94ebc,fluree,Graph ledger database and data pipeline toolset developer,"Winston-Salem, N.C.",
577e8c25-6df1-401f-b7cf-4c88dba1e12c,flux marine,Electric boating startup,"Providence, RI",https://fluxmarine.com/
72939102-c18a-49e1-ad8d-03a2bed8b387,flyby robotics,Drone automation and delivery company,"Los Angeles, CA",https://flybyrobotics.com/
9e4fb575-fe8b-4b89-9974-bb1087b7866a,flyfeed,Insect farming company producing high-nutrient protein,Estonia,
5495d0a7-45b5-4d89-b48e-66b2c0594f37,flyoro,Modular SAF blending technology platform,"Singapore, Singapore",
630706fc-8848-41c5-9a0a-95409cee5f1c,flyscan,Energy infrastructure remote sensing platform,"Quebec, Canada",https://www.flyscan.com/
60ccb780-a820-47ad-9dab-8491cd925578,fm capital,Investments in automotive and transportation startups,Boulder,
cf00b0e8-a15d-4974-8125-81dfab0e1a21,focus energy,Laser fusion startup focused on alternative energy,"Germany, Texas",
a928d42b-1cff-4f81-b1c6-ffda336a3608,focused energy,Laser nuclear fusion developer,"Austin, TX",
6d0b7f5a-9ab4-4bc3-a053-8f6768c20d39,fokker,Aerospace company,"Amsterdam, Netherlands",
266c20c1-a2b5-4c12-945a-bd63cf1e5311,food brewer,Sustainable cacao and coffee alternatives,"Horgen, Switzerland",https://foodbrewer.com/
8216f82e-b61c-4206-8e74-0edcae0f04f3,foodforecast,Develop prediction software to reduce waste from retail supply chains,"Cologne, Germany",https://www.foodforecast.com/
fa3eb22c-3636-4301-b0f8-33cb37704917,foodiq,Food processing equipment manufacturer,"Järvenpää, Finland",
327f9644-e39f-4078-87e6-a93f11548041,foodsi,Marketplace for surplus food to reduce food waste,"Lubin, Poland",
b97007df-fd49-43f9-b30d-b103130b711c,foodsteps,Food sustainability platform,"London, UK",
790919cc-95be-4a69-91b4-8aba54e294cc,foray bioscience,To build biomanufacturing tools without extracting them from ecosystems,"Cambridge, MA",
4c6975dc-b484-4eaf-96e8-57f6bc1f1569,forbion bioeconomy fund i,Invest in biotech-enabled solutions,"Naarden, Netherlands",
337c1d47-2221-4f4f-a5ce-ecb83f98a225,foreverland,"Make a more sustainable, carob-based chocolate alternative","Bari, Italy",https://www.foreverland.com/
eb3e6ba7-3c94-4bc9-8290-0e18ee36727e,forge nano,Provider of nano-coating technology for lithium-ion batteries,"Louisville, CO",https://forgenano.com/
9826bb6b-f4f4-4bb2-a2c9-e281fdb540b4,form energy,Iron-air batteries designed for long-duration energy storage,"Somerville, MA",https://www.formenergy.com/
4490bc39-95b2-4e73-bd2a-4904d6ef2fc6,formic,For its robot-as-a-service offering for manufacturing companies,Chicago,https://www.formic.co/
c2ca0db2-97ac-4baa-84fb-3a79307f665d,formo,Fermentation processes for dairy-free cheese alternatives,"Berlin, Germany",https://formo.de/
03201859-a044-4c2a-a815-caf0e4df7b8b,forsea foods,Growing cultivated eel meat,Israel,
f71b95e9-2d6d-4abc-95ea-7d3ed89bef35,fort robotics,Communications and control company for smart machines,"Philadelphia, PA",https://fortrobotics.com/
2abe85dc-16d8-4703-9cca-382dcfbd2e92,fortephest,Biotech startup focused on crop protection,Israel,
1e859e3c-3522-4ca3-a578-384be441dbd9,fortius metals,Additive metals manufacturing business,"Lafayette, CO",https://fortiusmetals.com/
23d78254-9392-4959-93f1-986ac48df24b,forum mobility,Zero-emission fleet and infrastructure provider,"San Francisco, CA",
8f087b55-7c2a-4dc6-b21b-ca43b5f47f4c,forward earth,AI-powered carbon management platform for businesses,"Berlin, Germany",
5a10bfe4-9ea3-459b-bc29-dac5da6db68f,forward networks,Network assurance and verification,"Palo Alto, California",https://www.forwardnetworks.com/
9635d602-3ff9-41ad-885b-091000ce7051,fossa,Open source management company,"San Francisco, CA",https://fossa.com/
a61b3221-14c0-4b1b-9cdf-4f316b5f0267,fotokite,Autonomous tethered drones for firefighting,"Zürich, Switzerland",https://fotokite.com/
2b1553f0-3fb2-4e31-9be1-1e01d729c8ac,found energy,Developer of aluminum-thermal power system for carbon-free industrial heat and hydrogen,"Boston, Massachusetts",
633d0be3-2b1a-4913-920b-6dbc7a743de9,founderful,Invest in pre-seed startups,"Zürich, Switzerland",https://www.founderful.com/
aec4cc23-f829-4fb8-b8af-04a1101b4e13,four growers,Harvesting robots developer,"Pittsburgh, PA",
a23dda13-eed1-4c65-a724-b3d4495f2041,fourier,"Modular, on-site hydrogen production startup","Palo Alto, CA",
8273ef8a-0f63-4d88-81c9-1ed93107b744,fox robotics,Autonomous forklift company,"Austin, TX",https://www.foxrobotics.com/
e600c047-9bbd-4508-9237-97bf3b1b3a75,fpr energy,'Concentrated Solar Thermal' technology,"Newcastle, Australia",
49e1f533-ef82-4b83-97b9-6b95d4965e38,franklin templeton,Climate impact fund,"San Mateo, CA",https://www.franklintempleton.com/
a3ab3b2f-8b58-4275-8173-2a005a7c2e36,franklinwh,Developer of home battery storage systems,"San Jose, CA",https://www.franklinwh.com/
0de323bf-4329-469e-9219-48f71107dd7f,freebee,Electric ride-hailing company,"Miami, FL",
09fafd0e-e902-4659-90d9-cf23abc7acc1,freedom robotics,Provider of software for monitoring and management of robots,"San Francisco, CA",
00921dc1-90e5-451e-abe7-f737acdb2097,freeflow ventures,Invest in human and planetary health challenges,"Pasadena, CA",
47912da6-959b-425d-8747-ad97a3cf75bd,freewire technologies,Makes chargers that include embedded batteries for energy storage,"San Leandro, CA",https://www.freewiretech.com/
51e21c12-eb26-46d2-870e-456a7a08a7ee,freezem,Breeding-as-a-service insect protein technologies,"Tel Aviv, Israel",https://www.freezem.com/
bafed81b-97ae-4bf6-a28e-87db06fa986f,frequenz,Provider of DER asset management and optimization,Germany,https://frequenz.com/
05fbf43d-2d20-45b6-a33c-18fa078a904b,freshbus,Provider of an electric bus service in India,"Hyderabad, India",https://freshbus.in/
9b7c7e96-9749-4170-951f-a7fe7b04a5b6,freshflow,AI-powered food supply chain software,"Berlin, Germany",
e82ff851-8a16-4f5e-82f0-dad2fbf7a60c,freterium,Transport management software provider,"Casablanca, Morocco",
ecaa5ac2-5887-4825-b602-b56842b82bd7,freya cultivation systems,Automated greenhouse systems,"Kaunas, Lithuania",
fd2da2b3-a11c-436b-afdc-359d49602649,freyr battery,Solar panel assembly facility purchase,"Newnan, GA",
c2ee427f-9690-4451-ae70-0f2fef0c311f,friendlier,Reusable packaging company,"Toronto, Canada",
134592bd-e261-466f-8452-b2f3e84180ff,front range biosciences,Technology provider for breeding and production of new plant varieties,"Lafayette, CO",
2c9ef944-f129-4e39-8da1-c36608e838b4,frontier,Facilitates carbon removal agreements,,
5a849f55-06af-4875-8ce7-11b8daecba48,frontline wildfire defense,Wildfire defense company,"San Francisco, CA",
86a2a079-13e7-4394-ac27-849b9ed1d36c,frore systems,Solid-state chips that provide active device cooling,"San Jose, CA",https://www.froresystems.com/
2373b26a-c8a6-4f36-acac-4afa93ec0ce1,fruitscout,Agtech software maker,"Yakima, WA",
8407f0c0-5a1c-4cde-aa39-1f478494bb69,frumtak ventures,"Invest in startups across ocean tech, energy, climate, and more",Iceland,
41e88d87-6647-46a8-9b9d-c747ce2505eb,fseq,"Maker of electric, driverless fleets","South San Francisco, CA",
d07cd39a-bed5-4743-a84e-4a48349adbd6,fsn capital,'Compass Fund' for purpose-driven companies,"Oslo, Norway",
4e220e5c-32b1-4643-8be0-9576a8f35a92,fuchs & eule,Energy efficiency consulting platform,"Potsdam, Germany",
fa9bb1f9-f037-4fd8-b563-f77cb50eba4b,fuelcell energy,Integrated hydrogen fuel cell developer,"Danbury, CT",https://www.fuelcellenergy.com/
03fb9bf1-db77-4ec9-bb63-b67a831affca,fuelfwd,AI-powered platform for renewable fuel compliance,"Rotterdam, Netherlands",
44073c0b-ba88-4987-b25d-46a50ff3523e,fuergy,Provider of energy storage and management solutions,"Bratislava, Slovakia",https://fuergy.com/
412d0893-739c-456c-a207-e0e7ced8e9e6,fugu carbon,CO2 capture technology made from mass-manufactured parts,"Sydney, Australia",https://fugucarbon.com/
41966bac-ccfc-4252-a379-183f78d91ce7,fulcrum bioenergy,Renewable transportation fuels from landfill waste,"Pleasanton, CA",
9b7e2945-7d98-4fc6-9065-6d769b0717c9,full harvest,Online marketplace connecting farmers with commercial produce buyers,"San Francisco, CA",https://www.fullharvest.com/
a3b29c36-4b54-42f7-9471-90e9e619af14,funga,Fungal-based carbon removal company,"Austin, TX",
5acffbb1-f9ad-4b5c-a55a-d104b666c41e,fungu'it,Filamentous fungi fermentation technology for transforming agricultural products,France,
f1cdfb42-bb2f-4ac4-acc9-c988d072cf91,furbnow,Energy efficiency and retrofit platform,"Birmingham, UK",https://furbnow.com/
5baf4cfd-dc13-4a86-8e5c-1957fedbef86,furno,Producer of carbon-neutral cement manufacturing technology,"Mountain View, Calif.",https://www.furno.com/
d6868e9a-bdac-4eec-a27b-181f146ce2c0,furno materials,Retrofittable oxyfuel in cement plants producer,"Palo Alto, CA",
c9a8b380-7b24-46ae-88b6-9012a8abfa53,fuse energy,Build a decentralized renewable energy network,"London, U.K.",
c4249ffc-da99-429b-9139-6a8d4eb0356a,fuse energy technologies,Fusion technology development,"San Leandro, CA",https://www.fuseenergy.com/
c56c09ba-afbc-45b8-ab03-ac7cfadbbb97,fusebox,Energy management system for utilities,"Tallinn, Estonia",https://www.fusebox.com/
3f523071-1f9e-4497-ba76-9286f7e03a38,fusebox energy,Energy management software,"Tallinn, Estonia",
db16e2fc-cb92-4be9-ae75-c8fd5bce22f9,futraheat,High-temperature heat pumps provider,"Surbiton, United Kingdom",
23c90d0f-b93b-41af-8434-7b22c2f64774,future,Debit-card company providing cash incentives for carbon footprint reductions,"Silver Springs, Maryland",https://www.futurecard.com/
872cbd7d-dd5b-4202-b97c-01cc1497bae1,future energy ventures,Venture capital platform created by E.ON investing in the energy landscape,,
ee5cb756-7755-461b-bb0c-983d96411858,future farm,Alternative protein producer,Brazil,
da7fd0d4-e1c6-4af6-9d9f-0e361b49d965,future fields,Protein biomanufacturing using fruit flies,Canada,https://www.futurefields.io/
7d2a1fa0-ca90-4d0d-b7e0-15540d177c21,future meat technologies,Plant-based meat producer,Israel,
e96d40f5-dd01-4cab-8143-3a08764c3afa,futureproof technologies,Climate risk analytics platform,"San Diego, CA",https://www.futureprooftech.com/
b0d8299e-088e-4f86-b672-7be4b8d75bb9,fuuse,EV charging operating software company,"Lancaster, United Kingdom",
11bd0635-f386-47ac-949d-cc83ac2c61fa,fyto,Aquatic plant science automation,"Bay Area, CA",https://www.fyto.com/
25edd671-6001-40ba-8478-eef4c20c68cf,g2 reverse logistics,Reverse logistics technologies,"Pittsburgh, U.S.",
4696031e-12a6-40ee-a036-b0219cceb162,ga drilling,Ultra-deep plasma geothermal drilling company,"Trnava, Slovakia",https://gadrilling.com/
8c46dc89-d148-4b54-ac56-0d45a78a71e5,gable.ai,Collaboration platform for software and data developers,"Seattle, Wash.",
9d1d757b-b42f-4ccc-ab19-915c6ddca7e3,gaeastar,Reusable clay cup producer,"Berlin, Germany",https://gaeastar.com/
5c6cedac-d568-46e7-a6b3-986761938c3d,gaia biomaterials,Bioplastics developer,"Helsingborg, Sweden",
906ccf5e-8e29-46a7-b072-43a16d53fb0e,gaiascope,Wholesale electricity price forecasting startup,"Boston, MA",
50944675-f8dc-431d-b99a-2bd4a8638d04,galatea technologies,Waste management logistics software for the oil and gas industry,Calgary,
c27132c2-c77d-48fb-b1e4-492f7b5978c2,galley solutions,Foodtech software platform,San Diego,
f55f11c5-df77-4083-8d05-b959c6e8e25b,galttec,Solid oxide fuel cells for portable energy,"Tartu, Estonia",https://www.galttec.com/
b8fc228c-b29a-4423-978f-fa5965850b7d,galvanick,Industrial infrastructure cybersecurity,"Los Angeles, CA",https://galvanick.com/
5d5c817e-eb85-43e1-9c85-2cb2c947840f,galway sustainable capital,Sustainable infrastructure investment firm,"Washington, D.C.",
69c7e958-f327-4b02-80f2-60521439006b,galy,Make cultivated cotton from plant cells,"Boston, MA",https://galy.com/
1d1b6c4f-e13e-45ba-964b-c80c34473eaf,gamaya,Agricultural tech company,Switzerland,https://www.gamaya.com/
9d599c4e-4ca7-4885-99ba-31e9a22f763f,garden,Open-sourced development automation platform,"Berlin, Germany",
5648863f-32d6-438f-ba26-44ac32121a1b,gardyn,Way to grow food indoors and at home,Washington D.C.,
b0433a07-bccc-4358-9d83-35f012bb22f5,garuda aerospace,Drone-as-a-solution startup aimed at increasing efficiency in production,India,
cedb8e11-82b1-4f6e-b03b-c85f4ff0b14e,gather ai,Developer of computer vision and AI-powered warehouse inventory technology,Pittsburgh,https://www.gather.ai/
d5d2a237-a17d-44cb-b24b-e21dbceecc6e,gatik,Making autonomous vehicles for business-to-business short-haul logistics,"Mountain View, CA",https://gatik.ai/
75148cbb-d6ed-4c12-874a-36da88be9a83,gaussion,Battery technology company,"London, United Kingdom",
930302d2-3c5c-4684-a028-dba0b48321ec,gavan,Make sustainable plant-based butter alternatives,"Acre, Israel",
74dd0588-21c8-4ec0-8c73-4d822b6bd4b4,gazelle wind power,Make floating platforms for offshore wind turbines,"Dublin, Ireland",https://www.gazellewindpower.com/
30f0974c-3af1-4d90-8c4b-10fe1f32f617,gdi,Developer of silicon anodes for lithium-ion batteries,"Rochester, NY",
eaa22cd8-2f9f-4a8e-95d9-dc88ee74d8d1,gecko robotics,Robots and software for infrastructure inspection,Pittsburgh,https://www.geckorobotics.com/
454129f1-b425-4bbe-9a68-ea92854126fb,gef capital,Private equity focused on climate investment,"Washington, D.C.",https://gefcapital.com/
cd192de5-c696-4f6b-bcae-a86dc97592be,geltor,Bio design startup making animal-free proteins,"San Leandro, CA",
dbc0eff6-d35a-4a2c-b000-7560283055ac,genecis,Startup developing compostable plastic from waste,Canada,
2832f5c3-4c75-4d13-b957-cb75d6550b35,genecis bioindustries,Turning food waste into compostable plastics,"Ottawa, Canada",
e51be6f3-2812-47b1-b614-f78e196b1182,genemod,Workspace collaboration software platform for biopharma research,"Seattle, WA",https://www.genemod.com/
b594c142-4e5e-4d29-99f9-c38ef3d93d69,general catalyst,Exploring an IPO to become the first U.S. venture capital firm to go public,"San Francisco, CA",
c45bb8f0-d748-4858-bb4a-529df92b0507,general fusion,Magnetized Target Fusion (MTF) nuclear energy developer,"Richmond, Canada",
8a0af985-440b-4857-868d-047ac1531c44,general galactic,Capture CO2 from the air and make synthetic methane,"El Segundo, CA",
e6c70980-48b3-48cd-b8f8-9e19cf32b4f5,general matter,Producing high-assay low-enriched uranium fuel,"San Francisco, CA",https://generalmatter.com/
f08ae125-94ed-415a-9ef5-774a3e52e312,generate capital,Credit facility for cleaner energy assets,"San Francisco, CA",https://generatecapital.com/
00fe9508-259b-40d2-a8d7-e840ef361754,generative engineering,Developer of software for modeling and testing designs,"London, U.K.",
ac6578d6-17db-459e-94ed-5fbd8ce31171,genia bioenergy,Biogas projects company,"Valencia, Spain",
c6c5a25e-7a76-4b9d-b3f6-591aab6f338c,genial care,Autism care company,"São Paulo, Brazil",
1162bc43-1750-4bde-9c40-114f0b9af1aa,genlogs,Helps freight and logistics operators analyze data,"Washington, D.C.",
15631d8f-921b-4939-bd7c-80a7c43f2d9b,genomatica,Maker of sustainable materials,"San Diego, CA",
4c1c805e-0e9e-41ed-a4db-81e206e75309,gently,Second-hand clothing platform,"San Francisco, CA",
cf1cc99c-68fc-47ee-b5fc-fb8b4e09e62f,genus power infrastructure,Smart meter solutions provider,"Jaipur, India",
d35994be-d379-4b22-a3c2-1c8c4c9750d4,geologicai,Rock and resource digitization services,"Calgary, Canada",
b4e56666-f39a-4b01-91c1-cdf51d5feff1,geopura,Producer of hydrogen-based zero emission fuels,"Nottinghamshire, U.K.",https://geopura.com/
df594361-0982-4b96-a5ec-570069a4514b,geothermal engineering limited,Geothermal plants operator and developer,"Cornwall, U.K.",https://www.geothermalengineering.co.uk/
1de35ab1-66ee-41d9-a377-96673302c55d,geox,Analyze climate-related real estate risks,"Givatayim, Israel",https://www.geox.com/
b299922d-d568-4645-bfe8-a829ef99f969,gethenry,Provider of electric last-mile delivery bikes,Germany,
ebb46c71-b8e9-4c80-bb2d-4b3660eb1b21,getmobil,Refurbished and recycled electronics marketplace,"Sisil, Turkey",https://www.getmobil.com/
83a10f95-2b61-46d9-b9f7-edf987fff2dc,ghgsat,Satellite-based emissions monitoring platform,"Montreal, Canada",https://ghgsat.com/
26201466-8a85-4303-b183-1922233b4da5,giga storage,Large-scale energy storage developer,"Santo André, Brazil",giga-storage.com
5f6e4469-d2eb-4019-8e85-d8024d426de1,gigacrop,Photosynthesis advancement company,"Berkeley, CA",https://www.gigacrop.com/
5d4f91d9-ef10-4cdd-a059-6e6036e82e36,giraffe financial,IRA tax credits platform,"Brooklyn, NY",
4c29f838-767a-4c75-90bc-8f1c032c63be,girasole energies,Independent producer of photovoltaic electricity,"Boulogne-billancourt, France",
a23e1f47-129a-427d-b474-1bc39b98184e,gireve,Connects mobility stakeholders with EV charging stations,"Léchère, France",https://gireve.com/
47a69a52-6cac-40db-800a-5e5e5d423835,gitlab,Remote web-based development operations company,,
9e801748-0990-40cc-a603-f21c68e90844,glacier,AI-powered robots to automate the sorting of recyclables,"San Francisco, CA",
824d7b7c-e296-4fc7-9c73-935ac3b44da4,glassdome,Regulatory compliance and emissions tracking platform for manufacturers,"Camas, WA",
47a56d4f-50b3-4a62-b203-790bf11f3685,glasspoint,Solar thermal provider for industrial decarbonization,"New York, NY",https://www.glasspoint.com/
93855e83-2293-42c8-83b8-349f8c361c76,glimpse,Battery quality monitoring solutions,"Somerville, MA",
cc2e4518-b291-45b1-82de-f3a4ee23af6f,glint solar,Software for assessing sites for solar energy projects,Norway,https://glintsolar.com/
d5c405f2-d102-4b17-b016-f20bb1f8ca32,global sea mineral resources,Deep sea mineral exploration company,"Zwijndrecht, Belgium",
4529422a-46eb-4baa-8291-d6839d5b1aba,global surface intelligence,Utilizing satellite data to provide forestry analytics,UK,
c068e8a0-1291-4921-be45-d17f1e4ca5b7,global thermostat,Direct air capture company,"Commerce City, CO",
5db92a5c-4041-4720-a1a6-9518d5e8ad19,glowb,Residential solar startup,"London, UK",
a2a45bfb-5fb1-48cc-8e17-f03e13cdcd72,gnt,Invests in plant-based food challenges,Netherlands,
33e9fc4c-a9ac-43eb-bdfd-746b29ef0c84,go eve,Rapid EV charging provider,"London, UK",
6f5e1957-9ca2-4ea4-b14e-fcf26084dcdc,go to-u,EV digital experience platform,"Los Angeles, CA",
b8850da3-f042-4064-b699-81985b681929,gobolt,Sustainable supply chain network developer,"Toronto, Canada",
ccbf14cc-9e8d-4a4a-8c54-65b164cb0888,goegonetwork,EV charging infrastructure solution provider,India,
6d4a10da-cf15-4d76-bfcd-7c59cb95d1f9,goexpedi,Supply chain and analytics for industrials and energy,"Houston, TX",https://www.goexpedi.com/
00683767-d631-4ba3-9011-732db9d41e5e,gogoro,Electric scooters and battery swapping platform,"Taoyuan, Taiwan",https://www.gogoro.com/
13d39b44-1157-46ef-baa7-b07aa2f6a084,gomboc.ai,Cloud infrastructure remediation platform,"New York, NY",
7b2ced9a-9d4a-4eb2-954f-4f0c3e5c40f1,gometro,Fleet management optimization software developer,"Durban, South Africa",https://www.gometro.com/
fbc12093-79f2-4f74-a694-4ffdbe903bbf,goodcarbon,Platform to help corporates build carbon credit portfolios,"Berlin, Germany",https://goodcarbon.com/
054f2196-a691-4e9a-b53d-dea3810a6af8,goodleap,Solar financing company,"Bay Area, CA",https://www.goodleap.com/
9639c9b1-e673-4e97-960e-ba865a8c0b39,goodr,Surplus food management platform,"Atlanta, GA",
ddb42f91-3fc7-4867-b783-4170fad0cb49,goodsam foods,High-quality cocoa products from Colombia,North Carolina,https://goodsamfoods.com/
6c6244bb-0cca-406a-9e5c-a3f7cdf12cf9,goodship,Platform for freight network orchestration and procurement,"Nashville, TN",
f4a4ab1c-ddcf-4dad-901c-f8ce630d27c4,goodwings,Sustainability tool for travel platform,"Copenhagen, Denmark",https://www.goodwings.com/
b2b4bfaf-47a0-43a1-a891-5100bad3393d,gopeer,Educational technology pairing college students with K-12 students,"Boston, MA",
a6dc3465-9fca-455d-9191-0e920a357511,gorilla,Cloud-based platform for energy providers,"Antwerp, Belgium",
13447251-1aa4-441b-b563-207ec45adee7,gosu.ai,Developer of an AI-driven video coach,Lithuania,
888c9a93-5fef-40e9-8c0b-93b3f054af5e,gotham greens,Operator of tech-enabled greenhouses,"New York, NY",
1f8a9a1d-3efd-4419-8024-5d10b89568da,goto global,Vehicle sharing tech platform,Israel,https://www.gotoglobal.com/
ebaf3605-2001-4cdf-a559-db43d74e94f9,gouach,Manufacturer of eco-designed batteries,France,
34ace038-2f8a-435d-8709-014a86aaf184,gourmey,Cultivated meat company,France,
97a8813e-30e6-4a69-97de-f560c1b52aee,gozen bioworks,Lab-grown leather developer,"Beşiktaş, Turkey",
d0aafca8-6c6a-4d07-9dc7-27bf94e04e75,gps renewables,Waste to energy tech company,India,
402e4c56-a5c8-45a0-9f08-752b964d0877,gr3n,Recycling company,Switzerland,
b47cbc11-75ee-4521-ac81-3a63bd8dd1b9,gradiant,Water and wastewater treatment solutions provider,"Woburn, Mass.",
1e7c644c-e923-4993-971b-20209011963c,gradient,Climate-friendly air conditioner with heat pump developer,"San Francisco, California",https://gradient.com/
836967dc-23d0-40ae-bd39-269a38f48c97,gradient comfort,HVAC solutions provider,"San Francisco, CA",https://gradientcomfort.com/
c78e97e6-5957-4936-a833-1d5e7a84c237,gradyent,AI-powered digital twin platform for heating and cooling networks,Netherlands,
339a47f3-3e43-45fd-b543-72f04bd547df,grafana labs,Maker of an operational dashboard,"New York City, NY",https://grafana.com/
4111c5bf-ce88-4d20-b3e9-7d07645a34c3,grafbase,Data platform for developers,"Stockholm, Sweden",https://www.grafbase.com/
6bfb8814-ebef-41f9-9890-d6174352e045,grainchain,Software platform for blockchain and IoT innovations for agriculture,"McAllen, Texas",
9eb51e38-2541-47c4-8323-70ba79232d0c,granite source power,Battery energy storage developer,"Middleton, DE",
f8df7d1c-c890-4ea8-b934-6818abfdb51a,granta autonomy,Developer of autonomous unmanned aerial vehicles for intelligence and surveillance,"Vilnius, Lithuania",https://grantaautonomy.com/
70953623-49e6-459b-815f-f3d68c66b5d2,granular energy,Helping companies match energy consumption with zero-carbon power around the clock,"Paris, France",
a2a0c8a7-eb17-4f5c-a64d-360149a4292c,granulate,Optimize infrastructure performance and costs through AI,"Tel Aviv, Israel",
7c5360d9-aa54-4837-b8f7-80f9edbb421b,graphenergytech,Highly conductive graphene electrodes developer,"Lausanne, Switzerland",https://graphenergytech.com/
09b75099-1989-4334-a6f9-560578d212db,graphite innovation & technologies,Green marine coating systems company,"Halifax, Canada",
a7880f23-4aff-4bfe-be31-41803662b815,graphyte carbon removal,Permanent carbon removal platform,"Pine Bluff, AR",https://www.graphyte.com/
0de23b08-415b-4649-8632-bde0a70b8f02,grassa,Extract protein from grasses,Netherlands,
5fe6ceb1-a56b-4bfe-8e13-cc0b1e1d4ab9,gravithy,Low-carbon iron production using hydrogen,"Marseille, France",
2cf70763-53ea-40e7-9a56-5ad934ea98ac,gravity,Provider of electric vehicle chargers and other EV infrastructure,"New York City, NY",https://www.gravity.com/
eb5e5f9c-a17f-483a-82a6-09b88adda859,green badger,SaaS developer for managing sustainable construction,"Savannah, GA",
9dec02f7-67e3-4d69-8619-5fa8de71cf1b,green eagle solutions,Automation software developer for the renewables sector,"Madrid, Spain",
b930b859-1416-4532-afb6-b4246ab39b29,green energy park,Hydrogen and hydrogen derivatives production plant,"São Paulo, Brazil",
00035829-5550-46df-b942-0b10ccc2cbba,green flexibility,Large-scale battery storage systems,"Kempten, Germany",
58db3646-e66f-4a29-baba-97d1e231312e,green fusion,Software for optimizing apartment-building heating systems,"Berlin, Germany",
acdea557-e5a5-457c-91b9-1fd097910898,green graphite technologies,Lithium-ion battery grade graphite developer,"Montréal, Canada",
10510920-8e9c-456e-a6fd-1d9becc3983f,green gravity,Energy storage systems using mining shafts,Australia,https://www.greengravity.com/
b184c330-2b7a-4d2a-af42-4555ea9d84e8,green li-ion,Provider of battery recycling technology,Singapore,
6603bacf-4e32-4a59-a6cf-90614d31b07a,green monday holdings,Plant-based food company,Hong Kong,
16e57626-c8cd-47bf-8156-c3f7af7471c4,green-got,Green banking service,"Paris, France",
3de98c72-28f6-4dc9-b691-e306e2c02dd7,green14,Turns industrial waste into high-purity materials,Stockholm,https://www.green14.com/
65fe1bb9-8cec-48cc-999c-c9665cda556e,greenbird,Maker of smart meter software,"Oslo, Norway",
db7ac5a5-f538-4815-a82d-009f4afd5224,greencells group,Solar power plant developer,"Saarbrücken, Germany",
fcd1939c-2714-4548-b9ce-2fb0466ce307,greencode ventures,Investment firm focused on European startups accelerating the green transition,"Helsinki, Finland",
1110d110-c314-470b-bef8-5de89af524b8,greencollar,Environmental markets platform,Australia,
70bf8a99-4a9d-4748-9282-7c45bcb846ff,greencom networks,Energy information brokerage platform,"Munich, Germany",
f0ad33e4-7694-40eb-9cac-dae9d699388e,greenely,Residential energy management software,"Stockholm, Sweden",https://greenely.com/
7964be5c-7680-4966-b85f-5a2c61a9f8da,greener power solutions,Provider of clean mobile battery energy storage solutions,Netherlands,
26c4274b-a7d5-48cb-a3ae-cbefe1fed82f,greeneye technology,AI precision spraying technology for ag applications,"Tel Aviv, Israel",https://www.greeneye.ag/
84dfa7af-ae93-4f86-9be3-d8d11122fc0b,greeniron,Fossil free mining developer,"Stockholm, Sweden",https://greeniron.se/
bf88df90-15d9-4773-a839-3eec2d0189bb,greenlabs,Agriculture value chain platform,"Seoul, South Korea",
3ee0235e-d6ad-4933-8f78-75d00b17c182,greenlane,EV truck charging site deployment,U.S.,https://greenlane.com/
870d00c1-b89c-4867-a6b7-a147c1ab1a47,greenlight biosciences,RNA-based sustainable agriculture technology developer,Boston,https://greenlightbiosciences.com/
4de8ec1d-514c-4aed-973a-07fef152194c,greenlight planet,Provider of solar-powered home energy products,sub-Saharan Africa and South Asia,
80051e42-6fbe-4bb9-8d5f-ced0791f23ac,greenlite,Platform designed to accelerate the permit approval process for construction,"Austin, Texas",https://www.greenlite.com/
789a6c4a-7731-4c68-bb3d-4c447c1a6626,greenly,Carbon emissions tracking and reduction solutions platform for SMEs,"Paris, France",https://greenly.earth/
fd61a0ef-cf56-4edd-922f-2ee9c1fbd338,greenlyte carbon technologies,Low temperature Direct Air Capture developer,"Dedham, United Kingdom",
9aa8d971-3fa3-4288-8f60-8a5ce40be9fb,greenplaces,Climate platform,"Raleigh, N.C.",
9c430eca-9f82-4ccd-974f-2abc6491c123,greenpod labs,Agri-biotech company focused on food waste,India,
6dd362ff-742b-4cab-a7c4-0ea9effe3bf0,greenspark,Software platform for the metal recycling industry,"New York, NY",
59307384-b151-4269-8ec6-1cf3a2f3b996,greenstitch,Sustainability solutions for textiles service provider,"London, England",
94b1852b-fd3e-4ddb-b3b1-f70ea82aec72,greenstruxure,Leading energy supply and services company,"Boston, MA",https://www.greenstruxure.com/
10530c81-b080-4477-80bf-d4c81f58102a,greentech,Renewable energy solutions provider,"Berlin, Germany",
37e984c8-5b12-4210-b934-d8b45cc158da,greentown labs,Climate tech incubator,"Somerville, MA",
9a8ef922-c3b0-4e5b-8a93-e4c39e107a4b,greentrade,Blockchain-based carbon credit and impact claims marketplace,Germany,
e8eb1448-e4a7-4151-b4d1-aa0b2cfc3879,greenwood power,Medium voltage power grid sensors developer,"Brunn am Gebirge, Austria",
372f3d16-88c8-46b0-be74-edb4b5b8cb6f,greenwork,Placing workers in energy jobs,"San Francisco, CA",
11a8778d-114e-4811-9e43-c51e31336d21,greyparrot,AI-powered analytics platform for the waste industry,UK,https://greyparrot.ai/
b38741c7-87fb-4399-8997-5869da29707b,greyter,Provider of water reuse systems,"Mississauga, Canada",
b8fb8872-ecf1-4ef3-b1d5-4c7850d5ee6c,grid edge,AI platform for energy use reduction,"Birmingham, U.K.",
52a997e4-a58d-4d99-8d7b-9c727e9140d2,grid status,Electric grid data and analytics platform,"Chicago, Ill.",
05b1d119-e98c-4688-8c14-e07c03dc4438,gridbeyond,Energy management software for large businesses,"Dublin, Ireland",https://gridbeyond.com/
9bb612d3-48d6-4ffe-b8d1-f6cfc15f5e1c,gridbeyond storage,Battery energy storage project development,"Dublin, Ireland",https://gridbeyond.com/
65f911a0-b1b8-4808-b798-86f013ea9d94,gridcare,Software for detecting underutilized energy assets,"Redwood City, CA",https://www.gridcare.ai/
af9e5b86-381e-4b8e-a939-55fdaef297e1,gridcog,"Distributed energy simulation, optimization, and tracking software","Perth, Australia",https://gridcog.com/
f33dc521-7bfc-4ada-a057-4f426f319524,gridfree ai,AI platform for data center optimization,Houston,
b6009e20-2fb1-4561-b625-d79c5ae0e036,gridio,Software platform for smarter EV charging,"Tallinn, Estonia",
7affb3a1-9afb-4dda-a47b-64dff1924aa5,gridium,Decarbonization software for commercial real estate,"Menlo Park, CA",
bb080c96-aec4-482b-8a21-dc6e5bc84e0a,gridmatrix,Traffic analytics solutions company,"San Francisco, CA",
c8bccaed-522a-42d5-a568-6f3a605ed100,gridpoint,Provider of energy management systems for commercial buildings,"Reston, VA",
bf1be24b-120a-408c-b1e0-6e6fcf0d27ed,gridraven,Grid transmission using dynamic line rating (DLR) developer,"Tallinn, Estonia",https://gridraven.com/
32ffcff0-da53-4fef-90a7-7a698d44f5f8,gridsight,AI-powered grid insights platform,"Sydney, Australia",
7cb46f1f-6b95-4bc5-a837-e94537b73243,gridtential energy,Lead battery developer,"Santa Clara, CA",https://gridtential.com/
928642bc-6d31-4fc6-8582-6183df7c295f,gridware,Startup focused on protecting electric grids from wildfires,"San Francisco, CA",
5ce94412-2a76-4125-b735-21f5b3149e7c,gridx,Enterprise rate platform provider for utilities and energy tech companies,"Milpitas, CA",
18df0a75-6671-4af5-963e-d2c5eb5c61b5,gripp,Agricultural equipment operation,"West Lafayette, Indiana",
8fb7ffd4-1f72-437d-8048-93dfadbaf9a8,gro intelligence,Agricultural data platform,"New York, NY",
9fc8aba1-2e3d-4763-8b2f-edd002e601ff,groguru,Water management platform for farmers,"San Diego, CA",
8cb319b7-205b-4c02-9ee9-43568f37a9d9,gropyus,Using robots to build homes faster and more sustainably,"Vienna, Austria",https://gropyus.com/
e44973da-a926-4e7c-91ba-e98a57377438,gross-wen technologies,Using algae to clean wastewater,"Slater, IA",
3a28d123-2532-4476-897e-b5c48bc3d1b2,grounded,Smart and modular electric camper vans,Detroit,https://grounded.com/
ecc7057a-a831-4d0a-8272-ad17394dec26,grounded foods,Maker of dairy cheese alternatives,"Los Angeles, CA",
53ca47df-7dd7-4b55-a261-5b776a3c861b,groundley,Construction logistics management platform,"Copenhagen, Denmark",
6ed5cfb8-cf62-472c-b8e1-4b7de766fa7c,groundlight,Computer vision accessibility platform,"Seattle, WA",https://groundlight.com/
123a3ada-c160-4bb6-9a4f-5f8e2c679a7c,groundwork bioag,Developing crop-enhancing mycorrhizal inoculants,"Mazor, Israel",
e0c05f7e-f198-4ad7-aed9-f59df461ef16,group14 technologies,Provider of lithium-ion battery materials,"Woodinville, WA",https://www.group14.technology/
7be96115-68a9-45cd-a63d-b386845ee394,grover,Circular consumer electronics subscription platform,Germany,https://www.grover.com/
52514fdf-514b-429f-ab98-4ea70c7ee7b7,grow indigo,JV between Indigo Ag and Mahyco Grow developing biological fertilizers and pest management,India,
d48e1ef0-8431-4f66-9ce5-e704a3a75ed2,growcer,Vertical farming business,"Ottawa, Canada",
8c8dd2a8-aeea-4b96-8f65-a9c18b36053f,growers edge,Fintech startup focused on agriculture,"Johnston, Iowa",https://growersedge.com/
d5aafeb8-df91-47ff-85fd-bd2b0bcef37b,growup farms,Vertical farms company,"Bristol, UK",
c18ea546-8ae7-4c9c-b271-935baaa8099b,grubbly farms,Producer of insect-based feed for backyard chickens,"Atlanta, GA",https://www.grubblyfarms.com/
d2b7fcf4-2ec4-40b1-8510-9163dad178db,grunfin,Sustainable investing platform,Estonia,
b1ebc5f9-b065-4aec-9191-9e0738f82242,gryd energy,Subscription service for solar panels and battery systems,London,
ed13495c-c3c3-48f5-b062-a77010a3fdf1,gryps,Robotic process automation startup,"New York, USA",https://www.gryps.com/
9049e2b8-a7a8-4a48-9c71-cb30e545c7ce,grünfin,Sustainable investing platform,"Tallinn, Estonia",
c8832072-c319-43d9-aca3-165a404ed4ab,gs power partners,Develop independent power production projects,"Stamford, Connecticut and New York",
bea21483-798c-4732-ab71-10d25f783fd6,gt green technologies,Wind propulsion systems for the maritime industry,"Birkenhead, U.K.",
7d4d20f4-7bcd-4a4f-bfb2-b14dd20d7654,guangdong gaojing solar energy technology,Solar energy technology company,China,
8552182b-22ee-48fa-8372-f6872b398e73,guardian agriculture,Electric vertical take-off and landing systems developer for sustainable farming,"Woburn, Mass.",
9bb53927-30ac-4f1a-bac8-39b0aaa2218d,guided energy,Electric fleet charging management platform,"Paris, France",
a4ad5104-d8c7-4349-be4f-9b422931651b,guidewheel,Industrial IoT efficiency SaaS platform,"San Francisco, CA",https://www.guidewheel.com/
00ec0f68-1f73-4973-a865-6d82f8ceb402,h cycle,Low-carbon hydrogen developer,"Mountain View, CA",
2e798e88-45df-4450-bc19-d557d49c0f03,h2,Vanadium flow batteries,"Daejeon, South Korea",https://www.h2.com/
92cc8b33-1f91-4870-a8bb-974de0863de4,h2 green steel,Decarbonized steel production manufacturer,"Stockholm, Sweden",
523abec8-3a6d-4c2d-8706-2e8d2adaa002,h2o.ai,A.I. cloud company,"Mountain View, CA",https://h2o.ai/
585ded18-5437-4274-a744-5d6ecbe31ecd,h2pro,Green hydrogen production company,Israel,https://www.h2pro.co/
364d1fea-e32e-462e-bba8-60de08ea0cff,h2scan,Provider of hydrogen sensors for electricity utilities and industrial markets,"Valencia, Calif.",
fa4c377d-4e55-41ec-9f06-ac9b2f9dbb5d,h2site,On-site hydrogen production and purification,"Bilbao, Spain",https://www.h2site.eu/
3463d56a-cdcb-47cf-ae72-e2368fb9f3f5,h2u technologies,Hydrogen catalyst discovery platform,"Pasadena, CA",
d1f60885-e00a-4a6e-8d28-11cf3978eb38,h3 dynamics,Aerial decarbonization company,Singapore,https://h3dynamics.com/
5758649a-12b1-43c9-92b6-11e36705ccd1,h3x,Make electric motors,"Denver, CO",
b897c95e-7bc3-4cee-8e0f-9c8581040942,h3x technologies,High power density electric motors manufacturer,"Louisville, CO",
a33fb301-df98-4f26-a5d2-dc604a0631ab,h55,Developing electric aviation propulsion solutions and battery systems,"Sion, Switzerland",https://www.h55.ch/
f2e6be8a-dc85-412e-8d18-802d473b6387,haast,AI-powered compliance platform,"Sydney, Australia",https://www.haast.com.au/
2c5e3829-2361-45a8-a393-2108ef79437f,haaven,Platform for environmentally-friendly construction,"Amsterdam, Netherlands",
eaca0abd-0eef-43ee-b15f-8c38a7ab5548,haber,AI-powered automation services for manufacturers,"Pune, India",
077f5d62-3b38-4dde-98d6-c788d256fc11,habiterre,Environment systems models for agricultural productivity,"Champaign, IL",
59e2cb19-18ac-495a-bb27-f1c0de61c3cf,hai,Maker of smart showerheads,"Los Angeles, CA",https://www.hai.com/
290f76d8-3af9-4db1-8313-a3875665a528,halcyon,Data intelligence and AI-powered search service for energy transition,"San Francisco, CA",https://www.halcyon.io/
d39edf8c-7a04-4e72-ac4b-c69ecf216e19,happy plant protein,Make plant-based proteins,"Sundsberg, Finland",https://www.happyplantprotein.com/
7d67c316-e894-4956-8933-0e706fa8530c,happyvore,Plant-based meat company,France,https://www.happyvore.com/
9153296e-2884-43b6-a62f-926421405d56,harbinger,Startup specializing in electric medium-duty trucks,"Los Angeles, CA",
a0b01efe-79bb-43fd-ba48-6a491b27875f,harbor,Emergency preparedness platform,"Los Angeles, CA",
90a1a7f8-8f69-48ed-971e-dfbea3cb9c8c,hardt hyperloop,Hyperloop network,"Delft, The Netherlands",https://hardt.global/
faaea342-7700-4c07-a111-be0c12b8ec3d,harpe bioherbicide solutions,Sustainable weed-management solutions startup,"Raleigh, NC",
32a5b7aa-c191-482f-b7bb-6c8421f346e9,harvest thermal,Smart thermal battery heating system developer,"Berkeley, California",
11a391c6-e563-4a16-99e3-10dd35f9846b,hauler hero,Waste management operations optimization software,"San Diego, CA",
73584305-afab-44a2-a2f1-4b50899bb10e,haven energy,Home battery system provider,"Austin, TX",https://www.havenenergy.com/
c536bd57-d5e9-4f4a-9b51-f01c88b01d6d,hawkeye 360,Radio frequency-focused earth observation company, ,
3e5850e3-e222-4bcf-84f6-40d9af80042f,hayden ai,Geospatial analytics and data platform,"San Francisco, CA",https://hayden.ai/
ac6b8457-9771-41fb-994a-a3d601d3f5d4,hazel technologies,Agricultural technology company focused on food waste,"Chicago, IL",https://www.hazeltechnologies.com/
ae17abbd-2087-4a8f-b06e-f2501268d74e,hazer group,Methane pyrolysis technology developer,"Perth, Australia",
82217f95-74cc-480a-8e6e-a690c490ef67,hcvc,Investment firm,"Paris, France",
c9bec168-e1b3-4b92-93d8-526ac0633ae3,hdata,"Developer of AI technology designed to help the U.S. energy industry file, explore, analyze, and leverage regulatory data","Birmingham, Ala.",
99adbf71-1df9-450f-ba3a-790cd26c654b,healthmate,Wearable health monitoring devices,"Boston, MA",https://www.healthmate.com/
228822f3-e366-42c3-b7bf-2fc7aa17c42b,healthsync,Digital health engagement platform,"Toronto, Canada",https://www.healthsync.com/
839190f4-6159-4e37-a77c-265a1bef5dd8,heart aerospace,Electric regional airliner,Sweden,https://heartaerospace.com/
b8342405-8702-49e0-9cad-f445182cfdc9,heartcore capital,Invests in startups across various areas,Copenhagen,
dcb42b3f-8a16-4eaf-afb5-d469a5cfef24,heat geek,Digital platform for HVAC engineers,"London, U.K.",https://www.heatgeek.com/
c254aa7b-de97-4067-a4e5-7fe12e8c30b7,heaten,Developer of a high-temperature heat pump for industrial use,Norway,https://heaten.com/
60b9014a-c09b-4889-883c-a1cb35a09c7b,heatio,For its residential energy management and VPP platform,"Liverpool, U.K.",https://heatio.com/
288147b3-1f4a-4e45-8f28-1027f42eab48,heattransformers,Heat pump installation platform,"Woerden, Netherlands",https://heattransformers.com/
25ace078-8129-41c4-9e15-deff92d1f31a,heavyfinance,Investment marketplace for sustainable agriculture,"Vilnius, Lithuania",https://heavyfinance.com/
7b5af552-f81c-464f-ac62-81e544c33c0b,hectare,Software provider for agriculture supply chains,"Rowlands Castle, UK",
0f39dbc6-dbce-4792-93f1-7f10646e91f4,hedera-22,Biomolecule for bio-pesticide development,"Liege, Belgium",https://www.hedera22.com/
5bd52220-021a-46bb-8fe2-7924f8dd486a,hedosophia,Dedicated secondaries fund for growth-stage companies,London,
e594c52f-bb56-491e-b077-437568c8bf30,heila technologies,Modular energy platform which connects and optimizes distributed energy resources,"Somerville, MA",https://heilatechnologies.com/
77221ad4-7fd6-4914-aa6a-85ce68d072d4,heimdall power,Power grid monitoring company,"Houston, TX",https://heimdallpower.com/
08276b37-eb03-4c84-9e1f-2100eb4069db,heirloom,Direct air capture leveraging limestone to remove carbon dioxide,"Brisbane, CA",https://www.heirloomcarbon.com/
858ecd79-631b-49fe-96a0-8ada992bc8dd,heirloom carbon technologies,Carbon removal startup,"San Francisco, CA",https://www.heirloomcarbon.com/
d9a42f4e-f651-4298-9c92-aec386a0eb4f,helaina,Uses precision fermentation to recreate immune-equivalent proteins,"New York, NY",
a9710e24-f402-4834-bc65-2ff8068f1a8d,helical fusion,High-Temperature Superconducting (HTS) cable technology manufacturer,"Tokyo, Japan",https://helicalfusion.com/
a4021a85-ac08-42be-8f17-8d6e5f3f0baf,heliene,Solar PV module manufacturer,"Sault Sainte Marie, Canada",https://heliene.com/
9c157583-8a2a-47f0-b7c9-5fb8ff9524b2,heliogen,Renewable energy tech company,"Pasadena, CA",
3ea8362f-7528-4439-bde7-d5ab4d0cf88e,helion energy,Fusion energy startup focused on a magnetic confinement approach,"Seattle, WA",https://helionenergy.com/
67d4e18b-e235-403f-b5ae-2e2959c26ab3,helios,Developer of low-carbon steel production solutions,"Tel Aviv, Israel",
2dc92b6c-6ee9-40d3-8fe9-dd747dc4e3f1,helix earth technologies,Make more efficient commercial A/C systems,Houston,https://www.helixearth.com/
546155f9-1928-4c1d-8d72-71040dc89bec,helixintel,HVAC management platform,"Buffalo, NY",https://www.helixintel.com/
895e877d-c39e-40ce-b215-1b0833ee90ea,hellas direct,Climate risk-based insurance platform,"Athens, Greece",
9f9eaee8-5c46-4ffa-a887-6ffef13e3aba,hemav,Agricultural platform aiming to reduce input costs,Barcelona,https://hemav.com/
a93792ba-09fa-40e1-a600-acb0d19d69e7,hen nozzles,Better nozzles for firefighting,"Hayward, CA",https://www.hennozzles.com/
9690c241-55f7-426f-9705-9910793d9188,herb&co,Plant-based food company,"Los Angeles, CA",
3a4bc1e7-e393-47bd-b3e4-90c23e0d3371,heritable agriculture,Plant breeding and biotech startup,"Mountain View, CA",
2d723475-af9f-4f08-b1b2-2c3e6b5fbbce,hero future energies,Clean tech company,India,
7c47dca5-9ac1-4612-8840-3b3e98b1b141,heura foods,Alternative protein developer,"Barcelona, Spain",https://heurafoods.com/
34a9ba48-7e2a-490f-9d9e-a821f31b946b,hexafarms,"AI-powered software designed to monitor, control, and optimize greenhouses and vertical indoor farms","Berlin, Germany",
e0e31726-a970-485c-b2d1-17847caac2e0,hexium,Laser-based technology to separate lithium isotopes,"Austin, TX",
f0083e42-0aa2-412d-9c2c-6123ef470495,heycharge,Provider of underground charging solutions,Germany,
14779089-a3b2-4937-bac5-bc1b46e230be,hgen,Providing green hydrogen for decarbonization efforts,"Los Angeles, CA",https://hgen.com/
8c711c57-52ce-43ee-bf0d-ccb94ba680b7,hiddenlayer,Security platform for machine learning models,"Austin, TX",
7647c90a-85c5-4066-81d5-5faa95e80dcf,hif global,E-fuel project developer,"Houston, TX",https://hifglobal.com/
7b870e45-49c2-4d5d-9a6c-5f26871923aa,higharc,"Homebuilding platform for design, sales, and construction","New York, NY",https://www.higharc.com/
884ee75d-23b5-4e14-b479-6932bf5502ec,highland electric transportation,Electric school bus maker,"Hamilton, MA",
9772b74c-cb53-4474-8fa4-a98f0d2146bf,highview power,Liquid air energy storage developer,"London, England",https://www.highviewpower.com/
8fa01f06-e52e-42e6-97f7-c823496e1093,highwood emissions management,Emissions management software and services firm,"Calgary, Canada",https://www.highwoodemissions.com/
22100461-e864-4066-8143-9c5dcd91a9fb,hippo harvest,Sustainable agriculture company,"Half Moon Bay, CA",
167d78f2-4af7-4c67-9c74-3ec21b841bd9,hitachi ventures,Corporate venture fund,Tokyo,https://www.hitachi.com/
a25e9c78-8d1f-4e6d-a380-df3823eedd8f,hithium,Lithium-ion battery manufacturer,China,https://hithium.com/
20d46b3a-3e59-4080-a7ac-dcba5cc0894f,hive,Collaboration and productivity platform,"San Francisco, CA",https://www.hive.com/
10600a7e-dcb4-4608-b2c9-629f00998986,hive technologies,EV leasing platform,"Los Angeles, CA",
41cece90-4b2e-4029-ac30-241e106f4d34,hived,AI-powered parcel delivery solution,"London, England",
30793361-666e-47ff-862e-e09af9047471,hohm energy,Residential solar startup,"Sandton, South Africa",
256affb5-57ed-4bf1-aed8-296065e4653a,hohonu,24/7 water level monitoring start-up,"Honolulu, HI",
9837c0ab-b179-4930-956f-86882e4800eb,holy grail,Startup prototyping a small and modular direct air carbon capture device,"Mountain View, CA",
98f264bb-e081-4d3f-8425-0538d051e996,homeboost,Home energy platform,"San Francisco, CA",https://www.homeboost.com/
e1069c8f-81a9-4e12-97eb-82772d004c94,hometree,Renewable energy system home maintenance platform,U.K.,
c1c142c3-0294-4cea-ab8b-75e7e1a4b74b,hometree group,Home energy services company,"London, UK",
40ca7b65-33a1-41ba-808a-fc69ee89d576,honeycomb,Engineering observability platform,"San Francisco, CA",https://www.honeycomb.io/
43dd031e-cbd3-4d9b-b116-668e28403b08,hoofprint biome,Enzymes developer to reduce cows’ methane emissions,"Raleigh, USA",https://hoofprintbiome.com/
9505077a-3402-48c0-bcef-035735e99f0d,hooray foods,Plant-based meat producer,"San Francisco, CA",
fb49d39d-6bfc-4ec2-be8b-60e16071b7fb,hors normes,Food waste startup,France,
711c5451-892b-4c14-a543-095cbdc04d37,hort innovation,VC fund for early-stage startups in sustainability,Australia,
3f3612f0-3a22-431c-a698-10a268045a8e,howgood,Sustainability data startup for consumer packaged goods and food products,"New York, NY",https://www.howgood.com/
bca08680-cc78-4116-a0bc-b99194002c3f,hoxton farms,Producing cell-based animal fats,UK,
60c11f29-1fbf-4c8d-95b7-3765207afd27,hozon,Intelligent EV startup,China,
2d79eedc-49f7-4f9c-9665-8113438075b9,ht materials science,Developer of smarter heat transfer fluids for HVAC,"Dublin, Ireland",https://htmaterialsscience.com/
530a2924-7947-41a5-aa6b-7dd353e9e73e,hubcycle,"Affordable, sustainable food ingredients","Avignon, France",
e2b3a109-618e-4a36-bb6a-4e0827dd54ba,hula earth,Provide real-time biodiversity data,Munich,
b6927055-eee8-4ab4-8746-5822619aca95,humanforest,E-bike service platform,"London, UK",https://www.humanforest.co.uk/
e1c364d5-ea69-472b-814b-65345e409a60,humble bee bio,Using synthetic biology derived from bees to make bioplastics,New Zealand,
ecf0f0e9-a0c4-4490-8a1e-566909ff42cb,humming homes,Home management software company,"New York City, NY",
4fda7c5b-bb69-4169-ae74-1e0e47b4223d,hummingbird technologies,Tech platform that evaluates condition of agricultural fields,"London, United Kingdom",
bb51c3e9-464d-47f4-a666-46e9d7bb42ff,hungry planet,Plant-based meat company,"St. Louis, MO",
4217531e-072c-4cb5-91ef-6f5451f8edc8,huue,Bio-based dyes company,"Berkeley, CA",
5880fadf-6c46-47bb-9a60-dda128b671ca,hy2gen,Green hydrogen producer,Germany,https://www.hy2gen.com/
ba970e30-ca03-4142-899a-ac56a0cf2af7,hyaxiom,Hydrogen fuel cells developer,"East Hartford, CT",https://hyaxiom.com/
bbef600b-effb-4166-862b-10fab981e71c,hybar,Scrap metal recycling developer,"Osceola, AR",https://hybar.com/
45d2406a-6372-48ca-98b7-dff3c8509386,hybrid energy,Monitoring electricity usage for energy efficiency,Denmark,
11409d55-a372-43f9-8b52-317572f45210,hycamite,Lower-carbon hydrogen from methane,"Kokkola, Finland",https://www.hycamite.com/
eaa446f0-12fb-48a0-aac6-9a893499c06c,hydgene,Producer of hydrogen using synthetic biology,"North Parramatta, Australia",https://www.hydgene.com/
7f7e8e3c-2c29-4c97-9be2-f973721159c7,hydregen,Developer of bio-based catalysts,"Oxford, United Kingdom",
5bfab11d-0985-48a9-bfbf-e9180968f4bc,hydrogen mem-tech,Hydrogen separation membrane provider,"Trondheim, Norway",
d77d2404-8429-4676-ae30-3495f38b9d65,hydrogenera,Developing hydrogen electrolyzers,Bulgaria,https://hydrogenera.com/
e15d4854-7bbe-42bc-a606-7d8628c103f3,hydrogenious,Hydrogen storage startup,Germany,https://hydrogenious.net/
611a284d-a485-48fa-9a5a-aaa301f5979e,hydrogenpro,Hydrogen electrolyzers developer,"Porsgrunn, Norway",https://www.hydrogen-pro.com/
41c4b4e4-9ae1-4d55-a3cb-f6166df62616,hydrogrid,Software startup for planning and dispatch of hydropower plants,Austria,
be7f3430-86da-4cb6-88a8-aa5ab5919a9e,hydroleap,Wastewater treatment developer,"Singapore, Singapore",
09c39516-0826-4a7f-893c-617335ebdc31,hydrosat,Satellite startup measuring ground temperature data,Washington DC,https://hydrosat.com/
6b52318c-2985-42ea-b1b3-f80e0f919380,hydrostor,Developer of advanced compressed air energy storage projects,Canada,https://hydrostor.ca/
b6b40140-0523-407f-9ab1-14f484964ab7,hygenco,Green hydrogen and green ammonia developer,"Gurgaon, India",
cc6d747f-e97d-4dbc-9cf8-f5f200e43b22,hylane,Hydrogen truck leasing company,"Cologne, Germany",
b0e6fbf6-120e-4f95-ac23-78ce11e72b15,hyliion,Linear generator for naval ships,"Austin, TX",
a11f3f47-5bbd-4c2d-a1b9-11e0cd8853b0,hyme,Startup developing technology to store energy in molten salt,Denmark,
21c9a47a-be93-4e5e-a0b1-7468e229011f,hymeth,High-efficiency alkaline electrolysis technology,Denmark,https://hymeth.com/
51aecbb3-31ad-4b54-8d73-212b27770502,hypercraft,Hybrid and electric powertrains for various vehicles,"Provo, Utah",https://www.hypercraft.com/
9bcf8ac9-09d7-46ae-a604-d80c476bd08a,hyperheat,Electric heaters to replace natural gas burners,"Offenburg, Germany",
4a1ff00b-39be-447b-9d71-8223bfd56139,hyperion robotics,3D printing sustainable concrete,Finland,
f98a148c-a8b8-459e-b4bc-7384566de924,hypermine,AI-powered hyperspectral sensing technology for mining,Finland,
dfbac8e9-4e79-407c-befc-ef7878ec00f2,hypermotive,EV and fuel cell integrator,UK,
ec853943-654f-485a-83f0-8dda8cf8c1c7,hyperproof,Continuous compliance SaaS platform,"Bellevue, WA",
06d40863-f26c-42f5-acd2-d4a6cac508c4,hypervolt,EV charging company,UK,
9706b548-e014-450d-8146-76ae14046cd3,hysata,Hydrogen electrolyser technology company,"Wollongong, Australia",https://www.hysata.com/
12cd9907-81a9-48c2-9c7b-4ebea5f0a7c5,hysetco,Network of hydrogen distribution stations and provider of hydrogen vehicle rentals,"Paris, France",https://www.hysetco.com/
07ea2809-9a44-4e02-8a03-9ef093d0a579,hysilabs,Liquid hydrogen carrier,"Aix-en-provence, France",
8ec7cd99-5868-4cd4-9772-241b972a17cc,hystar,PEM electrolyzer developer,"Oslo, Norway",https://www.hystar.no/
c8d5fd56-fcc1-46fb-bf56-13252ff8fd95,hyting,Hydrogen-powered heating technology provider,"Wiesbaden, Germany",
8277e098-a3ca-4602-bd6b-d4f1db4c950a,hyzon motors,Maker of hydrogen fuel cell powered commercial vehicles,"Rochester, NY",https://hyzonmotors.com/
6178f608-90cd-4784-afa0-4cc28a6cde8b,i-rox,Developing pulsed power applications for mining,France,
8db2c24a-5a1e-48bc-83f1-bc2b45fa613e,i-tes,Developer of thermal storage batteries using phase change materials (PCMs) and thermochemical materials,"Turin, Italy",
3586a40d-472f-4f32-aeb4-bd5c500234f2,ibi-ag,Developer of environmentally friendly biological pest control solutions,Israeli,
f3f86c67-715e-4620-af8e-a8192ab76160,ibisa,Agricultural microinsurance startup,Luxembourg,
ecc74180-7bad-456e-b0db-05386085d8b3,iceberg data lab,Environmental data startup designed to serve financial institutions,"Paris, France",
5f78e384-9beb-4b06-9f5b-1a3b1f913b8c,iceye,Microsatellite manufacturing and Earth-observation solutions,"Espoo, Finland",https://www.iceye.com/
0b404f72-0f72-4d41-8e3e-795bf60caddd,icon,"3D prints resilient, energy-efficient homes","Austin, TX",https://www.iconbuild.com/
8a1ead0f-b737-4c38-8e75-9ad3096c0c35,ictyos,Fashion company using recycled fish skins,"Rhone-Alpes, France",
acfce501-8975-4bda-a011-dde8f7f07847,ideal semiconductor,Energy-efficient electronics components company,"Bethlehem, PA",https://idealsemi.com/
f22afc35-fdb0-4db3-a53f-ade625a3511c,idelic,Provider of operations and safety software to the transportation industry,"Pittsburgh, PA",
5de663d3-2db5-46a4-b0ef-7194584b2809,ideon technologies,Developing subsurface imaging solutions for mining,Canada,
9532e481-d5e1-42a9-b57d-e9c87442579c,ienai,Electric propulsion systems for satellites,"Madrid, Spain",
d5024ab7-fde9-4ccc-8a41-f717d984eeed,ieqsy,Optimizing energy efficiency,Spain,
23aa4dd9-15ff-4022-be77-1d3955c3b285,ifarm,Vertical farming technology provider,"Helsinki, Finland",https://ifarm.fi/
4b20ed3b-a264-4754-9807-1adb79a8aa6a,ifoodds,Food safety and quality management solutions,"Seattle, WA",
9fcfa07c-c765-446f-a6b8-98382f60bdc2,ilectra motor group,Electric motorbikes developer,"Jakarta, Indonesia",
6896e3da-d54e-460d-99b7-79a20e277c07,illinois institute of technology,Propane from carbon dioxide technology,U.S.,https://iit.edu/
2a40c55b-5455-4bc9-9816-2ad936657731,illumine industries,Sustainable power and construction engineering,"Chennai, India",
7e8ec375-e5a4-4521-b01b-91a8f853470c,immaterial,Advanced materials platform,"Cambridge, UK",
cf01d8ca-7cc5-460a-81d5-af4df7631ff9,immobazyme,To scale its precision fermentation-derived proteins for cultivated meat,"Stellenbosch, South Africa",https://immobazyme.com/
7a54f144-4a1a-4103-b6f1-28cccbabf186,imove,EV subscription service,Norway,
3bb29003-d004-4a22-a0d5-c3dcf3a13f64,impact bioenergy,Converting food waste into renewable natural gas,"Seattle, WA",
dd660628-79d9-477d-baa6-795afda2c3e8,impact recycling,Developer of innovative plastic recycling technology,UK,
1e90d6f6-5f0a-4faa-8f47-5b4fc26c6f9d,impact+,Carbon measurement for advertising campaigns platform,"Paris, France",
109f00cd-8065-4530-8401-436f1692f94a,impactalpha,Sustainable finance news and data platform,"Berkeley, CA",
e48e45f5-f66f-4ccf-b1bd-a7308a3e1bb0,imperfect foods,Online food marketplace focused on reducing food waste,"San Francisco, CA",https://www.imperfectfoods.com/
b33be376-1bb0-472f-a79e-4607e613dc96,impossible foods,Producing plant-based meat substitutes,"Redwood City, CA",
80464edc-2ada-4b80-b204-4eb35853e4e5,impossible materials,Start-up formulating cellulose-based ingredients,"Hamburg, Germany",
9232b8c3-7486-4e89-a4c1-2a50ff6f467b,impossible mining,Developing technology for seabed mining and refining,"San Jose, CA",https://impossiblemining.com/
d81a0d4b-c1a7-4cce-bb1f-f3acc6963687,improvin',Agri-food emissions monitoring company,"Stockholm, Sweden",
50e0a938-9099-4f3c-a97b-b253dba73676,impulse,Carbon reduction home appliances,"San Francisco, CA",
a150feb3-fb4f-4d5b-9360-6ee127ff3ef0,imubit,A.I. for refiners and chemical operators,"Houston, TX",
f5720e78-1c31-4041-b672-e9ad0f0443f9,in bold print,Carbon accounting business,Chicago,
12818ebf-0e77-45d7-b595-9ed148b4aeca,in ovo,Startup with screening tech that helps produce ‘cull-free chicks’,Netherlands,https://www.inovo.nl/
94119885-615d-4105-a74b-c86132644e31,inari,"Biotechnology company developing personalized, gene-edited crops","Cambridge, MA",
2cd6ed05-7390-4f4f-b1d4-8bc4ed121329,inarix,Crop analysis platform,"Paris, France",
de3b1f3e-10bf-4254-bfc3-a345ffaadde0,indigo ag,Sustainable agriculture solutions provider,"Boston, MA",https://www.indigoag.com/
1d24788c-648b-4b2b-a999-818dd22eb7c9,indigo technologies,New mobility tech developer,"Woburn, MA",https://indigotech.com/
e9276cd9-59ee-47e4-98c1-ec6d01752e44,indra systems,Decentralized wastewater treatment platform,"Mumbai, India",
6e325450-129c-4c71-a39f-cbc25aa25584,indus.ai,Construction software company using computer vision,"San Francisco, CA",
3fdefa45-f58d-4e1d-8bf5-4a64263341f8,industrial sun,Solar project developer and energy company,"Austin, TX",
8373af5c-3246-4949-bb4b-a6d45474c12a,ineratec,Producer of low-carbon synthetic fuels,"Karlsruhe, Germany",https://ineratec.com/
dbfa9ab4-c922-44db-a92d-416d8bf0609d,ineratec gmbh,Producer of sustainable e-kerosene made from carbon dioxide and green hydrogen,Germany,https://ineratec.com/
c9df3b34-4a7a-4e45-a2e2-d3a6df2c89f4,infarm,Indoor farming startup,"Berlin, Germany",
5c5f4f90-f32b-4176-8a95-ba889760f48f,infinite cooling,Cooling startup reducing water consumption,"Somerville, MA",
aef606ad-7dec-4b73-ae92-4216bbeb738f,infinite machine,Electric scooters,New York,https://infinitemachine.com/
03060da9-2005-405e-8beb-2a618a1c77be,infinite roots,Mycelium-based food technology platform,"Hamburg, Germany",
4d251689-9133-4689-978f-589809e058dc,infinite uptime,Predictive maintenance and energy efficiency solutions provider for process industries,"Alpharetta, GA",
33b5378f-00ff-4699-b029-49c6d096a6c7,infinitum,Creator of a sustainable air-core motor,"Austin, Texas",
b215c09f-4486-4fe1-b01f-9ac1a4f4bf3b,infinitum electric,IoT-enabled electric motors,"Austin, TX",
ca7481d9-2f81-42b8-a1fd-14cef77447a7,infinity recycling,Investment firm that invests in advanced plastic recycling,"Rotterdam, Netherlands",
3dcb17eb-e994-4e5d-b1d2-890809b52b10,infinium,Synthetic fuels and sustainable aviation fuel company,Location not specified,
56ed0bf7-a81f-4ae1-8839-38ca21310442,infiot,Infrastructure for remote users and IoT devices,"San Francisco, CA",
27211347-784b-4ace-bc7d-bd61d07831ad,influxdata,Time series data platform provider,"San Francisco, CA",https://www.influxdata.com/
655a1dc1-e9a2-4ccd-81b6-710c1f59f86d,infogrid,AI-powered smart energy and smart cleaning products for buildings,"London, UK",https://infogrid.io/
839e21b3-c228-4424-8094-513db4c667ca,inform ag,Agricultural data and sensor technology,"Mapleton, Australia",
61ffb28d-ef0b-408b-a84e-f6002d6aa673,infrakit,Construction data software platform,"Espoo, Finland",
0b2141bb-7e03-4538-8784-7ca59e7648f2,infrascreen,Nanotech solutions provider for climate control,"Neuchâtel, Switzerland",https://www.infrascreen.com/
c49baf27-5b42-405f-b098-2a988911b6e7,infravision,Drones and software to automate power line construction,"Sydney, Australia",https://infravision.com/
4b84f22c-7031-4b27-80f7-8b6e9d5d228d,infyos,Battery supply chain visibility platform,"London, UK",
01e3ff37-9012-48ee-8b2f-4f5221fef8b2,inigo,GraphQL API management platform,"Palo Alto, CA",https://www.inigo.com/
4f2f60f1-cdd1-4844-b0dc-87c080c93677,inkbit,Additive manufacturing business,"Medford, MA",
4ec91240-b92e-490e-a507-cbf20dcdda5d,innerplant,Genetically engineered crops that emit signals to farmers when stressed,"Davis, CA",
415f73c3-9f71-4a55-b812-4591006af06d,innocent meat,Cultured meat production company,"Mecklenburg-Vorpommern, Germany",
20daa2a9-88df-4611-b4cc-0e1b13e2b5b8,innovatium,Developer of commercial equipment and processes which reduce the carbon intensity of existing energy processes,UK,
4f0a9958-ba60-45ce-8c77-581ed9d0c52a,innovopro,Chickpea protein startup,Israel,
6ce084fc-70cf-499f-aa19-7252065365c7,inobat,Make batteries for automotive and other transport applications,"Bratislava, Slovakia",
c41c8c14-887e-4c59-8086-a366809da50b,insectta,Biomaterials from insects developer,"Bukit Merah, Singapore",
bc38af94-96b9-4413-930e-bdac8b5e17e7,insight m,Aircraft-based methane leak detection technology,,
183c8fff-0697-4cb2-b6c5-e254f740e0c9,insoil,Sustainable agriculture microfinance platform,"Vilnius, Lithuania",
67c8a2b7-3336-4c79-99d7-027cac3055e4,insolare,"Solar engineering, procurement, and construction services","Bangalore Urban, India",
02b8b797-4bd5-496d-9d0a-cf185031d083,insolight,Agrivoltaic installer,Switzerland,
f498f22e-25a7-4c9b-93b1-e7ee68a4ebc6,inspirafarms,Developer of off-grid solar-powered food refrigeration,"London, UK",https://www.inspirafarms.com/
32fb5c10-cff5-4d29-b59b-25e4cf54e0d9,inspiration mobility,Maker of EV fleet management software,"Washington, DC",
6083042a-d857-419e-87ef-3e050cf562d5,inspired capital,Investing in pre-seed to Series A startups,"New York, U.S.",https://www.inspiredcapital.com/
5beafb2c-fb8b-4b96-812c-9acef41f93ae,instadeep,AI-powered decision-making platform,"London, UK",https://www.instadeep.com/
cafea4f7-c7de-483e-aeba-9de5ea21ff97,instagrid,Portable battery storage startup,Germany,
5c65bfd8-6be0-4d59-9be2-73838c1c7d59,installer,Matching companies with skilled installers,Oslo,https://www.installer.com/
5979e832-f92f-409c-b701-334e22f79386,installion,Installation service provider for utilities undergoing energy transitions,Germany,
0d9d7d99-6041-4451-917c-e07243af3e91,instrumental,Manufacturing optimization software platform,"Palo Alto, CA",
2c71c884-eba4-4d6e-8522-2152c0802334,intake,Yeast-based precision fermentation platform,South Korea,
f7e043a8-950b-41ed-99e9-cae85cb72af4,integrated projects,Digitization services provider for building owners and design professionals,"New York, NY",https://www.integratedprojects.com/
ac04adf8-c66b-4154-a5f9-0e304d5e22a5,integriculture,Cell-based meat startup,Japan,
10ac16e5-bfab-4c36-8fc1-90a547e7da07,integrity municipal systems,Water and wastewater process solutions developer,"Poway, CA",
d05fb3ce-00d6-43b1-ac20-b6ce713ab8c2,integritynext,Supply chain sustainability and ESG platform,"Munich, Germany",https://www.integritynext.com/
1377ec03-fa5d-4c32-9322-e5db6511b6ea,intelliculture,Farm management software platform,"Kitchener, Canada",https://www.intelliculture.ca/
2b351e68-3b67-4ec6-a6ed-e770ab7f8898,intelligent city,Urban housing design company,"Vancouver, Canada",
53b8726b-32bf-403c-ad36-3182c46c2f64,intelligent energy,PEM fuel cell manufacturer,"Jerichow, Germany",https://www.intelligent-energy.com/
3a21f0d6-4d50-4282-920c-f837fa11e773,intelligent fluids,Manufacturer of non-toxic and biodegradable cleaning fluids,"Leipzig, Germany",
76a1b6d1-5816-4703-8fa9-84c257744b99,intellihot,Tankless water heating system manufacturer,"Galesburg, IL",https://www.intellihot.com/
84ee28cb-d884-4971-80ad-d7d46f682a2f,intello labs,Software startup using computer vision and AI to grade food quality,India,
d1c05d58-fc7b-4e06-95c1-30f5a54eb6a9,intelmatix,Provider of AI-powered decision intelligence software,"Riyadh, Saudi Arabia",
8a9cbb90-3ee2-4540-992b-3924e8c900cf,intercontinental energy,Green hydrogen company,"Singapore, Singapore",https://intercontinentalenergy.com/
3777bf90-0be9-4d81-8e72-f3fc136ee498,interearth,CO2 removal service using trees,"West Perth, Australia",
7d03f020-e48c-4979-b4f8-288ced37ec69,interface polymers,Developer of high-performance additives for plastics,"Loughborough, United Kingdom",
41886c39-6557-48fe-a91a-09a7f8ca4ac7,international battery company,Prismatic Li-ion battery manufacturer,"Sunnyvale, CA",
5c977c87-d232-49fe-be64-ab7e387d8f44,interos,Supply chain risk management tech company,"Arlington, Va.",
12c6cc23-752a-4e93-b0e4-cbdcf09b8108,intersect power,Solar energy project developer,"Beaverton, Ore.",
86c3603a-ee89-47ba-a43c-f186e5a0b4d4,interstellar lab,Developing controlled-environment pods for crop cultivation on Earth and life-support in Space,"Los Angeles, CA and Paris",https://interstellarlab.com/
6b6baa2e-d149-412a-8ec9-d66bed139709,intramotev,Battery-powered autonomous railcars,"St. Louis, MO",https://www.intramotev.com/
927247ab-b5de-4149-81d5-461d2eae1de8,intudo ventures,Invest in renewable energy and natural resources development,"Jakarta, Indonesia",
64864f6a-8cdd-4c4f-8d1a-0f7837271cac,inurba mobility,Urban micromobility developer,"Barcelona, Spain",
fcf533bc-de30-4e4b-80ae-313b09ae3632,inventwood,Advanced wood-based materials for sustainable building,"Frederick, MD",https://www.inventwood.com/
1d86ee70-9de4-42bd-af2d-ddbf6d0a625a,inversion,Space-to-Earth cargo delivery service provider,"Los Angeles, CA",
c90b21dd-b24b-4933-ad96-2f2bff0f151e,involve,Stratospheric balloons,"Lipomo, Italy",
83cbf90e-9d0f-4e82-997a-c984ff3a24ea,involve space,Stratospheric monitoring systems platform,"Lipomo, Italy",
0dad6019-6b33-4dd5-ac68-cf9fd3db45f5,iobeya,Provider of enterprise visual management software,France,https://www.iobeya.com/
54c64031-f2aa-4dfb-bac2-23478ea48fd4,ion clean energy,Liquid amine CO2 capture tech developer,"Boulder, CO",https://ioncleanenergy.com/
c10a32c1-928f-4826-9f8b-5aba72006fb8,ion energy,Developer of battery management and analytics software,India,
cf794be5-051e-4cdd-b04e-881a48ca3afc,ion mobility,Electric motorbike maker,Singapore,https://www.ionmobility.com/
1ea0762c-524b-4eb9-82b0-72d350f16ba3,ion storage systems,Maker of solid state lithium metal batteries,"Beltsville, MD",
c6ffd2cc-bc75-4c8b-a778-020237400330,ionate,Control technology for power systems startup,UK,
6c37d4fc-d742-4c22-846d-b1523ffb72fe,ionblox,Producer of a lithium-ion battery with a silicon dominant anode,"Fremont, CA",
34fedac2-c043-4323-afc6-28670fb5a99e,ioniqa technologies,Upcycling plastics,Netherlands,
08aafdc6-9988-4d67-a836-55b94e5df111,ionkraft,Sustainable coatings for packaging,"Aachen, Germany",https://ionkraft.com/
de83489c-7224-4bfd-93a2-ad6357234eb8,ionna,EV charging solutions platform,"Torrance, CA",
c2f44ef9-f249-4ac9-bd34-1784068d420a,ionobell,Silicon-based batteries maker,"San Jose, CA",
8d440a34-d9b0-4f3a-b0c7-996c840f8d11,ionomr innovations,Developer of ion-exchange membranes,Canada,https://ionomr.com/
fc7343b7-ef43-4b67-903c-54b34388eb0b,iontra,Battery technologies for extending battery life,"Denver, CO",
29861dd0-1069-451e-a15c-744e0c0b2233,iotech,EV charging company,"Piscataway, NJ",
75ba643e-c553-4d75-97b9-d6a6ac0735f8,ip group australia,Supports university-originated deep tech startups,"Melbourne, Australia",
1b04f5a6-e1d4-4f54-94be-b5b8574a5b73,ipronics,Optical switches that improve data center speed,"Valencia, Spain",
58363d99-54e7-46cc-b4dd-73a87307eee6,iqm quantum computers,Developer of superconducting quantum computers,"Espoo, Finland",
f2276802-80de-49bd-9f06-66bd56bafb21,iris light technologies,Developer of silicon photonics technology,"Chicago, IL",
31f052dd-0de6-47e4-81fa-3d9700ee62ac,iron ox,Sustainability-focused agtech robotics maker,"San Carlos, CA",
696da994-c6e3-4715-ba20-09869e3be931,iron sheepdog,Short-haul trucking optimization software,"Williamsburg, VA",
2ba1cade-debc-4f5d-9d31-dae8681da71f,ironic biotech,Make plant-based proteins to help customers with anemia,"Lund, Sweden",
77ef9726-ba5a-4e31-8da3-ce986c9a4997,ironspring ventures,To invest in the industrial revolution,"Austin, TX",
2b5993f3-4c5d-45a6-98ac-3964abf10a4f,irp systems,Electric powertrain products provider,"Tel Aviv, Israel",https://www.irpsystems.com/
f9eee321-f3cf-4c6c-b175-805d3ca97d22,irrigreen,AI-powered sprinkler system technology,"Edina, MN",https://www.irrigreen.com/
8fddefe4-abc3-44a6-a1ad-5f2b9e768f7d,isometric,Carbon removal registry and science platform,"London, UK and New York, NY",
31e20771-3f14-4250-8700-322859cad28f,isovalent,Cloud-native networking company,"Mountain View, CA",https://isovalent.com/
f0e894eb-2954-4796-ba23-719bd160d464,isptech,Propulsion systems for spacecraft using environmentally friendly fuels,"Hardthausen, Germany",https://isptech.com/
89501b8a-f2c9-4333-bf3a-b3b7a20f1c8c,it's fresh!,Food waste technology company,"Burntwood, United Kingdom",https://itsfresh.com/
43a18631-e386-435f-881a-857b9e30ec96,itpipes,Pipeline inspection software,"Seattle, WA",
6c450fdc-24b9-4957-9b79-8736a23b2a9b,itselectric,Producer of electric vehicle chargers designed for cities,"Brooklyn, NY",
e31fc512-bc49-4fcb-a9f6-afb7da5fb65b,iunu,AI and machine vision technology developer for agriculture,"Seattle, WA",https://iunu.com/
a64d400d-c55d-4984-91ff-bc6b4dd3213f,ivy energy,Simplify solar billing for multifamily properties,"San Diego, CA",https://ivy.energy/
2ae89ac4-84fa-42eb-bd53-528dcdc289f2,iwell,Harmonizing clean energy developer,"Utrecht, Netherlands",https://www.iwell.eu/
5cf95e7f-5bf6-420b-8148-799ed0e87414,iyris,Heat-blocking technology designed to boost crop yields,UAE,https://iyris.com/
6ca790b6-7cc2-46dd-be94-7ac4840bb800,jedlix b.v.,Smart charging services platform provider,Netherlands,https://jedlix.com/
4393a06f-5788-43ef-865f-80cf3ecaeda4,jejakin,Indonesian carbon accounting and monitoring service,"South Tangerang, Indonesia",https://jejakin.com/
986374f4-2715-4ad1-a686-e34e6a7e4f6f,jellatech,Animal-free proteins developer,"Raleigh, NC",https://www.jellatech.com/
75167183-d987-40be-8d76-0a6edabec887,jet charge,EV charging company with a charging as a service model,Australia,https://www.jetcharge.com.au/
7c756689-f12e-469c-95b7-69666609f175,jetcool,Direct-to-chip liquid cooling manufacturer,"Littleton Common, MA",https://jetcool.com/
a1519954-90e0-4029-904d-8c15d1b45e14,jetson,eVTOLs developer,"Brooklyn, New York",https://www.jetson.com/
b78f5c39-e37a-4119-bf32-74e1fb6fa31e,jetti resources,Developer of copper extraction technology,"Boulder, CO",https://www.jettiresources.com/
52bbdcb9-588a-4363-9ecc-e85b5edf6c92,jetzero,More efficient blended-wing aircraft,"Long Beach, CA",
afb26c0f-e795-4f4f-93fb-dc177c06cbc7,joby aviation,Develop and build electric vertical takeoff and landing (eVTOL) aircraft,"Santa Cruz, CA",https://www.jobyaviation.com/
cfe29e4c-4dae-4f36-bbc2-1f065ba49411,jolt,Electric vehicle charging stations provider,"Sydney, Australia",
34f04dc1-3098-4599-a1d3-0503c1672ce2,jolt energy,Developer of an urban ultra-fast charging network,"Munich, Germany",
7c6d195d-041b-4aca-9f51-b80bffcc09e4,jooules,Use gaseous fermentation and microbe strains to turn CO2 into protein,"Wellington, New Zealand",https://jooules.com/
a01ff051-4e9d-4396-99c6-3347f131308d,joro,Platform tracking and reducing users’ climate footprints,"Oakland, CA",
db3857ba-51af-45be-908c-5d0091412126,joywell foods,Food technology company developing a sweet protein portfolio,"David, CA",
84812910-12e0-4887-ba4f-b71d46fdec54,jua,AI weather and climate forecasting platform,Switzerland,
8d966284-79e4-4c5f-9689-978cabcf0b5b,juganu,Smart city lighting solutions,Israeli,https://juganu.com/
60e52c43-3872-4196-b2a7-562c7d32b3b5,juicy marbles,Plant-based steak company,Slovenia,https://juicymarbles.com/
5ddb8079-4aec-474c-8da4-238d562f8fe6,juna.ai,AI agents for energy consumption in factories,"Berlin, Germany",https://juna.ai/
c6c9bf3b-16d5-494f-b90d-50da3877324e,juno,Proptech startup building sustainable apartment buildings,"San Francisco, CA",
811f4ce7-60ef-496f-8a83-8868a38cc1c6,jupiter intelligence,Extreme weather and climate risk management firm,"San Mateo, CA",
92092b1a-7704-4e08-a7c9-12dd2d978a0d,jupiter ionics,Electrochemical green ammonia technology,"Melbourne, Australia",https://jupiterionics.com/
282c96af-7a7b-4dd2-8172-a461fe76d754,just climate,Investment firm backing businesses focused on land-use transformation,"London, UK",https://justclimate.com/
353c85b4-b461-4ee3-adbd-69e3f119311b,kabira mobility,Electric bike startup,"Verna, India",
1a0e093e-61e0-46f4-bbc4-fb50535740c4,kaiko systems,AI-powered maritime operations platform,"Berlin, Germany",https://www.kaiko.com/
b2061641-51ac-4a62-8b6f-92940ed82880,kairos aerospace,High-frequency aerial methane leak detection technologies,"Mountain View, CA",
197555b0-1845-466d-bd92-c01d0ad5336a,kairos power,Novel advanced reactor technology platform,"Alameda, CA",https://www.kairospower.com/
3e1ea9b7-5848-4494-a379-2181d42faa66,kaiyo,Marketplace for used furniture,"New York, NY",
ffa70801-29f7-4dab-ab7a-eac87fd445c3,kaltani,Clean-tech plastic recycling and waste management company,Nigeria,
514603cb-f424-4188-9475-d2cd140169bd,kamma,Property analysis for environmental compliance platform,"London, UK",
2fe4610c-37a7-4b74-90cc-0c5859802df3,kanpla,Cafeteria-management software to reduce food waste,"Aarhus, Denmark",https://kanpla.com/
a09201cf-67b9-4e66-a16c-7b4ce3f49395,kapta space,Spaceborne radar technology developer,"Seattle, WA",https://www.kaptaspace.com/
8819edda-afee-42cf-af73-34b0f49963fa,karana,Plant-based meat producer,Singapore,https://www.karana.com/
0012ef4d-49b5-4f65-9b3f-d0aed4e3e749,karma automotive,Hybrid luxury car manufacturer,"Hangzhou, China",
1762beae-d577-4b3c-8913-5d45b9bfd4ec,karman industries,Electric industrial thermal energy technology developer,"Long Beach, CA",https://karmanindustries.com/
ecfd9f68-2c25-4a1b-93ac-4e96cf42d8e5,karomia,Double materiality assessment and CSRD reporting software provider,"Gent, Belgium",
77b18e66-da4f-4b11-a9d0-b4763ef3e019,katana,Manufacturing ERP software company,"Tallinn, Estonia",
34653216-b93a-41d4-b67a-0122918e292c,kate,Developer of electric micro-cars,"Cerizay, France",https://www.kate.com/
01b97da1-c26c-40bf-b882-61e9250c5c42,kate farms,Producer of plant-based nutrition,"Santa Barbara, CA",https://www.katefarms.com/
83ee33bf-0591-4417-9ed9-264955552d1b,kateri,Custom regenerative ranching programs platform,"San Francisco, CA",
def81f8a-ae5b-43a8-b20e-f8e87307dfea,kaya ai,Advanced construction supply chain intelligence platform,"Columbus, OH",
7c48aa2a-3e23-4ae5-abff-b18f87fc3146,kayrros,Climate and energy data analytics company,"Paris, France",https://www.kayrros.com/
f631d6a1-df41-4791-bf16-3a4cfbec1531,kazam,EV charging management software provider,"Mumbai, India",
81fe28b2-d26d-4c99-8413-b6c92765ef62,kebony,Environmentally friendly modified wood producer,Norway,
253bc64a-bbad-49e8-8acc-e63b427cd682,kebotix,Platform for AI-discovered chemicals and materials,"Cambridge, MA",https://kebotix.com/
31417d93-e824-4096-bdb6-4cdc8695e001,keelvar,Sourcing software company,Ireland,https://www.keelvar.com/
4c32eb51-c3a5-404e-9197-b780260d50f1,keey aerogel,Green aerogel from construction waste,"Habsheim, France",
a8e16c89-db90-459e-87d1-33866bba8357,kelpi,Seaweed-based packaging for food & CPG products,"Bristol, U.K.",
b4cf14ca-1767-4876-b059-756d1db4407c,kelvin,Decarbonized HVAC solutions provider for legacy buildings,"Brooklyn, NY",https://www.radiatorlabs.com/
a5ead07e-ea30-4f05-b826-f797dea7de7a,kensa group,Ground-source heat pump developer,"Truro, United Kingdom",https://www.kensagroup.com/
195faff5-e55c-4592-8421-7983f5ce0c61,ketos,"Technology designed to measure, manage, and forecast water quality and efficiency","Milpitas, CA",
85dff514-122b-4753-b0ca-2b74acb64786,kettle,Reinsurance startup focused on climate change,"Kensington, CA",
a7ccb448-c001-412f-ba75-492675db8226,kevala,Energy data and analytics company,"San Francisco, CA",https://www.kevala.com/
9f8628e6-c84a-488b-9c00-c8efa7283533,kilimo,Help pay farmers to save water,"Cordoba, Argentina",
f9177b0e-cc0b-45f8-b578-e29255d08472,kilter,Ultra-high precision weeding robot for vegetables,"Langhus, Norway",
427d6ac4-5e0b-46ca-bd39-b9bf24bef5a9,kind designs,Company developing 3D printing for seawalls,"Miami, FL",https://kinddesigns.com/
1273a7b4-73db-496e-8c62-139596828db7,kinetic green,Micro-mobility vehicle manufacturer,"Pune, India",
03975c9f-1b6c-4499-9853-49b23ac5d567,king energy,Build portfolio of solar on commercial buildings,"Durango, CO",https://www.kingenergy.com/
d478c12f-ba3e-420f-b543-7d20d244f0d3,kisanhub,Provider of agri-food supply chain solutions,UK,
a531b317-29e2-496e-80b2-42430c1cca54,kita,Insurance provider for carbon markets,"Worcester, U.K.",
c10a1ad8-7e4d-4d56-abdc-24ea62056883,kite magnetics,Advanced magnetic materials developer,"Clayton, Australia",
b77ffb10-e9c6-4fc0-86b4-64fdacb9684a,kite mobility,EV ridesharing platform,"Thornhill, Canada",
1a573b97-9e13-45be-afc8-956594a968b5,kitekraft,Producer of flying wind turbines,Germany,
60023139-210c-4d47-8e69-25b2b8d51645,kitepower,Developer of airborne wind energy systems,Netherlands,https://kitepower.nl/
9cff71ec-92a6-4d35-97b4-d048f1b294e5,kkr,Investment firm,"New York, NY",https://www.kkr.com/
75a9c699-40ec-40fc-bab0-680a3452b704,kkr global climate fund,Climate infrastructure fund,,
5d9136dd-1b24-45d0-800d-ee4543e824e9,klim,Platform facilitating farmers’ transition to regenerative agriculture,"Berlin, Germany",https://www.klim.com/
a1e42523-3896-431d-8cd0-01cfd998bfac,klima,App that calculates carbon footprints,"Berlin, Germany",https://klima.com/
775cc4b4-33a5-4158-bc70-734eecd48679,kloopify,Sustainable procurement analytics platform,"Pittsburgh, PA",
d56e69ba-68b7-4d28-8c17-1ac15e02035e,koa,Upcycled cocoa fruit products developer,"Zürich, Switzerland",
5f2fd1c3-da5c-46e4-abd3-21741333da0a,kobold metals,Algorithmic approach to identifying critical mineral deposits,"Berkeley, CA",https://www.koboldmetals.com/
0319c26a-a348-45b7-bdeb-d63ce336fc16,kode labs,Building optimization analytics platform,"Dover, DE",https://www.kodelabs.com/
866d3a11-1bb2-4406-bd57-b91ee3bff77c,kodiak,Autonomous freight truck company,"Mountain View, CA",https://kodiak.ai/
1dd0154d-e758-468c-8db3-a2399bc4d830,kodiak robotics,Autonomous truck company,California,https://www.kodiakrobotics.com/
c2b43626-e871-4d9f-87df-2aee50b69288,kofa,Electric motorcycles and battery swapping company,"Accra, Ghana",
b1fd38d7-e68b-44d0-86bd-087c2e0c0f54,kojo,Materials management platform,"San Francisco, CA",
04e00f7b-5a4d-4afb-a421-7afbddcdef36,kokomodo,Cell-based cocoa and chocolate,Israel,
1a45273f-9997-4253-8436-1fa3687ce403,koloma,Geologic hydrogen exploration and identification platform,Denver,
9cb99449-507d-4283-a091-b02bdba77b4b,kolum,Regulatory compliance platform targeted at the EU’s Carbon Border Adjustment Mechanism,"Berlin, Germany",
06a41ece-dd42-482f-92eb-cc8d2080b9ed,komaza,Company focused on sustainable forestry,Kenya,https://www.komaza.com/
06323776-c541-47d0-a324-ce6bdbb53b16,kompas,Invests in industrial technology across Europe and the U.S.,Copenhagen,
ba275d1c-3060-4007-865c-4f22676649cf,komunidad,Environmental risk platform,Philippines,
450cd30e-8b8d-416f-beb3-b55eb1edecad,koo,Social media platform in multiple languages,"Bangalore, India",
1f1af658-c776-484d-838f-dbcb332aebbe,koolbooks,Scaling solar refrigeration across Africa,France,
eddd0179-4102-4baa-afdb-b3a588844e12,kopperfield,EV charger installation company,"Seattle, WA",
3b4dcf14-acab-4929-856a-0bc7fd4ae2a8,kore power,Lithium-ion battery manufacturer,"Coeur D’alene, ID",https://korepower.com/
4232df40-9b3f-4235-9d88-63f1895ab4b9,kos,Plant-based protein and supplements company,"Santa Barbara, CA",
50255ce3-e0f9-472d-86a9-d5bddd9558d5,kubecost,Cost monitoring platform,"San Francisco, CA",https://kubecost.com/
315c0378-374f-44ab-ab60-0c00c7aac928,kubik,Turn plastic waste into building materials,"Nairobi, Ethiopia",
45749d1a-a660-4711-9dd3-75e176d56553,kula bio,Sustainable nitrogen fertilizers,"Boston, MA",https://www.kulabio.com/
bc0e6055-b0b3-4c63-b1eb-cf37e127af60,kuleana,Maker of plant-based tuna,"San Francisco, CA",
15ef58e4-c0af-4f81-8501-86fda9374a7c,kumulus water,Developing technology that generates water from the air,France,
d7633d93-5c7d-45f6-9784-c584eda318c5,kusari,Security platform for supply chain vulnerabilities,"Ridgefield, CT",
fab0813d-b6d8-45bd-8515-72ca967d61dc,kuva space,Earth observation technology developer,"Espoo, Finland",https://www.kuvaspace.com/
ca247859-b356-4966-8878-78d159dcb538,kuva systems,Methane monitoring and quantification platform,"Cambridge, MA",https://www.kuvasystems.com/
56f98e32-4a64-4c99-87cd-3af56f6897b9,kvasir technologies,Biomass-to-fuel conversion technology developer,"Gladsaxe Municipality, Denmark",
fbb0f0ed-8141-44ad-b463-15d004591a0f,kvist,Environmental certification platform for construction,Oslo,https://www.kvist.com/
e7250285-9393-4f4f-a0a3-2801e2fc0d5d,kwetta,Electric vehicle charging solutions developer,"Napier, New Zealand",https://www.kwetta.com/
1747cc1f-de74-4810-8a1b-d778bb187144,kwh analytics,Climate insurance startup tailoring insurance policies for renewable energy installations,"San Francisco, CA",
d6717552-8873-4810-9422-fdf6701c8fb6,kwota,Digital validation and trading services for recycled material CO₂ emissions,Estonia,
c0a238c2-cef5-401c-af4a-6781c5664b2c,kynda,Biotech sustainable proteins producer,"Jelmstorf, Germany",
c262802f-87dc-4417-a22f-61ddd728ec7d,kyoto fusioneering,Nuclear fusion technology company,"Tokyo, Japan",https://kyotofusioneering.com/
37186951-2f14-40f2-8759-6759582199a2,la solive,Career training for energy renovation professionals,"Paris, France",
9968a3bb-e30f-4d50-87cb-8b26b11a5b0a,la vie,"Plant-based meat products, like vegan meatballs",Paris,
0b3d30bf-bb60-410a-873d-9ee8d8e26a9d,lactips,"Biodegradable, water-soluble polymers for packing","Saint-Paul-en-Jarez, France",https://www.lactips.com/
0303666b-3d4d-4017-99b5-14d592696b2b,lacuna technologies,Provider of urban transportation management software,"Palo Alto, CA",
f87834ef-bf10-441b-911f-6b2b5fc0b889,laiier,Liquid leak detection service,London,
c2b7ba8c-84c6-4d72-995f-bf1e551cd0cf,laird superfood,Creator of plant-based superfood products,Oregon,https://lairdsuperfood.com/
961ddaa3-ac56-4459-8cff-a19e1a29a5e1,lancium,Startup using renewable energy to power bitcoin mining,"Houston, TX",https://www.lancium.com/
5c149290-be0b-4beb-9be7-2f9c4569d243,lancium technologies,Power orchestration and management solutions platform,"Houston, TX",https://www.lancium.com/
643ad58b-63bb-49e6-bf28-f0080ac3bdad,land,Producer of an electric two-wheeler,"Cleveland, OH",
a6eaa0bb-7f86-40dc-931b-d1c1c6ebc232,landgate,Marketplace and data provider for commercial land,"Denver, CO",https://www.landgate.com/
fd70cb95-9d45-4718-b210-4f548a3f7fc3,lanzajet,Sustainable aviation fuel production facility,"Chicago, IL",https://lanzajet.com/
5198dba1-c64d-4b41-a763-900f9c28416f,lanzatech,Sustainable fuels and chemicals platform,"Chicago, IL",https://www.lanzatech.com/
b207dd56-27d7-4794-a026-e4336ab56b02,lanzatech nz,Bio-processing platform for improving waste carbon treatment,"Skokie, IL",
1fcc4278-a18a-4487-89bd-34ad8aa4c1c9,larger funding rounds,Lithium-ion battery cell manufacturing,"Cambridge, MA",
58222dc5-617e-4ac5-8166-db14376fd91c,last energy,20 MW modular nuclear reactors,"Washington, D.C.",
42af7ffa-1569-4ef2-aa06-028231c37452,lat water,Developer of sustainable wastewater treatment solutions,"Berkshire, UK",
f42506b0-d37b-4346-971a-b8b73a767315,latitude media,Climate research and news platform,"Boston, MA",
5073f3e5-0572-4982-bf2b-8c7edc9d87fe,laxey,Land-based salmon farming producer,"Vestmannaeyjar, Iceland",
f93dda0b-1b3f-41a7-a415-dd3183943015,ld carbon,Develops eco-friendly materials from old tires,"Seoul, South Korea",
1dc9c693-459a-4759-9e1b-684b2d2b426f,le fourgon,Returnable beverage products delivery network,"Marquette-lez-Lille, France",
08fef619-793e-4ec8-ab95-e3dd2108677c,lead ventures,Early-stage fund for Central and Eastern European startups,"Budapest, Hungary",
63d4b06f-5b18-44ad-92de-305efd63e705,leaf,Data infrastructure startup focused on food and agriculture market,"San Francisco, CA",
5706741b-c20f-468d-9b9a-fc263c93890d,leaf agriculture,Technology-first approach to farm data company,"New York, U.S.",https://www.leafagriculture.com/
ebfeb29e-73bc-4c3f-8d77-8c573dce77a9,leaft foods,Plant based protein startup,New Zealand,https://www.leaftfoods.com/
9942ab63-f6ee-4881-a325-5b01eddcc3ab,leakzon,AI-powered water management platform,"Kfar Saba, Israel",
5b176b24-4e02-4df1-880d-c03d37c31c61,leap,Universal distributed energy marketplace,"San Francisco, CA",https://www.leap.energy/
4a813edc-c190-4333-ac62-0caaac44e22f,leap24,Facilitating a charging network for electric vans and trucks,Netherlands,
aa08a7cf-0cd0-4cb4-a67c-c5db8d162d0a,legume technology,Biostimulants for smallholder farmers,"East Bridgford, U.K.",
e11f17e8-0943-4450-93f0-6c0d84d801a1,leko labs,Carbon negative construction company,Luxembourg,https://lekolabs.com/
8da83a90-e9ae-4612-909f-5935f933f375,lemon energy,Digital clean energy provider,Brazil,
a968b56c-e603-430b-b83d-9b61c9d0d94d,lens consortium,Develop sodium-ion batteries,,
8c5d090a-6280-4391-b496-fed825280ccc,leoparda electric,Electric motorcycles and batteries,"São Paulo, Brazil",
6ae1aee8-9560-4754-af7d-8a87a5193ff0,leta,Efficient logistics tech developer,Kenya,https://leta.com/
c15b6692-8489-48dd-b62b-f458aa1a7156,letstransport,EV last-mile delivery network,"Bangalore, India",https://letstransport.in/
a4f41764-e142-4189-bd46-7a0f66ff679f,levelten energy,Infrastructure focused startup,"Seattle, WA",https://leveltenenergy.com/
66c7f307-1e27-43bc-8f1a-106a5e77b433,lever vc,Seed-stage venture fund focused on funding plant-based and cell-cultivated protein startups,New York City,https://levervc.com/
be6dab53-8935-46fb-80f8-3b4d18db0dfd,levidian,Decarbonizing methane by cracking it into graphene and hydrogen,England,https://www.levidian.com/
79511052-eae9-4bae-81eb-7354e9344156,leydenjar,EV battery startup,Netherlands,
f9f75b28-8bc1-44d1-9834-f4f1a8b35ff0,li auto,Chinese maker of electric SUVs,,https://www.lixiang.com/
13febf1a-24d0-4e61-9f42-71fc6daf0a7c,li industries,Lithium-ion battery recycling company,"Blacksburg, VA",https://li-industries.com/
2f3fca97-56aa-45a3-a950-dcc5938140ae,li-cycle,Lithium-ion battery recycling service provider,"Toronto, Canada",https://li-cycle.com/
28a1d90e-4243-4fdb-b6fe-160f1182276f,libattion,To upcycle used EV batteries into stationary energy storage,"Opfikon, Switzerland",https://libattion.com/
91c002bf-40fc-4364-a022-c359f18f4b92,liberate foods,Plant protein and meat substitute company,India,
d9dc1424-6b26-4917-ab9f-fb7e093a2fc5,liberation labs,Providing precision fermentation platform for alternative proteins,"Richmond, IN",https://liberationlabs.com/
55d33906-2ede-462c-8fd4-41bb18869110,librec,Li-ion battery recycling company,Switzerland,
b8c78727-8f60-4df1-b67e-0a7b7d293d74,lidwave,LiDAR chips for various applications,Jerusalem,https://www.lidwave.com/
32c5fb54-ae7f-44a4-8c10-a73eaec0bcc7,liefergrün,Zero-emissions delivery startup,Germany,
84a3c78e-1c24-4fc2-867e-7276bb24724b,lifelabs,Producer of thermally-efficient lifestyle apparel,"Sunnyvale, CA",https://lifelabs.com/
8f11e63f-1ae6-4524-ba30-13b3a2406116,liftwerx,Maintenance services for onshore wind,"Cambridge, Canada",
b795edb5-8097-4377-91e2-26d1a3b56409,light bridge,Hydrogen electrolysis systems manufacturer,"Hwaseong-si, South Korea",
374d630f-1060-458f-9872-ac29e006ac35,lightdash,Remote-based open-source business intelligence platform, ,https://lightdash.com/
46ef7550-f7c6-4cf4-bb5e-d86cf7b3cf5f,lightlytics,Cloud deployment SaaS platform,"Tel Aviv, Israel",https://lightlytics.com/
ad2a86cc-02f4-4298-a764-825f53994b16,lightning emotors,Electrifying commercial vehicle fleets,,
e69a6eef-85af-4b71-ad4f-5b6862ca0c94,lightshift energy,Owner and operator of utility-scale battery storage projects,"Arlington, VA",
5823b230-bd3a-4763-8613-360e68cfbfa5,lightship rv,Maker of electric RVs,"San Francisco, CA",
2ae588d5-4e66-4df9-9989-83cf92cf810b,lightsource bp,Solar power developer,"London, UK",https://www.lightsourcebp.com/
7a8f0157-d400-4e73-ae95-0c4cb70c626f,lightyear,Solar electric car company developing an automotive platform,Netherlands,https://lightyear.one/
e3a75291-4476-488d-aad6-7cb11665f61a,ligna energy,Provider of wood-based batteries,Sweden,
11c78d9d-5fbf-4910-bd03-098eacbc564d,lignovations,Biomass-derived ingredient innovation developer,"Klosterneuburg, Austria",
12645358-b61c-49a3-9f0d-14ed79eacd61,lilac solutions,Lithium mining technology company,"Oakland, CA",https://www.lilacsolutions.com/
bc07bcf6-93dd-4f92-830b-ad6a12f4620c,lilium,Designing jet powered transition aircraft,"Weßling, Germany",
621f67f0-c11d-4a04-9c70-abfce40acd27,lime,Electric scooter rental startup,"San Francisco, CA",
b8a1d7e1-afd9-4573-bf84-36d6f7747ad0,liminal,Advanced inspection systems for battery cells,"Emeryville, CA",
f3404a21-42e2-4afc-817d-7a9e1bd906c6,lina energy,Solid-state sodium battery company,"Lancaster, England",
7c5e0fc6-6e4f-4abf-a046-65008669f42b,linear labs,Maker of energy-efficient electric motors,"Fort Worth, Texas",https://linear-labs.com/
e72546f2-43c8-4cd3-86c8-d703f91b03fa,lineat composites,Using reclaimed carbon fiber to manufacture new composite components,UK,
fe9ab9b9-256d-4f3e-953d-c5909eec1cc7,linevision,Provider of non-contact overhead power line sensors,"Somerville, MA",https://linevision.com/
4df9b51c-a883-4580-8783-3416a8630cdd,lingrove,Sustainable composite materials company,"San Rafael, California",https://www.lingrove.com/
475cc12e-d269-46c7-9f77-efb420f02a3a,linova,High-energy polymer battery technology maker,"Monrovia, CA",
e002bf81-86bd-42e4-992e-df96fd64378c,linova energy,Polymer cathodes for batteries,"Monrovia, CA",https://linovaenergy.com/
fa39fbc6-2549-4dd5-b547-c3a254786b20,liquid wind,eFuel production facilities developer,"Gothenburg, Sweden",https://www.liquidwind.se/
9089666c-3da4-490a-84ec-040d5684ad0b,liquidonate,Manage returns and promote circularity,San Francisco,
7a050ab1-b39e-4f58-bdbd-37f005db4733,liquidstack,Develop advanced cooling solutions for data centers,"Carrollton, TX",https://www.liquidstack.com/
d1a6af50-0065-4818-aec9-6c66b2297f3c,lis technologies,Laser-based technologies for enriching uranium,"Oak Ridge, TN",
d6fa77bf-0288-41b6-8611-69bc01e99404,lithion recycling,Battery recycling technology provider,"Montreal, CA",
1a895fd3-fdbe-44c0-8c79-b3636a84edd6,lithium americas,Lithium mining service provider,"Vancouver, Canada",
7d9b3f4d-665c-46c2-9473-09e8e8ca0582,litlingo,A.I. risk monitoring platform,"Austin, TX",
e919dced-0fa2-43e5-bbb2-6daa1f9d00e8,little leaf,Sustainable packaged lettuce brand,"Devens, Mass.",https://littleleaffarms.com/
8ed8e508-9e93-4d96-ae14-65a3bcb84256,liveeo,Uses satellite and AI data to detect climate risks to critical infrastructure,"Berlin, Germany",https://liveeo.de/
041c2bd6-084e-405c-acff-d85ba15a7672,livekindly,Collective of plant based food brands,"Los Angeles, CA",https://livekindly.co/
edb003e1-2d8e-4810-94c7-20c28bae3f33,livekindly collective,Portfolio of plant-based food brands,"Los Angeles, CA",https://www.livekindly.co/
98cf40a9-8492-4b79-83fb-e64aff56307f,livin farms,Alternative protein company utilizing insect larvae,Vienna,https://www.livinfarms.com/
24e5613b-e538-4e97-abd4-3178f1fe9627,living carbon,Plant-based carbon capture and storage company,"San Francisco, CA",https://www.livingcarbon.com/
5d95f0b1-630e-44ad-8f7a-e800b1732c66,living security,Cybersecurity company bringing awareness,"Austin, TX",https://www.livingsecurity.com/
166b2456-e218-4b34-9017-0f7107d8b4a9,livnsense,Industrial AI platform solutions company,"Bengaluru, India",
4c8ef090-1d50-400c-aab2-12c97ef0c2e1,lleaf,Developer of luminescent technology for greenhouses,Australia,
b1200fe5-7d9c-44ab-ae89-589c524580d8,lo3 energy,Provider of digital tools to utilities for distributed resources,"Portland, OR",
7ca4b29c-6eff-45f3-8916-c0dc43a6d9cc,loadar,Online transport optimization service provider,"Belfast, Northern Ireland",https://www.loadar.com/
50155460-58f1-452b-b7d5-404f507dbc14,loamist,Biomass feedstock collection platform,"Berkeley, CA",
957f6688-df90-41b2-9ab2-70372a75861c,loanpal,Lender for residential solar installations,,
f530dd65-a59b-4cb0-989e-ad2b52d4e7d8,locus fermentation solutions,Produces biological alternatives to chemicals,"Solon, OH",
8471a038-98c1-4fd7-b6aa-6c29e83f11b0,locusview,Platform for managing infrastructure capital projects,"Tel Aviv, Israel",https://www.locusview.com/
9e0856de-c900-4b5f-881b-21c638501361,log 9 materials,Battery manufacturing platform,"Bengaluru, India",
ffa1cecb-93ab-475f-9023-5f447644f073,logan energy,Engineering solutions company focused on hydrogen technologies,"Edinburgh, UK",https://loganenergy.com/
6f896dce-da18-44cb-9abb-23f30c9b38fb,logical buildings,Smart building and virtual power plant software and solutions provider,"Livingston, NJ",https://www.logicalbuildings.com/
9bdb9236-200e-4421-ad1f-5418d939f010,logicladder,Sustainability management platform,"Gurgaon, India",https://www.logicladder.com/
c417a6c8-f0e1-4fb6-8f40-6f93db7f854d,logicstar,Autonomous software maintenance company,"Zurich, Switzerland",
6b5d1cef-bbe5-4d12-9b52-9ea74ed8dddf,lohum,Lithium-ion battery recycling platform,"Greater Noida, India",https://www.lohum.com/
3811c829-58ae-4d35-bc06-0c559e16831f,lohum cleantech,Battery recycling and repurposing business,"Noida, India",
c43b31df-deab-4e88-ac08-18cc4d8ec276,loliware,Making seaweed-based materials to replace plastics,"San Jose, CA",https://www.loliware.com/
73a88f74-1465-44a1-af28-8d4849d038c7,london electric vehicle company (levc),Electric taxi manufacturer,"Coventry, UK",
cad2add3-becf-4e9e-89f9-7a955a748046,long journey ventures,Generalist VC targeting climate and energy tech,"San Francisco, California",
b5de0865-d61f-4803-8ef8-ab3942aac30e,longroad energy,Renewable energy developer,"Boston, USA",https://www.longroadenergy.com/
bc85488d-3df8-47a6-979e-2eeb9f81d784,loop,Electric vehicle charging infrastructure company,"El Segundo, CA",
aa5a6e0f-4658-4a93-b54b-ececdedbf81c,loop energy,Fuel cell company,"Vancouver, Canada",
d139c038-d709-42dc-a98f-0fe5b3029257,loopworm,Insect biotech startup,India,
8d716a9e-2558-403d-b2aa-a277bf32ad73,looq ai,Survey platform for digitizing critical infrastructure,"San Diego, CA",https://www.looq.ai/
4fad1a4b-55ef-4230-9628-96871bf947dc,lord of the trees,Restoring damaged ecosystems using drones,Australia,
a28260b6-5869-461d-9fae-baabe57ac374,lordstown motors,EV-truck manufacturer,"Lordstown, OH",
f0c0003e-14be-402a-819b-b27c590340b0,low carbon,Renewables investing and asset management company,"London, UK",https://lowcarbon.com/
a9d6803a-f04d-48ee-8903-e4f42e884d00,ls power,"Renewable, gas generation, and other energy projects","New York, NY",https://lspower.com/
125ae84b-4b90-498e-84ac-1a8d4b106059,lucid,,"Newark, CA",https://www.lucidmotors.com/
178ed6a7-1947-47e3-9e02-966d124a5357,lucid motors,Electric vehicle manufacturing business,"Newark, CA",https://www.lucidmotors.com/
d9ad1262-fec6-499e-a426-4940208d4c19,lumen energy,Clean energy technology provider,"San Francisco, CA",
d44603c2-d5c4-4fa8-b98a-e2e7ead091d6,lumen orbit,Space-based data centers for large AI models,"Redmond, WA",https://lumenorbit.com/
b45e4fdc-18c9-49ff-beaa-de338ce791ed,lumenaza,SaaS platform for green utilities,Berlin,https://www.lumenaza.de/
a094cc6e-ae4e-466a-9692-e81612ffd63e,lumi ai,Supply chain data analytics platform,"Toronto, Canada",
f48354a5-f0be-4ef4-afb0-fdaec9ec0a88,lumian,ioT-based energy management company,"Beşiktaş, Turkey",
609a7ac4-37db-4460-ac25-ce74ccd63433,luminescent,Developing a heat engine for waste heat upcycling,Israel,
7b4c3eae-2d57-4362-9a60-01264a2c1a95,lumio,Solar energy company,"Lehi, Utah",https://www.lumio.com/
b91fa164-8924-44a1-8390-6dc9d6a56b8c,lumo,Smart irrigation system that enables users to save water and costs,"Santa Rose, CA",
4dd153ab-4fcd-46c6-afda-455f62d0df9d,lumo labs,Invest in impact-driven European startups,"Eindhoven, Netherlands",
75e5ced3-e750-40c1-91c7-37a366e20e78,luna financial,Online financial planning platform,"New York, NY",
1ae0c19e-4564-436a-a12d-ed9792f9ecf5,lunar energy,Home electrification startup,"San Mateo, CA",https://lunarenergy.com/
aa533754-0ffc-43f2-9e5f-67820d405269,lune,Startup helping businesses integrate climate impact into their customer experiences,UK,https://www.lune.xyz/
3e113a9a-5d96-4751-b9ee-90bcf56108b3,luup,E-scooters and e-bikes provider,"Tokyo, Japan",
cf0244e3-de0e-4e7b-8f34-5ef2c0f890cd,lynkwell,EV managed charging platform,"Albany, NY",
7a17c27d-47cd-4b14-bdc2-b96c4b5e63ca,"lynq technologies, inc.",Deep-tech startup connecting people and devices,"New York, USA",
33dafe44-ec2c-466d-8f4f-8e3f26b500d2,lyteflo,Consumer-facing SaaS EV sales platform,Toronto,
c01459da-b033-460e-b387-57aa40332437,lyten,Manufacturer of materials used in lithium-sulfur batteries,"San Jose, CA",https://lyten.com/
d06bbcf9-4a28-4867-b9fa-5aac8b7df890,m2i life sciences,Producer of pheromones to replace chemical pesticides,France,
d90b07e9-baee-4236-90cf-f18e480836ef,macro oceans,Turning seaweed into sustainable biochemicals,"Sacramento and San Francisco, CA",
456d8d0c-47ae-4e8a-a2b8-1e592e46702a,macrocycle technologies,Transforms plastic waste into reusable plastic,"Cambridge, MA",
385284f5-58a2-4e98-8746-795326d8963d,mad capital,Loan money to farmers for regenerative farming,"Boulder, CO",https://madcapital.com/
0e2e67c8-1657-4398-81ee-e34486364fc9,made of air,Climate tech startup,"Berlin, Germany",https://www.madeofair.com/
653af0d0-1339-459c-8eca-401797c1114c,maderight,Fungi-based sustainable packaging developer,"Rehovot, Israel",
dee681cf-b95a-497f-a768-cc07ee9e3a00,magenta mobility,Electric mobility solutions provider,"Mumbai, India",https://magentamobility.com/
643fd337-814b-4ae2-867e-3d6ccafbe3fb,magical mushroom company,Develops biodegradable packaging using mycelium technology,UK,
5f85499f-7ff8-4f70-b9e7-aaee818bccff,magna imperio systems,Water treatment company,"Houston, TX",
a4908c99-fcb2-4904-b9ec-81c2f8c72a29,magnotherm,Sustainable cooling systems developer,"Darmstadt, Germany",https://magnotherm.com/
a8dcf63a-0dda-4ba0-956b-4796a743f5f4,magnus metal,Efficient industrial metal castings,"Tel Aviv, Israel",https://www.magnusmetal.com/
f1a17d7c-e52e-4e9c-9b35-aac65b1da45b,magrathea,Carbon-neutral metal production company,"San Francisco, CA",https://www.magrathea.com/
730fcfae-ddf0-4a58-bb3a-8dc2639cbd0b,magreesource,Recycling rare-earth magnets,"Grenoble, France",
bedd69a6-06d9-4548-980d-c1998c43c27e,maia farms,Make protein with mycelium,Vancouver,https://maiafarms.com/
bda9412a-67f3-4986-b69f-bd210f08c9cf,mainspring energy,Linear generators using clean fuels,"Menlo Park, CA",https://www.mainspringenergy.com/
c98bb3d0-63f2-47ed-a80d-f4104e32cc99,mainstream renewable power,Renewable energy company,"Dublin, Ireland",
d8b7b49d-1849-4a64-ad1f-9f605dab84cb,maisa,Agentic AI chain-of-work technology developer,"San Francisco, USA / Valencia, Spain",
d612dd29-d413-4136-813f-987797754dec,maiven,AI-driven climate policy platform,"London, UK",
8434bc0d-b2bb-44cb-80c1-3c03c4d63036,maka motors,Electric motorcycles manufacturer,"Jakarta, Indonesia",
f8b340d5-b4cb-49e4-98f6-8df6a26b791b,makersite,Providing data management software for sustainable product development,Germany,https://www.makersite.io/
0595ba44-bef6-4f39-9a06-add8e84fdcca,maki,Invest in Nordic and Northern Europe deep tech startups,"Helsinki, Finland",
5f903a23-5b8b-4898-b979-04548dcace7f,malk organics,Alt-milk products,"Austin, TX",https://malkorganics.com/
46307338-08b9-492b-adfd-f1e094b31885,malta,Pumped heat energy storage developer,"Cambridge, MA",https://www.maltainc.com/
acb71cfe-7df4-4008-8be0-9b1bdeb21d93,manex ai,AI-driven manufacturing optimization platform,"Rothenberg, Germany",https://manex.ai/
a1fdb869-213a-4965-ae8d-f59bda143b29,mangata networks,Satellite-enabled telecommunication services,"Phoenix, Ariz.",https://www.mangatanetworks.com/
11323aa1-3c0f-4a00-91d8-6daf36dc6f09,mangoboost,Data center energy efficiency software developer,"Bellevue, WA",
ee9d0d53-d370-496b-801c-aec45aea928c,mangrove lithium,Lithium refining company,Canada,https://www.mangrovelithium.com/
644666bd-1e76-4ddb-b92a-7886d49c8735,manifest climate,Cleantech software startup,"Toronto, Canada",https://www.manifestclimate.com/
44851a90-419f-40d4-bf15-a82d41249a77,manifest cyber,Software supply chain risk reduction platform,"Westport, CT",https://www.manifestcyber.com/
91474b2b-b915-4d7a-9549-7be9f302a4bd,maniv,Invest in mobility and energy,"Tel Aviv, Israel",
3fe12f7f-9577-4df8-8258-fe671831c410,manocap energy,Renewable energy investment vehicle,"Accra, Ghana",
e4f0344d-1d84-4c4a-8483-acb4c37ba00c,mantel,Molten salt-based carbon capture technology developer,"Cambridge, MA",https://www.mantel.com/
70583eea-7ae9-4569-adfa-74ea958cfc4c,mantel capture,Molten salt-based carbon capture technology business,Boston,
085cc665-16a9-436c-be41-235600eebe5e,mantis robotics,Human-robot collaboration technology developer,"Pleasanton, CA",
77c9e480-8912-4932-85f7-62367465a7ca,mantle8,Develops AI tools for hydrogen deposits,San Francisco,https://www.mantle8.com/
a7c8cb46-7dea-4c89-9b13-9a798a3a02cf,manufacture 2030,Decarbonization platform for suppliers,"Oxford, United Kingdom",
47b8dbf6-527f-401b-b015-8a58c5f16e08,mapon,Fleet management software platform,"Riga, Latvia",https://www.mapon.com/
c4faf70c-3e66-4d8e-916e-cb9a64fd088d,marathon fusion,Fusion power technology developer,"San Francisco, CA",
5295d2c4-9af4-4b80-a7fc-fef4b638c75c,marcely,Residential solar business,"Hannover, Germany",
8236626d-0f4a-431d-a206-26220ff0fb6c,marinelabs,Real-time weather and ocean condition monitoring,"Victoria, Canada",https://marinelabs.io/
fc1bff68-257b-4327-8290-b9d2a9709c9a,marvel fusion,Inertial confinement and laser-based fusion technology,"Munich, Germany",https://marvelfusion.com/
f8d65697-09fb-439a-8bfa-da1a0d5f4e76,masdar,Producer of independent renewable energy power,"San Diego, CA",
44f97ed9-0b06-4935-b11c-8d58ca0d21a1,mast reforestation,Wildfire forest restoration company,"Seattle, WA",
9a962b93-6d6b-41ac-a955-4f288dd291a0,matereal,Polyurethane plastic alternative made from bio-based feedstocks,"Vaulx-en-Velin, France",
0fd5ae4b-5af8-497f-afe5-0dd3d8a07e61,material evolution,Sustainable cement producer from industrial waste streams,"Middlesbrough, U.K.",https://materialevolution.com/
da14704c-5fcc-4ec4-8a28-abe028e05674,materials nexus,Net-zero materials platform,"Cambridge, United Kingdom",
0e6e677f-43d4-45e5-93a6-c6569aa6a5a0,materra,Producer of climate-resilient cotton,"London, UK",
4cd84d9b-ddba-4ef1-9c27-05afcd3b037b,mati carbon,Carbon removal approach using crushed basalt rock,"Houston, TX",
9e69f79c-bf4e-498b-a66c-d55265e2fc33,matoha,Portable material identification devices manufacturer,"London, England",
58f4cbfb-d45f-41b9-a18f-c2002c3cb401,matr foods,Sustainable meat alternatives from mycelium and upcycled vegetables,"Copenhagen, Denmark",
f39a6c29-3696-4ad0-958a-0b6dec56ce9d,matrixspace,Collaborative sensing solutions company,"Burlington, MA",https://matrixspace.com/
9643e637-1a84-4528-98bb-cca1b5b482ae,matteco,Green hydrogen production tech,"Valencia, Spain",https://matteco.com/
13d2ee2a-0837-4ce3-a1dd-882a3867fb1e,matter,Microplastic technology and innovation company,"Bristol, U.K.",
2b81eefc-2b2f-4b28-a79f-2afb9f877841,matter intelligence,Sensors for Earth imaging purposes,Los Angeles,
e128954a-05e2-45a2-8b59-453aa262868d,matter motors,Electric bikes manufacturer,"Ahmedabad, India",
c84df182-0877-468e-b23a-935279708c0b,mattiq,Sustainable materials discovery and testing platform,"Chicago, IL",
6e97ab61-958c-450b-a776-10e4e8e25680,matx,High-throughput chips for large language models,"Mountain View, CA",https://matx.ai/
fd079b65-4539-409d-b135-fd986380e244,mavarick,Sustainable manufacturing software,"Limerick, Ireland",
5d6c7563-ee9e-4162-aef4-77d1a4b85d7d,maverick metals,Advanced metal extraction and minerals processing technologies,"San Antonio, TX",https://maverickmetals.com/
04e3ef38-08c7-46a0-b612-a31b92b6c5dc,maxem,B2B charging and energy management platform,"Amsterdam, Netherlands",https://maxem.com/
5e21c792-d761-47b1-bb5c-da53400cd902,maxterial,More sustainable chemicals and advanced coatings,"Pleasanton, CA, U.S.",https://maxterial.com/
54cd31ed-1a78-4503-bbfd-dbf5598a03a8,may mobility,Autonomous Transportation-as-a-Service (TaaS) provider,"Auburn Hills, MI",https://maymobility.com/
5ae60724-d8da-4f5d-8273-9a5c2d9847af,maya climate,Project platform for nature-based solutions,"Bellevue, WA",
e22fbbf7-aadc-4ac5-ad0f-18115f28285a,maymaan research,Clean combustion engines company,"Hollywood, LA",
47bddf05-a182-4440-b0c9-d8c18f7fc542,mci carbon,Carbon utilization and storage technology provider,"Mayfield West, Australia",
1c844e90-3dd6-466e-9351-750de7839eab,measurabl,ESG and emissions reporting platform for real estate,"San Diego, CA",https://www.measurabl.com/
76abb837-3b5a-4386-91d2-6419c104063b,measurable.energy,"Developing smart, power sockets to eliminate ghost energy",UK,https://measurable.energy/
74ae08ec-a54c-4d5b-a3ba-74e4bc95ccca,meatable,Cultivated meat platform,"Amsterdam, Netherlands",https://meatable.com/
7ad69afd-3dec-4458-b8ca-9781ec84f0a3,meati,Startup producing fungi-based meat,"Boulder, CO",https://meati.com/
7d39d47b-85ce-42f2-aada-bb041003af6d,meati foods,Mushroom-based meat alternatives,"Boulder, CO",https://meati.com/
0d469ce3-b8f9-4718-8996-81a1504e05b7,mediconnect,Telemedicine platform for remote consultations,"Toronto, Canada",
fa4a9c76-7197-44fa-92a2-b25b50fa976c,mediterranean food lab,Fermentation-based flavor solutions developer,"Tel Aviv, Israel",https://medfoodlab.com/
6bd1d068-d94c-4a0b-985d-ed97a1eb4cc7,medusoil,Sustainable construction materials manufacturing,"Lausanne, Switzerland",https://www.medusoil.com/
e243620e-05db-43b4-b055-b0768081faa4,melonfrost,Microbe production platform,"Brooklyn, New York",
02896ce7-2bf7-4cd5-8bf6-38f385337cab,meloon,Membranes for carbon capture and removal,"Berlin, Germany",
f4da0bbd-2ca8-462a-a16c-02c5732d663c,membion,Innovative membrane bioreactor technology developer,"Roetgen, Germany",https://membion.com/
2f97129b-1144-45d0-aa91-21491077fe3f,membrion,Membrane technology for wastewater treatment developer,"Seattle, Washington",https://membrion.com/
0816a7a6-9614-4402-a9e3-55e93c1beeef,memfault,Cloud-based platform for connected device monitoring,"San Francisco, CA",
60ca5ef2-3043-446c-a560-75100570bb32,menlo microsystems,Electromechanical switch developer for battery chargers and electric cars,"Irvine, CA",https://www.menlomicro.com/
7be1a6cb-72dd-4907-9419-c0e25fb3c339,merlin labs,Autonomous flight technology developer for fixed-wing aircrafts,"Boston, MA",https://merlinlabs.com/
63718018-a648-4c5c-903e-f99ded1caaa8,merlin solar,Solar renewable energy technology developer,"San Jose, CA",
9b5eca98-aa75-406d-831c-dd255cedc220,mermade seafoods,Developer of cell-based scallops,Israel,
91a899f8-1f89-4857-966b-981e06ff5fbb,meroxa,Data pipeline platform,"San Francisco, CA",https://www.meroxa.com/
0145c7ce-48bf-4082-be18-5690f977fba3,metafin,Solar financing platform,"Haryana, India",
017d0cfb-c9de-4684-8534-2aa8783aab67,metafuels,Catalyst for sustainable aviation fuel,Zürich,
273fd89b-81cc-44c9-aea0-ee32640d25b7,metaspectral,Computer vision software company,"Vancouver, Canada",
3bc49007-6de6-445b-ae37-f89e6ae80443,metastable materials,Li-ion battery recycling start-up,"Bengaluru, India",
38af0476-c4d4-48a4-8ed3-1a1ffe3bbefa,meteomatics,Weather forecast intelligence company,"St. Gallen, Switzerland",
11395587-e0ad-4bfa-bf48-d0c0b1ac0d36,metergrid,Tenant electricity platform,"Stuttgart, Germany",
a534f9cd-fd8a-48dc-9684-736ff3a376d1,methanex,Acquisition of OCI Global’s methanol business,Canada,
017fcca3-5354-4dc7-8e9d-208e3fd0f7c0,metox,High-temperature superconducting (HTS) electricity transmission,"Houston, TX",https://www.metox.com/
57b301a6-c0ef-418c-ac4e-478eaf7edb0c,metris,Platform designed to help property owners evaluate solar potential,"London, U.K.",
3c8fb016-5367-495d-a8c8-08ae947cbd25,metron,Collect and analyze energy data for efficiency,"Paris, France",https://www.metronlab.com/
e75b8049-e68c-4bad-bfd8-a56eca9e8dc1,metycle,Digital platform for international secondary metal trade,"Köln, Germany",https://metycle.com/
dbe859e5-148a-445c-8cd1-f8ffcc001fc4,mga thermal,Startup focused on thermal energy storage,"Tomago, Australia",https://mgathermal.com/
bf870261-74af-4b57-8f6a-42cfe394e52f,mi terro,"Using ag waste for plastic replacement, animal feed, and more","City of Industry, CA",
5ed4c06e-8b8d-41b8-94cc-8cfc3a98e7bb,mialgae,Microalgae production technology platform,"Edinburgh, Scotland",https://www.mialgae.com/
1ca91cb5-2482-421e-96d5-c5750be71d35,michroma,Company producing fungal biofactories for natural ingredients,"Rosario, Argentina",
5cd1ed7c-6d0b-4f0b-a6c1-d6c0f7830a0f,microcaps,Advanced microencapsulation technology for cosmetics packaging,"Wagistrasse, Switzerland",
dca4e724-8031-4543-b340-20457fff66de,microgen biotech,Ag-tech developer focused on reducing heavy metals in food and increasing soil health,Ireland,https://microgenbiotech.com/
9a0ef6e6-aa1d-4d25-bcec-f2e9e46adbdf,microharvest,Producer of alternative proteins through fermentation,"Hamburg, Germany",
03b1a458-819c-4816-a20a-a68c9cfa8e30,micronic technologies,Maker of clean water technologies,"Richmond, VA",
af30292a-dc5f-4bfb-87dc-2c3b49457f34,micropep,Developer of micropeptide technology for sustainable agriculture,"Auzeville-Tolosane, France",https://www.micropep.com/
4fa308cf-f120-4f5f-8ee1-a90daecfa70f,microshare,Provider of Smart building data solutions to multinationals and public institutions,"Philadelphia, PA",
258d1552-654f-4c88-b4eb-f03a50a5ff9e,microverse,Online school for software developers,"San Francisco, CA",
c0e243d2-cfbf-48a9-95e3-13275e709806,mighty buildings,"Homebuilding startup using 3D printing, robotics and automation","Oakland, CA",https://mightybuildings.com/
3e9cabb8-5a34-4177-865b-06d85d95abc9,millow,Mycelium-based alternative meats,"Västra Frölunda, Sweden",
45be96de-4a07-4f70-b6a7-aec86bc2db00,minesto,Tidal and ocean current energy technology developer,"Kriebitzsch, Germany",https://www.minesto.com/
8d34c7bc-faba-4302-9092-48cd3a38ac64,minimum,Apps to calculate personal carbon emissions,"London, UK",
c7f36124-dc9d-4c3b-aaa2-056c2b0d1447,mining giants bhp and rio tinto,Australian carbon credit fund,Australia,
8f1dc41a-0f12-4978-a71f-f4196b4333b3,minus global,Food waste recycling technology company,Canada,
d88cde78-08a5-428f-8c5b-a3080111ae93,minus works,Sustainable packaging manufacturer,"Long Island, N.Y.",
c094db3d-7e4d-49b0-b912-a6cbdcd817f4,minut,Smart home security startup,Sweden,https://minut.com/
f53689b2-6952-43d6-92d6-82664bc1a0ee,minviro,LCA assessment SaaS platform,"London, UK",
d3b05c1d-76cf-4392-b4fe-9cb459072dc6,miresso,Nuclear fusion startup for securing minerals,"Misawa City, Japan",
a02a6fa4-8545-4064-ad58-1496d8808349,mirico,Maker of laser-based methane gas sensing tools,"Didcot, England",https://www.mirico.co.uk/
67520d18-da22-44e4-93f3-69f55d75c251,mirsense,Quantum laser tech toxic gas sensors,"Orsay, France",https://mirsense.com/
ec0f1304-3a7f-46eb-bb94-c738b160b575,miru smart technologies,Electrochromic window technology to enhance energy efficiency,Vancouver,
ab4f4a68-9e0d-4107-a572-bea187be8be0,miruku,Programming plants to grow dairy proteins and fats,"Palmerston North, New Zealand",
8c58179a-f457-4ab0-8d80-fefe54d9cffc,misfits market,Subscription service for “ugly” produce,"Philadelphia, PA",https://www.misfitsmarket.com/
5da4d91e-c665-4c75-8359-b1a50034ade0,mission control,B2B SaaS platform for recreational league esports,"St. Louis, MO",
d254c12d-2498-470a-b997-0944e4204877,mission zero,Direct air capture (DAC) technology platform,"London, England",https://missionzero.tech/
2cd1bb7d-9422-4d7f-ab4a-5890ceb3f90e,mission zero technologies,Direct air capture technology startup,"London, UK",
1b50261e-d7ad-45f9-a109-1c7ef43c2283,mitico,Granulated metal carbonate sorption technology capturing carbon,"Los Angeles, CA",https://www.mitico.com/
8f87f16c-b801-4f3f-96d0-bf2c359de9b2,mitiga solutions,Climate tech company,"Barcelona, Spain",https://www.mitigasolutions.com/
70b4d0e8-48f7-4d13-89cb-90b9252c3819,mito material solutions,Developer of additives that enhance product performance,"Indianapolis, IN",https://mitomaterials.com/
f98666c0-1341-44c7-9f07-ff2e7ae9e525,mitra chem,Lithium-iron-phosphate battery technology,"Houston, TX",https://www.mitrachem.com/
c9b1ec1a-7241-4a38-892f-aa65ed5d9cc9,mitra future technologies,Iron-based cathodes for lithium-ion batteries,"Mountain View, CA, U.S.",
7212bc3a-8498-4b11-84ed-c0708bd76ca8,mitti labs,AI-led rice monitoring services provider,"Mumbai, India",
476d1cad-afee-425b-ac00-c908fd1f6e29,mixergy ltd,Hot water tanks and heat pumps start-up,"Cassington, United Kingdom",
401b9da9-0054-45b0-9d92-e732ba83b6a5,mkb,Investment firm focused on energy transition,"Québec, Canada",
edb8c6f2-4f8a-48cf-b876-5328bc6d493f,mmi,Electric and hydrogen-powered buses,"Zbyszewo, Poland",
c2f4c014-3043-4688-a67b-c0b9274bf88c,mn8 energy,"Solar, storage, and EV charging development business","New York City, NY",
786d3a0c-2f98-4aa9-a252-9c27ca04c6ad,moa foodtech,To upcycle ag waste into fermented proteins,"Noain, Spain",https://moafoodtech.com/
362cf87c-cfbf-4126-ba0e-1699d5da24f4,moa technology,Ag biotech startup tackling herbicide resistance,UK,
371d17e1-2833-481d-a31a-52913af6936d,mobile power,Pay-per-use battery sharing platform,"Sheffield, UK",
13241da7-e8e0-4967-94a7-540da8bbf5fb,mobilityplus,Real-time data insights and energy management for EV charging,"Ghent, Belgium",
34be03f1-e441-40d9-bcfe-bd81c2c034c4,mocean energy,Wave energy convertors developer,"City of Edinburgh, UK",
0a370ca9-51b6-4bab-87ba-884d3d300d18,mode,AI assistant for factories and construction sites,"San Mateo, CA",
2175f339-45da-48f3-983f-66b6368e7aa9,modern electron,Hydrogen-based home heating startup,"Bothell, WA",
75058799-945e-4111-9e5c-7e04cf977218,modern hydrogen,Distributed hydrogen production system developer,"Woodinville, WA",
0aac3b2f-6ad4-4996-95f1-666a0b116003,modern meadow,Producer of biofabricated textiles,"New York, NY",https://modernmeadow.com/
5d2d831d-f2ef-4845-b017-47536f50bdbe,modern milkman,Providing return and reuse grocery services,UK,
e2ce6530-68dd-4e15-9f0a-e06e44baa4cc,modern synthesis,Creates sustainable textiles from nanocellulose,London,https://www.modernsynthesis.com/
6d560b7b-431c-4d75-a480-131b5eac6a4e,modo energy,Data analytics platform for energy storage systems,"Birmingham, UK",https://www.modo.energy/
1ead59a7-9e83-4c14-b862-61d0d44ec5d2,modulous,Design and construction startup to speed up homebuilding,United Kingdom,https://modulous.com/
8b28b4d1-be78-4a42-abcf-434ee4394d9b,modulus labs,Monitor AI accountability,"Stanford, Calif.",
74d256d5-0519-4059-82c3-d9fefab91415,modvion,Sustainable wood technology company,Sweden,https://modvion.com/
9c186ba5-cabc-4da2-9ada-1c344031d9e5,moeving,EV and infrastructure maker,India,
6ab9e1bd-2995-41e8-9e16-25c3c397cbc6,moeving urban technologies,Operator of electric mobility technology platform,India,
ed685a0e-f74a-44b0-81bf-01f9a3905073,mof technologies,Carbon capture company reducing industrial emissions,UK,https://moftechnologies.com/
2c3763df-7414-404e-95df-5b7b652029a4,moixa,Energy storage management platform,UK,https://www.moixa.com/
914804c2-6ff8-4c32-93a4-c764299bfb76,mojave,Liquid desiccant air conditioning provider,"Palo Alto, CA",
9e918492-6248-401a-9165-49c7e63772af,moleaer,Developer of nanobubble technology enabling industries to reduce their footprint,"Carson, CA",https://moleaer.com/
e91cdb44-29c2-411e-83f4-861a74b013d1,molg,Robotic disassembling factories,"Sterling, VA",https://molg.com/
ae6c9d50-26ae-4921-9eee-513ebd5e527d,molten industries,Make graphite and hydrogen via methane pyrolysis,"Oakland, CA, U.S.",https://moltenindustries.com/
ee75a49f-6057-4011-b845-53342dee5df3,molten salt solutions,Technologies to produce enriched lithium for nuclear applications,"Santa Fe, NM",
db066a34-8480-4e9d-9da7-fa6f492ae834,molyon,Advanced lithium-sulfur batteries,"Cambridge, U.K.",https://molyon.com/
d1781c57-6bd3-4379-a08f-69c5706b9da4,mombak,Reforestation-based carbon removal service,"São Paulo, Brazil",
99af04e8-5ee0-43c1-a260-276a693252d7,moment energy,Energy storage company for electric vehicles,"Coquitlam, Canada",https://momentenergy.com/
61ffef29-faa5-4b2f-abc3-3dd3af213190,momentick,Emissions data platform,"Tel Aviv, Israel",
d50a33f2-b833-4e06-a02f-05338a4ed553,momentum technologies,Lithium-ion battery and rare earth permanent magnet recycling company,"Dallas, Texas",
6a269ee7-4ec1-4cc2-bf01-32d9b0b99949,mona lee,Residential solar installation platform,"Boston, MA",
08ebcaa3-c774-4b45-89fe-f0dd42792111,monaire,Platform that uses AI to predict maintenance needs and provide energy management to HVAC and refrigeration systems,"Boston, MA",
7c647eb2-bb8b-496d-adb2-317cefca63d8,monalee,Solar and battery sales software,"Boston, MA",
0e825bce-cc1d-4dae-9c2c-a68cbebac002,monarch,Autonomous tractor company,"San Francisco Bay Area, CA",https://www.monarchtractor.com/
763c3f1c-8494-43d8-924a-8a03db4e6d8c,monarch tractor,Developer of a fully electric smart tractor and farm management platform,"Livermore, CA",https://www.monarchtractor.com/
6981aa4a-44f1-4928-8efc-e07e95639d40,mondra,SaaS platform to track food supply-chain emissions,"Richmond, U.K.",https://www.mondra.com/
89194232-eb26-4363-a999-664269457a30,monogoto,Software-defined connectivity and IoT solutions,"Palo Alto, CA",https://www.monogoto.com/
02696feb-78ef-457f-8c1d-544f83a96170,monolith,Green hydrogen producer,"Lincoln, Neb.",
124fda74-a3bf-4a1c-b189-07e6fd24e9ef,monta,EV charging startup,Denmark,https://monta.app/
501cf050-28b7-4e95-8083-561a78ffc9d0,montamo,Install heat pumps for manufacturers,"Munich, Germany",https://montamo.com/
386d8f44-1314-4858-a7ee-b2638e8c3a4e,montauk climate,Climate tech startup incubator,U.S.,https://montaukclimate.com/
afadb68e-f3e6-43b2-8785-17652d7b7cdc,monterra,Software for automating EV charging installations,"San Francisco, CA",
486ba8ff-08ff-46b7-aca5-158a76f7ef70,montinutra,Bio-based chemicals manufacturer,"Kuhmo, Finland",
e20bb706-5457-4d79-933c-e5f45ccb4596,monumo,Electric motor for EVs developer,"Cambridge, UK",
4359d0da-b0ff-43a1-beb2-35d2e21d80f9,moolec science,Molecular farming developer,"Warwick, UK",
c030fa58-8b6c-47db-b0c6-5c13f7a197d5,moonrider,Make electric tractors,"Bangalore, India",
c5551098-3aa6-4fc5-a3e9-41afdeae4365,moonwatt,Advanced energy storage systems using sodium-ion technology,Amsterdam,https://www.moonwatt.com/
f7cd2107-d3a8-415c-8f0e-54f31aaf629b,moove,Mobility financing business,"Amsterdam, Netherlands",
c630aa55-a406-4a8c-9f36-e4b808465f4b,morgan stanley infrastructure partners,Global infrastructure fund,"New York, New York",
74a0ffdb-20de-4ec2-8bc5-e8eea115c942,morgan stanley investment management,Climate-focused growth fund,New York,https://www.morganstanley.com/
ab195514-235f-4254-bf33-daa8bc72311b,mori,Using silkworm cocoons as food preservatives,"Boston, MA",https://www.mori.com/
c21797fc-1102-44cb-ba21-ba1476b1ad60,morrow batteries,Battery energy storage system developer,"Oslo, Norway",https://morrowbatteries.com/
bd13010c-d6b6-48c5-bef9-876b780fbae9,mosa meat,Creator of the world’s first cell-based beef burger,Netherlands,https://www.mosameat.com/
4183e272-02d6-46d8-b2d5-e6dadc745956,mosaic,Loans for residential solar projects,"Oakland, CA",https://www.mosaic.com/
25d354c4-9972-4353-8358-b8830deac066,mosaic building group,Construction tech platform for residential development industry,"Phoenix, AZ",
f9fd750e-717f-46aa-8adc-0055cd6b8c0d,moss.earth,Carbon credit marketplace focused on preserving the Amazon,Brazil,
7d226bf4-6122-46c4-bd76-711c045a1ab5,mote hydrogen,Bioenergy-to-hydrogen developer,"Los Angeles, CA",https://motehydrogen.com/
cf8985e5-4f32-44e2-be7e-4924555eb187,motion ventures,Maritime tech fund,Singapore,
79200b33-6ade-4d44-9ccf-40462ba59d7c,motiv power systems,Provider of all-electric medium-duty chassis for buses and trucks,"Foster City, CA",
786b181f-5939-4935-8706-5a937f3c6dbe,motivo,AI-powered design solutions for chip design,"Palo Alto, CA",https://www.motivo.ai/
2ff62cad-2846-43d6-bb8c-9402633345e0,motor,Consumer EV subscription service,"Arlington, VA",
7898fb66-1976-4a54-b267-c00b57e72b38,move energy,Invest in accelerating energy transition,"Amsterdam, Netherlands",
079115f3-9b17-4bfa-9719-2d960fbc1128,movener,Hybrid vehicle retrofitting company,"Santiago, Chile",
d449faef-3fb8-489a-9d4c-e3235064e768,movopack,Circular and sustainable packaging materials for e-commerce,"Milan, Italy",https://movopack.com/
7c83210c-1f1d-46e1-aa8e-7290f092bde9,moxion power,Mobile energy storage systems,"Richmond, CA",
20f78031-fada-413e-8b3b-29c34f5a435c,moxxie ventures,Third fund in climate tech,"San Francisco, U.S.",
79bc6ea1-dffb-4dcc-984b-0989f4f7f09f,moxy,Building materials from forestry and agricultural waste,"Las Vegas, NV",
ed999a61-c9b6-4d47-8dc5-0ab931ed4481,mp materials,Rare earth magnet manufacturing facility,"Las Vegas, NV",
6f7d8c36-c748-4c51-b024-ccca4b74be21,mpower technology,Advanced solar technology developer,"Albuquerque, NM",
ee001654-4814-40de-b9db-c65280d8a6d1,mpower ventures,Emerging markets solar financing and distribution,"Zürich, Switzerland",
09be3b88-6517-472f-ab28-bae56462c1fe,mta e-mobility,Electric mobility company,India,
fcb2ecb0-4901-4153-834d-8602b928e07d,muddy machines,Robotics company automating crop harvesting,UK,
726e80a3-0462-4c5d-bbf5-808fb92dceb9,muffin green finance,EV financing platform,"New Delhi, India",
3f691d38-1d50-4331-9f09-b9688a657434,mufin green,Climate financing solutions platform,"New Delhi, India",
8ee9bed7-3f1f-4d65-95fb-c06a6bb4ebe9,muir ai,Track emissions data and provide sustainability insights,"Seattle, WA",https://www.muir.ai/
33307c29-5983-4dcc-a175-8418d043ac19,multus,Cellular agriculture manufacturing platform,"London, UK",
532e556c-9652-4b9e-a5da-d8929d87bd5a,mundi ventures,Kembara Fund I FCR to invest in growth-stage deeptech and climate companies,"Madrid, Spain",
8c9a3711-86e8-42cc-b71b-2efe11f9d185,munro vehicles,Electric SUV maker,"Scotland, UK",
d14b55a8-82f7-4941-aea9-9f82efe2f4f7,muon space,"Design, build, and operate satellite constellations optimized for providing new data","Mountain View, CA",https://muonspace.com/
76f6ff4d-a771-4703-920d-62fae4ae0699,mural,Digital collaboration software startup, ,https://www.mural.co/
740eb31c-dc73-4866-adbb-0c3f61b138d3,mush foods,Blended meats developer,"Tel Aviv, Israel",https://mushfoods.com/
927ac5d3-876b-4022-97ae-ee6fcd1d6ad1,musubi,AI-powered content moderation platform,"Santa Barbara, CA",
6e1db76f-3571-4fc7-869b-e289104b383d,mycel,Startup making fungi-based biomaterials,South Korea,
3a30b31d-53ff-4a98-baf7-0e2b8be4b14b,mycocycle,Using fungi to convert waste into reusable materials,"Bolingbrook, IL",https://mycocycle.com/
4854b43b-2ead-4511-88eb-eeacb0bf3264,mycotechnology,Food tech startup focused on mushrooms,"Denver, CO",
c416add6-8a06-4fa3-84ef-3436377ca604,mycoworks,Producer of a mushroom-based leather alternative,"San Francisco, CA",https://www.mycoworks.com/
90c0935c-45d1-4ea3-9950-60dfb99ac3f7,myenergi,Eco-smart home management platform,"Market Rasen, United Kingdom",https://myenergi.com/
a2d0cf30-b4eb-4618-b991-6790dbbc00c1,myforest foods,Developer of plant-based meat from mycelium,"Green Island, N.Y.",https://www.myforestfoods.com/
a902b65f-15bd-4672-a2ae-85330cc30c0f,myjoulebox,Solar distributor and operator for Africa,France,
8949d107-b458-4ec1-97ae-8273e941132c,mylight150,Provider of solar panels and other clean energy solutions,"Lyon, France",https://www.mylight150.com/
f355621e-ea7f-4d77-b0a3-db4835af23ad,myodenovo,Cultivated meat scaffolding technology start-up,"Durham, NC",
48ef24e7-d909-4f1e-8437-f8e510b9ba54,myoworks,Cultivated meat startup,India,
63ee0cb9-493b-4c46-ad0b-2393a63fd88b,myriota,Satellite connectivity for IoT,"Adelaide, Australia",https://myriota.com/
7e4a20ec-5c5d-4013-aca5-56ed9fadebb9,myst ai,Using A.I. to forecast electricity supply and demand,"San Francisco, CA",https://www.myst.ai/
42442292-5d25-42fa-bb7d-be7329a01435,n8n,Workflow automation platform for technical teams,"Berlin, Germany",https://n8n.io/
89b14926-1f96-41e2-9171-9fff4e8af78d,nace.ai,Precision enterprise AI models developer,"Palo Alto, CA",https://nace.ai/
daf9d090-3ee7-4618-b5cb-5517b38964c3,naco technologies,Nano-coatings and materials for hydrogen systems,Riga,
9e32b83f-e479-464f-a3d1-32ffc1d6d6d7,nafas,Air quality technology developer,"Jakarta, Indonesia",
cb65b200-40c8-4ef2-9460-ecfb8e63964f,naked energy,Solar thermal collector,"Crawley, UK",https://nakedenergy.co.uk/
32495d21-0c96-4fc9-9568-b1d9459e63ff,nala earth,Corporate nature and biodiversity management software,Berlin,
c3f897f3-4dc6-4115-ad48-6699c6d63681,nano nuclear energy,Advanced nuclear microreactors manufacturer,"New York City, NY",
654532e3-6417-4357-b62f-8e9050430947,nanoramic laboratories,Electrode technology platform for battery development,"Boston, MA",https://www.nanoramic.com/
b7f885e4-b0a7-4119-b371-1222d35be3a8,nanotech energy,Manufacturer of graphene-based batteries,"Los Angeles, CA",
2ab01fe0-ccd1-44b6-a6a7-8515e4ce6094,natcap,Nature risk management solutions platform,"London, England",
a3f09ecb-94c7-4922-927b-64c321dcb19f,natel energy,Hydroelectric equipment manufacturer and developer, ,https://www.natelenergy.com/
726ffdbf-625b-4dd8-8439-5d7a46e34df6,national grid partners,Invest in AI-focused startups for electric grid efficiency,"Los Gatos, California",
33da5cc4-d891-4ad5-ad0f-779e48158154,natrion,Solid state battery developer,"Binghamton, NY",
70c4960e-7783-4c30-847e-955cba689660,natron energy,Energy storage company manufacturing sodium-ion battery solutions,"Santa Clara, CA",https://natron.energy/
668724c1-be34-4a18-88b3-b9eeb7a07941,natrx,Nature-based adaptive infrastructure company,"Raleigh, NC",
684ef654-5199-4df2-a84a-c2a08795331d,natural capital research limited,Understanding nature-related risks and opportunities,London,
4d430abe-3d80-47d5-ac20-84370355159f,natural fiber welding,Producing plant-based alternatives to leather and plastics,"Peoria, IL",https://www.naturalfiberwelding.com/
d6feecff-1807-4282-9d5e-637dbe004092,naturbeads,Biodegradable cellulose ingredients manufacturer,"Bath, U.K.",https://www.naturbeads.com/
8590d971-396f-4f00-b01c-96cc5353a893,naturemetrics,Developer of biodiversity monitoring products,"Surrey, U.K.",https://www.naturemetrics.co.uk/
4315c1e9-d4ff-46a5-8611-d49467f99280,nature’s fynd,Food tech company producing a protein from microbes,"Chicago, IL",https://naturesfynd.com/
ec906180-6b9f-4397-bbc3-810b292f51f4,nautilus data technologies,Developer of commercial-scale water-cooled data centers,"Pleasanton, CA",
ae9603ed-7a7b-4307-8f42-1abacbf5cadf,nautilus labs,Marine logistics software platform for ocean commerce,"New York, USA",
b224d30a-d208-470d-a653-37b9554cb0ce,navier,Developing electric speedboats at relatively affordable prices,"San Francisco, CA",https://www.navier.com/
57fb56b5-42bc-4499-a71b-28f1b2546fe1,navitas solar,Solar module manufacturer,"Surat, India",
dc0f4643-626b-4d44-9b1c-b6a40650426f,ncx,Carbon marketplace,"San Francisco, CA",
f05e2702-7f66-4b72-bddd-27333626b13d,ncx (formerly silviaterra),Data-driven forest carbon marketplace,"San Francisco, CA",
99fa1acc-cf64-48aa-8adf-312d1e73795e,ndustrial,Platform designed to optimize energy usage in industrial facilities,"Raleigh, N.C.",
8cb6b6ff-1fb4-44cf-a3b7-4d9f77619e79,neara,Power line design software,Sydney,
9c337a63-6ac4-45aa-9d0c-0139b7146278,neatleaf,Developer of an autonomous robot designed to manage agricultural crops,"San Francisco, CA",
7ad327c9-1ab5-4a20-9889-b06f59f038cd,necture,Transition to electric vehicle fleets,"Vienna, Austria",https://necture.com/
abed5fae-177e-41d6-9bd7-5385d56f0758,needenergy,AI-powered virtual power plant platform,"Bulawayo, Zimbabwe",
46c90741-bcb0-4dfc-9b77-385d3f842a62,neo4j,Graph tech maker,"San Francisco, CA",https://neo4j.com/
27719f5a-a10f-4cb5-9af9-74e8f8107693,neocarbon,Carbon capture startup developing retrofitting cooling towers,Germany,
37a901ee-567d-4dd4-93a1-421481cb2155,neoplants,Producer of genetically modified houseplants to absorb air pollutants,"Paris, France",
3156a2f4-8057-4a01-85f8-75ee385565cc,neos partners,Energy transition infrastructure fund,"San Diego, CA",https://neospartners.com/
79d6214f-bc0e-450e-b11f-7d6016fb3935,neptune robotics,Robotics-based hull inspector,"Kowloon Tong, Hong Kong",
abf648ee-303d-409d-b3e5-78c4ae617354,net purpose,Sustainable investing platform,UK,https://netpurpose.com/
1a21fdc6-069e-4cf2-8408-4c89a030b20b,net zero company,To create a carbon removal token hosted on a blockchain,Stockholm,https://netzerocompany.com/
1ba3c3ba-a96f-44d9-9790-f483d1e8331f,netzero,,Paris,
c67a0cae-6294-45ec-9316-a9f65a6d5e93,netzeronitrogen,Producer of alternative synthetic nitrogen fertilizer,"Nottingham, United Kingdom",
13eec4b3-9c0f-407a-9f69-8315028fc6c3,neu battery materials,Lithium-ion battery recycling platform,"Singapore, Singapore",
de1a9992-2383-4abb-b0c5-4d13db9a0a41,neura robotics,A.I. and robotics startup,"Metzingen, Germany",
8d4ba78b-6339-4a60-9a6e-83210e7e895b,neural concept,Software that helps engineers optimize designs for products,"Lausanne, Switzerland",https://www.neuralconcept.com/
05db2090-4c7b-4567-940f-b62e1ea92b35,neuron energy,Developer of EV batteries for micromobility vehicles,"Mumbai, India",https://neuronenergy.com/
b410d91b-399d-4f0b-9b21-f9b9f40716bf,neustark,Developer of CO2 mineralization in aggregate,"Bern, Switzerland",https://www.neustark.com/
da6f1af5-c015-45ed-999f-b2f467fd91fc,neutral,Carbon-neutral food company,"Portland, OR",
f86caf57-f563-4108-a100-b5e871fd1a7c,neutral foods,Carbon-neutral food company,"Portland, OR",
ddc20d5e-1247-4b6d-afd9-7c888f7024c4,neverwaste,Maker of building panels from waste cardboard,"Esbjerg, Denmark",
41680d8f-9e41-4f93-909e-c0f695ec9d15,nevoya,Zero-emissions technology and trucking platform,"San Francisco, CA",
a0c8fe76-ab2d-47e1-8053-c3dd0daf98c7,new age meats,Cultivated pork startup,"Berkeley, CA",
f8ecedf7-278a-4148-bdbf-50b840d33165,new culture,Maker of animal-free dairy cheese,"San Francisco, CA",https://www.newculture.com/
2bca7023-4ccd-4ce6-85dc-1a1fffb13e2e,new frontier aerospace,Manufacture advanced rocket engines for sustainable aviation,"Tukwila, WA",
780a7a82-1d1e-4a42-92bb-25aa503ef4a6,new green power,Solar development and operations business,"Taipei, Taiwan",
2982fc75-4c7a-47e3-aa8e-57f563232d79,new leaf energy,Renewable energy and energy storage projects developer,"Lowell, Mass.",https://newleafenergy.com/
70f56543-cf4a-4c79-8b24-92804ca534a1,new school foods,Maker of plant-based seafood,"Toronto, Canada",
ba8a1e6a-3bc6-4832-8ea4-5a7317da42dd,new wave foods,Maker of a shrimp alternative,"New York City, NY",
9bac0ffc-2baf-4ad4-a782-246476e63c44,newcleo,Developer of small-modular nuclear reactors,"Paris, France",
69815678-922f-447b-9d18-a3506e09845b,newleaf symbiotics,Bio agriculture company,"St. Louis, Missouri",
6fbe5245-410c-46bd-a825-8407b0a5c9fb,newlight technologies,CO2 utilization platform using natural microorganisms to make biomaterials,"Irvine, CA",https://newlight.com/
232ad826-6753-47ff-ad34-581c2a323a77,newtrace,Green hydrogen electrolyzer,India,
06c2a8c4-9e3a-4215-b1c4-164b8c50f507,nexamp,Community solar development and operations,"Boston, MA",https://www.nexamp.com/
cdb77103-c4e4-4fba-bf79-cac6acfb7665,nexeon,Lithium battery manufacturer,UK,https://www.nexeon.co.uk/
f4175449-6805-4f46-8f0f-c2a9a59a3bcf,nexii,Sustainable construction technology company,"Vancouver, Canada",https://nexii.com/
c4ec9d12-7733-4901-8533-69fad6a9d314,nexii building solutions,Building tech company,Canada,
72e37c3f-7986-4ebd-bc36-dd20d63c481c,nexla,Data operations company,"San Mateo, CA",
b0657e54-4fcf-41c4-87ba-71e87aa33030,next energy technologies,Maker of transparent photovoltaic coatings for windows,"Santa Barbara, CA",https://nextenergytech.com/
6cac25f6-c62c-4374-b248-7c3b71b256ee,next gen,Maker of plant-based poultry,Singapore,
8fa8126e-162f-4e42-82e6-481e0ad44872,next gen foods,Plant-based chicken alternatives,Singapore,
1de24380-cf14-45db-bc79-383b35ae5d97,next generation robotics,Fleet management solutions for automated warehouse,"Pisa, Italy",
615ef0e0-5738-45bb-9ae9-0836ea151a63,next hydrogen,Hydrogen electrolyzer manufacturer,"Mississauga, Canada",
1b615d73-292f-44bc-904f-bf3b52203873,next level burger,Plant-based burger chain,"Bend, OR",https://nextlevelburger.com/
1aa7f941-963e-4092-8aeb-0e076cc2b9c2,next matter,Automation platform for operations,"Berlin, Germany",https://nextmatter.com/
9fd136c6-ebd2-435a-adea-ec074f19e752,next sense,Real estate decarbonization solutions platform,"Amsterdam, Netherlands",
54dd4a27-0893-4644-af7a-3867985dde08,nextmol,Software focused on sustainable chemicals,Barcelona,
af3528a0-5cff-49f6-b253-368e8f069377,nextmv,Provider of decision making models for logistics operations,"Philadelphia, PA",
4c201dcd-842c-48d3-9144-eb12529893ee,nextprotein,Insect protein producer,"Paris, France",
96418481-6a8a-446d-bf83-8105862babcc,nextron,Connecting residents and businesses with subscription-based renewable energy,"Sāo Paulo, Brazil",
ee870477-2b44-41a2-aa5a-59d58db6f301,nextvivo,Immune organoid technology development platform,"Palo Alto, CA",
52810b91-fa99-41e1-a6b4-561f9efd5154,nexus circular,Advanced plastic recycling company,"Atlanta, GA",https://nexuscircular.com/
fca562f0-9abb-49e5-a281-29394e824b59,nexus pmg,Waste-to-value project consulting provider,"Dallas, TX",
c14d5e3e-c818-4b71-8769-db87c776de11,nexus w2v,Build a renewable natural gas plant and waste-to-fuel development,"Greenville, SC",
e0f23cc8-0b25-4c54-b7e9-a7a35053da17,neye systems,Optical switches for data transmission,Berkeley,
305bde11-3ac0-4fd9-9e46-928c0b3fd036,nfinite nanotech,Sustainable coatings to reduce plastic waste,"Waterloo, U.K.",
d70fdcac-e045-4116-9a5a-025a766e1af1,ngp,NGP Sustainable Real Assets fund,"Dallas, U.S.",
a8bfbdef-9d89-4a1d-a1f5-6a2b75869bb3,niche mobility,Digital transmission systems,"Girona, Spain",
99e53f23-357e-471e-951d-293198e4cfa9,niko,Residential solar installation business,"Mexico City, Mexico",https://niko.com/
6b6a45c3-84f8-482a-bd12-2b137b05a1db,nikola,Heavy-duty EV manufacturer,"Phoenix, AZ",
1dbf0b1f-2e2f-4fd7-8369-2f05a3fe7937,nikola motors,Electric vehicle startup,,
1dacbfc0-529b-4f89-b33a-ff78a20980a9,nimbus power systems,Zero-emission fuel cell systems developer,"Groton, CT",
a906a2be-188e-4271-a8b4-d8edc647c9b9,nine realms,Invest in early-stage technology companies focused on supply chain decarbonization,"Copenhagen, Denmark",
3a0c18bc-154c-449e-99f2-2cf999935f60,ninedot energy,Energy storage developer,"Brooklyn, NY",https://ninedot.energy/
f47caac8-e596-4686-9b77-791e331239e2,nio,EV car manufacturer & battery swapping platform,"Shanghai, China",https://www.nio.com/
790a94e0-1345-4d09-905d-060d0c39a762,niron magnetics,Rare earth-free magnets for EVs manufacturer,"Minneapolis, MN",https://www.nironmagnetics.com/
666d5b18-9ecf-4968-bba9-282415e57d80,nitricity,Renewable nitrogen fertilizer developer,"Fremont, CA",
df27fbff-cdbb-4243-9530-4dd1d5fe3323,nitrofix,Green ammonia company,"Petah Tikva, Israel",
f7207174-f929-470e-add8-aec7d67d5aaa,nitrovolt,"Machine that makes ammonia from air, water, and electricity","Copenhagen, Denmark",https://nitrovolt.com/
fac22093-9f1f-442f-adc3-13ad0275b00b,nium,Developer of on-site green ammonia,"Harwell, United Kingdom",
a1d154da-ecac-4d20-9176-6fbe8384212a,no meat factory,Plant-based protein producer for third-party customers,Canada,https://nomeatfactory.com/
c56c639f-72cf-4631-9513-2f68311b6ad7,nobell foods,Maker of plant-based cheeses,"San Francisco, CA",https://nobellfoods.com/
9c3dc1cf-6ed7-4c75-b835-4f7b38494db8,noble gas systems,Developer and manufacturer of hydrogen gas storage tanks,"Novi, MI",https://noblegassystems.com/
89ff2a9d-365c-4aec-8994-2de41bcccf3f,nobleai,Use AI to accelerate novel chemical and material development,"San Francisco, CA",
0a5259fb-5fc0-4fab-a22b-8b3dd9a7c619,nodal power,Renewables developer using landfill gas to power datacenters,"Salt Lake City, UT",
fca270ae-2429-4d53-bb5e-d08643b27523,node.energy,Energy management SaaS solution for renewable energy systems,"Frankfurt, Germany",https://node.energy/
c7c6ab91-20e6-4c21-8d4b-dd74d4ee8047,nodes & links,AI-powered construction projects platform,"London, UK",https://nodesandlinks.com/
e6e3374f-5b95-47f4-9917-58a7cea2cc82,nohbo,Sustainable beauty and personal care technology,"Melbourne, Florida",
ceed8ae4-512e-4a9a-b9a4-435e75f067db,noissue,Sustainable packaging company,New Zealand,https://noissue.co/
e8d2c672-8ed7-48c4-a308-d7e976edbc2f,nomad atomics,Quantum sensor startup,"Canberra, Australia",https://nomadatomics.com/
1b5c03a3-7f96-4ded-a299-adcfb263dc3d,nomad solar energy,Mobile solar generators manufacturer,"Madrid, Spain",https://nomadsolarenergy.com/
0d53dad7-9827-4b92-98cd-c896dc432958,nomagic,AI-powered robotic systems for repetitive warehouse tasks,"Warsaw, Poland",https://nomagic.ai/
f9cd9cd4-e4a5-4dbe-93cc-335af226dc53,nominal,Software for systems testing and monitoring,Los Angeles,
bbbd4afd-38af-4423-bc1f-f5162cc90468,nomos,Energy plans developer,"Berlin, Germany",
05f6724b-4930-4f2b-8522-28db7c284e03,noodoe,EV charging solutions provider,"Walnut, CA",
06916505-0c23-4ee0-9dcd-67ac0fc56eac,noon energy,"Creator of a low cost, long-duration, energy-dense battery","Palo Alto, California",
26a81d38-674f-478f-abad-0a704f79c996,nopalm ingredients,Scale production of its alternative palm oil made from yeast,"Wageningen, Netherlands",
634f433d-7820-4b1b-aafd-8a8bb2435863,nordetect,Building portable water and soil testing solutions,Denmark,https://www.nordetect.com/
20a7dc3d-4d2c-40ba-b4bb-c8be7fc6cb69,nordic foodtech vc,Back early-stage B2B agrifoodtech startups,Helsinki,
5c2397a8-aa17-4213-8eba-89086b2321df,nordic science investments,Invest growth capital in deep-tech companies,"Helsinki, Finland",
6688f3ce-ecaa-4d6c-bdf1-a60a73d31a0d,nordic seafarm,Seaweed cultivation and products producer,"Göteborg, Sweden",
361e15fd-c7d7-4ddf-a011-108ec706d428,nordsense,Provider of smart waste management solutions,Denmark,
6eff369e-a349-413d-b715-69b54b22ebe4,nori,Marketplace for carbon removals,Seattle,https://nori.com/
a93fe3bf-d8c9-48b7-b385-33c370607c33,noriker power,Utility-scale energy storage developer,"Cheltenham, England",
8a15a117-3a05-4772-b840-ed6f79c57951,normative,Emissions accounting engine tracking supply chain emissions,Sweden,
119b78eb-9a5d-4a1a-83de-ed52cd970631,norrsken vc,Invest in impact-focused startups,"Stockholm, Sweden",
fede240e-1d45-4f42-87d2-4195836bb985,norsepower oy,Provider of rotor sail technology for maritime transport,"Helsinki, Finland",https://www.norsepower.com/
3d3b18c8-238a-4d55-9f85-53b8eae07ce1,north sky capital,Clean Growth VI impact secondaries fund,"Wayzata, MN, U.S.",https://northskycapital.com/
26e848ef-2622-4a46-9bb3-f869305c92dd,northern genesis acquisition,SPAC aimed at supporting environmentally-sustainable businesses,,
afb81b12-faaa-4fca-a8ad-d32d13772937,northern gritstone,Supporting university spin-outs,"Manchester, U.K.",
d3c8b9ac-a748-4bbb-ab4a-349bb2411e8d,northvolt,Lithium-ion batteries from recycled materials producer,"Stockholm, Sweden",https://northvolt.com/
efe697f8-01cb-43bc-8489-563bf6c1fbfb,northwind climate,Business intelligence solutions provider for the climate economy,"Boston, MA",https://northwindclimate.com/
8ae32228-5e1e-4450-abc4-20fd71946cd7,nosh,Company making alternative protein from fungi biomass,"Berlin, Germany",
6a615fe4-f1cc-4d89-86b2-b689be804eb2,notco,Producer of plant-based milk and meat alternatives,"Santiago, Chile",https://www.notco.com/
1b0469d6-c1ab-47c8-b002-a3d7ade7d525,noteworthy ai,AI-powered asset inspection and inventory analysis for energy distribution grid operators,"Stamford, CT",
15dc44bb-107c-4d37-aeae-878e389da305,notpla,Seaweed-based sustainable packaging,"England, U.K.",https://notpla.com/
c6960e6e-9fed-4807-83b3-a7487d6dd490,nouveau monde graphite,Green graphite production platform,"Saint-Michel, Canada",https://nouveaumonde.ca/
52125e47-1ed7-4db6-a30b-676454b0bddb,nova carbon,Carbon fiber recycling tech,"Mérignac, France",
ea84db0c-18ff-481a-85ae-a72f78f795b0,nova pangaea technologies,Converting biomass into aviation fuel and various biochemicals,"Wilton, United Kingdom",https://www.novapangaea.com/
0b1e583e-7d70-410b-877c-6e6196353736,novac,Supercapacitor for industrial energy storage,"Modena, Italy",https://www.novac.com/
02beb8ab-c196-4291-ae6a-c78a6f526109,novalith,Provider of sustainable direct lithium extraction technology,Australia,
f9d05eb0-67a3-46c3-8442-3da0be344fa6,novalith technologies,Producer of low-carbon lithium for batteries,"Sydney, Australia",https://novalith.com/
357c6134-8432-4646-97c2-8fbb72f987f1,novamea,Advanced membranes and catalysts for electrolysis and green hydrogen,"Saint-Sulpice, Canada",
5c8d9b0c-adc4-4090-92a3-edb27aa0ab88,novameat,Plant-based chicken and beef,"Barcelona, Spain",https://novameat.com/
42206734-1380-4066-a1ae-ffaf0154b758,novamera,Sustainable mining company,Ontario,
fda5ad9d-514e-4bb9-88f3-0ba263661404,novata,"Environmental, social, and corporate governance solution","New York City, NY",
fce46342-b2bd-4161-a7ba-68d710b0737a,novatron fusion,Develop nuclear fusion reactors focusing on stable plasma confinement,"Stockholm, Sweden",https://novatronfusion.com/
dddf624e-9228-4248-8ae8-61972c04324e,noventa energy partners,Developer of wastewater heating and cooling projects,"Toronto, Canada",https://www.noventaenergy.com/
83e9511e-276c-4cfe-9522-527d6283dda6,noveon,Sustainable rare-earth magnets developer,"San Marcos, TX",
55118312-c82d-4128-85ee-364b92e03898,noveon magnetics,Neodymium sustainable rare earth magnets manufacturer,"San Marcos, Texas",
f38de43e-2fa3-441e-8d6c-e8b650ac9d1f,novi,B2B marketplace helping brands make more sustainable products,"San Francisco, CA",
ded6861f-c75a-4eb3-9905-ec2c7f21473a,novi connect,B2B marketplace for sustainable ingredients and packaging,"Larkspur, CA",https://noviconnect.com/
4ea86ce3-5503-474a-9750-548a465be4ec,novisto,ESG data management and sustainability reporting,"Montreal, Canada",https://www.novisto.com/
1abb8ca9-1f24-458d-b3e3-fe4107135226,novity,Developer of predictive maintenance AI technology for machines,"San Carlos, CA",
04e51281-0451-4ed5-bd3f-bd35ddd1e2cc,novo,Automated energy renovation platform,"Berlin, Germany",
e6f9d7cf-db4a-4de5-80ee-d33d34f72f59,novo holdings,Growth equity strategy to invest in climate change-focused startups,Denmark,
eef7147c-8974-439f-b374-af23a35f1a83,novobiom,Mycoremediation process using fungal biotech,"Ottignies-Louvain-la-Neuve, Belgium",https://novobiom.com/
3998e66f-9400-4566-8bc1-bcb6812ef0c6,novocarbo,Carbon removal parks developer,"Hamburg, Germany",https://novocarbo.com/
b853d229-eb47-4697-8a1b-b66fa38858fe,novohydrogen,Provider of renewable C&I hydrogen solutions,"Golden, CO",
8f5e508c-ee4f-48df-bed4-eaaaa515b02a,novoloop,Company upcycling plastic waste into chemicals and materials,"Menlo Park, CA",
0b4ed8c7-162b-451b-9a3f-50463c6b0f10,novonutrients,Upcycle industrial CO2 waste into sustainable proteins via microbes,"Sunnyvale, CA, U.S.",https://www.novonutrients.com/
8a586731-410d-48b4-a1d8-d011b8c0e127,nowadays,Maker of plant-based meat,"San Francisco, CA",
03b5b1bf-4ac2-40d4-86ab-d31e48ce1d23,nowos,Lithium-ion battery repair and maintenance,"Utrecht, Netherlands",https://www.nowos.com/
7eb0557f-888e-4db4-b78a-53b02dd737dd,nowports,Digital freight company,Mexico,https://www.nowports.com/
6f598db4-56b0-4303-b022-23ba9802e160,npharvest,Recycle wastewater nutrients for fertilizer,"Espoo, Finland",https://npharvest.com/
c6b12d92-c0fb-4a97-aae2-1ddf85f6e96f,nplan,Machine learning for forecasting construction projects,"London, U.K.",
b0628067-87a4-4057-ae0d-c636a85b0276,nrjx,Help factories reduce energy consumption,Paris,
95b4d927-f836-42c2-964f-61bab44f1c3a,nscale,Build energy-efficient data centers ('hyperscalars') to meet new demand for AI,London,https://www.nscale.com/
ed062232-40b7-4f0e-9a66-e195c94f0d19,nt-tao,Nuclear fusion energy company,"Hod HaSharon, Israel",https://www.nt-tao.com/
d3baf84b-a4e9-4ef7-ae75-d35ff7297acc,nth cycle,Recycling tech startup extracting metals from waste to make new batteries,"Boston, U.S.",https://www.nthcycle.com/
a6d83dae-049a-4c75-97a7-4b17f02e388b,nu quantum,Quantum photonics company,"Cambridge, U.K.",
e7e215e1-2ec5-4cbb-b187-d9120c0cbdca,nuada,Carbon capture developer using metal organic frameworks,Belfast,
0e880f9a-b890-4a68-93e7-a44d4b4067e2,nuclearn.ai,Automation platform for nuclear energy,"Phoenix, AZ",
70d9cb27-9df9-4c22-ba71-821d696af794,nucleus capital,Invest in alternative food production,"Berlin, Germany",
5215703e-b9ba-407f-8d79-0dd0dd610441,nuggs,Plant-based chicken producer,NYC,
1cb005c7-4633-483d-b9ea-e568ef93df2c,nukoko,Cocoa-free chocolate using precision fermentation,"Guildford, U.K.",https://nukoko.com/
f43f84ad-1c77-4fc9-b43c-3d42206a0585,number 8 bio,Reduce livestock methane production,"Sydney, Australia",https://number8.bio/
9dc3c5b7-afac-403f-b928-ebe95092861d,numix materials,Water treatment company,"Chicago, IL",
cee6ab3d-f13b-47f5-ba50-4ad9a0223b0f,nuon,Software deployment technology developer,"San Francisco, CA",https://nuon.com/
312abf5c-d17c-4824-a45b-4017313f724c,nuro,Self-driving technology for robotaxis,Mountain View,https://www.nuro.ai/
21530482-6207-4f21-8c48-236328b96bda,nuscale power,Developer of small modular reactors for nuclear power,"Portland, OR",https://www.nuscalepower.com/
f2e6864d-8f70-4587-bfe6-8e126ca1acf2,nusku,Heat pumps,"Bristol, U.K.",
57b15ad8-d2d1-44a3-9488-fc63313b4b21,nutcracker therapeutics,Developer of mRNA therapies,"Emeryville, CA",
2c7a870d-e18d-484f-a931-768fac8d5777,nuuenergy,Hybrid software-hardware heat pump model,Munich,
8e77a740-1c78-44f5-b1dd-fe87ddf2f853,nuuve,Developer of electric vehicle-to-grid projects,"San Diego, CA",
5da67f29-18b3-4164-ae03-38a7723ecb3e,nuvem9,Cloud-based business management software,"São Paulo, Brazil",
78a8bdc6-9a8e-49c7-bf3a-08b60a593bf2,nuventura,Sustainable switchgear technology firm,"Berlin, Germany",https://nuventura.com/
6b189400-34bb-47e1-b6d0-64f5242125a3,nuview,Earth observation company,"Lake Nona, FL",
d15997bc-2e7a-4287-87ae-90c3ee083e9b,nuvocargo,Digital freight forwarder and customs broker,"New York, NY",
111018d5-7308-4a53-9002-6661e31b39c3,nyle systems,Heat pump water heater manufacturer,"Brewer, ME",https://nylesystems.com/
4252f5c9-01f9-41e7-9f81-7689a079f69a,nyobolt,Fast-charging battery technology for warehouse robotics,UK,https://www.nyobolt.com/
a27394bb-2b6a-40d1-a662-d008a48e78c8,nzero,Carbon emissions management platform,"Reno, NV",https://www.nzero.com/
398f05b6-41ff-48d8-be12-12fbadb495d7,o9 solutions,Supply chain planning SaaS platform,"Dallas, TX",https://www.o9solutions.com/
4b2d9fab-a0df-495e-a3bf-2a55799dcb45,oatly,Oat milk producer,Sweden,https://www.oatly.com/
568cf349-25b4-4d30-952c-0719bf39b635,oben electric,Electric 2-wheeler manufacturer,"Bangalore Urban, India",
ee3a6d74-c339-457e-b6ff-aca0af626b19,obeo biogas,Waste to biogas company,"Montréal, Canada",
28053803-92af-4cbc-b92f-564849eb1c2d,observable,Maker of data visualization software,San Francisco,https://observablehq.com/
5a4b1fed-a16e-4e9f-bb74-aab6af0dc71a,observe,Data observability platform,"San Mateo, CA",https://www.observe.com/
239f4b74-f90d-4606-a5db-e75218f38bc2,obviously ai,No code machine-learning platform,"Berkeley, CA",
44086ca6-6de7-4c3c-97fa-d79069a2ac0c,ocean 14 capital,Investment firm investing in ocean health,"London, UK",
b090a053-2fda-45eb-a44b-36b9fbfa6eb8,ocean ledger,AI-powered coastal risk forecasting,London,
3a0ef39b-a784-4970-92d7-2b0407a5bc86,ocean oasis,Offshore wave-powered desalination technology,"Oslo, Norway",
7e76be15-cc90-4971-a728-0ccd710f105f,ocean rainforest,Provider of fully-traceable seaweed products,Faroe Islands,https://oceanrainforest.com/
35c5cc13-0446-491a-bc52-4fcc8ec59f51,oceano fresco,Sustainable clam business,Portugal,
727d0591-c851-417d-b182-081637820287,oceanwell,Modular desalination systems,"Menlo Park, CA",
40874c9e-28c0-4e20-8bdc-a484e66a5aea,ocell,Digital twins for forestry management,"Munich, Germany",https://ocell.io/
ce465567-69ab-47c8-bb38-ad1c0410f0f0,ocergy,Developer of floating foundations for wind turbines,"Oakland, CA",
96051f1a-404e-4610-ab95-4b57cfcbbb17,ocient,Data analytics software solutions provider,"Chicago, IL",https://ocient.com/
fffc8e25-1dd0-457c-92e4-65c340199cda,ocochem,CO2 into chemicals developer,"Richland, WA",
bf11b2f2-1c90-4688-bf24-b430af1a55a0,octarine bio,Sustainable dyes manufacturer,"Copenhagen, Denmark",https://www.octarinebio.com/
b511077d-0595-4bc4-ab1f-4e43464f7e97,octavia carbon,Direct air carbon capture developer,"Nairobi, Kenya",https://www.octaviacarbon.com/
09506fe4-1373-4af9-ad7f-c30bea948c28,octet scientific,Specialty chemicals for non-lithium batteries,"Cleveland, OH",
1c4650a9-bb47-4b64-bc98-6eed50f203c1,octoml,Startup using machine learning to optimize ML models,"Seattle, WA",
e3d41f6f-7382-492d-9277-2caa49279f1c,octopus,Waste management platform helping brands collect recyclable waste,UK,
40db4e65-c9de-42cf-95aa-46106cb833d9,octopus electric vehicles,EV financing provider,"London, UK",
a180002d-cd97-4775-b4f1-be921ae661dd,octopus energy,Large-scale renewable energy platform,England,https://octopus.energy/
7381a119-4894-4960-8249-5489a72610de,octopus energy group,Renewable energy company,UK,https://octopus.energy/
68f60af2-8a29-41d1-be8d-dffd18252e6b,odd.bot,Autonomous weeding robot,"Lelystad, Netherlands",
7b50ab40-d9b7-44a7-a9c5-951adea17911,odys aviation,Aircraft startup making hybrid-electric VTOL aircraft for regional mobility,"Long Beach, CA",
2bf53735-6b7f-4851-88ab-45ee0df6a4c3,odyssey,Emerging markets distributed energy software company,"Boulder, CO",
37ee1820-7d87-4154-8cc4-903c2fe4cb8c,off meat,Plant based meat producer,Indonesia,
2926035c-83e0-4cb8-ad28-d8df1eff9593,ogre ai,Energy management system software platform,"Bucharest, Romania",https://ogre.ai/
ad3263da-e01f-43b4-9bd4-b0efb6a8872b,ohmconnect,Startup rewarding consumers for saving energy,"San Francisco, CA",https://www.ohmconnect.com/
415fb494-2378-4948-aae9-3b5e7e55eb63,ohmium,"Green hydrogen company that designs, manufactures, and deploys PEM Electrolyzers","Fremont, CA and India",https://ohmium.com/
8c528a61-f968-4b90-b34e-cf3fafcc0daf,oishii,Growing strawberries and tomatoes in indoor vertical farms,"Jersey City, NJ",https://www.oishii.com/
73e7f3d5-ef4a-4d55-9af7-c927f9ddc607,oishii farm,Strawberry vertical farming developer,"Kearny, NJ",https://oishii.com/
2612b827-2f18-44f1-b07a-07069cf21380,ojjo,Manufacturing solar energy foundation systems,"San Rafael, CA",https://www.ojjo.com/
a85c45a4-aa60-48d4-848a-fa32608d640e,oka,Insurance provider for voluntary carbon markets,"Park City, UT",https://www.oka.com/
bd727376-43be-4381-b5ca-1b7a9e29250d,okify,Utility interface software platform,"Barcelona, Spain",
c0320e9b-6e0d-4652-a10f-20149aea2ef4,oklo,Small modular reactors developer,"Sunnyvale, CA",
d3e640b4-55fd-41e6-84b3-090c02ec50c7,okra solar,Solar home systems provider for electrifying off-grid households,"Sydney, Australia",https://okrasolar.com/
7711587f-83ce-443f-8f38-f16cef7f6d81,ola electric,Indian electric vehicle maker,India,https://olaelectric.com/
0f5812bc-f0eb-4c01-95a7-0af0092e788d,olea edge analytics,Edge computing company focused on the water utility industry,"Austin, Texas",https://www.oleaedge.com/
7b8ff0ae-9b32-4b6e-a3dd-064316876f01,olocopter,Battery-powered aviation startup,"Bruchsal, Germany",
c073770b-c19f-4e9e-89f9-89d4737e52fa,olokun minerals,Brine mineral mining company,"Los Angeles, CA",
838f3a24-b6bf-48b8-bd69-77e54f3c73b9,olsaro,More resilient wheat crop varieties,"Goteborg, Sweden",https://olsaro.com/
7d2d5cff-5885-4caf-9775-7eade21de99c,olyns,Recycling and retail media solutions company,"Santa Clara, CA",
8dc86d4c-a2c4-4149-bb92-5b3582c7c295,omeat,Producer of cultured meat from fungi,"Los Angeles, CA",https://www.omeat.com/
30b86649-1164-41cc-8bb6-299317c4e02f,omnevue,ESG performance reporting platform,"London, UK",
8c5f5647-7983-4761-af5f-fcf5ba5ecfa5,omnidian,Developer of solar management and monitoring software,"Seattle, Wash.",
dc0e3bd6-8f9d-4b3a-bcf8-bf891bc07039,omnitron sensors,Microelectromechanical systems sensors for autonomous vehicles,Los Angeles,
21ee1ce4-f5ca-49ef-99c4-9f80c4e894de,on.energy,Energy storage developer,"Miami, FL",
eb4f7cd1-073c-4269-8c7d-c235461bc7b7,one click lca,End-to-end sustainability software platform,"Helsinki, Finland",https://oneclicklca.com/
c9f443f9-b7f9-4c8a-a597-15307c738171,one concern,Platform to model responses to natural disasters,"Menlo Park, CA",https://www.oneconcern.com/
1ede014c-ec12-4a84-bf2e-dc24961183cc,one energy,Wind energy development business,"Findlay, OH",https://oneenergy.com/
9b67bbcc-a3cf-4d35-88bd-d3c87f6b3584,one moto,Provider of last-mile delivery EVs,"London, UK",
23586f24-1561-4ed6-8ef3-aafaf4234db2,onebeat,Inventory management platform,"Tel Aviv, Israel",
6955c45c-47ba-444b-a942-531383c48cf9,oned battery sciences,Enhancing the life of EV batteries,"Palo Alto, CA",https://www.onedbattery.com/
06d3dd09-02cb-43d4-8eca-a2daeb17e422,onego bio,Precision fermentation technologies for making fermented egg protein,"Helsinki, Finland",https://onego.bio/
6db4fea3-c887-455c-a761-a1c91190d456,oneka technologies,Wave-powered desalination technology provider,"Sherbrooke, Canada",
c0918242-0fe0-4785-8619-db185cdeac48,onepak,Logistics and returns platform,"Boston, U.S.",https://www.onepak.com/
e9a77707-7e40-4ecc-8d7c-971c8404c99a,oneplanet,Solar panel recycling services provider,"Jacksonville, FL",https://oneplanet.com/
3660cdd7-cfd8-4f43-8f05-341df87aa7e9,oneplanet solar recycling,Solar panel recycler,"Jacksonville, FL",
49155ed3-19f9-4e5c-800e-124cc9937b8a,onerail,Manage and optimize last-mile deliveries,"Orlando, FL",https://www.onerail.com/
ec9b955f-ddb7-43d8-bdbe-a4831b8423c1,onethird,Food waste reduction company,"Enschede, Netherlands",
9417f579-520c-470f-8795-db58e24ff521,onetrust,Trust intelligence platform including an ESG offering,"Atlanta, GA",https://www.onetrust.com/
ff9f3d14-8a18-4da8-8b03-69b68d362891,onfly,Corporate travel and expense management software platform,"Belo Horizonte, Brazil",https://www.onfly.com.br/
9a80c077-d0e4-45b6-a3e5-fbc1bc29bf54,onsemble,Home appliance electrification platform,San Francisco,https://onsemble.com/
51fe566c-83df-4ef4-a4e0-6b267ed15003,onsight technology,Solar asset monitoring service,"San Francisco, U.S.",
b122b37e-208d-4673-9b06-e296a3a15b35,onsiteiq,Visual documentation and risk assessment platform for construction projects,"New York, NY",
e128cd53-1b62-440a-b8ee-4bc624c30d6a,onto,EV subscription startup,UK,
cfc80053-3536-4233-bdad-0e680d790dee,ontruck,European road freight platform, ,https://www.ontruck.com/
b617f900-18c1-48cd-b31d-e769dbcadc55,ookuma diamond device,Diamond chips for radioactive debris remediation,"Hokkaido, Japan",
6d16264e-4309-4b94-8e4f-123027a89bf9,oolu,Solar energy startup,Senegal,
b189fe06-6d53-4187-adbf-067715b90428,oomnitza,Platform for tracking and securing digital assets,"San Francisco, CA",
48b4fd06-b80d-4e38-afeb-ffc000f089bd,oort energy,Hydrogen electrolyzer developer,"Bristol, United Kingdom",
bcefbb25-6107-409f-b010-fb992103ddd6,opalia,Cell-based dairy platform,"Montréal, Canada",
ac3f90e3-9298-4eb0-b99c-37e3342904e5,opconnect,EV charging infrastructure provider,"Tigard, OR",https://opconnect.com/
3ca6e430-be16-4364-9e59-a12e26b9f45c,open cosmos,Low Earth observation platform,"London, UK",https://www.open-cosmos.com/
0ec48840-58f5-4e23-96c9-501d975babcd,open forest protocol,Open source forestation projects platform,Switzerland,https://openforestprotocol.org/
49ac725e-966c-45b5-9029-dcd8a9aaa7a0,openairlines,Develop software to help airlines reduce fuel consumption and emissions,"Toulouse, France",https://www.openairlines.com/
d07b3790-f8fd-4d8d-9c3a-01f6b12f2335,openinvest,ESG investing platform,"San Francisco, CA",
5c8fa302-42a0-4e48-b680-7f2099c053a9,opensolar,Solar design and proposal software company,"Sydney, Australia",
3b396a42-6842-47a9-9648-276154b77d14,openspace,Construction documentation and analytics,"San Francisco, CA",
f5d54de7-eaf1-4703-8e53-0a953198ae66,opentug,Maritime logistics software platform,"Seattle, WA",https://opentug.com/
92d785cb-72c0-4d41-a094-bde37579f1a4,openvolt,Helps companies track their energy data,"Dublin, Ireland",
e747ef6b-5a9c-4874-98ff-1271442b0862,opibus,Converting diesel and gasoline vehicles into electric ones,Kenya,
3620d886-8dc0-4628-82d2-35e50ae32ce9,opna,Climate financing platform managing carbon removal and reduction projects,"London, U.K.",
c0106856-c19f-4c31-abf9-a6853bf6fd64,opo bio,Cultivated meat company,New Zealand,
139389f2-6eba-489a-8913-b6a9d2e939bc,opscura,Industrial control system cybersecurity company,"Oakland, CA",
f3574265-5649-4059-b7c4-faa5e365d3c1,optalysys,Photonic processing technology producer,"Leeds, U.K.",
da9f03ac-8f0c-4da6-8d21-faa56f95f4e7,optera,Software platform for tracking corporate emissions,"Boulder, CO",
7a30c954-9099-4ac4-8743-86ba6ceedd58,optibus,A.I. platform for mass transportation,"Tel Aviv, Israel",
0d97d498-9e45-4927-9c3d-15317add1e9c,optiml,Real estate decarbonization platform,"Zürich, Switzerland",https://optiml.com/
ae6f4ca0-2908-479a-bae7-db19162289b0,optivolt,Developer of shade tolerant solar systems,"San Mateo, CA",https://optivolt.com/
bc2cfec2-f4de-44cd-abd8-69e941e4e850,optoscale,Farm monitoring startup,Norway,
4e169919-d0d4-4459-8b8f-4156224df620,opusflow,B2B software for low-carbon energy installers,"Deventer, Netherlands",
a213743d-59ca-491e-be29-bb253cc0364b,oqton,Software for the manufacturing industry,U.S. and Belgium,https://www.oqton.com/
1c55aff6-49ef-41df-a12e-4020c0c9587e,orange charger,Developer of electric vehicle chargers,"San Francisco, CA",
7e9e2738-3f9a-4323-a42b-8d901908a15f,orange ev,EV manufacturer specializing in industrial trucks,"Riverside, MO",https://orangeev.com/
e75acd5f-0434-4e86-9151-45a1af6f2468,orano,Corporate venture vehicle for early-stage industrial startups,"Châtillon, France",https://www.orano.group/
9f2692da-b054-49f6-8b45-5558accd9f28,orbex space,Developing low-carbon launch vehicles for rockets,UK,https://www.orbex.space/
08e84767-928a-4f41-b5a9-d2baa8f95b7a,orbillion bio,For its cultivated Wagyu beef cells,San Francisco,
80b547cc-e577-40c0-915e-a88a94a746bc,orbio,Methane emission tracking platform,"Köln, Germany",
21a959bb-6c48-486e-894f-485e5154b0a0,orbion space technology,Developer of electric propulsion solutions,"Houghton, MI",
383c7952-8ec1-41d8-82f2-ad64d41ceb88,orbisk,Automated food waste monitoring system,"Utrecht, Netherlands",
f452ac5c-538c-446f-89b2-d4379906ba7e,orbital sidekick,Deployer of hyperspectral sensors in space,"San Francisco, CA",https://www.orbitalsidekick.com/
41c49d7b-47f3-4bb7-91f1-d2314b8b111e,orbital systems,Developer of water recycling technology for domestic appliances,Sweden,
895ced6f-76fa-4ace-9fa0-ec32bd7fd4d8,orca ai,AI-powered autonomous navigation technology for ships and fleets,"London, UK",
a56f069a-2404-40ba-a7af-29062bdc75b8,orcal,Crop protection and sustainable farming service provider,"Junction City, OR",
5d55b1b6-9277-4c2f-8212-a4b706213db5,orchard robotics,Provider of robotic and AI precision crop management technology,"Seattle, WA",
145dcafe-ba94-4959-9bb3-ba8354b5f8cd,ore energy,Long-duration iron-air batteries manufacturer,"Amsterdam, Netherlands",https://www.oreenergy.com/
c2a147c8-721f-4ce8-8f78-21506b1e86f0,orennia,Energy transition analytics platform,"Calgary, Canada",
1a240fd2-7973-49f1-878f-5bceffbfad96,origami energy,Energy trading startup,UK,https://origamienergy.com/
5143cd75-8a6b-47f7-915b-617c51212e41,origen,Direct air capture technology,"Bristol, U.K.",
06c2c8c1-5614-42f0-91dd-2390826ad71d,origin materials,Maker of carbon-negative products,"Sacramento, CA",https://originmaterials.com/
79feba3f-bf3f-4df1-8ecd-9763be6673c7,origis energy,Clean energy development business,"Miami, FL",https://www.origisenergy.com/
e9f733da-d26b-4fe3-a726-0ece765bf0d0,oriole networks,Data center efficiency and energy demand management,London,
57fec21c-ceff-40ed-b9f4-1d89b61a2023,orion infrastructure capital,Make loans to maturing climate startups,"New York, U.S.",
49ad6d41-642f-4b17-8725-1158701d4b2c,ororatech,Provider of wildfire detection and monitoring services,"Munich, Germany",https://www.ororatech.com/
6c790a8f-0efc-49c2-b636-0726d4ecc6a2,orus energy,Electrical flexibility platform,"Paris, France",
4090b497-5647-455a-ae46-0630c5c5069f,osapiens,ESG platform and provider of compliance and sustainability reporting solutions,"Mannheim, Germany",
83b3d0e4-ee51-4cd5-9708-55a70ee92352,osmoses,Purifies gas for low-carbon energy production,"Cambridge, Massachusetts",https://www.osmoses.com/
c93d9652-7383-408b-b87f-e8ec40e25a11,ostara,Developer of sustainable phosphate fertilizer,"St. Louis, MO",https://ostara.com/
9c262b95-6478-4c59-a98b-d5d3f68060b9,ostrom,Green energy retailer and electricity management platform,"Berlin, Germany",
e13fad44-0d4d-4e2a-a525-b0cff29660b0,osum oil sands,Canadian energy company,Canada,
80718709-bbbb-4d7a-85f6-0bb6ee8e1267,oto,Two-wheeler financing platform,"Mumbai, India",https://oto.com/
cc09a829-4ebe-42c3-b5e7-506ccd7e2e7b,otovo,Residential solar marketplace provider,"Oslo, Norway",https://www.otovo.com/
6b3d12fe-6d70-4c94-82a6-0d9e3f81bf0d,our next energy,EV battery manufacturer,"Novi, Michigan",https://ournextenergy.com/
0d244a02-5b1d-43a2-a068-b89a60a5dc9d,outcast foods,Focusing on food waste and reducing the carbon footprint of food supply chains,Canada,
6c1ea168-ef53-4659-a124-a60104ca4e25,outreach,Sales engagement platform,"Seattle, WA",https://www.outreach.io/
c2a86695-f6d9-43b7-b332-e23c1a0bb100,outrider,Autonomous electric yard trucks developer,"Golden, CO",https://outrider.ai/
a725c549-2784-460a-b094-dcbec7c89952,outstanding foods,Plant protein startup,"Los Angeles, CA",https://outstandingfoods.com/
f4efc1bb-7348-4a9d-bc84-8e1e683bd1c4,over easy solar,Developing solar cells for ‘green’ roofs,Norway,
a20ffbb4-9aca-4091-8d4a-8dc93d1e9bed,overair,eVTOL startup,"Santa Ana, CA",
d5e2f6be-ba60-402c-aeb4-e50ad57a4a63,overhaul,"Software-based supply chain visibility, risk, compliance, and insurance solution","Austin, TX",https://www.overhaul.com/
dd8cf688-dc4b-4f37-9c38-7de46f98355b,overlap holdings,Invests in early-stage companies,New York,https://www.overlapholdings.com/
11b61758-1646-4e22-96fd-431217d0cb28,overstory,Vegetation management platform for electricity companies,"Amsterdam, Netherlands",https://overstory.ai/
3479c913-90b9-4d82-b266-544de3e13d0b,overture climate vc,Debut fund for climate companies,"Los Angeles, CA",
5168f4e8-2c3e-420b-bf20-34e9cd5fd121,ox delivers,Electric logistics service provider,"Cheltenham, UK",
1e6ed66c-1916-47b1-b131-1d65d94cdc34,ox security,Software supply chain security platform for DevSecOps,"Tel Aviv, Israel",
d2701667-0b16-4a83-a8b9-9c17ecd5918b,oxbotica,Autonomous vehicle software maker,"London, UK",https://oxbotica.com/
f32afdad-ae0d-42a4-9246-4cc183cc4366,oxford flow,Valve and regulator technologies for oil and gas,"Oxford, U.K.",
185818ae-ec95-407a-943e-b2cafe74cb49,oxwash,On-demand laundry services that reduce environmental costs,UK,https://www.oxwash.com/
67724b98-e8dd-43a0-9008-721e268a2f95,oxygen8,Manufacturer of high-efficiency HVAC and Energy Recovery Ventilation Systems,Canada,
2b9ffc2c-8135-44d8-a6ec-1c34b7b5513e,oxyle,Water chemical contamination treatment developer,"Zurich, Switzerland",
ccda6496-1b59-47da-8b63-c0e4b9e79102,oxylus energy,Capture waste carbon to turn into green methanol,"New Haven, CT",
f689b315-1307-44cd-8821-838321d8605d,oya renewables,Renewable energy project developer,"Toronto, Canada",
e6d54b36-3f6b-43fd-9e2f-77967f958520,p2 science inc.,Renewable chemistry company,"Woodbridge, CT",
22701ce8-2afd-4a62-963b-a55c2fbecafe,p6 technologies,Lifecycle assessment software platform for transportation and petrochemical industries,"Austin, TX",
e7624815-a3b2-4c64-8ed4-79d20594a5cc,paces,GIS and data platform for renewable energy project development,"Brooklyn, NY",https://www.paces.com/
659f6b54-5943-4a87-a741-5a8dc1cd6543,pachama,Platform designed to help companies invest in reforestation and conservation projects,"San Francisco, CA",
d8f23bd6-2e83-4123-ae38-b88fbe447cef,pachyderm,Open-source platform for data science, ,
8afe1bed-1cdb-435a-9d99-b0f353498fe7,pacific steel group,Electric arc furnace micro mill,"San Diego, CA",
7cbe1081-a36f-4ed8-8584-61d0cfb79100,pacifico biolabs,Fermentation startup targeting alternative seafoods,"Berlin, Germany",
a4ec5e30-b7f1-4cdd-b5c0-57c090f29832,package free,Zero-waste ecommerce shop,"New York, NY",https://packagefreeshop.com/
47436a9e-47cc-4ca3-a073-be16c02b6da3,packaly,Climate neutral last-mile delivery service,Netherlands,https://packaly.com/
c4fb47b9-2c64-4fcc-a00c-150e4864e28c,packfleet,Provider of carbon-neutral package deliveries,"London, U.K.",https://www.packfleet.com/
ac5d8c7e-a385-479e-9955-3e7b18a11051,pact,Produce industrial-scale collagen biomaterials,"Cambridge, U.K.",
e1faac90-b2ab-44ec-8b29-8965eb6eb7a8,paebbl,"Converting CO2 into permanent, carbon-storing materials","Stockholm, Sweden",https://www.paebbl.com/
42a8253e-d877-4ad5-85c2-ebe618ecdd0d,paebble,Manufacturer of carbon-negative building materials,"South Holland, IL",
12a22005-745b-4610-b58b-d2966eecb11b,paine schwartz,Investment firm,"New York, NY",
ae0a33e8-f203-4b45-9c6d-a27d93b00b99,pairwise,Plant gene-editing technology,"Durham, NC",https://www.pairwise.com/
ded4c22e-6237-41f0-951d-76863941d685,pajarito powder,Make catalysts for electrolyzers and fuel cells,"Albuquerque, NM",
bac20333-4bc4-4bfc-bdcf-dead689740d3,paleo,Producer of plant-based food ingredients,"Leuven, Belgium",
f47ab7aa-7d11-4ff5-a569-8971cdd879ae,palmetto,Provider of software to manage solar energy,"Charleston, SC",https://palmetto.com/
6c1dadaa-b96d-4316-83e9-fa64bb0dfa38,pangea ventures,Invest in sustainability and hard-tech-focused startups,"Vancouver, Canada",
ed7a3980-d156-4912-bcf7-b830a18bdeb1,pani energy,Software platform elevating the efficiency of water treatment plants,"Vancouver, BC",
cacd6bb5-7531-466a-aac1-904e09d38733,pano,Wildfire intelligence and management software,"San Francisco, CA",https://www.pano.ai/
4a3729b6-b540-4bad-b8f4-6094176524ff,pano ai,AI-powered wildfire detection tools,San Francisco,https://pano.ai/
0d9de5e6-a3af-4045-b063-99a303a17c12,paptic,Wood-fiber based packaging developer,"Espoo, Finland",https://paptic.com/
cb204b66-0b72-4d44-9b09-fce977003842,parabola,Workflow automation and documentation platform,"San Francisco, CA",https://parabola.io/
24534daa-ab17-4119-8a5c-f9860c3ac14f,paradromics,Brain-control startup,"Austin, TX",https://www.paradromics.com/
86b17d22-9ad9-42c0-bed4-c397c12b8c56,parallax,Resource and capacity planning software company,"Edina, MN",https://www.parallax.com/
b42f85d9-4802-4be1-b6c9-c59308095bbf,parallel carbon,Carbon capture with hydrogen production developer,"Manchester, UK",https://parallelcarbon.com/
c2b2c76d-7ddf-40d4-88a0-2f5b98da06d1,parallel systems,Autonomous battery-electric rail vehicle startup,"Culver City, CA",https://www.parallel.systems/
5f08a40a-886d-4ce4-9a95-bd872aab5671,parasail,AI deployment network provider,"San Francisco, CA",
22119ca2-94c2-4ae5-90db-4b740d6374de,parcel perform,Delivery management platform and parcel tracking,Singapore,https://www.parcelperform.com/
dbc56624-bc24-4a0d-ae5a-860a6a16871f,paren,"Harmonize data across EV charging, fleet management, and more","San Francisco, CA",https://www.paren.com/
eb5d0d3e-fa85-42d3-b308-8723755e5a4d,parity,Optimize building HVAC systems and usage,Canada,https://www.parity.com/
5bc391ed-a9a2-40e6-bc9b-edd292b66ccb,parsyl,Supply chain insurance business focused on perishable goods,Denver,https://www.parsyl.com/
b2410894-5a5d-4cd5-9bb4-6751292c16bf,partanna,Carbon-negative building material startup,"Nassau, Bahamas",https://partanna.com/
a9de3edb-052e-4348-a82d-9f808e48b087,partory,ESG compliance and procurement software for industry,"Hradec Králové, Czechia",
0e17face-a36f-4a51-ab83-3626f9bc0ec5,pascal,Developer of climate-friendly heat pumps,"Cambridge, MA",
3a66b896-f417-45c3-9e8e-9bd0743c0d19,passivelogic,Autonomous building platform,"Holladay, Utah",
f0baf3e4-de50-459c-b4d6-c4ef455ab2ab,patch,Platform for businesses to mitigate their carbon footprint,"San Francisco, CA",https://www.patch.io/
f34ba8d8-32b4-458f-be86-0228bfdf12ab,pathway,Live AI systems developer,"Menlo Park, CA",https://www.pathway.ai/
269c20d4-c59a-4939-b38d-2a81dacc5d10,pathway power,Renewable energy and battery storage developer,"San Diego, CA",https://www.pathwaypower.com/
f389d7c4-fd66-4b99-9b5c-0e89fd5ba58f,pathways,Tracking emissions associated with construction materials,"New York, NY",https://www.pathways.com/
08d179ba-2b3e-413d-b389-b7f46a0dfdf5,pathzero,Helping companies decarbonize,Australia,
a133b578-4cbb-481c-ad14-bbbacc588dfb,patriot battery materials,Lithium production business,"Vancouver, Canada",
59b5cb2c-6c85-44b1-90dc-7d8d0b6b8375,patronus ai,Platform monitoring and evaluating efficiency of AI models,"New York City, NY",
24c858f2-303c-4c1d-b2ec-d0997dc02a9f,pattern energy,"Develops wind, solar, transmission, and energy storage projects",San Francisco,
11055a77-7e76-4968-a42d-a72847f0237a,pawco foods,Plant-based pet foods,"San Francisco, CA",
489eaf13-a435-43eb-8db8-9c181481d98a,paxafe,Cold chain logistics service,"Milwaukee, WI",https://paxafe.com/
5286fbc8-3486-4e66-8246-23d23d39972f,peak energy,Developer of energy storage technology,"Denver, Colo.",https://www.peakenergy.com/
03196219-74d9-4a96-96dd-39990e2eecae,peakbridge,Invest in food and agriculture-tech companies,Luxembourg,
6fe94bbc-379a-4433-837a-0b05d09d25b6,pearl certification,Certifier of homes,"Charlottesville, VA",https://www.pearlcertification.com/
5fd2c073-baab-444e-bbcd-d23777babfad,pearlx,Provider of smart grid infrastructure systems,"Charlottesville, VA",
269dd1a6-bdc7-4eb3-8892-a27f77780c94,peaxy,Battery analytics platform,"San Jose, CA",
0cd2c6ac-8bcb-4c02-9865-a30623c15436,pebble,Electric RV manufacturer,"Sunnyvale, CA",https://www.pebble.com/
7b628fe9-dd20-4259-a427-823edc51db50,peelo,Developing beeswax wraps as plastic wrap alternatives,Slovakia,https://www.peelo.com/
9d84d089-b4ce-4724-8e53-9ec9709cb6a0,pelican energy partners,Investing in nuclear energy services,Houston,https://pelicanenergy.com/
5602e2d1-b859-4aeb-bc36-e5577291f1e2,pelico,"Supply chain orchestration platform for aerospace, defense, and energy sectors",Miami,
2236d490-9e53-430c-90c4-2fa4fd719410,pelikan mobility,Lease and manage EV fleets,Paris,
a3551705-5bd2-4c19-863f-169e4f91f8c3,pensa systems,Developer of autonomous perception systems,"Austin, Texas",
3323035d-0868-4ed0-a6ff-9ed85dfea5a7,percepto,Autonomous inspection and monitoring solution provider,"Austin, Texas",
05246a22-afe6-484e-a441-8ed8c0d2ecd3,perceptual robotics,Company focused on autonomous wind turbine inspections,UK,https://perceptualrobotics.com/
3287f5f9-f1db-4b6e-af3c-fa7c59bc07e4,perch energy,"Platform that connects solar power providers with homeowners, renters, and businesses","Boston, MA",https://www.perchenergy.com/
5f2e8761-3c75-4ed9-a498-86432b90ebbc,peregrine energy,Renewable energy and storage developer,"Boulder, CO",
c6d82a01-9868-45b3-8c8e-b3c27fa84aaa,peregrine energy solutions,Utility-scale renewables and energy storage development,"Boulder, Colorado",
4c8c2924-f55e-4deb-b3b6-fed2ddb1ad5f,peregrine hydrogen,Green hydrogen and chemicals developer,"Seattle, WA",
ed8dc9fa-585f-4d89-b929-0641e466d8b5,perennial,"Soil carbon measurement, reporting, and verification platform","Boulder, CO",
865f7051-3b94-46d9-9bd0-dbb4b70894f9,perfect day,Animal-free dairy developer,"Berkeley, CA",
5c7fee73-8319-4a5b-8009-b2584d99be05,perfeggt,Producer of plant-based egg products,Germany,
45e87521-5d7a-48be-9d36-5c48fc1639c7,performance livestock analytics,Precision livestock platform,"Ames, Iowa",
a5d9b2bc-e999-4630-b6da-7af7882d319c,permiso,Cloud identity detection and response for cloud infrastructures,"Palo Alto, CA",
018263dc-4380-4544-bfde-c1c7b24b5171,permitflow,Construction permitting workflow and automation software provider,"San Jose, CA",https://www.permitflow.com/
21925123-9900-44db-8c8f-40e8c2aa5514,perry weather,Weather monitoring software,Dallas,https://www.perryweather.com/
d72fa19c-b076-4018-91a7-3c78b64867dc,persana ai,AI agents and data integration platform for sales teams,"San Francisco, CA",https://www.persana.ai/
551a6dc3-f03e-4a13-93e3-01442eef1ede,persefoni,Software and data company focused on sustainability,"Tempe, AZ",https://www.persefoni.com/
236b2e70-265b-4ddf-85c0-365cfa94df02,pess energy,Mobile battery energy storage provider,"Marseille, France",https://pessenergy.com/
db0da1f4-5c63-4934-a199-437ae9be2b52,petra,Tunnel-boring robotics startup for laying utility cables underground,"San Francisco, CA",
81796fc0-60a0-45ba-adbb-4c84c2f41831,pexapark,"Market intelligence, software, and advisory services for renewable energy","Zurich, Switzerland",https://www.pexapark.com/
2eac33b5-3664-47fd-8773-2b218be9be5d,pfx biotech,Precision fermentation process,Portugal,https://www.pfxbiotech.com/
db50d27b-a523-4acf-9a8f-67222f1faca9,pgedge,Edge database platform,"Alexandria, VA",https://www.pgedge.com/
2b2ed574-a359-4974-88d8-edc25abe9468,phagelab,Bacteriophage-based biotech solutions developer,"Santiago, Chile",
beeeb5af-6c98-43e5-abd6-962b4d8d1541,phaidra,Control systems to optimize the performance of industrial facilities and data centers,"Seattle, WA",https://www.phaidra.com/
8677a96c-01d7-4d33-b8f6-c22916bed02b,phantm,Plastic reduction software platform,"Richmond, Australia",https://www.phantm.com/
2e1bea72-c0ea-46d3-b99e-bb33d8e19a60,phantom ai,Autonomous driving platform developer,"Burlingame, CA",https://www.phantom.ai/
d8e81713-b5a3-4937-b7d9-6702a7618157,phasetree,AI-powered simulation platform for sustainable material discovery,"Copenhagen, Denmark",
0d00699f-c3f8-47aa-b43d-b502252636a5,phelas,Liquid Air Energy Storage (LAES) systems technology developer,"Munich, Germany",https://phelas.com/
5d5ed5ed-8395-4668-954f-a443a13b155b,phlair,Direct air capture technology,"Munich, Germany",https://www.phlair.com/
51959cff-55cf-4af5-80fd-3893c58e8337,phnx materials,Coal ash recycling and material recovery service,"Palo Alto, CA",
f839e39c-f69e-436d-8020-2b19ade0ed7c,phnxx,Microgrid developer,"Melbourne, Australia",
42fb7892-cf37-4403-8227-87d6de9edbb0,phoenix tailings,Recycle rare earths from mining waste,"Woburn, MA",https://phoenixtailings.com/
9ab7257a-aa33-4afd-949c-b0ed42a3489f,phood,Platform harnessing AI to reduce food waste,"New York City, NY",https://www.phood.com/
0396042b-8fa6-4688-9d20-3f349cc20c7a,phool,Startup using floral waste for organic fertilizer,India,https://www.phool.co/
85322b8c-b1cb-4cc8-b0a9-c8492316c4ed,phospholutions,Sustainable fertilizer startup,"State College, Penn.",https://www.phospholutions.com/
b116acd6-ea0a-48e2-aaaa-6a3781f79177,photon marine,Electric outboard motors manufacturer,"Portland, OR",
03cee19b-0449-4852-9faa-5f8ebb8462bd,photoncycle,Residential energy storage systems platform,"Oslo, Norway",
4caa76e9-f07e-4b69-9c1f-3bb5b0c57bac,phuc sinh corp,Deforestation-free supply chain,Vietnam,
3b2bde32-f760-4164-af4d-a857f8fbb3f9,phytoform,Startup using genome editing technology to improve crops,"UK and Boston, MA",
2b96a4c6-2dd3-4621-a06d-95c9b74c55f5,piatrika biosystems,Platform that brings sustainable seeds and agro-chemicals to market,India,
ee220ed1-b434-4a0c-ab3a-586617c90fc1,pickle robot,Physical AI robotic automation systems developer,"Cambridge, MA",
896bd8ba-4eaf-4246-a25b-6bc90c26cc1a,piclo,Marketplace for energy flexibility services,"London, U.K.",https://piclo.energy/
e1a7aff3-2d75-4b41-bd31-94b67232a1c1,piclo energy,Energy flexibility trading platform,London,https://www.piclo.energy/
2062d82b-88a8-4803-8939-0c3e2e534952,pico mes,Factory and machinery control software company,"San Francisco, CA",
e0ac85e4-533d-43df-8481-97e0df7accc2,picterra,Geospatial software organization enabling users to extract satellite and drone imaging insights,Switzerland,
f1edd621-bde0-4a89-9f2d-4fd91752d883,pigment,Business planning and forecasting software maker,Paris,https://pigment.app
4d15222c-4d48-4fb6-bd01-d4e0b55ddd24,pigmentum,Producer of plant-based food components,"Qiryat Shmona, Israel",
cd2cb930-b5e4-482a-b7e7-cc9987e16183,pili,Sustainable dyes and pigments producer,"Toulouse, France",
44cd863c-7670-4938-b04f-6a445c0af583,pillar vc,Investing in breakthrough science,"Boston, Massachusetts",
de6d8f35-7007-432d-980b-c288a38a5d60,pina earth,Online carbon credits platform for European forest owners,Germany,
cdff67ce-94ce-4ad8-9fb4-31a24b3ca87d,pine gate renewables,Developer and owner of solar and energy storage projects,"Asheville, NC",https://pinegaterenewables.com/
bca6d756-7d98-4ccc-90ee-9b832404ff45,pioneer,AI-powered climate grants discovery platform,"San Francisco, CA",https://www.pioneer.com/
3e1fc0f5-9642-4160-bd9d-f0afafa27a82,pionix,Open source EV charging provider,"Bruchsal, Germany",https://pionix.com/
4b55bacc-385d-4c65-85ba-b0f1ec1b0090,pipefy,Workflow management software,"San Francisco, CA",https://www.pipefy.com/
094d808b-b926-461a-95a9-58e4e2133e91,pique action,Climate solutions media company,"Los Angeles, CA",
65eb78ef-1504-4c59-b108-e0c36d0d093a,pitchdrive,Targeting European early-stage startups,"Antwerp, Belgium",
19aad8d4-d7b6-4fcd-a900-c87f48455cef,pivot bio,Using microbes to replace synthetic fertilizer,"Berkeley, CA",https://pivotbio.com/
5f327a15-4d31-494c-8e8d-41380d8f0f37,pivot energy,Solar developer,"Denver, CO",
6373cbe6-c49b-496b-8dac-118770ea889a,pixaera,Game-based learning platform,"London, UK",https://pixaera.com/
179bf98d-0bb0-41bb-aa89-b22f3d9814b5,pixel photonics,Single-photon detectors,"Munster, Germany",https://www.pixelphotonics.com/
9194f2eb-c317-4470-909b-018db9dbbb8e,pixie labs,Observe and troubleshoot application’s performance,San Francisco,
7bcb9de3-859a-42c6-b708-349c184501f3,pixxel,Build a constellation of hyperspectral imaging satellites for Earth observation data,India,https://pixxel.space/
8d25875d-544a-4d23-960f-7778f72cfdf0,placer.ai,Foot traffic and location analytics startup,"Los Altos, CA",https://www.placer.ai/
4bcb05b5-ea44-469d-9046-6de7f4b2ce98,plagazi,Green hydrogen developer,"Gothenburg, Sweden",
efdecfeb-92f5-4bfa-8292-18a6e088e633,plan a,Platform for corporate carbon footprint tracking and reporting,"Berlin, Germany",https://plana.earth/
2244a701-22d1-4f9e-b60f-811425097c13,planckian,Quantum batteries developer,"Pisa, Italy",
90ac8729-ade3-4cd9-8029-ade25bd06ad1,planet a foods,"Sustainable, cocoa-free chocolate using plant-based ingredients","Munich, Germany",
21269bca-8c34-423d-a3a4-e12c4883bfab,planet farms,Vertical farming developer,"Milan, Italy",https://www.planetfarms.com/
822b4f63-f6a7-4f11-a931-2c20e473254f,planet fwd,Maker of moonshot snacks from regenerative materials,"San Francisco, CA",https://planetfwd.com/
2bef7156-46f1-491e-9cbb-47446efda009,planetarians,"Maker of whole-cut, plant-based protein","San Francisco, CA",
32a35646-fa85-4a8c-8fd0-fe47bf695b30,planetary sa,Food ingredients made via fermentation,"Cologny, Switzerland",
cac594ad-7a3d-417e-bf29-648873971797,planetary technologies,Ocean-based carbon removal technology,"Nova Scotia, Canada",
5674c7eb-84a4-4182-b0f1-c5774796ed83,planeteer capital,First-time venture fund for climate tech startups,New York,
47f90f22-8b9e-4c32-bf68-a6da9e15a496,planetwatchers,Crop monitoring startup,England,
ac2bcf03-9e17-42f8-87a0-545c2036db50,planqc,Use quantum computing to build better EVs batteries,"Munich, Germany",
b38a5634-98fb-4e29-acb7-a2a0688f6c24,plant alternative,Startup that makes plant-based Indian ready meals,"London, UK",
9e7d92c2-50ff-4bd7-9292-3b9b2b4696e0,plant cartridge,Agritech company offering sustainable agriculture solutions,Kuala Lumpur,
27b06e3d-9f40-45ae-ad60-f9765d01d80e,plant prefab,Custom home builder using sustainable design,"Rialto, CA",https://plantprefab.com/
8a545ef3-5d42-4787-9458-896025eefb8d,plant-ex ingredients,Developer of plant-based ingredients,"Avonmouth, U.K.",https://plant-ex.com/
e3328e60-e509-49a7-a20a-193a6040b69d,plantd,Maker of carbon-negative building materials from renewable grass,"Durham, NC",
1c5b51a5-68f6-448c-9ea2-01b31610180f,planted,Alternative protein company,Switzerland,https://www.planted.ch/
5bfb82ed-0078-435b-aa24-a0945d71a1cc,planted solar,Solutions for solar deployment,"Los Altos, CA, U.S.",https://plantedsolar.com/
d4326bd5-612c-4cb3-bf7d-29af80dc12a3,plantible foods,Producing a plant-based duckweed protein,"San Marcos, CA",https://www.plantiblefoods.com/
e19fa28c-c6e1-4061-a7e4-d0e402aa35e1,plantish,Alternative seafood startup,"Rehovot, Israel",https://www.plantish.com/
120394de-4bbf-4c1d-9304-e43adbba5db9,plantix,Platform that drives efficient agricultural production,Germany,
61486472-65b5-48ff-aa75-26f96bff862b,plantswitch,Technology that converts cellulosic waste into compostable plastic resin alternatives,"Sanford, NC",
97c32e09-5e9a-4bdd-b690-24a0da56e381,platform science,Trucking software maker,"La Jolla, CA",https://platformscience.com/
035a09b9-8c2c-4d2a-8626-864433f9a92a,pledge,Carbon measurement and removal API company,London,
5e85b85f-60eb-4772-baea-2775be2327ee,pleevi,AI-enabled EV charging technology,"Brussels, Belgium",
1b84033d-947c-4900-b7c5-633e6811f075,plenty,Indoor vertical farming technology company,"San Francisco, CA",
b957000a-dc3f-419a-ac5f-48870bbe34f1,plenty unlimited,Farming startup,South San Francisco,
4f1a6246-edc6-4b14-8964-f5f34185253c,plexigrid,AI energy consumption software platform,"Gijon, Spain and Stockholm, Sweden",https://plexigrid.com/
e5395cea-7270-49f4-b65a-164d10b5cdd2,plonts,Make plant-based foods,"Oakland, CA",https://www.plonts.com/
73402865-a60a-40c4-81c3-f4c361b94bca,plotlogic,Startup using hyperspectral imaging for more efficient mining,Australia,https://plotlogic.com/
094deea6-c52b-4f70-87fe-44338e2764b8,plug,EV wholesale auction platform,"Santa Monica, CA",https://www.plug.com/
e786bbb0-a7c3-4a4e-a60a-e54d69c2e3e4,plural energy,Investing platform for clean energy assets,"San Francisco, CA",
4bd0006f-5495-43db-bcd6-1a1b3b125720,plus one robotics,Robotic parcel handling software and solutions provider,"San Antonio, TX",https://plusonerobotics.com/
882a6c0d-b3f7-457b-9807-9d713b661238,pluton biosciences,Microbes for carbon sequestration developer,"Saint Louis, MO",
59ff61e1-2b93-451f-b57c-fd6148974a35,plutoshift,Provider of data intelligence for industrial processes,"Palo Alto, CA and Denver, CO",
62e4a1d6-59a7-4495-bd11-c7325dc8e497,pluvion,Build SaaS to monitor and optimize wastewater infrastructure,"Freiburg, Germany",
b886c9e5-b1ee-48df-9062-6aa3c8899800,poa internet,Affordable internet access provider,"Nairobi, Kenya",
13e37f5d-c573-438b-b018-bdaaca67b621,pod foods,Grocery supply chain software company,"San Francisco, CA",https://www.podfoods.com/
d46c9a5e-e9ab-4641-bd2c-0235d6215c5c,podero,Smart energy management platform,"Vienna, Austria",https://podero.com/
d592fd91-68c8-46c7-9dd5-9ee38bbed773,podfather,Fleet management software solutions,Edinburgh,https://www.podfather.com/
c99139d4-0510-4222-81d7-90930feac3e4,pointo,EV ecosystem for 2 and 3 wheelers,"Kolkata, India",
6e72663e-ab7b-4de8-b444-c3c8b60c2569,polarium energy solutions,Develop batteries for residential and industrial markets,Stockholm,https://www.polarium.com/
2d4437a6-d5f1-4da3-81e6-e025120a88a9,polestar,Electric car company owned by Volvo,"Göteborg, Sweden",https://www.polestar.com/
7d500fab-98e0-4d4e-b0dd-99ab12cdc723,polestar capital,Debt fund to finance e-mobility and logistics,Amsterdam,
acc7a0e7-e240-49c8-b755-53332c3c88e7,pollination,Invest in climate and nature tech startups,"London, U.K.",https://pollinationgroup.com/
53820989-b1d0-4c6f-be5f-247f75503fb6,polycarbin,Resource management platform for single-use plastics,"Los Angeles, CA",
c0262bfd-1abd-4f2d-a700-9886a02b615f,polymateria,Biodegradable fugitive plastics company,"London, UK",
0a7f276a-5774-4bcc-8739-31f5d845a927,polysense,AI-powered waste-reducing technology,Belgium,
81bbf0bd-7060-47f4-bcc9-36f9fbb76cbc,polystyvert,Build its first commercial plant to recycle contaminated polystyrene waste,"Montreal, Canada",
e968dfe6-dab8-4c5c-94ba-b8f2a50857a2,pony ai,Autonomous vehicle systems developer,"Fremont, CA",
4600b049-ab8b-4775-aee0-0bfe8f2ea212,populus,Transportation data platform helping cities manage fleet services,"San Francisco, CA",https://populus.ai/
82f101c0-a308-4fb6-9b70-95a04548f6ec,portcast,Shipping and logistics efficiency software,Singapore,https://portcast.io/
d21dc237-4eb1-4e01-b460-9f9f21cd8b89,porter road,Sustainability-focused animal butcher,"Nashville, TN",
2277d7ed-af3b-43b8-8b2b-70d4393ece93,portpro,Transportation management software company,Jersey City,https://portpro.io/
9babee50-1065-46d3-85f6-d6c8bcfd3395,portside,Maker of software for aviation industry players,"San Francisco, CA",
b99744e7-4b9a-4665-b7b9-50c53c26f1f9,poseidon ocean system,Salmon farming technologies,"Vancouver Island, Canada",
6d1e0430-4835-4ba7-91e4-99a865669ae1,poseidon ocean systems,Aquaculture technology platform,"Campbell River, Canada",
bcc8ae83-1dd6-45e8-949a-a1764bddfcb0,poseidona,Seaweed-based protein production platform,"Barcelona, Spain",
332f6b9b-388b-4d95-8022-ffcb03727987,poshn,Food supply chain emissions monitoring platform,"Dwarka, India",
fae0d125-0b5f-416a-843e-095dde0fd68f,posigen,Provider of renewable energy and efficiency solutions for households,"Metairie, LA",https://posigen.com/
2071a61d-ffc2-4368-ad31-3c2fe2c42317,positron,Developer of energy-efficient chips and systems,"Reno, NV",
02138388-21a1-4e84-a425-b73ccff16023,post script media,Climate-focused podcasting company,"Boston, MA",
3a72286f-92c2-4ecb-87c8-a4e35941317e,power to hydrogen,Clean energy technology company,"Columbus, OH",
92b63a45-5c88-43ff-885d-ab7c0a4f1556,power2x,Hydrogen project developer,"Amsterdam, Netherlands",
6c0ed006-f45e-47aa-875e-f6e67ada39c4,powerdot,EV charging infrastructure operator,"Lisbon, Portugal",https://www.powerdot.com/
a0cae83c-289b-428b-bc97-8f032f80c2c6,powerflex systems,"Provider of C&I solar, storage, and EV charging solutions",,
67b95746-145f-42f9-b05f-12d3a7d907ee,powerpollen,Pollination improvement startup focused on enhancing agricultural productivity,"Ankeny, IA",https://www.powerpollen.com/
6ab9e0c7-c270-4f4f-8ad8-4faa7e8acd77,powertech water,Developer of water treatment technologies,"Lexington, KY",
b5a46353-c77c-4c3e-b959-5a04586933dc,powerx,EV charger and energy management technologies,"Brooklyn, NY",https://powerx.com/
ef918178-dcc8-41f5-8678-36224eebf597,powin,Build battery projects,"Portland, OR",
11b6bfed-3661-47fc-b075-2406d504959d,powin energy,Integrated battery energy storage developer,"Portland, OR",
bf74cb8b-b66d-42bd-a75f-1053f513b88e,praan,Provider of outdoor air purification systems,India,
9ecbad60-f9be-49d9-bf88-24d31da5d09a,prakriti e-mobility,EV cab service provider,India,
19322eec-d199-4a89-b685-3762f97e6252,predicthq,Demand intelligence company,New Zealand,
c40e60d4-b857-41d1-87e7-18aacc6d9abe,predium,ESG management software for real estate and finance,"Munich, Germany",https://predium.com/
2e315dd1-bb57-490a-a57c-63a427ce1527,prefer,Coffee bean-free coffee,Singapore,
a6f8d5b2-94f9-425b-a540-a168e04aa5b6,pretred,Startup recycling tires into sustainable construction materials,"Lakewood, CO",
0c023f62-a424-4ee2-9457-0bf500f7ef19,previsico,Flood risk management platform,"Loughborough, UK",https://previsico.com/
a27c020e-5760-45e8-a303-bb5958f45fa9,prewave,"Sustainability, risk, and compliance platform for supply chains","Vienna, Austria",https://prewave.com/
6e25cc3a-181d-4494-af6a-2e3cae324ac8,prime movers lab,Investment firm investing in deep tech companies,"Wyoming, WY",
d8ada914-b08e-4b20-a0b5-7fcf1984bf4b,primergy,Renewable energy developer,"Oakland, CA",
16341332-78ef-4577-ac6e-8cad21069202,primergy solar,Expanding solar and storage project portfolio,Oakland,https://primergysolar.com/
880d15d3-6e03-4392-b386-1f57ce4b556f,princeton nuenergy,Lithium-ion battery recycling platform,"Bordentown, NJ, U.S.",
af07a1b2-3380-40a8-992a-386d3de246bc,priority power,Energy services provider,"Arlington, TX",
60a9c924-ad2e-4fb3-84ad-55e9717f96ec,prism worldwide,Tire recycling business,"Kirkland, WA",
920bb2ea-153a-4c2e-af29-9cadca79dc24,prisma,Open-source database toolkit for developers, ,https://www.prisma.io/
fb2d32be-6b88-4ca4-ba74-a7bc8a26e868,prisma photonics,Startup using AI to monitor and manage large scale infrastructure,"Tel Aviv, Israel",
3aed4506-693a-4275-830a-35c12d71b537,producepay,"Financing, analytics, and marketplace startup for the fresh produce market","Los Angeles, CA",
f5ea1cae-c2fd-46a7-8fb5-469adee7a6a0,profluent,AI-driven protein design platform,"Berkeley, CA",https://profluent.com/
6eaf6970-a641-480e-9953-7e0861a528a2,project 3 mobility,Autonomous electric vehicle developer,"Zagreb, Croatia",
6ea8dd07-09fc-4bef-a34a-c79279f8336d,project canary,"Provider of emissions monitoring and ESG data for the energy, manufacturing and waste management sectors","Denver, CO",
74d01053-47c4-4f79-88d8-0e4cf7540660,project eaden,Fiber-spinning process for alternative meat products,Germany,https://www.projecteaden.com/
82fda1ed-659b-4847-8430-a307825dd813,project innerspace,Non-profit geothermal energy organization,,
e23835d1-a6e5-47f9-8f03-dbac9a36ec22,project solar,E-commerce brand for solar installations,"Lehi, UT",https://projectsolar.com/
87859e36-9728-4061-8a3b-888fdc67a261,prolific machines,Photomolecular biology platform that uses light to make proteins,"Emeryville, CA",https://www.prolificmachines.com/
43cba996-7ec5-4ab1-9837-905614d235a1,prologium technology,Lithium battery cell maker,Taiwan,https://www.prologium.com/
2b226a90-c0c8-4261-9c7b-f0e607d963e6,promethean particles,Advanced nanomaterials for carbon capture and storage,"Nottingham, U.K.",
30e04997-1414-458c-ae5e-adebc2378f13,prometheus materials,Zero-carbon building materials provider,"Boulder, Colo.",
ea7e8bd3-8c77-4752-9a24-07bb70485515,propagate ventures,Agroforestry project development and investments platform,"Denver, CO",https://propagateventures.com/
6d5a2d6e-fad7-411b-9626-f1f0fbb80c0a,propelo,Engineering analytics and automation company,"San Francisco, CA",
bda235fd-6f71-4e5d-b2fc-fc5f5cec6c70,prophecy,Low-code data engineering platform,"Palo Alto, Calif.",https://www.prophecy.io/
e9053ddc-7b08-4c43-a9d6-0237a565861e,prosperops,Autonomous cloud cost optimization platform,"Austin, U.S.",
9d5654bf-621f-4a86-a22e-f6ec476cdf16,protealis,Soy seed coating technology,Ghent,https://www.protealis.com/
f6741e0e-50c9-4881-b509-82632fbacbd4,protein evolution,Carbon reduction climate tech startup,"New Haven, Conn.",
ea688052-762f-4c2c-97a7-5909b1a14017,proteindistillery,Plant-based food platform,"Ostfildern, Germany",https://www.proteindistillery.com/
bf8d0a72-b3d1-428d-95d7-5088326906c6,protera,Developing new proteins for sustainable solutions,"Santiago, Chile",
7ecb3ea5-ceaa-4467-8fab-bec5d669a1ad,proterra,Maker of electric buses,"Burlingame, CA",https://www.proterra.com/
294285d9-7379-4895-ae19-a9ec25e29e15,protix,Insect-based animal feed company,"Dongen, Netherlands",https://www.protix.eu/
6ce5dbfa-f06b-455a-8fba-88847eafc82f,protix biosystems,Insect-based animal feed developer,"Dongen, Netherlands",
ef9463f0-3c38-4e34-8ec5-553e43617932,provectus algae,Sustainable bio manufacturing platform,Australia,
772e4b2b-137e-4ed9-9627-2d6a30d69ec0,provenance,Startup digitally verifying corporate sustainability claims,UK,https://provenance.org/
b8ee1fea-783e-48df-8233-fca0dafc6e52,provivi,Emerging crop protection company,"Santa Monica, CA",https://www.provivi.com/
c7e4f51a-25cb-4056-a8cb-5e035b162a70,proxima fusion,Developing fusion power plants designed to provide emission-free energy,"Munich, Germany",https://www.proximafusion.com/
6bd42de4-0c01-4b5d-a30f-0e92ceb26d24,proximie,Digitizing operating and diagnostic rooms,"London, U.K.",https://proximie.com/
9a6164dc-5cde-4d4b-b73e-150ff2092262,prozeal infra,Solar EPC company,"Ahmedabad, India",
79d2b874-a7ee-48a8-8a39-158de8325a45,pry financials,The financial modeling tool for startups,"San Francisco, CA",https://www.pry.fi/
9eaa5566-e53d-4019-b05b-b059e02b9d42,pryme,Circular recycling for plastics company,"Rotterdam, Netherlands",
5bceeeba-9b39-4b9e-ab17-86579f9cfcae,prȇts,Help homeowners finance home electrification and decarbonization upgrades,"Amsterdam, Netherlands",
a9e117e7-44fc-4ecc-92e4-8cedd2461b3c,psiquantum,Quantum computing firm,"Palo Alto, CA",https://psiquantum.com/
8f634a2f-98e9-4623-b3f1-e74fcc4688e7,pterodynamics,Configurable VTOL aircraft manufacturer,"Colorado Springs, CO",https://pterodynamics.com/
659c52b1-6237-4c65-af64-e89dc4dee18e,pula,Agricultural insurance and digital solutions,"Nairobi, Kenya",
4203c419-638e-41f1-845f-a90d4b97c402,puloli,IoT methane monitoring technologies,San Francisco,https://puloli.com/
acb92684-2fce-4d72-a78f-2c30c7f20ddb,pulpac,Sustainable packaging solutions,Sweden,https://www.pulpac.com/
f563240d-a464-457a-a6dc-dcb46e266390,pulse clean energy,Energy storage and grid stability facilities developer,"London, UK",https://pulsecleanenergy.com/
08b9c8bb-40a2-4549-8595-04efea7b1119,pulse crop genetic improvement network,Develop more pest and disease-resilient legumes,"Norwich, U.K.",
4c2ca05c-370e-4187-b249-d687421621c2,pulsesg,ESG software as a service platform,"San Francisco, CA",
40fd27c2-57e1-47e8-b953-832d89da9eb4,pulsetrain,Electric vehicle battery management solutions developer,"Munich, Germany",
8e464b1a-a9ce-4a97-988e-c6f3fc6e6412,pure ev,Electric vehicle and battery manufacturing platform,"Sangareddy, India",https://www.pureev.com/
d5d4200a-0648-468c-9149-91be8ef9ccff,pure harvest smart farms,Technology-enhanced greenhouses,Middle East,
a2af4286-1404-4d81-9c80-b1bba9fcc557,pure lithium,Develop lithium extraction technology,"Boston, MA",
1ce0f638-62e4-4098-abe5-6aec16b2eae8,pure watercraft,Manufacturer of electric motors for boats,"Seattle, WA",https://purewatercraft.com/
32e862e7-7fe2-4ac0-af41-b18ce787a066,purifire energy,Turn wastewater into green hydrogen and methanol,"Cambridge, UK",
ce4934af-f994-41b4-98d2-310aae563b67,purpose green,Decarbonization consulting company for building owners,"Berlin, Germany",
0962a522-fe74-4ad0-8c0d-db0cd9c92fe3,push security,SaaS security company,"London, UK",https://www.pushsecurity.com/
ddfef04c-013a-4e98-ac02-fa84288dda76,pvcase,Solar project design software company,"Vilnius, Lithuania",https://www.pvcase.com/
6e78e004-8486-4e94-a76c-1b34df1de24d,pyka,Electric autonomous aviation startup,"Oakland, CA",https://www.pyka.com/
4acfb83b-c123-45d7-9569-6529140a8d94,pyn,Workplace communication software platform,Australia,
15cd0757-26d3-4ce2-890e-27aa8ef84f6c,pyrpose,Climate finance platform,"Geneva, Switzerland",
0e47d6eb-0b09-4312-ac04-43e659cf7229,q cells,Energy storage systems software provider,"San Francisco, CA",
ebfa6837-723e-494f-a25b-b0c7f631eb68,q-ctrl,Quantum infrastructure software company,Australia,https://q-ctrl.com/
5bd621af-10dc-4265-9c62-24ef56e51876,q5d,Robotic systems for wiring harness assembly,"Bristol, U.K.",https://www.q5d.com/
9f632350-2618-4195-93da-a041fe098b01,qaptis,Building mobile carbon capture devices for trucking,"Lausanne, Switzerland",https://qaptis.com/
2fbcac6a-54e4-435b-be20-5c5878538661,qarbotech,Biocompatible photosynthesis enhancement manufacturer,"Puchong, Malaysia",https://qarbotech.com/
ef4d22f5-cb90-4bd2-9afe-f9ff00c41144,qargo,Transport management software for the trucking industry,"Ghent, Belgium",https://qargo.com/
41d3d3c0-4c8e-4217-bbc2-d9c666ba19b8,qcells,Photovoltaic cell manufacturer,"Seoul, South Korea",https://www.q-cells.com/
a93e0cff-f88c-4da0-9f7a-74feb43a625d,qdrant,Vector database and search platform,"Berlin, Germany",https://qdrant.tech/
c0b79015-c400-46dd-80b1-a64e71bb713b,qell acquisition,Sustainable tech-focused SPAC,,
d07e04d6-6004-4c18-8e80-9ec1a3f90108,qevlar ai,Autonomous AI security operations center analysts developer,"Paris, France",https://qevlar.ai/
4f797416-5210-453a-8fe5-f6bea21d6ce2,qflow,Decarbonization software platform for construction,"London, UK",
5b057823-b591-4996-8a1d-ff9ec0892471,qio technologies,Industrial sustainability company,"Farnborough, U.K.",
acb97412-0345-43fc-a117-430cb581b949,qlm technology,Providing greenhouse gas monitoring through quantum-enabled technology,UK,
255342f1-cbf9-45c6-8fa4-041ffaa08d1e,qnovo,Battery management software startup,"Newark, CA",https://www.qnovo.com/
f9b68619-73d8-4ca6-88ab-a71ec7b75897,qotto,Provider of solar systems in Africa,France,
322b71a1-a1a5-4125-84cd-3125f31088c9,qovoltis,Deploy smart EV charging stations,Paris,https://www.qovoltis.com/
cddd9190-c215-4c66-b2fd-e2c95857ab60,quaise,Energy company using millimeter wave drilling to access deep geothermal energy,"Cambridge, MA",https://www.quaise.energy/
fd414735-a577-4b0b-823c-783641fe90ce,quantexa,Decision intelligence software company,"London, UK",https://www.quantexa.com/
c02111a0-06ff-4d19-968d-1e340c0000fd,quantified energy labs,Developer of aerial monitoring solutions for PV inspection,Singapore,
9bb977e6-87bb-40a6-a45a-448eb917aea9,quantron,Manufacturer of clean battery and hydrogen-fueled vehicles,Germany,https://www.quantron.net/
69fb944a-1b04-4c73-b551-aa672b4ba54f,quantumscape,Developer of solid state batteries for EVs,"San Jose, CA",https://quantumscape.com/
84c7b5fe-569d-4acb-9521-5dd81ca5f6c8,quativa,Residential solar sales platform and marketplace,"Los Angeles, CA",https://www.quativa.com/
a9786f72-4976-4d4f-863e-6bcfbd01b0f0,quatt,Producer of smart heat pumps,"Amsterdam, Netherlands",https://www.quatt.com/
1393514e-86f7-4062-b7eb-904be1b9413e,qube technologies,Continuous emissions monitoring platform,"Calgary, Canada",
49751b14-3bb4-4da1-bc11-4087b1a9d4ef,quidnet energy,Storing water beneath ground under pressure,"Houston, TX",
031a36e5-871a-4b99-b6cd-af26bd21c01a,quinbrook infrastructure partners,Largest solar and battery project in the U.K.,"London, U.K.",
978714c1-8c24-482a-a1da-aedf1047298e,quino energy,Redox flow battery company,"San Leandro, CA",
e6f5af78-75eb-44bf-8199-c0ad2066a03d,quixotic,Energy management software,Madrid,https://quixotic.com/
c2ce3e3a-440c-41bc-85ba-fb3d161164fd,quotapath,Commissions tracking and automation solution for sales and revenue teams,"Austin, TX",
7ff87607-e853-4df0-88dd-c2001217a3de,qvantum,Provider of electric heat pumps,Sweden,https://www.qvantum.se/
421127da-8602-4432-bf2a-0dc90a845088,r-zero,Germ-killing UV device,"San Francisco, CA",
6efc2c5e-8297-420d-83a3-0f6a116b79e8,raad labs,Blockchain-based infrastructure data measurement,"New York, U.S.",
851c69d2-a801-403b-af70-ab6b39e3d250,racenergy,Battery swapping network,"Hyderabad, India",
4ad6b20f-0b96-46b5-940f-f9855c42f267,rad power bikes,Maker of electric bikes,"Seattle, WA",https://www.radpowerbikes.com/
a7cfe952-bf9a-4fc8-a8e7-966ef2482c9e,radar,Location data infrastructure platform,"Brooklyn, NY",https://radar.io/
d42ebec4-4cb5-4e66-9437-9adf81b2e74d,radian aerospace,Space systems transportation developer,"Renton, WA",
a8cb27ff-8d5c-449e-a905-70fc215de864,radiant,Portable nuclear microreactors to replace diesel generators,"El Segundo, CA",
b6e42299-4651-42bb-b7b1-5f876469b200,radiant industries,"Make portable, tiny nuclear reactors to replace diesel generators","El Segundo, CA",
3895b2c3-1dc7-4e46-9758-4ff0e4e226cc,radiant matter,Shimmer and color effects from cellulose,"London, U.K.",
85b0c874-6ac8-48cb-a795-047da3a066ce,radiant nuclear,"Developing the first portable, zero-emissions nuclear microreactor","El Segundo, CA",
b235c931-7588-4ed7-b5ad-265ba824b6fc,radical,High-altitude solar-powered sensor aircraft maker,"Seattle, U.S.",
338b7393-32c6-485a-bf93-d7237be556fb,rafay systems,Platform to deploy performance and geography sensitive workloads,"Sunnyvale, CA",
33730b0d-ef39-4f19-8a0e-3123e18bab4c,ragie,"AI data ingestion, index, and retrieval platform","San Francisco, CA",https://www.ragie.com/
fa30e298-16b6-4cfe-846c-12421a4560e0,raicoon,Provider of autonomous solar operations,"Vienna, Austria",https://raicoon.com/
63f1e99c-4218-4bf1-a695-507e934157de,raiku packaging,100% compostable packaging solutions developer,"Tallinn, Estonia",https://www.raiku.com/
02e02a56-7f3a-40c4-9be9-2c321abade4a,railvision analytics,Train efficiency platform lowering fuel consumption and emissions,Montreal,
4b1272ae-168c-49b3-9749-afff9b35cd4b,rain,Aerial wildfire containment technology provider,"Alameda, CA",
55b490cf-bae2-482e-b8c5-426004a97c31,raincoat,Climate insurance solutions provider,"San Juan, Puerto Rico",https://www.raincoat.com/
467ec8ae-2bcf-4486-bee8-4f6091fe43b9,rainmaker,Cloud-seeding technology,"El Segundo, CA",https://rainmaker.com/
ce8d1a54-2580-4160-9756-28e2b44dd9f0,raise green,Crowdfunding marketplace for climate solutions,"Somerville, MA",
5e9e456f-70fc-4d87-accf-f66e97b9bd77,range energy,Company providing electric trailers for the commercial trucking market,"Mountain View, CA",https://www.rangeenergy.com/
ba28f9db-1b07-4b22-8d0e-205d9fa606f5,rangeforce,Cyber defense upskilling solutions provider,"Norfolk, VA",https://www.rangeforce.com/
7b23c6e5-13fd-485b-86c9-6a2af56322e0,rapid liquid print,Additive manufacturing business,"Boston, MA",https://rapidliquidprint.com/
505e97d7-2721-4671-ab88-90b892c47f16,rapiddeploy,Emergency dispatch and analytics platform,"Austin, TX",https://www.rapiddeploy.com/
4f20e3f6-453d-487c-bbf3-e04b581af727,rapidsos,Emergency technology,New York,https://rapidsos.com/
ba054708-2d87-4aa7-bb69-f5c441d21345,raptee energy,Electric motorcycle manufacturer,"Chennai, India",
61837915-b854-416f-af98-616802c27a96,raptor maps,"Analytics, insights, and productivity software for the solar lifecycle","Boston, MA",https://raptormaps.com/
591d048e-c879-4863-a284-ddb95f0e8db2,rare earth global,Supplying carbon-neutral hemp,"Saffron Walden, U.K.",https://rareearthglobal.com/
8d0bd065-0678-4cda-921a-97f5f3cee0af,ratedpower,Software platform to design and engineer solar plants,Spain,https://www.ratedpower.com/
2844f971-5856-446f-909b-d9384a82601f,raven sr,Fuel cell and renewable transportation fuels development,"Pinedale, WY",
007e8f95-bd89-4c22-90e8-68ba8f3b111f,raygen,Solar and thermal energy storage business,"Victoria, Australia",
c141172d-6da9-4860-b1a4-20d50289b84c,raylo,Consumer goods reuse platform,"London, UK",https://www.raylo.com/
a95e1271-72fa-4a4e-a6bc-62f1106913a0,re-fresh global,Textile upcycling company,"Berlin, Germany",
43fba667-7ec2-4be3-8025-86453f77d6a2,re-volv,Finance non-profit solar projects,San Francisco,
2932d7fc-0b35-4b8e-b24e-eafafa50acaf,re:build manufacturing,"Domestic industrial manufacturing business combining traditional methods with automation, digitization, and 3D printing","Cambridge, MA",
c4e5acb3-e96e-4e29-9aed-27c39bf894fb,reactive,Real-time data on grid dynamics,"Oxford, U.K.",
cc1618ab-e27d-4d4b-9740-128ee3fb3ac5,reactive technologies,Grid technology company,"London, UK",https://reactive-technologies.com/
cbd0224f-9f7c-4f4b-a2ee-7d1ef27a09c0,ready robotics,Robotic automation software,"Columbus, OH",
8d13b5eb-9b4f-43ed-83c3-fefafde3b2dd,realta fusion,Developer of fusion energy targeting industrial heat and energy,"Madison, Wisconsin",
eb852f31-2d33-4969-b5cf-932c594579c3,realtime robotics,Creator of responsive motion planning for industrial robots and autonomous vehicles,"Boston, MA",
ebc1c08b-d082-4562-9b70-790f13751d7f,reask,Climate risk modeling tools startup,"Sydney, Australia",
4f94445e-5bc9-44cc-8e25-5ac371d4a2da,rebound technologies,Alternative to traditional vapor compression cooling systems, ,
00d3e3f3-2852-4e42-a16c-948aba8a08f1,rebundle,Creator of plant-based hair extensions,"St. Louis, MI",
51a722ed-cf0d-42dc-a4b2-b8265449d44e,recircle,Waste management logistics platform,"Mumbai, India",
0f678362-100c-4882-9264-bb0bf3d5061b,reclaim.ai,Calendar assistant and time management platform,"Portland, OR",
59dc8b63-90ba-4333-9f88-087ed8d23520,recover,Maker of recycled cotton fibers,Madrid,
ba3ae1ad-e5dc-4112-a37d-a59f433568ab,recovo,Circular fashion platform,"Barcelona, Spain",
2dabf153-2b69-495a-9284-9c099285d421,recurrent,Used EV car reports platform,"Seattle, WA",https://recurrentauto.com/
62d55654-13a9-45c3-b1bd-b6a7d8d62603,recurrent energy,Solar and energy storage developer,"Austin, TX",
e20fe5eb-57d3-452b-b29d-a7fd4dad3818,recurve,Open-source platform for virtual power plant planning,"Mill Valley, CA",https://recurve.com/
cf7b5768-28b6-4326-9b57-da81bd0a9c60,recycle track systems,Traceability solutions for the waste and recycling industry,"New York, NY",https://www.recyclect.com/
2ff2ed43-4fc8-496b-92f0-861f40d0b564,recycleye,Startup seeking to automate waste sorting,London,https://recycleye.com/
ee83eb18-7b58-4dba-af1b-ff47644ebf04,recyclops,Recycling startup with curbside pickup,"Sandy, Utah",
021b55ee-9270-4003-a3ab-eb8d0c838642,red kubes,Software deployment solution,Netherlands,
5c7b063a-17c0-443d-92d1-9f1b5b166997,red sea farms,Agtech startup that uses salt water to grow local produce while reducing carbon emissions and water scarcity,Saudi Arabia,
516d9944-1ba4-4d07-bde4-701b5d6f4077,redalpine,"Invests across many sectors, including energy","Zurich, Switzerland",
84f72135-9b94-4408-a432-8bc6e8c052dc,redaptive,Energy efficiency-as-a-service provider,"San Francisco, CA",https://www.redaptive.com/
4164d184-c2e7-490b-8b60-56790bf9ce31,redex,Renewable Energy Certificates marketplace,"Singapore, Singapore",
f811c823-03f5-4151-ab17-e562719f5372,reduced,Use fermentation technology to turn food and agriculture waste streams into food ingredients,"Copenhagen, Denmark",
3cc0f9bd-f8cf-40dd-8fe5-365a420fac34,reducto,AI document processing solution provider,"San Francisco, CA",
d5294f76-f545-4a08-89a3-277912b6eba1,redwood materials,EV battery recycler,"Carson City, NV",https://www.redwoodmaterials.com/
465c1ded-2f0f-4fc2-9e2f-c76ffb8dfeed,reefilla,Mobile charging and energy storage solutions,"Turin, Italy",https://www.reefilla.com/
ec18cb4b-011a-49c4-8ef2-21f1992df06a,reel energy,Retail renewable energy procurement platform,Denmark,
62b89f19-9082-4f73-966a-463bcdc5c2f3,reeldata ai,Data and automation provider to farmers,"Halifax, Canada",
2534acbb-032e-4abe-8037-b7b4afbff514,refactor capital,To invest in seed-stage hard tech companies,"Burlingame, CA",
402c2710-e2bc-4d09-9ebe-49a20625cf0f,refiberd,Textile waste sorting company,"Cupertino, CA",https://www.refiberd.com/
b1cbfb53-af8a-45bd-ac90-c5b0ea436228,reflect orbital,Reflective satellite developer for solar energy capture,"Hawthorne, CA",https://www.reflectorbital.com/
ea0be9d8-2fa3-4628-980a-f92f80a8cfe1,refuel green,E-fuels production platform,"Dresden, Germany",
2776270e-249b-4f7f-8fbb-8ab9954a889b,rega energy,Biomethane and green hydrogen developer,"Lisbon, Portugal",https://regaenergy.com/
7117d5d5-9360-4fe8-b010-db29016e7895,regeneration vc,Management of climate fund,Los Angeles,
bc165bb3-c68e-4680-9ea9-ebe91648099c,regeneration.vc,Debut fund,,
96c85815-e117-47ce-9b76-56d9357e3f49,regent,Manufacturer of electric seagliders,"Boston, MA",https://regentcraft.com/
4c3e1554-0c20-433e-8712-293d5e50c4be,regrow,Focused on the agri-food supply chain,"San Francisco, CA",
e10c002d-cf24-4825-b72e-e14d9f661656,regrow ag,Agriculture resilience platform,"Durham, NH",https://www.regrow.ag/
f3009d80-1b02-4d83-8fcc-e014db717371,rekosistem,Waste management and recycling provider,"Jakarta Selatan, Indonesia",https://rekosistem.com/
58740620-4b15-4d43-9192-08c5ec2dc0ca,releaf,Agtech startup focused on industrializing food processing in Africa,Nigeria,https://releaf.ng/
2bc7d825-8210-4dd6-b481-262840367879,releasehub,Environment deployment and management startup,"San Francisco, CA",https://www.releasehub.com/
f50b1113-1a3d-4b6a-b17c-25a6f8de7a30,relectrify,Inverter-free battery cells development,"West Melbourne, Australia",https://relectrify.com/
2033cba6-1797-47e8-8d62-00f9b02d44a0,relocalize,Hyper-local food supply system developer,"Montréal, Canada",https://relocalize.com/
aa07ea83-97c9-4778-9bda-bf6b03326f7a,remilk,Alternative dairy product company,Israel,https://remilk.com/
7d666bc0-31c0-4ad6-b409-19d596c6b95c,remo energy,Developer of ammonia using renewable energy,"Boston, MA",
0452235f-0c68-4240-90ed-46d3b2225029,renaissance fusion,Magnetic confinement fusion reactors,"Grenoble, France",https://www.renaissancefusion.com/
2ea74dcf-583c-489c-a845-d1689a574d20,rendesco,Manufacture ground-source heat pumps,"London, U.K.",https://www.rendesco.com/
44aeddc3-d66e-4087-8bb3-964e8b9d136d,renegade plastics,Sustainable fabric coatings,"Golden, CO",
52512684-284a-4566-8582-a451c214d5b0,renercycle,Wind turbine refurbishment provider,"Pamplona, Spain",
0a0c478e-e387-41c6-baeb-a5c4fdbd0995,renesola,Solar project developer,"Oakland, CA",
22072972-f776-4329-9a4f-c7c34d3afcac,renew,Develop renewable projects,"New Delhi, India",
cdb50248-8983-4251-ab86-d2591c6aeb2a,renew home,Merging OhmConnect and Nest Renew,U.S.,
0ce9858d-492a-4b60-b1d4-1219d3b24563,renew risk,Risk analytics for energy assets service provider,"London, UK",
42fcf9a3-3398-42be-89de-38467e0573ae,renewaball,Circular tennis ball producer,"Amsterdam, Netherlands",
65046e45-7a4c-4126-b593-4a3665aac1f8,renewabl,Hourly-matched renewable energy certificates platform,"London, UK",https://renewabl.com/
b6e91b54-14f3-4bdc-9d75-cedeff042535,renewafi,Marketplace for renewable energy,"New York, NY",
10a5a144-6645-4314-843f-d72e2bb9593a,renewance,Software platform for battery lifecycle management,"Chicago, IL",
532ebcbe-4aba-460a-b771-1e330ec6d420,renewco2,CO2 to chemicals startup,"Cranford, NJ",
b87b7f79-84e1-4f28-8d63-6554a6348249,renewwest,Environmental asset developer,"Denver, CO",
80a191c1-9f11-4fd4-9f0d-60d3cbd1b192,renorun,Technology-enabled construction material delivery service,"Montreal, Canada",
237c29e8-6c87-42ee-a484-559be6e44fd2,renovare fuels,Turning biogas into liquid fuels,"London, U.K.",
1ac1711f-a519-4a5d-b721-59412878cc10,reonic,Renewable technology sales software platform,"Augsburg, Germany",https://reonic.com/
f46956d0-7940-4626-8d0f-b28aa6eda0f0,repair carbon,Direct air capture company,"Tel Aviv, Israel",
9e0adeb3-4169-4940-8634-e75440fa80f6,repath,Climate risk platform,Germany,
d5f6b77d-8f21-418f-8ac3-c00699321b19,repeats group,Plastics recycling platform focused on producing recycled low-density polyethylene,Netherlands,
f6f73a1e-a850-4026-a6f8-c03918207f7b,replace,AI-powered renewable and data center development platform,"Tel Aviv, Israel",
6c21cb83-dd0b-458d-a5ea-9fd556c7da3a,replant capital,Funding for farmers transitioning to regenerative practices,,
38e234f9-65a8-47cd-942c-e674c89a547a,replenysh,Startup aiming to enhance the profitability of recycling,"Orange County, CA",
e36f2d5b-c7d8-450b-aeef-17807a799f90,repsol,Builds wind and solar energy projects,Madrid,https://repsol.com/
03396eef-e8e9-4e2e-ab7a-fdb3657e525e,repurpose global,Developer of software for sustainability assessment,"New York City, NY",
1021ab18-c432-4bd1-8fb3-9ab66b45b459,reseed,Carbon credit platform,"Cheyenne, WY",https://reseed.co/
e3018d71-3317-43d7-b84d-ae6500c85074,reshape,AI and robotics-powered imaging and analysis platform,"Copenhagen, Denmark",https://www.reshape.com/
5e8fb9c1-9e1a-4f19-b8e3-78c229dfffc7,reshape automation,Industrial automation technology,"San Francisco, U.S.",https://reshapeautomation.com/
a7f4cd80-557f-4998-8f6a-08affdd695c5,reshape bio,Microbial research and development digitization platform,"Copenhagen, Denmark",
26214fe3-06e9-4809-b046-5d756aab3dea,reshape energy,Help install low-carbon energy solutions,"Munich, Germany",
c2cbb003-22bd-41e8-83c3-cdfecc46934a,resilco,Transforming industrial waste into secondary raw materials,"Bergamo, Italy",
b781fb8f-a73d-4c09-aca5-b8a89ab7b35f,resilient power,Electric vehicle fast-charging company,"Atlanta, GA",https://www.resilientpower.com/
deef7803-c41d-4ec5-8542-7f141ac4dca8,resolve ai,AI software operations automation developer,"San Francisco, CA",https://resolve.ai/
ac2c7ec0-8d89-43c3-8bd9-be5c0de6abc5,resonant link,Wireless charging technology for medical devices and electric fleets,"Shelburne, Vermont",
a0c7122d-7965-4713-a515-da45a739b6af,resource chemical,Bioplastics technology pilot plant,Oakland,
3a095787-e17d-4f36-80a4-abe15fe040a8,resourcely,Cloud resource management platform,"San Jose, CA",https://www.resourcely.com/
dad0e1e3-2e37-4c4d-ac16-bf5a01ce6d79,resourcify,Digital platform for waste management and recycling,Germany,https://resourcify.com/
178c512f-32eb-445d-96c0-3aa23d4ff1fe,responsible,Circular fashion startup,UK,
3b770a48-078b-46a5-90f4-180dd6ff27b9,responsibly,Platform designed to help companies monitor sustainability of suppliers,Denmark,
e6c9f3ed-0963-45fc-945a-1ded1ef64a00,resurety,Sustainability goals-oriented software and services provider,"Boston, MA",https://www.resurety.com/
e55ac838-b456-4c7c-aa3a-209f9de9502f,resurrect bio,Crop-health technology company,"London, UK",
937db906-dbef-4b81-ab30-81e2a5c64ec9,resynergi,Modular plastic recycling technology provider,"Rohnert Park, CA",https://resynergi.com/
087e182d-a003-4270-ae66-f83980ff9966,retail zipline,Retail operations platform,"San Francisco, CA",
e3d81ef8-7c56-4c9e-9ca3-44363c52f0d6,retraced,Supply-chain tracking and compliance,"Düsseldorf, Germany",https://retraced.co/
f50c390b-db19-4c32-8900-eea57da3bdd9,retrocausal,Developer of an AI copilot for manufacturing processes,"Redmond, WA",
ccc64b4d-9f41-4fe8-bdc4-2b1fadb7ee48,return protocol,Blockchain climate platform,"San Francisco, CA",
44c73361-35d6-44dd-adac-9c62987db6ce,revalue nature,Nature-based carbon project developer,"London, UK",
5bd4da8f-b1c7-482f-a0fc-3576586ce943,revel,Urban electric micro mobility manufacturer,"Brooklyn, NY",https://www.reveltransit.com/
19a1c828-ba98-40e5-a602-9d14576b0008,revent,Supporting planetary and social health startups,Berlin,https://www.revent.com/
b85cdc29-b43d-46a6-ba95-8117a4b98c50,reverion,Biogas power plants with advanced fuel cells,"Eresing, Germany",https://www.reverion.com/
c9a04b1c-e359-430d-b415-5cc23b287c42,revfin,EV lending platform,"Delhi, India",https://www.revfin.in/
778d65f0-3e98-4176-bf2a-caf4e0223397,revolv,Electric commercial fleet provider,"San Francisco, CA",https://www.revolv.com/
f8da2d9f-903d-4255-8c97-bf92c31ec8a6,revops,Workflow software startup,"San Francisco, CA",
8c2c588d-4e2b-4d89-954b-4cb5fd0fce62,revos,EV infrastructure platform,India,
4018e10e-eb82-4c36-8024-1f6f6832277b,revsure,Pipeline acceleration company,"Palo Alto, CA",
2203a745-f07c-4335-b270-6c078fbcc0f0,revterra,Developer of flywheel energy storage systems,"Houston, TX",
0cac78fb-0e5c-449c-9ea9-0092951a7181,revyve,Producer of sustainable ingredients from food industry byproducts,"Rotkreuz, Switzerland",
18dc203c-eaa2-46e1-b43f-09469cd5b788,rewind,Biomass carbon removal and storage company,"Tel Aviv-Yafo, Israel",https://rewindcarbon.com/
e0f18f59-0a22-4192-9706-0fb39b516486,rezonate,Cloud identity protection platform,"Boston, MA",
32953701-283f-4120-b799-0fc419c06a0a,rheaply,Provider of a resource management and exchange platform enabling the circular economy,"Chicago, IL",
0f54ee40-111f-451c-802f-e487f68419c5,rhinestone,Infrastructure developer for modular smart accounts,"London, England",
ae4f6906-ce16-4d9f-923f-56d0c1f0a6ea,rhizocore technologies,Producer of mycorrhizal fungi pellets for reforestation,"Edinburgh, United Kingdom",https://www.rhizocore.com/
e4cd3385-581e-4cb5-b619-d8a6f3a5954d,rhizome,Grid resilience software platform,"Washington D.C., DC",
b6ddac0d-bccb-46b2-9f4d-d70331c09303,rhombus energy,Producer of EV charging infrastructure and related power solutions,"San Diego, CA",
dbe3af22-e6e6-47b0-a7ad-97eef22133f4,rice acquisition,SPAC targeting the Energy Transition space,,
c05f08f1-6d13-4a44-9047-d152ebd118c4,ride report,Micro-mobility management tool for cities,"Portland, Ore",https://www.ride.report/
9621430e-2d28-4354-b4e0-544bcbe6f6cd,ride1up,E-bike maker,"San Diego, CA",
3db49997-0d9f-49b9-b638-e8c85f4f62cf,ridecell,Fleet management software maker,"San Francisco, CA",
f37aa4af-75ae-46df-966a-a468e175afac,ridepanda,"Online seller of e-bikes, e-scooters, and e-mopeds","San Francisco, CA",https://ridepanda.com/
d050cd51-7be5-4e40-815a-475f6ba57e7d,ridetandem,Sustainable transportation company,"London, UK",https://www.ridetandem.com/
4fcd7832-6a7f-43bd-b291-5a73b29b329b,ridgewood infrastructure,Second fund for water and strategic infrastructure,New York,
5722c74e-22f1-49bf-a689-6641b18262c8,rift,Industrial heat decarbonization technology developer,Netherlands,
b28d6646-cb18-4bca-93b1-0a8c7cc15a7c,rimac group,Electric sports car maker,Croatia,
9ac9b267-ccc2-479b-9573-036f25e88eb9,rimere,Technologies converting natural gas into hydrogen and graphene,"Newport Beach, CA",
9108573d-003a-44a1-b7e8-e4693784c31f,rincell corporation,Advanced battery cell developer,"San Francisco, CA",
91b73f75-5733-49d8-a8ca-a32a9b94acf4,ripelocker,Provider of containers extending the post-harvest life of food perishables,"Seattle, WA",https://www.ripelocker.com/
5125bd6e-b19d-4f7f-a0c2-f7dffb9e1285,rise gardens,"Maker of indoor, hydroponic garden systems","Chicago, IL",https://risegardens.com/
f5197013-116f-4b64-ab3c-8698cc7fec3a,rise robotics,Startup focused on heavy machinery electrification,"Somerville, Massachusetts",
c2ec6ccd-7520-4166-a33b-5ae01c486705,risilience,Climate analytics company,"Cambridge, U.K.",https://risilience.com/
3d753c33-5508-4a5a-be6e-e5430448d73d,rival foods,Plant-based protein developer,"Amersfoort, Netherlands",
aac9a966-b220-4284-af76-4fee5c964b58,rivan,Synthetic fuel plants developer,"London, UK",
5e4454f0-7d77-4df5-8ba0-73d5c5bece26,rivan industries,Modular systems for producing synthetic fuel,London,
b4884e2d-62fa-48fc-b9f0-93b9f4a2ab30,river,Electric two-wheeler vehicle developer,"Bengaluru, India",
718ec8ce-587a-4b4b-b3d1-3be63a945836,riverlane,Quantum engineering company,"Cambridge, U.K.",
1e305581-61b1-45a7-94d0-33774616a29d,riverse,"Carbon measurement, reporting, and verification (MRV) platform for carbon credits","Paris, France",
5defc5ed-671d-46ef-804f-908dce1cc30e,rivian,Manufacturer of electric SUVs and pickup trucks,"Irvine, CA",https://www.rivian.com/
c7beb742-f055-493f-9219-537720df7b3c,rize,Farming practice changes reducing methane emissions,Singapore,https://rize.com/
090f64da-ddd7-4400-929c-fd882be5d473,rl core technologies,Waste and wastewater process control optimization software provider,"Edmonton, Canada",https://rlcore.com/
e3c4ea5d-9395-4809-9254-791362241f22,rmg acquisition ii,SPAC targeting ESG companies,,
f84b5f7e-9bc7-4afe-aa8d-1219ddb13f54,ro,Telehealth company focused on men’s and women’s health,"New York, NY",https://ro.co/
efb39ca6-713a-4f1b-a89b-b897e3d44e91,roadrunner recycling,Creator of waste management and recycling solutions,"Pittsburgh, PA",
a0c6d2af-5d74-4646-86cc-6c68bc615c18,roadsync,Digital payments platform for the transportation industry,"Atlanta, GA",https://www.roadsync.com/
7b8ce1ae-5925-4a02-8293-babb900e5014,roam,Electric motorcycles and utility vehicles,"Nairobi, Kenya",
e685c2d6-2b58-4c06-8502-0f349a9b09ff,robigo,Provider of a biopesticide crop protection platform,"Cambridge, MA",
d4e4a6ac-cdca-491c-974d-323a0fa1467f,roboforce,Automation of workforce manufacturer,"Milpitas, CA",
1878cf33-3c12-47de-b8b0-e0885e612255,robotic research,Autonomous mobility and robotics software company,"Clarksburg, MD",https://www.roboticresearch.com/
b5ad6f7f-bfc0-41af-904e-413e283ea511,robust international,Agricultural commodity export platform,"Singapore, Singapore",
474d221e-0684-4f88-9ce2-05d9aac24eb6,rock rabbit,Software for managing energy rebates,"San Francisco, CA",
71b4b518-7f41-4f6b-a991-fb7acca6df75,rockaway ventures,Invest in late-seed and Series A startups in energy and defense,Prague,https://rockawayventures.com/
c9e91e05-1fa3-4ecb-a468-b096a83a6783,rocsys,Developer of robotic EV charging solutions,"Delft, Netherlands",https://www.rocys.com/
7818a038-f9a1-44d2-853f-61682e2ef2b0,rodradar,Developing sensors for avoiding damages to underground utilities,Israel,https://www.rodradar.com/
7741008f-e63d-4a00-8189-eaafff69dfb7,roetz,Circular bicycle brand,Amsterdam,https://roetz.com/
3c609947-37a0-449f-a08b-e748bd83b392,romco,Metals recycling startup,UK,
74d32735-7c4b-4591-a33d-fa0af92a40cd,romeo power technology,Provider of sustainable power systems for electric vehicles,"Vernon, CA",
70c6a9f7-2cfd-4281-8e0f-49b61a401b9f,romeo systems,Electric battery company merging with a SPAC,,
a12dc869-dffa-467b-b678-32ad21aa78fa,rondo energy,Low-carbon industrial heat through thermal radiation developer,"Oakland, CA",
701e4104-ed87-44f9-b411-3cbecf79502d,roofit.solar,Rooftop solar company,"Tallinn, Estonia",https://roofit.solar/
63928067-06e3-467b-b21a-d7e03c0a24a1,root,Software to track emissions in food supply chains,"Berlin, Germany",https://www.root.com/
956cf01a-190c-4e78-9d25-5c108693fbca,root ai,Building produce-picking robots,"Boston, MA",
b1f42acc-e57c-40b9-a8d3-e37ddb8c0699,rootai,Robotics-ag startup acquired by Appharvest,"Boston, MA",
3cb77f52-55e4-4db5-bcae-2c19e90c0b5d,rootwave,Electric weed-killing technology,"Kineton, England",https://www.rootwave.com/
7f3e4c10-bdd1-4f04-b627-50270d321606,ros,Company recycling photovoltaic panels,France,
7f5c107f-566f-484f-b98e-d542f7da9497,roslin technologies,Providing animal cell lines for cultivated meat production,UK,
42a4de83-8910-4f28-8e95-52d9d09e265f,rosy soil,Sustainable soil company,"New York City, NY",
ef8ffc44-124a-4fc4-aff6-ad5424a39fad,route,Product tracking software company,"Lehi, Utah",
c5af581c-ad2d-4ead-9527-72f310526d58,route reports,Infrastructure data software platform for roads and rail,"London, United Kingdom",https://www.routereports.com/
cd7f2b0d-52fc-4a2a-b7b8-ffae3711935e,rowan digital infrastructure,Sustainable data center development,Denver,
653c07f0-b25d-4e13-b978-5f5a532ed574,rplus energies,Renewables development business,"Salt Lake City, UT",
8fd48bb4-3701-4424-846b-7b24fcba4cd8,rubi laboratories,Carbon-negative cellulosic textiles startup,"Sausalito, CA",
7c5616d6-8acd-4b17-9bd8-6019917d820f,rubicon carbon,Carbon marketplace platform,"Marina del Rey, CA",
71d93f4d-bdfc-4874-a504-99351db7aebb,rugged robotics,Construction technology startup focused on automation,Houston,
b12cf6e6-83e6-40e2-afde-13b0c6eeb8bc,rumin8,Developer of feed supplements to reduce methane emissions from livestock,Australia,
e1765a94-b462-4303-83d9-5205b9843581,ruminant biotech,Methane-inhibiting bolus for livestock emissions,"Auckland, New Zealand",https://ruminantbiotech.com/
070f55c0-6676-4c63-bec4-3166762d293a,rune labs,Developer of software for neuroscience therapeutics,"San Francisco, CA",
d8043673-74df-4f08-8ec4-33df7c0410a5,running tide,Ocean-based carbon removal developer,"Portland, ME",
0c362d1a-2a35-481e-83df-40179826cb93,runwise,Hardware and software to address inefficient heating systems,New York,https://www.runwise.com/
3d95c665-1253-485d-a14a-a45dbdc7c536,ruuf,Solar power marketplace,"Santiago, Chile",
f460064b-2b4b-4f34-a589-1cd94e75c97e,rwdc industries,Bioplastics manufacturing startup,"Athens, GA",
380305e2-f0ab-4ba9-bb50-49843e8d564d,rynse,Fleet management platform,Los Angeles,
403f54dd-f834-41bf-8967-cc056765521a,ryp labs,Food waste reduction technology developer,"Bothell, Washington",https://www.ryplabs.com/
67e82ff6-845f-41f7-963d-369f3525d422,ryse energy,Decentralized renewable energy developer,"Abu Dhabi, United Arab Emirates",
4ac8c29a-4f0c-4988-9098-5d51bc42f8ab,ryte,Platform for measuring CO2 impact of websites,"Munich, Germany",https://ryte.com/
110eac83-090e-4442-9eb0-88d015d72a32,s2g ventures,Venture firm focused on sustainable agriculture,"Chicago, IL",https://www.s2gventures.com/
734190bd-b2a8-421b-b634-742df636d828,saeki,Autonomous factories company,"Zurich, Switzerland",
20af265a-c249-49f5-8681-a688bb4ad54f,saeki robotics,Manufacturing robotics developer,"Aarau, Switzerland",
310180f3-318e-4f29-97ec-5ade55cc5a2b,safeai,Autonomous heavy equipment startup,"Milpitas, CA",
6e9f66a6-54f3-4f62-9435-1b1d8b0d90b3,safegrid,Grid fault detection and sensing technology provider,"Helsinki, Finland",
25ae9f8f-4704-4057-9791-6b21d60848cb,safehub,Platform for building earthquake damage information,"San Francisco, CA",
7f81dc83-154e-47a9-9b6b-02f116db03c5,safi,Marketplace for trading recyclables internationally,"London, UK",
f47ef540-1c39-4bfb-aa94-54443e5dfc42,safire,Battery safety technology developer,"Tysons Corner, VA",
fa901845-a7d8-4cf6-9935-3a44de135e27,safire technology group,Safer lithium-ion batteries,"Knoxville, TN",
7441a7db-026c-4bdd-8d41-900d7f24173c,sage geosystems,Geothermal energy and storage systems,"Houston, TX",https://www.sagegeosystems.com/
b6ba8d8d-d715-4d30-8490-c49ccb1cf1dc,saildrone,Using autonomous vessels to gather ocean data,"Alameda, CA",https://www.saildrone.com/
a0a8add9-d031-40b3-b17f-74ba1fda2e1e,sallea,Scaffolding technology for cultivated meat production,"Zürich, Switzerland",
df32b83c-faa9-4a44-a481-4b8bf4366219,saltwork technologies,Water treatment and lithium processing services provider,"Richmond, Canada",
39297e13-0033-4bfa-9ed8-3c5e9f86f225,salzstrom,Sodium-ion battery energy storage systems,"Vienna, Austria",https://salzstrom.com/
8a0f54f4-0b88-4988-a837-2af39a0662cc,samara,Solar installation startup,"Madrid, Spain",https://www.samara.com/
6ec96e37-bdff-4677-9350-772b1965dde0,samotics,Electrical data analytics technologies,"Leiden, Netherlands",https://samotics.com/
4da6a2f1-e643-4690-b7d0-1e4ad8d8f82f,samsara eco,For its enzyme-based technology that breaks down plastics and other materials,Sydney,https://samsaraeco.com/
e4d3c718-78a2-41cb-8a2e-faede4ea5c07,sand to green,Developer of agroforestry plantations in arid climates,"Paris, France",
56e65285-e238-4bad-9f11-fa296418fb10,sapphire technologies,Energy recovery systems developer and manufacturer,"Cerritos, Calif.",
22568d88-2190-4a53-b5cf-4e1b7e8ce573,sarla aviation,Electric air taxis for urban mobility,"Bengaluru, India",
39bd17d3-c12d-4de4-9f7c-68f7d7cc0720,satellite vu,Thermal footprinting satellite technology company,UK,https://www.satellitevu.com/
7766d5f3-b44f-4deb-a2c4-eede6eaabb0b,satelytics,Cloud-based geospatial analytics software monitoring environmental changes,"Toledo, Ohio",https://www.satelytics.com/
07a2c192-9c43-4fed-990b-05aadec85a85,satsure,Earth observation platform,"Bangalore, India",https://www.satsure.co/
19f8e128-60cf-43a0-93eb-9f39627516a7,saturas,Precision irrigation startup,Israel,
09bb3a76-929c-41df-9e2e-7d5512ba8be6,satvu,Satellite-based thermal imaging solutions,London,
5a39465f-37ff-4135-ae2d-629e148c1186,saveggy,Plant-based packaging for vegetables,"Lund, Sweden",https://saveggy.com/
6e6a7a05-b1b4-411e-b8df-62e4a3c5c4a0,savemoneycutcarbon,Marketplace for energy efficiency products,"London, UK",https://www.savemoneycutcarbon.com/
0c30f6f8-8a8d-48df-bd77-3b68a5f065df,scala data centers,Sustainable data center platform,"São Paulo, Brazil",https://www.scaladatacenters.com/
96c53cce-5028-4534-817a-ea3e5eb0e2c6,scalar international,Private equity fund for energy efficiency,"New York, NY",
c3df15d2-577b-4cda-90c2-44f28262e234,scale microgrids,Develop distributed energy assets and microgrid solutions,"City Not Specified, State Not Specified",https://www.scalemicrogrids.com/
e59abb89-a6c9-4d91-8044-5819f942a262,scaler,ESG reporting platform for real estate investors,"New York City and Amsterdam, The Netherlands",https://www.scaler.com/
b7b21cb2-70be-4776-b7b7-a4c4b45d9244,sceye,Long-endurance flight at high altitude technologies,"Torrance County, NM",
46084f5f-1815-4a9e-b8ec-6c1660fcb97e,schlumberger,Carbon capture business acquisition,Houston,https://www.slb.com/
eb8d3d4b-605f-4b60-b0ab-8f761281e214,schüttflix,Circular economy for building materials platform,"Gütersloh, Germany",https://www.schuettflix.de/
97690af2-04dd-47d4-8a2c-b56f66621c6e,scifi foods (fka artemys foods),Cultivated meat startup,"San Francisco, CA",
6ba0d29b-1fda-4ae6-904a-d89cf2dfe161,scimplify,Specialty chemicals manufacturing platform,"Bengaluru, India",https://www.scimplify.com/
cee52dc1-028c-4c2d-b104-a127a4befbe5,scipher technologies,Electronic waste recycling company,Melbourne,
59d5b4cb-d74a-4960-aea8-2e54a9a94d93,scoot science,Ocean analytics company,"Santa Cruz, CA",https://www.scootscience.com/
ebbfb129-441e-49a1-a981-3d81cb6fdd65,scope zero,Startup developing a carbon savings account,"San Francisco, CA",
83134d52-bd77-4f87-b719-8b475378b5e7,scope3,Remote emissions monitor and provider of emissions reduction solutions for advertising companies,New York,https://scope3.com/
e810adda-c3f6-4f75-bb3f-f0a1c9fb7f29,scorpio electric,Electric motorcycle manufacturer,Singapore,https://scorpioelectric.com/
dd220aef-a349-48fc-adfb-8a4a4c2226ab,scoutlabs,Uses solar to help farmers monitor pest infestations,"Budapest, Hungary",
f0b7b1b9-ae94-44b0-ba12-c0980691c4b2,scrapbees,Scrap metal recycling and disposal service provider,"Neuss, Germany",https://www.scrapbees.com/
e85a5f8f-f350-488d-a82a-12732285bba6,scw systems,Direct air capture and synthetic natural gas and green hydrogen production technologies,"Alkmaar, Netherlands",https://www.scwsystems.com/
a5715482-2e41-4a22-ad7c-f3de15df5643,scythe robotics,Autonomous robotic company,"Boulder, CO",https://www.scytherobotics.com/
baf6e023-6f9f-47dd-a177-64e3bc31b08e,se ventures,Accelerator program for climate and industrial tech,Menlo Park,https://www.seventures.com/
bb4e5fb9-e053-4bc0-b9ae-b451e071a17a,sea machines robotics,Developer of autonomous systems for ocean-going vessels,"Boston, MA",
11b0aba8-b949-457e-9781-9e62ed90febe,sea6 energy,Ocean farming startup,India,
7165f62c-6628-4fed-bbca-62c592b3e6bc,seabound,Startup prototyping carbon capture equipment that connects to ships’ smokestacks,UK,https://www.seabound.co/
3a300954-769e-45ba-bb68-e117df56bbec,seadronix,Autonomous marine navigation control system developer,"Ulsan, South Korea",https://seadronix.com/
a8974be8-49d2-4e82-a079-b4eb89a5f812,seafood reboot,Startup developing plant-based seafood products,Paris,
baf8d61b-3d2d-4232-a897-8bd49a7fd10e,sealed,Provider of home improvements services intended to improve energy efficiency,"New York City, NY",https://www.sealed.com/
cae458b7-0362-47ca-9194-c748cad0a6a7,seam group,Energy asset management platform,"Beachwood, OH",
30dc7fdc-8494-44a2-8d6c-13785be675ad,seao2,Ocean-based carbon removal business,Amsterdam,
7061e4f8-803f-49cb-a6df-1e37f953ed1c,seatrec,Renewable energy company that harvests energy from temperature differences,"Monrovia, CA",
5acf4146-a3ca-40d6-806e-6b5043307803,seax ventures,First climate-focused fund,San Francisco,
63e32f30-e665-4656-b5e5-a68e04567e48,seaya,"New climate tech fund, 'Andromeda'","Madrid, Spain",
64e77826-1ffd-490b-90e3-6d793d601e3b,secai marche,Farm-to-table platform,"Petaling Jaya, Malaysia",
cdcfe815-5d2e-498b-8562-06f714d149db,seenons,Waste-saving platform for the circular economy,Amsterdam,https://www.seenons.com/
0f4e1955-d095-4dbb-b268-23775561ab20,seetree,A.I. tree intelligence company,"Tel Aviv, Israel",
1a2a6aa0-7b7b-4f0c-86dd-b883494d0b9d,seismos,Developer of acoustic sensing technology,"Austin, TX",
16866c16-bc94-4df4-948e-a685accce043,selex motors,Manufacturer of smart electric motorcycles,Vietnam,https://selexmotors.com/
1018a761-aa4a-41d3-a59b-4178dd15ddce,selfrag,Waste-to-value company,"Kerzers, Switzerland",https://selfrag.com/
3335cd47-7c65-468c-8b40-487349117e09,semios,Crop risk analytics startup,Canada,https://semios.com/
b21d5fc5-d402-4f71-9651-9fff4b0d6ecb,sencrop,Provider of weather analytics services for agriculture,France,https://sencrop.com/
b4b45719-4b3a-4af0-a145-2ac4b060b160,sendle,Shipping carrier focused on carbon neutrality and small business,"Seattle, WA",https://www.sendle.com/
04ed2f96-dbc0-4b29-b2e5-bbe85e75730d,senken,Climate finance trading platform,"Berlin, Germany",
0d356ef8-654b-42a6-864c-dbfe220b1cce,senra systems,Robotic manufacturing equipment for aerospace and energy sectors,"Torrance, California",
fd603fbd-efa7-45fd-bdf8-f5d415048f00,sensand,Carbon credit and MRV platform for farmers,"Melbourne, Australia",
b96e45d5-ca5a-4cbf-8d5c-3653d74adaeb,sensat,Data visualization company optimizing infrastructure development,"London, U.K.",https://www.sensat.co/
5d8a06d3-6f19-4f00-97a6-cce279daa046,sense,Provider of real-time home energy intelligence,"Cambridge, Mass.",https://sense.com/
3352f367-5b70-4873-ad9d-2b6435fe3610,sensehawk,SaaS company for developing solar and other infrastructure sites,"San Francisco, CA",https://www.sensehawk.com/
f4b45f80-b9e8-416d-a86f-a99977190313,sensei,Computer vision startup,Portugal,
6b1f3084-94d8-40a5-b2dc-9e9759cc0bdd,sensenode,SaaS company developing technology that monitors and optimizes energy usage,Sweden,
b5842edb-d26a-4c02-9d4d-379b492915cf,sensible weather,Weather risk consumer management platform,"Santa Monica, CA",https://www.sensibleweather.com/
de3a840f-c779-4f0a-b52e-a53d15093317,sensmore,Autonomous machinery retrofitter,"New Lambton, Australia",
d8dc0aab-6f0c-4f80-a4ea-7c5ab975edb0,sensoneo,Smart waste management solutions company,"Bratislava, Slovakia",https://www.sensoneo.com/
c23b09b4-d52d-437c-a8a4-7dc4b4d72466,sensorfact,Smart monitoring for industrial SMEs platform,"Utrecht, Netherlands",https://sensorfact.com/
27586fff-2eae-4d63-9e17-6c96487491be,sensorflow,Hotel energy efficiency startup,Singapore,https://www.sensorflow.co/
31867fdf-487a-4e50-8a8c-c95a868340cb,sensorita,Digital twins to help waste management streamline operations,"Oslo, Norway",https://sensorita.com/
d5088f24-4290-4ff8-b237-c6a84e718401,sensorup,Methane emissions management software provider,"Calgary, Canada",
3945cef1-9ed7-4f4a-92a0-2883513e9f48,sentera,AI-based agricultural insights platform,,
0c3788d2-6b89-4a2b-b7b0-b1088beb36b3,sentra.world,Emissions management platform for industrials,"Bengaluru, India",
3e04b0d9-186c-45d9-89d7-15eb986e6f87,sentry,Provider of software error monitoring solutions,"San Francisco, CA",https://sentry.io/
2168b238-5ae1-4563-9465-c157fbc35840,sepion,Li-metal battery company,"Emeryville, CA",
346ea9be-7db4-4a5d-935f-7ce22433d44a,sepion technologies,Build lithium-ion battery separator plant,"Alameda, CA",
aea96ac9-2b9f-46d3-b312-fc2707cde8d5,seppure,Industrial chemical membrane technology company,Singapore,
a1f62379-0e20-4943-a3d9-a2c89156eb65,sepura home,High-tech food garbage disposal start-up,"Victoria, Canada",https://sepurahome.com/
989cfb16-d618-4a07-9a2e-44f189b9be16,seqana,SaaS platform integrating satellite imagery and data,Berlin,https://seqana.com/
bed80357-8263-46ba-b501-9e4d396bd055,sequestra,Technology for binding CO₂ in industrial residues,Vienna,https://www.sequestra.com/
7346183c-ceff-41d3-be00-1417a217253a,serenity,"AI environmental, health, and safety software provider","San Diego, CA",
ce8c730e-f2d1-4205-a67a-c835f2af6b45,serenity ehs,"Environmental, health, safety, and sustainability software company","San Diego, CA",
ee2cfae4-1f03-4b73-9995-82187ca9c2e5,serentica renewables,Renewables provider for hard-to-abate industrial sectors,India,
85b70868-e615-4949-86a1-5ecac0353713,sero,Provider of home energy optimization services,"Cardiff, United Kingdom",
369db11c-86cb-48e1-af87-1f255fa894f2,service4charger,EV charging infrastructure developer,"Berlin, Germany",
8566116c-aaed-4fdf-abf0-a1f5449481c5,servicetrade,Commercial service contractor software platform,"Durham, N.C.",https://www.servicetrade.com/
92729c57-1e0d-43cd-9ad7-934248482d74,ses,Maker of rechargeable batteries for electric vehicles,"Boston, MA",https://www.ses.ai/
1a7f0f47-aae5-4741-bd59-7d5c860ac12a,sesamm,ESG text monitoring platform,"Paris, France",https://www.sesamm.com/
38838dae-c6d7-4807-ad32-163a0f43cbf3,seurat technologies,3D metal printing startup focused on decarbonizing manufacturing,"Wilmington, MA",https://www.seurat.com/
a68853c6-55e0-449e-9b3a-23c477484ac0,sevan multi-site solutions,Provider of construction management services,"Downers Grove, IL",
d9e44f7d-4a16-4c29-b774-47871d9a2ca5,seven oaks acquisition,ESG-focused SPAC,,
166ed038-ad78-4774-84a8-f5e7c7517e7f,sewerai,Use AI to help detect problems in sewer pipes,"Walnut Creek, CA, U.S.",
9675c034-d143-4b86-ba84-4c1d6a3d0eb7,share mobility,Mobility-as-a-service platform for companies,"Columbus, OH",https://www.sharemobility.com/
9e460d12-40f3-4769-b5ac-cc178608041c,shelf engine,Optimizes the shelf-stocking process in grocery stores,Seattle,
bb26265e-28f1-43e1-a728-33ea502cd274,shift4good,Sustainable transportation venture fund,"France, Singapore",https://shift4good.com/
3c0cb5e5-82f2-4db3-a2b3-722660008b4f,shifted energy,Distributed energy company,"Honolulu, HI",https://www.shiftedenergy.com/
ef2f827c-4f9e-4b05-9f24-9f57acb15fe9,shimmer industries,End-to-end software automating large-scale lighting projects,"New York, NY",
9728f30c-9c3f-4bcd-9822-37b936fda8de,shine,Mental health and wellness app,"Janesville, WI",
9c73f58c-d3fd-4497-aeaa-f4fa25a85c9a,shinkei systems,Efficient fish-processing tech,"El Segundo, CA",
db3c043b-49cc-4890-8675-c6d162f126f4,shiok meats,Alternative proteins startup developing lab-grown shrimp,Singapore,
6c64aa3b-42b0-4030-baa5-4519be15cd43,shiru,Biotech startup creating novel plant-based ingredients,"Emeryville, CA",https://shiru.com/
67ef9f7b-fc73-4e0f-bc67-4023f324415c,shoals technologies group,Provider of solar balance-of-systems solutions,"Portland, TN",https://shoals.com/
551919c1-fc44-4957-ba0b-b7ee81581be1,shoreline,Renewable energy development and operations software for wind projects,Norway,
f602f313-ff74-4ef8-8573-289d04da7b20,shyft power solutions,Software focused on optimizing energy resources in emerging markets,Nigeria,https://shyftpower.com/
ca814f5d-125a-4138-a8e9-bfce902c2a90,sibros,Connected vehicle platform company,"San Jose, CA",https://www.sibros.tech/
170f8e93-8cf5-4d72-be44-09bde70dce3d,sicona battery technologies,Lithium-ion silicon anode technology provider,"Alexandria, Australia",
e18265a9-d718-4a2c-a82b-1000eebb2dad,sidewalk infrastructure partners,Technology-enabled infrastructure development,,
1c776c77-709c-4a66-b1a7-3ebf725bc359,sierra energy,Waste gasification company,"Davis, Calif.",
acaac363-c6c8-4682-b82c-46894d1d3bda,sightglass,AI-powered private markets investor relations platform,"Portland, OR",
3d971304-1dae-4ee7-b93a-e9e10c58ca91,sigma lithium,Lithium project developer,"Vancouver, Canada",https://sigmalithiumresources.com/
f31fddf7-91da-43db-92a5-38988fe5062a,signol,Emissions reduction behavioral change software platform,"London, UK",https://www.signol.io/
706c62ad-9e11-4cbd-b209-ab6896376bd3,sila nanotechnologies,Battery startup,"Alameda, CA",https://www.silanano.com/
8a5536df-7f8a-455b-9ad7-d8e987142dfe,silence,Early-stage and climate tech-focused fund,"New York, U.S.",
32a465d0-6581-465f-b6e7-8a91f74e6b11,silfab solar,Photovoltaic (PV) module developer and manufacturer,"Mississauga, Canada",
1c901c4d-be8b-4154-99ce-b4053b2d739a,silicon data,Information about GPU pricing and performance benchmarking,"New York, New York",
091c0896-62c5-4ecf-8331-bd1f0a6eacc6,silicon ranch,Provider of renewable energy and battery storage solutions,"Nashville, TN",https://www.siliconranch.com/
c54ac85a-be30-4f29-b4f6-f8917db061b0,silicon ranch corporation,Independent renewable energy producer,"Nashville, USA",https://www.siliconranch.com/
05664a95-263c-4f53-9c79-cb4f0116c13a,silviaterra,Forestry company for exchanging carbon offsets,,
67fc0ad9-9f7d-47b3-9262-728e7865d3fc,simple energy,Smart electric scooter platform,"Bangalore, India",
08f61388-4ab8-4614-871e-ffaf812bd908,simple planet,Cultivated meat ingredients,South Korea,
566b27f6-6915-43ae-850d-17ad6d43be9d,simplifyber,Creating molded garment and shoe uppers from cellulose-based liquid,"New York, NY",https://www.simplifyber.com/
f77ce5da-1c8c-4d6a-a776-618158eaa76b,simply homes,"Platform designed to optimize the acquisition, renovation, and leasing of stagnant houses","Portland, Maine",https://www.simplyhomes.com/
57e03be8-01f4-49cc-9bbc-acea95dc3da7,simplyblock,Cloud-storage products for efficient data centers,"Berlin, Germany",
a6617103-75a4-4f7a-add6-23d9920c420a,simulate,Plant-based chicken nuggets company,"New York, NY",https://www.simulate.com/
215e9981-f92f-43ac-be81-dc4c3da84c45,sinai technologies,Startup helping companies calculate internal carbon pricing,"San Francisco, CA",https://sinaitechnologies.com/
6731bd03-544b-4fbb-ae1d-25d73f9d5633,single.earth,Carbon credit crypto token market,,
3112f495-8d48-4975-9804-8448b62c7d36,singularity energy,Grid carbon emissions platform,"Somerville, MA",
41e4ab38-d1e6-47a5-a1d0-154ea6841a6d,sion power corporation,Developer of electric vehicle batteries,"Tucson, Ariz.",
7506dfd7-7781-4c37-917d-e7b9acc8ef30,sircel,Recycle solar panels,"Sydney, Australia",
0000eca8-0154-4050-a077-6c7a430258b3,sirionlabs,Contract management software platform,"Bellevue, WA",
e750516e-f501-4cf7-a173-fcabd4faff32,sirona technologies,For its direct air capture technology,"Brussels, Belgium",
4aa2b6c8-923c-4368-bda6-0a74ab96e8dc,sistema.bio,Biogas technology and systems developer,"Mexico City, Mexico",https://sistema.bio/
45e1af1c-a6da-4551-be6f-a3259434fdc4,sistine solar,Provider of solar panels,"Somerville, MA",
65672103-8c26-4750-ad35-9aa254e63330,siteaware,A.I. construction verification software,"Houston, TX",
c5043239-0697-453a-ba8b-5e54a2507757,sitekick,AI-powered commercial real estate construction site-monitoring platform,"Minneapolis, MN",https://sitekick.com/
e6e2f13a-98db-4eb0-a717-5e5d5ad962af,sitetracker,Infrastructure tech company,"Palo Alto, CA",https://sitetracker.com/
ce14debf-4081-45d3-bee5-de01a7259a23,sitration,Pioneering novel separation processes for battery recycling,"Cambridge, MA",
8e6d1aaf-f3d4-4b51-bc09-566f686dbf92,sjf ventures,Venture firm,"Durham, NC",
02349d30-d2fc-46cb-9a6e-27705a84921c,sk on,EV battery manufacturer,"Seoul, South Korea",
64b1f996-16ec-4666-b446-8b948b1153dc,skarper,Convert standard bikes into e-bikes,London,
fdce4337-b2b4-48f7-bd47-c0b77d448d9e,skeleton technologies,Graphene-based supercapacitor and battery energy storage developer,"Tallinn, Estonia",https://www.skeletontech.com/
d221f24b-eec5-4f6e-b49a-ec1bbaec4e88,skoon energy,Platform for renting electricity and energy systems,"Rotterdam, Netherlands",https://www.skoon.energy/
8c274351-a9a6-4777-81f1-438be12d0a62,skoot,Carbon offset platform,"London, UK",
2a41783b-27f3-4867-a92c-10031583fce6,skycell,To develop a more sustainable temperature-controlled supply chain for pharmaceuticals,"Zug, Switzerland",https://www.skycell.ch/
6014b6c6-d192-4e21-9161-7568b420dadd,skycool systems,Passive air conditioning and refrigeration systems developer,"Mountain View, CA",https://www.skycoolsystems.com/
ba787e36-b2c4-4e52-9405-aaf89cafab5f,skydio,Autonomous drones for various applications,"San Mateo, CA",https://www.skydio.com/
42441634-83c5-4b06-aed1-9f04c52b828b,skydrive,eVTOL developer,"Tokyo, Japan",
82331b2c-2d96-4d38-9a65-6aca19512e17,skydweller,Solar aircraft startup,"Oklahoma City, OK",
adf60495-faad-45f5-bdfd-632265c85188,skyever,Innovative solar energy solutions provider,"San Diego, CA",https://www.skyever.com/
04b18dde-4ef9-456f-8042-76a0e8c275a4,skyfora,AI-based weather forecasts platform,"Helsinki, Finland",https://skyfora.com/
99c6c881-56d8-4b2f-bb36-8898e877e830,skyhigh,Drone-based delivery service,"San Francisco, CA",
9d88d28b-cec4-4c82-a546-74f59713b33d,skyhive,Reskilling software company,"Palo Alto, CA",https://www.skyhive.io/
a64c1073-6c32-41fb-a3a3-9e781d7ef631,skylar technologies,AI-driven solutions for supply chain management,"San Francisco, CA",
a1da23fb-2d49-47c8-93ad-bb4dad6c38f3,skynrg,Sustainable Aviation Fuels (SAFs) producer,"Amsterdam, Netherlands",https://skynrg.com/
927520f6-f666-4d83-9d3b-9cf73a68d178,skyports,Infrastructure for advanced electric air mobility,"London, U.K.",https://skyports.net/
45a86eed-86cd-4a53-8f39-48403ac2ef3c,skyqraft,Drone that inspects powerlines,Sweden,
797279b7-428f-4ccd-835b-7eace5bf31c6,skyspecs,Monitoring renewable energy assets like wind turbines,"Ann Arbor, MI",
06dc64cf-657d-4dc8-a7a3-45295e02ea19,skysync,Cloud storage and backup solutions,"Harrisburg, PA",https://www.skysync.com/
c66efddf-e5b2-4f27-beb3-55763e6ceefb,skytree,On-site direct air capture provider,"Amsterdam, Netherlands",https://www.skytree.tech/
68785826-ed8f-49e7-a944-3345f05954b9,skyven technologies,Energy-as-a-Service company which funds and de-risks capital projects to reduce carbon emissions caused by process heat,"Dallas, TX",
052a1bb1-25cb-4c0e-9405-a8f13274a805,slate auto,Affordable two-seat electric pickup truck,Michigan,
962747e7-e09b-4fbf-9fcf-ade38fda28e4,slim.ai,Software developer platform,"Boxborough, MA",
66195b97-9379-426d-862b-085369eb07a6,slingshot aerospace,Producer of space simulation and analytics products for space sustainability,"El Segundo, CA",
13e85ca0-2e64-4f5a-adf1-3498340a9a93,slip robotics,Automated truck-loading robots-as-a-service provider,"Atlanta, GA",https://www.sliprobotics.com/
f71f3d54-a3cf-416d-88ca-29a3926f6c52,smalt,Talent development and technology services platform for the green trades sector,"Berlin, Germany",https://www.smalt.com/
6ad9a2ac-6eb5-4000-8111-16c2e9c960ab,smart apply,Company developing precision sprays for orchards,"Indianapolis, IN",https://smartapply.com/
16eb75a0-4080-4355-ba3f-e981f6d53d12,smart wires,Grid technology and services provider,"Durham, NC",
9bf85b65-4514-4ac8-973f-387d15d78e63,smartac.com,Platform to monitor HVAC systems,Houston,https://smartac.com/
4c251555-f76c-4812-8209-d70f36ea988c,smartbreeder,Help ag companies increase yields and efficiency via smart breeding,"Piracicaba, Brazil",
1f6fe8c2-6033-4455-8d27-9eedc089526c,smartcar,API developer platform that connects vehicles with mobile apps,"Mountain View, CA",https://smartcar.com/
1558b31f-ffd1-4978-816a-3517cd47d3ec,smarter sorting,Consumer goods data and sustainability company,"Austin, TX",https://www.smartersorting.com/
29c07689-3b81-44de-a581-291059034c75,smarthelio,PV inspection analytics platform,Switzerland,
5f99bc9f-5b53-46a2-9260-6fafa040269e,smarthome innovations,Smart home automation and security systems,"Austin, TX",https://www.smarthomeinnovations.com/
d325edb3-d4bc-4388-b1a9-a50cd374e966,smartrent,Provider of smart home automation solutions,"Scottsdale, Ariz.",https://smartrent.com/
600c192d-d6c7-42f8-a59b-fc1e24f97692,smartvid.io,Construction site monitoring platform,"Cambridge, MA",
bbe78786-b160-44bf-826b-2498a1a50ad7,smartwyre,Agriculture pricing and insights company,"Denver, CO",https://www.smartwyre.com/
2f3b5ce0-7dd4-43fe-af8a-76fa0e2a1705,smpnet,Real-time energy network optimization company,"London, UK",
1c7ddd23-9ae7-4e94-ae8f-201ff72b2196,snap-e cabs,Electric cab service provider,"Kolkata, India",
b1f2caba-ae1c-44df-8a3f-2695656b1508,snaptrude,"Operating system for architecture, engineering, and construction companies","New York City, NY",https://snaptrude.com/
0bb0b031-4787-4dbf-aaf5-6b93cd046f7b,snerpa power,Energy services for power-intensive users,"Reykjavík, Iceland",https://snerpapower.com/
77b629e2-eaa4-4acd-8b2d-2c46934bab19,sniffer robotics,Drones for methane emission detection service provider,"Ann Arbor, MI",
1887b71b-0036-4658-9c37-263110a536e5,snofox sciences,Cold chain data platform,"Philadelphia, PA",
cdda3ca7-ffa1-44c1-a12d-5bd6f459006f,snowfox discovery,Natural hydrogen exploration technology provider,"Oxford, England",
78b433a3-8488-499f-b84e-97f4ec9258cd,soelect,Solid-state battery component developer,"Greensboro, North Carolina",
27b91c19-049e-4558-bda0-e4bd2cc8158b,sofar ocean,Operator of ocean sensors,"San Francisco, CA",
a59bae8a-9d96-428c-b389-02b8d20febad,sofar ocean technologies,Ocean data collection,"San Francisco, CA",
c8f1b4f9-47f7-4cf4-9475-5f15d33d61ab,software defined automation,Industrial-control-as-a-service (ICaaS) provider,"Boston, MA, Munich, Germany",https://www.softwaredefinedautomation.com/
cb573bfe-266d-43ee-b716-b95dbe71846a,sohhytec,Green hydrogen production startup,Switzerland,
97a81137-40fe-4ab9-8753-593b510af05a,soil carbon co,Converting atmospheric CO2 into stable soil carbon using microbial fungi,Australian,
dca65ccf-a506-4b42-a198-cd345e835f98,sojo industries,Automated packaging systems,"Bristol, PA",https://www.sojoindustries.com/
0697cf79-0223-4808-afbf-e2c8310c54fc,sol systems,Utility-scale solar projects,"Washington, D.C.",
dcd27283-4a81-43b2-84a3-3cd2d66b5dea,solar ai technologies,Rent-to-own solar platform,"Central Region, Singapore",
f61be26b-08ed-4714-8652-187822a93ba7,solar foods,Make protein out of cellular biomanufacturing processes,"Helsinki, Finland",https://solarfoods.com/
97d708f7-31b0-4a53-ac70-97f2a04bda6d,solar ladder,Rooftop solar installation management platform,"Andheri, India",
6006c2b9-6f46-455e-9978-e050322eca59,solar monkey,Solar panel installation software provider,"Amsterdam, Netherlands",
1b2b2090-50c8-4b5b-90b9-b58759eb433b,solar x works,Developer of modular solar-powered refrigeration systems,"Moses Lake, WA",
b32161aa-66a3-4f05-b7d4-1fb984e0f722,solarbank corporation,Utility-scale and community solar projects,"Toronto, Canada",
d5ceccdf-3900-4a29-8319-289defc83de6,solarcycle,Startup for recycling and reusing solar panels,"Oakland, CA",
ba9c8c96-0066-4709-b28b-39caf577c2f3,solarduck,Offshore floating solar company,Netherlands,
40897ace-5a17-4745-b3a1-f7bff05453bb,solarfix,Design and install solar panels in commercial settings,Belfast,
7ae820b1-c6a5-4662-8586-588ce5128917,solarge,500 MW facility to make lightweight solar panels,"Weert, Netherlands",https://solarge.com/
c2463ef6-7d59-4081-9375-97930b0c834d,solarize,Software company developing microgrid operation software,Germany,
1a517cf0-32a7-4458-ba5c-4ded91700c4b,solarsquare,"Design, install, and operate rooftop solar systems",Mumbai,https://solarsquare.in/
9384ea99-a598-4405-bb1b-70869b68e472,solasta bio,Peptide-based biopesticides,"Glasgow, United Kingdom",https://solastabio.com/
fb9ba807-611e-42fc-8625-6bcf563e60b2,solena materials,Sustainable textiles developer,"London, England",
071516bc-a0f2-4447-98fc-3c7bc790f2df,solestial,Company developing solar technology for space,"Tempe, AZ",
2de85e39-3a5a-450e-b883-d98b4f82f059,solfy,Residential solar energy marketplace,"Barcelona, Spain",
473eb925-9dbe-4507-8183-20043bb4a185,solfácil,Provides credit lines for installing solar energy,Brazil,https://solfacil.com.br/
7ffdb6f2-c9d0-497c-b55a-e4bb83cfffcd,soli organic,Indoor farming company,"Harrisonburg, VA",https://soliorganic.com/
b57e6119-4f1c-455c-82f0-7291af70ac86,solid energy systems,Developer of hybrid li-metal batteries,"Woburn, MA",
c98952fb-a8f2-47c1-8ef7-525edbd41371,solid power,Maker of solid-state batteries for electric vehicles,"Louisville, USA",
64c45c8c-9885-4f1c-a3a8-c120f532af56,solidia,Developer of low-carbon cement and concrete,"Piscataway, NJ",
3f81dbba-d890-4d14-8fd8-5ba1cfab9841,solithor,Developer of solid-state lithium battery cells,Belgium,https://www.solithor.com/
844ded77-1060-4b3f-8866-8a11e7039f36,solivus,“Thin-film” solar specialist,UK,
9fe6d331-3435-4b82-a792-738604b4cbec,solo,Electric heavy truck platform,"Fremont, CA",
8ecabbcb-9671-45ee-a30c-f20f440ec9b5,solo.io,API infrastructure company,"Cambridge, Mass.",
a3232faa-842d-4ac8-b41e-df0b5e83a6b0,solstice,Community solar development business,"Cambridge, MA",https://www.solstice.us/
dd1816df-a923-442c-ace3-1680ce6391e1,solstice power technologies,Solar power tech company,"Cambridge, MA",https://solstice.us/
dac9c1d0-6fd6-486c-a0d2-40f39f26f947,solubag,Water-soluble bags as an alternative to plastic,"Hallandale Beach, FL",
9e3f23af-da17-4ecf-a1d7-12083f607194,solugen,Biotechnology company that produces renewable hydrogen peroxide,"Houston, TX",https://www.solugen.com/
1239a2a3-5dcc-4ca9-abf5-38fcdda4c98a,soluna,Renewable-powered data center developer,"New York City, NY",https://www.soluna.io/
4ec13dfd-a6ab-4940-bf80-a341da07d0e1,solus power,To make portable EV chargers,London,
f6b6ae42-9c69-4c3a-927f-e1ee1dfb8028,solytic,Developer of solar photovoltaic monitoring technology,Germany,https://www.solytic.com/
c4381f06-3888-4e3b-931f-29ad689b132e,sonarsource,Clean code platform,"Geneva, Switzerland",https://www.sonarsource.com/
70494cf0-1c43-4a86-ac27-2b5f7b09da6e,sonichem,Startup that converts low-value forestry into renewable biochemicals,"Leicester, U.K.",https://www.sonichem.com/
28243760-16cc-42d6-8421-9789257e94f8,sono motors,Solar electric car startup,"Munich, Germany",https://sonomotors.com/
3fea3e65-7cef-4103-9b7f-285c581ef1b3,sonocharge energy,Device that enhances battery charging using acoustic waves,"Mountain View, CA",https://www.sonocharge.com/
f421c0e2-5444-4f19-8e61-db0bfbe6c965,sophia space,Orbital data center developer,"Seattle, WA",
63a00ff4-6289-4f43-be78-ba97306fbec3,sophie’s kitchen,Maker of plant-based seafood,"Sebastopol, CA",
cf0add50-8e96-40a5-bb43-b6d7cfd0934c,sopht,Software to decarbonize IT infrastructure,"Lyon, France",https://sopht.com/
02a11751-b3a1-4742-99f9-17baea2ac973,sora fuel,Producer of sustainable aviation fuel,"Cambridge, MA",https://www.sorafuel.com/
4eb28efa-3d9c-4609-beba-cde2ec03867d,sorcerer,Weather balloon technology,Y Combinator,
3f3a7a18-3bab-43a5-b25b-ed4746d96413,sorted,Sorting tech for recycling and waste management,"London, U.K.",https://sorted.com/
452df8cf-1e68-42f1-a59c-17655c7a5884,sortera,Expand its first metals recycling plant,"Markle, IN, U.S.",
39328a90-811a-474c-8c48-32dbddb6f9dc,sortera alloys,Product waste reuse company,"Fort Wayne, In.",https://sorteraalloys.com/
ca9b20b2-765b-474a-87cc-a3dd915645b6,sortera technologies,Recycling platform company,"Markle, Ind.",https://sorteratechnologies.com/
44fb1f5e-6237-4c2f-adab-30579c4bc7ef,soulmates ventures,Sustainability fund for seed-stage investments,"Prague, Czech Republic",
301e7dab-2e1c-467d-b7df-71b4351e700b,sound agriculture,Developer of innovative plant-breeding solutions,"Emeryville, CA",https://www.sound.ag/
a89ec92b-b963-4126-acab-c77518ff7f9d,source,B2B marketplace for commercial construction products,"Portland, OR",https://www.source.com/
cff3a776-5084-4bb4-a436-aa6c1cbe4f10,source.ag,Agtech startup building A.I. for greenhouses,"Amsterdam, Netherlands",https://www.source.ag/
e9f53c61-04e7-4666-b1a4-63214c25998b,sourceful,Supply chain sustainability startup,UK,https://sourceful.com/
55a783c1-3416-4ae7-8ed2-af54046a3556,sourcemap,Provider of end-to-end supply chain due diligence software,"New York, NY",https://www.sourcemap.com/
c4338889-743d-4675-9f9b-feec585d580e,south 8,Gaseous electrolytes for lithium-ion battery safety,"San Diego, CA",
b3099f84-ceda-42de-90e7-54df6b797fa5,south 8 technologies,Electrolyte formulations provider for lithium batteries,"San Diego, CA",
36b29c31-5da9-47dc-9612-51a35f303dcf,sp tech solutions,Software for rail transportation optimization,"Toruń, Poland",
2b50d20d-967d-4ef9-a31e-17dcb4990f36,space intelligence,Satellite-based nature mapping platform,"Edinburgh, Scotland",
b25d2800-3c26-4200-91d6-8eb6147f8949,spacedrip,Water treatment systems company,"Tallinn, Estonia",
7dee9760-b735-40c8-86b8-4a686184ba25,spacex,Aerospace manufacturer and space transportation company,"Hawthorne, CA",https://www.spacex.com/
bb353a64-062f-4cf3-8d03-3a6c440c67df,span,Maker of smart electrical panels,"San Francisco, CA",https://www.span.io/
c559acd1-829b-4a36-baf4-3d6bb7b897b3,span.io,Creator of electrical panels for homes and chargers for cars,"San Francisco, CA",https://span.io/
eadc6acc-141d-4a4f-88c6-1e4d43c5ce10,sparkcharge,Portable EV charging systems for commercial fleets,"Somerville, MA",https://www.sparkcharge.io/
b78c729c-64c3-4394-912c-723c69db4c5a,sparkcognition,AI-driven cyber-physical software solutions provider,"Austin, Texas",
199d4526-535e-4b99-894c-1f825cb01068,sparkmeter,"Provider of grid management services, equipment, and software solutions","Washington, D.C.",https://sparkmeter.io/
45e52339-ea31-4744-907d-e911cb9a8770,spartan radar,Biomimetic radar maker,"Los Alamitos, CA",
7cf4faa3-65c9-4b0c-ae8c-16401fd0ef4c,sparxell,Make sustainable plant-based pigments,"Cambridge, U.K.",
352b9347-198b-433c-9ea0-d89ea419e00e,specifx data,HVAC data software startup,"San Francisco, CA",
86477dc5-2e70-4dc3-86e3-20ffc9689b5b,speckle,"Data hub provider for architecture, engineering, and construction","London, UK",
dc37ec8d-ee53-4bab-b023-9be9e16fbbe6,specter,Speed pedelecs (speedier e-bikes),"Brussels, Belgium",
1a1c4ab7-8166-48de-9490-54c7395f845e,spectro cloud,Kubernetes management platform,"San Jose, CA",
8c5de5ad-1a3f-4294-9815-71ab7412d8d0,spexi,Ultra-high-resolution drone imagery network,"Vancouver, Canada",https://www.spexi.com/
e4a8146e-0e26-4e40-8d30-14cae2a02fdd,sphere,Location optimization for renewable projects provider,"San Francisco, CA",
aeda4e5c-f6fa-4a64-9950-0ad0b31229a6,spiber,Fermented brewed proteins-based eco-fibers developer,"Yamagata, Japan",
415944f9-b449-4b48-b3ad-f49c23f5a1fc,spindrive,Magnetic bearing systems manufacturer,"Lappeenranta, Finland",
cfeee6c2-d24e-41c7-b494-5f1e6fe7b008,spinergie,Maritime vessel optimization platform,France,
f9004f39-f48e-4fdc-9fff-fb2b5f39bf57,spinnova,Maker of textile fibers from wood and agricultural waste,Finland,https://www.spinnova.com/
4b8138b8-31e1-4c6f-a1be-076475f194d3,spiralwave,Plasma-based CO2-to-methanol conversion technology,San Francisco,
cd6e60d5-b613-401d-8fef-dc1fa56d299f,spiritus,Developer of direct air capture technology,"White Rock, N.M.",https://www.spiritus.com/
af79ec23-2b3d-4793-b44e-b5060f54a173,spiro,Electric micromobility vehicles manufacturer,"Cotonou, Benin",
df852e9b-3c12-4f60-afb9-3317ab4a2507,splight,Developer of AI-powered electricity grid operations technology,"San Francisco, CA",
b4a00fb8-5494-4284-8a9b-235d718fe85e,spoiler alert,Food waste platform,"Boston, MA",https://spoileralert.com/
e48d6bfb-ae65-49d6-87c9-329c5a74442b,spoor,AI platform for detecting birds near wind farms,"Oslo, Norway",https://spoor.com/
1491d920-d96f-4077-89d6-efc1180b03b1,spore,Platform for creators to build websites, ,
c4efe2a3-5507-4e68-acc6-a8d1090a56dd,spore.bio,Developer of AI-powered technology that can detect bacteria,"Paris, France",https://www.spore.bio/
2658f007-965a-4ec5-93b2-f08839e19de3,spotless water,Supply ultra-pure water,"Dorset, U.K.",
2c92eae8-69fe-4d93-9edb-61007b563fec,spotta,Startup that uses AI to spot pests,"Cambridge, UK",https://www.spotta.co.uk/
f5d905ea-2b82-47ae-9e8a-0c0270a9f338,spring valley acquisition,Blank check company targeting the sustainability industry,Dallas,
dff21f05-60a5-43ff-b096-89e3d0cf4b01,sproud,Producer of pea-made milks,Sweden,https://sproud.com/
c9bd874b-eab8-46ef-8d26-707e528b7033,sqim,Mycelium-based technologies developer,"Varese, Italy",
2dba8307-6d76-4f9a-bfe0-b9568a9f3440,squad mobility,Solar-powered urban mobility service,"Breda, Netherlands",
013e2b2a-7fc7-465c-9940-e9ac8dc9a935,squake,Carbon calculations provider,Berlin,https://squake.earth/
5973944d-90a5-4a6c-bc03-7f7777f629e8,squint,Mobile app that uses AI and AR to automate data entry,"San Jose, CA",
82f7bdb7-4647-4556-a156-e1a58c47cb0c,stabl energy,Battery storage startup,Germany,
adec82e2-51cf-48a7-b30a-3469ef8fc0eb,stack av,Autonomous trucking developer,"Pittsburgh, KS",https://stackav.com/
9b85b1c2-1d30-4dba-a80c-e735355d7235,stacklet,Cloud governance platform,"Arlington, VA",
1578d2b1-6b0a-46b5-9de8-60cf54a49ff6,stafl systems,Lithium-ion battery pack and battery management platform,South San Francisco,
61891b9f-52d2-42b8-bc73-066e17c2367d,stand,Insurance provider for climate-impacted properties,"San Francisco, CA",https://stand.com/
15ad3e34-c025-452c-86ef-42901630ca25,standard biocarbon,"Producer of biochar, a form of charcoal that can capture carbon","Portland, ME",https://www.standardbiocarbon.com/
b6d82428-1918-4dd9-9c8d-d9d31cfbe0ec,standard energy,Developer of vanadium ion batteries,South Korea,
5248064d-0794-4856-a13e-73d3ffaf33d0,standard fleet,Electric vehicle fleet management platform,"San Francisco, CA",https://www.standardfleet.com/
c060f876-607f-44ef-80a5-a508b94f47bc,standard nuclear,Advanced nuclear fuel pellets,"Oak Ridge, TN",https://www.standardnuclear.com/
879d0dd8-4209-4b94-adac-989f2a1f25cd,standing ovation,Developer of animal-free cheese,France,
d8faaa21-5a20-432e-b97f-dae4ff6bb726,star catcher industries,Develop a space-based grid that captures solar energy,"Jacksonville, FL",
0e71c226-4f47-424c-a67a-ea8910cbff7a,star charge,Chinese electric vehicle charging company,China,
809a8a4c-535f-465f-8e97-4fdb4cc2ee39,starfield,Plant-based protein company,China,
7c52040b-bca7-49d4-a12d-14b8b2702d7c,stargate hydrogen,Green hydrogen via alkaline electrolyzers developer,"Tallinn, Estonia",https://stargatehydrogen.com/
25106275-2cfc-4b50-a9d3-2779c36523c6,stark future,Electric motorcycle technology manufacturer,"Barcelona, Spain",https://www.starkfuture.com/
0d4eed1f-4588-4e87-9394-4dfe0d05a3d5,starpath robotics,Robots that mine water from the Moon,"San Francisco, CA",
73b80174-494f-4b18-9ee6-4d9cd2866c94,starpower,Build a DePIN energy network to aggregate battery energy storage,,
3eadd697-b314-4a7a-8bbb-e0be1fb95c2d,starship technologies,Provider of autonomous delivery service,"San Francisco, CA",https://www.starship.xyz/
93525fee-1f5f-4f51-9f4d-a04d6b6b741f,starshot capital,Early-stage climate tech fund,"LA, U.S.",
e54247b2-ec0a-4daf-a945-a35b0c576e73,stately bio,Regenerative medicine machine learning developer,"Palo Alto, CA",https://www.statelybio.com/
78fc3d52-4b22-4047-9eb4-de5eba357428,statera energy,Renewable energy and assets developer,"London, UK",
5f1fcac5-c216-49c8-8f54-597ff1b4f93b,station a,Automating clean energy development,San Francisco,
8065140c-beef-42e4-a6de-d0ced93d4ae2,statiq,EV charging network,India,https://www.statiq.in/
def89d2c-668e-4c13-a5f1-93bff6f48405,stax engineering,Systems that remove pollutants from ships' exhaust,"Los Angeles, CA",
e86f48dd-56ad-4308-8a27-dd8db3b179c9,steady energy,Small nuclear reactors for district heating,"Espoo, Finland",https://steadyenergy.com/
f4597847-1fa2-40b4-bab6-f1939e742048,steamaco,Technology supplier to utilities in Africa and Asia,U.K.,
cf19eff9-f930-48da-bd6e-5af95d7b1ae6,stegra,Decarbonize steelmaking with green hydrogen,"Stockholm, Sweden",https://stegra.com/
95e44235-4aae-4385-a31d-0ccab846c3b4,stem,AI-driven energy storage company,"San Francisco, CA",
a4cd6cb3-0d42-4e72-b8f7-a2739e784793,stemy energy,Provider of community solar,Spain,
7d64ee34-3879-4dab-b1f6-ace724ea293b,stenon,Real-time soil sensing tech startup,Germany,https://stenon.io/
a07e5ca1-9941-41d3-8ae6-abb02fdbc678,stepchange,Corporate sustainability platform,"Bangalore, India",
5a688fd4-9ddd-4903-b4c3-ee76747aa3e9,stepstone group,Infrastructure co-investment fund,New York,
f409dd06-05a5-4dc8-9c1d-70fa599f693a,stepwise,Emissions reduction SaaS platform,"Stavanger, Norway",
072605a9-426f-469a-add7-1c55dc81abbb,steward,Funding platform for farms and food producers,"Portland, OR",
38577726-2e93-41c3-aaa1-18e7d92a8fdc,stilla technologies,Digital PCR solutions for high-precision genetic analysis,France,
7385ac70-fa9c-44f0-8b27-c0d74a45a4e8,stockeld dreamery,Plant-based cheese maker,Sweden,
427e883f-3ff3-4cde-982d-1cf636913a1c,stoke space,Sustainable space vehicle components developer,"Renton, WA",
4045e705-7677-4fac-819c-4271750a535e,stor.ai,Digital commerce solution for grocers,"Tel Aviv, Israel",
d3ca402e-6fd2-461f-a5d0-3454d92e5cdb,stord,Supply chain software for retailers and e-commerce brands,"Atlanta, GA",https://www.stord.com/
56c4bd19-d7cd-4bf4-a425-2e68accc60cb,storedot,Developer of fast charging battery technology,Israel,https://www.store-dot.com/
e4522bf9-1961-4c47-8182-5378df4df695,storio,Energy storage solutions and battery management software,Île-de-France,https://www.storio.com/
ba7837d5-d6b7-457c-8060-c9ed035dc4c5,stormfisher,Hydrogen-based fuel production platform,"Toronto, Canada",
73d18f03-3e41-4472-a667-3a15fa2ef9b7,stormfisher hydrogen,Develop e-fuel projects,"Toronto, Canada",https://stormfisher.com/
7869b2a9-d02d-4189-9c56-aadb764da7f0,stormharvester,AI-powered analytics and management platform for wastewater utilities,"Belfast, Northern Ireland",
9d74d583-c284-4756-a83b-14db4bbee76c,stormsensor,Climate technology data tracking company,"Seattle, Wash",https://www.stormsensor.com/
4346a6bf-8fb1-4107-bf4d-3e61f3000b4e,strangeworks,Quantum computing software development,"Austin, Texas",https://strangeworks.com/
8332f4dd-40ad-44e9-a892-41a848fd386e,strata clean energy,"1GWh battery storage project in Phoenix, AZ","Durham, NC",
12134a73-3c75-4d6d-8182-6f1d45988ab6,stratasys,Polymer 3D printing business,"Tel Aviv, Israel",https://www.stratasys.com/
d477f113-423a-47ba-b6c8-1fa9b9fdfb3b,strategic biofuels,Renewable diesel producer,"Columbia, LA",
69c4c081-4203-4ff4-b1b6-705872eae96b,stratus,Fabrication optimization software for construction contractors,"Larkspur, CO",
1d622d00-d266-486e-aced-79c113e8b0f1,streetlight data,Data provider focused on tracking street activity for transportation planning,"San Francisco, CA",https://www.streetlightdata.com/
daa93cee-08f3-49c0-aae8-39cf029c67ee,stride,Eco-friendly home improvement platform,"Ho Chi Minh City, Vietnam",
d097b30c-9473-411d-ae27-978ecabc188e,strider technologies,Software for identifying economic risk from nation-states,"Salt Lake City, Utah",https://www.strider.tech/
0c875277-04dc-4628-9102-b75926091277,strike graph,Compliance automation startup,"Seattle, WA",
95900f68-a037-4e5b-99e0-4df5083768c5,striveworks,Machine learning operations provider for enterprise data science,"Austin, TX",https://www.striveworks.com/
5f52b96f-0642-4a8b-a425-41d6e609ac11,strong by form,Biocomposite structural solutions developer,"Madrid, Spain",
506f9113-abec-4520-8caa-65d593c721d7,structionsite,Intelligent project tracking software for the construction industry,"Oakland, CA",https://www.structionsite.com/
e4c7ee74-0d63-40b5-932b-76d9a9855c31,structshare,Construction procurement and inventory platform for specialty contractors,"Austin, TX",https://structshare.com/
1b588623-e507-45a6-920e-d68133b8afb6,subeca,Water metering technology,"Richardson, TX",https://www.subeca.com/
c1984081-6ef2-4a04-8b51-7f76c186fe78,sublime,Biogas liquefaction technology platform,"Paris, France",
723ab2e8-3253-494b-bbf8-76e3ef805101,sublime systems,Producing lower-emission cement,"Somerville, MA",
ce9fe185-0288-4a96-bd28-1e0c7f3a6177,submer,Immersion liquid cooling technology for data center servers,Barcelona,https://submer.com/
af2fc20e-0d31-450c-b93e-bca80a7e1eeb,subsbase,Subscription and recurring revenue management platform,"Cairo, Egypt",https://www.subsbase.com/
810ae6a2-6eef-49aa-9cda-8221a390485e,suena,Company energy storage optimization trading platform,Germany,
a70f6204-1f46-46e2-9a8d-2762e248461f,suind,AI-driven crop care innovation developer,"Bangalore Urban, India",
2c079ab8-3264-46a7-b27a-a9d5ed7d7b90,suiso,Hydrogen generation technology platform,"Sheffield, UK",
fbd7a123-2448-48cc-a7af-ecaf1257761a,sumday,Carbon accounting software platform,"Burnie, Australia",https://sumday.com/
37fb10eb-d724-4cb1-ab0a-6d2e527ab20a,summit nanotech,Direct lithium extraction startup,"Calgary, Canada",https://www.summitnanotech.com/
7194ad86-dfaf-4982-a998-888ba22384ef,summit ridge energy,Owner-operator of community solar assets,"Arlington, VA",
d60cece6-5e3b-4b1d-8032-676c3c065720,sun exchange,Crypto-enabled solar leasing platform,South Africa,https://thesunexchange.com/
cbba732d-1aa1-4997-b000-1dbd1088a935,sun king,Solar energy products provider for off-grid homes in Africa and Asia,"Chicago, IL",
3a4212bd-ef82-47fb-a2de-d4e6a890e4ed,sun mobility,EV energy infrastructure startup,India,
837a3b61-c1f9-46f7-a894-d55e1c39ae1c,sunairio,AI-driven weather and climate modeling software,Baltimore,https://sunairio.com/
8b885369-ccba-4961-b5e3-25fe9f6c4078,sunculture,Solar power irrigation systems provider,"Nairobi, Kenya",https://www.sunculture.com/
100077b9-3397-45a9-91ee-5b17468fdb46,sunday,Environmentally friendly lawn care products,"Boulder, CO",https://getsunday.com/
5f74609b-176b-48e3-bfb8-5e251538716e,sundensity,Creator of Photonic Smart Coating for utility solar power,"Rochester, NY",
bebc2217-0b04-4b05-8ff6-a2afecfaf4b4,sundrive solar,Copper-based solar cell developer,"South Sydney, Australia",https://www.sundrivesolar.com.au/
5e69cec9-5f04-4367-b7d6-eecd3ab4f8b7,sunfi,Platform providing solar energy access and financing,"Lagos, Nigeria",
a5cfcd10-38ce-488c-81e4-3adf6067afcd,sunfire,Developer of green hydrogen electrolyzers,Germany,https://www.sunfire.de/
b8c59e0b-5be9-42fc-b525-b192c1ef78cb,sunflower therapeutics,Biotechnology-driven protein discovery and manufacturing,"Medford, MA",
a29a2e0d-04ca-48ad-b3c7-da67e4704d14,sunhat,Sustainability reporting and compliance platform,"Köln, Germany",
5b51b70c-ccf6-4b94-be26-891a8240c353,sunhero,Residential solar installation platform,"Barcelona, Spain",
e53065c6-5739-4d31-8ca3-3441dc25126c,sunking,Off-grid solar energy company,"Nairobi, Kenya",
c2bf063b-5cb9-4daa-9835-316a4a323c41,sunlight financial,Residential solar financing platform,Undisclosed,
4e56d818-bad5-49e1-a600-1c78be3385fd,sunly,"Build 1.3 GW of solar, wind, and storage","Tallinn, Estonia",
29473cf7-dfb1-4005-a455-2760451344b1,sunnova,Residential and commercial solar installer,"Houston, TX",https://www.sunnova.com/
fa818b17-bcba-484b-ac41-9bf3fd8529c4,sunpower,Residential solar manufacturing and development company,"Richmond, CA",https://us.sunpower.com/
64f6ea35-a79c-4789-9bd7-cbeb39e371c6,sunroof,Solar energy manufacturer,"Stockholm, Sweden",https://www.sunroof.se/
0d476694-ea21-414c-ba41-dba915cba718,sunsave,Solar and storage subscription platform,"London, United Kingdom",
ba159535-a697-4d03-8085-74e23ab67e78,sunstone credit,Tech-enabled solar loan finance platform for businesses,"Baltimore, United States",https://www.sunstonecredit.com/
cafe09a4-c9b5-49f9-9689-caade77d3451,sunswap,Solar and battery-powered refrigeration units for transportation,"Leatherhead, U.K.",https://sunswap.com/
6015295e-45db-466c-9809-c836b8c432bf,suntuity renewables,Renewable energy solutions provider,"Holmdel, NJ",
b5caf06f-be71-4879-944a-5c373a057f0c,sunverge,Provider of a distributed energy resource control and aggregation platform,"San Francisco, CA",
500e36f7-c28a-4cb2-92ab-5650f5f65026,sunvigo,Solar-as-a-service startup,Germany,
9dd421d0-cdfc-4e5c-ac13-3033100e2945,super73,Electric bike company,"Irvine, CA",https://www.super73.com/
771772a5-f4fb-49e0-9559-cd35dcfa5b8c,supercircle,Recycling logistics platform,"New York City, NY",
7c9bc815-27af-417b-a817-d6cfb95ad4ce,supercritical,Maker of climate impact measuring software,UK,
b9ec25e2-cdf4-4bc3-828f-868bdbc42a29,supercritical solutions,Electrolyzer developer for producing low-cost hydrogen,"Berkshire, U.K.",https://www.supercritical.solutions/
4c6fb8a2-330e-4c1d-9f0c-50c16fb2a85b,supernode,Superconducting technology manufacturer,"Dublin, Ireland",https://www.supernode.com/
b2bc2899-3c02-44a2-b591-ff2a39f49f39,supernova invest and crédit agricole group,Investment firms,"Paris, France",
b9847c1d-f496-49da-aa68-3a3022f85574,superpedestrian,Micromobility startup,Boston,https://www.superpedestrian.com/
bf1c9207-0424-408f-95ec-351f545cc3fa,superplum,Sustainable fruit and supply chain traceability,India,https://superplum.com/
1e201c6d-1873-4053-b645-6f05a2857979,supplant,Efficient irrigation system startup,Israel,https://supplant.com/
9b1318ef-13a7-47ed-8e4d-f36a0b91d273,supplyshift,Developer of software designed to monitor and improve the ESG impact of company supply chains,"Santa Cruz, CA",
42524deb-47e2-462d-88a3-98b08623b9a0,suprema,Produce superconductive tapes used in fusion reactors,"Rome, Italy",
a17efcda-19e8-463c-8994-7d96a329bf65,sureimpact,Impact management and reporting solution,"Powell, OH",https://www.sureimpact.com/
befb5a4a-db06-406f-8e5f-66f11587baab,suryanesia,Residential solar installer,Indonesia,
23e7710d-8dea-4317-9435-415446bbb85c,sust global,Climate risk data startup,UK,https://sustglobal.com/
752f5ec8-0c38-442a-a0bd-2f52b50f8d12,sustaera,Direct air capture (DAC) carbon dioxide removal company,"Cary, NC",
77469978-cd19-45ac-804f-d408143dfc8b,sustain.life,SaaS platform helping companies adopt more sustainable practices,"Jersey City, NJ",https://sustain.life/
b7085ca1-3188-40e8-bb6f-9098995c884d,sustainability group,Sustainability management and ESG reporting platform,"London, U.K.",
4b8ace95-f251-4132-bc06-affefe2abec6,sustaincert,Climate impact verification platform,Luxembourg,https://sustaincert.com/
2fe23fad-02b0-47e8-8e08-2636bc294870,sustainkart,Ecommerce marketplace for sustainable products,India,
cdd29dcd-fb42-46fb-9df3-9522d99ece53,susteon,DAC and SAFs developer,"Cary, NC",https://susteon.com/
977db096-6473-4899-aed0-1eb01b611b7e,svante,Solid sorbent carbon capture technology developer,"Burnaby, Canada",
7db8213c-0f41-4664-9217-e9af744f0814,svante technologies,Carbon removal business,"Vancouver, Canada",
a81bd7eb-a0fc-4434-b11a-34df53d2e56b,svx,Sustainable energy technology company,"Sunnyvale, Calif.",
3c6b3b7e-d68a-4a0c-a44f-ab74c939bd3e,swantide,GTM tech stack management platform,"San Francisco, CA",https://swantide.com/
8d006286-8461-4bcd-83f6-30478034fedb,swap,Swappable batteries for e-motorcycles,"Jakarta, Indonesia",
8367d317-99cb-464e-af6e-cf670726d004,swap energy,Smart battery swapping network for e-motorcycles,Indonesia,
a6ef63a1-e8c1-495b-a39b-46e1f682dcf6,swap robotics,Robotic vegetation-clearing for solar projects,"Ontario, Canada",https://swaprobotics.com/
1f8f45ed-cdb3-4d68-9333-dd3ce28e5202,swapp,Construction planning company,Israel,
a8ddc345-1162-438c-900d-2650d1fb9834,swarm engineering,Provider of food supply chain software,"Irvine, CA",https://www.swarmengineering.com/
3c901431-5e74-4daa-8c55-08393ec1d046,swarmfarm robotics,Provider of autonomous farming robotics services,"Gindie, Australia",https://swarmfarm.com/
cccf83ad-3267-4579-9978-4b1a5e46de26,sway,Maker of seaweed-based compostable replacements for single-use plastic packaging,"Berkeley, CA",https://www.swaypackaging.com/
d08d70e5-0157-4612-b9ae-128963b1ddf6,sweep,Carbon reduction management startup,"Paris, France",
63e79c84-009f-43d5-92b3-9820dd5122d4,sweetch energy,Provider of osmotic energy from saltwater,"Rennes, France",
4709d908-0272-4340-9728-d46d495b89cf,swell energy,Provider of residential renewable energy,"Los Angeles, CA",https://www.swellenergy.com/
94b334e3-8f22-4520-9e54-3152423a1e27,swift solar,Solar perovskite startup,"San Carlos, CA",https://www.swiftsolar.com/
10bef057-ccc7-45d1-a0d2-3cfaff56daf9,swiftmile,Startup providing micromobility parking and charging stations,"San Mateo, CA",
a4db4b47-bbfe-472b-9031-49556fec04f6,switch bioworks,Biofertilizers with microbes for chemical application,San Carlos,https://www.switchbioworks.com/
78bee93c-55df-43e5-ab2d-32eb10df187a,switch maritime,Hydrogen and electric ferries manufacturer,"Jackson, WY",https://switchmaritime.com/
ef7ac052-afda-408c-9c70-890eca4f0a24,switchboard,Data engineering automation platform,"San Francisco, CA",
29657432-22b0-4aac-865d-2aebd3643c16,switchdin,Distributed energy resources software company,Australia,https://www.switchdin.com/
87b47054-e0cd-4980-bd24-bfc93b0d9134,switchee,Help homeowners lower their heating bills via its smart thermostat,"London, U.K.",https://www.switchee.com/
67affa30-7778-4963-a4c6-2a815af120ff,swobbee,Micromobility battery swapping startup,Germany,https://swobbee.com/
42d4fdbe-d69b-4a07-a271-7c42de68b375,swtch energy,EV chargers in apartments and condos,"Toronto, Canada",https://www.swtchenergy.com/
ca73e6eb-435a-4779-aa05-e190598cdcbd,swytch,Producer of a pocket-sized ebike battery,UK,
6645ccf5-d5fa-493d-b74e-dcdf3b7c8d0d,sylvera,Carbon offset ratings provider,"London, UK",https://www.sylvera.com/
460db2c2-2034-4690-842b-ee76406724b4,symbrosia,Seaweed feed additive startup,"Kailua-Kona, Hawaii",
409aa24c-ee9f-47de-b2ab-7c653a5dcfaf,sympower,Provide demand response and energy flexibility services,Amsterdam,https://sympower.net/
95847c32-7626-41be-972b-d3f23b211c97,synaptec,Passive electrical sensor networks developer,"Glasgow, UK",
d4f2001e-c61e-4a8c-a20e-f4bcfbc8ddca,sync computing,Cloud infrastructure optimization company,"Cambridge, MA",
74c748c9-2cfa-41fa-8770-3d8b4d78057f,synergi,Software that helps consumers and utilities participate in flexible electricity markets,"Helsinki, Finland",https://synergi.com/
09ce301f-7f72-400c-a219-e23bc6c08845,synhelion,Solar fuel producer,Switzerland,https://www.synhelion.com/
61ca512b-6ee7-4f40-83d1-71054cfe1f7b,synonym biotechnologies,Financing and development platform for bio-manufacturing facilities,"New York, NY",https://synonymbio.com/
79e77762-d8dd-46d2-bd99-ca039da10ca8,synop,Electric vehicle fleet operations platform,"New York, NY",
a0ba5772-c531-477f-ab3f-18af6a466e3e,syntetica,Nylon recycling company,"Paris, France",
2ed7c801-887a-4ad3-a477-5e34bfba1b54,synthesia,AI video generation,"London, UK",https://www.synthesia.io/
0478bd10-5f99-4dd5-abfd-f948c1fb6b30,synthetaic,AI-powered visual data analysis software,"Delafield, Wis.",
ead4f880-13d1-4ce3-b343-883b3052b2e2,synthica,RNG project developer,"Blue Ash, OH",
49289349-4333-4d66-a5d0-3ad172b5eaed,syre,Developer of textile recycling technology,"Stockholm, Sweden",https://www.syre.com/
e18fd309-9e8d-4086-ba61-b0ad933ec9be,syso,Renewable energy management company,"Boston, Mass.",
9444df71-6fb5-43fd-9df1-64e0f2bc02dd,syso technologies,Market operator for renewable energy and battery storage developers,"Cambridge, MA",
f6851ffe-4708-4444-9f9d-8ab8735d6c3e,syzygy plasmonics,Photocatalytic reactor developer for industrial applications,"Houston, TX",
a33e8e05-3f9c-445d-ba44-ea390cb96f36,t-robotics,Robotic programming developer,"San Francisco, CA",https://www.t-robotics.com/
3a0c2610-b4b1-43e2-b27b-35b49702f1d3,tablepointer,Energy management platform,Singapore,https://www.tablepointer.com/
b2bf4390-fd61-4911-b11a-96b3a3d071f7,tackle.io,Software company for cloud marketplace,"Boise, ID",https://www.tackle.io/
463143b3-c95c-4f03-a72a-3c72faa026f2,tado,Intelligent home energy management startup,"Munich, Germany",https://www.tado.com/
67ec85fc-04d1-4fd3-bf18-378d4841aa97,tado°,Smart thermostats manufacturer,"Munich, Germany",https://www.tado.com/
accb7c32-c8c1-45dc-9e0c-6b69407c4419,tae technologies,Hydrogen-boron nuclear fusion company,"Foothill Ranch, CA",https://taetechnologies.com/
8289279d-c33b-4568-bc06-251cd0f5a401,takeoff technologies,Online grocery-shopping marketplace,"Waltham, MA",
ec346501-8827-43e4-9564-dfbfb85bf05b,tala,Sustainable activewear brand,"London, UK",
6d0bd4fd-65a0-4813-9ae4-f4f0ec2b6050,tallarium,Price discovery analytics platform for OTC energy markets,"London, UK",
93dfd8c8-26e9-47a9-8c36-2901e4390bd1,tan90,Provider of portable cold storage for temperature-controlled products,India,
a91bd3b4-ccbf-49ab-800e-2eecd05b947d,tandem pv,Developer of solar panels that pair perovskite with traditional silicon,"Santa Clara, CA",https://www.tandempv.com/
87a3ac0f-1a9e-4cc6-9758-407bbaccc1f5,tangible,Software for construction decarbonization and emissions quantification,"San Francisco, CA",https://tangible.com/
072177c9-8a95-4f8f-9b59-363dcb44f35f,taranis,Agricultural technology company,"Sunnyvale, CA",
98f3795b-653a-45d7-b43e-2764b15fc16e,tata motors,EV business,India,
0d1f7cdf-b288-4793-98d0-3ff2869dccc8,tau group,EV motors developer,"Torino, Italy",
70975b36-fe38-4caa-9bc5-b2e74ef9f410,taur,E-scooter manufacturer,UK,
8aec73c2-6ef0-4b61-bdc9-046d7acbe929,tcab tech,Electric vertical takeoff and landing aircraft,Shanghai,
33fbf3e8-c662-426e-875d-271515949b03,tdk ventures,Fund for early-stage deep tech startups,"San Jose, CA",
464aa33d-7617-4eea-9940-f0f075fe3b5a,tealbook,A data platform to improve supplier data visibility,"Toronto, Canada",
2d382490-407f-4a1d-9208-df8f6dabd421,tebrio,Breeding and processing mealworms for animal feed and bioplastics,"Salamanca, Spain",https://tebrio.com/
5ea83432-19e1-4622-8915-7b4e4f068365,techmet,Investments in critical minerals mining,"Dublin, Ireland",https://www.techmet.com/
f49da5a2-6e75-41dc-878b-b85276922755,technosylva,Wildfire and catastrophic event simulation modeling technologies,"San Diego, CA",https://technosylva.com/
2eb8fc72-c0fc-4a47-80ad-8f35a6b315d7,techvision,Augmented reality training solutions,"Austin, TX",https://www.techvision.com/
fe771d33-a7d9-4b42-a3c0-2ab409affdf3,tekever,Unmanned aerial vehicles for data collection,"Lisbon, Portugal",https://www.tekever.com/
51682a9e-0428-4e4f-a3bc-7944d5a2d9e7,tekoma energy,Solar development business focused on Northern Asia,Tokyo,
c988a944-7b7b-4333-9f39-6d4cef447eae,teleo,Retrofit heavy construction equipment,"Palo Alto, CA",https://teleo.ai/
133d8913-edd8-40a9-9e67-70abb0e7d890,telescope,Sustainability risk management for real estate,Norway,
353d3344-250e-4ae9-8317-0ace068fad5d,telesense,Agricultural IoT startup,"Sunnyvale, CA",https://www.telesense.com/
48f94a7c-4042-4c7d-bb02-242a4147fd89,telo,Electric vehicle company,"San Carlos, CA",
501b5d37-364e-4a00-9c14-f617f9366b59,telo trucks,Manufacturer of small electric trucks,"San Carlos, California",https://telotrucks.com/
af69ad0c-8e22-4191-acb2-b93417b0f58e,tem,Help UK businesses buy energy from renewable projects,"London, U.K.",
5d1c7270-49d9-4f9d-98dc-e2621499e395,tem.,Energy serving and pricing platform,"London, UK",https://www.tem.energy/
d1c78269-07e6-42a5-a760-3074ea9ae0b3,tembici,Micro mobility startup operating Latin America,"São Paulo, Brazil",https://www.tembici.com.br/
a5540ec7-69b5-49a1-9f2a-6d0405797dc5,temo,Electric propulsion developer,"Nantes, France",
39cedb43-f40f-4c45-a6e3-b4e7734f20ec,temperpack,Sustainable packing startup,"Richmond, VA",https://temperpack.com/
adf939d8-1f63-4f51-a0e6-33de42939740,temporal,"Open source, stateful, microservices orchestration platform","Seattle, WA",https://temporal.io/
7b10c010-25a8-46bc-9644-b7f147d974ef,tempus,Technology company focused on precision medicine,"Chicago, IL",https://www.tempus.com/
1016906c-dd78-48fa-8a85-877df1ee6c61,tender food,Creator of alternative meats,"Sommerville, MA, U.S.",https://tenderfood.com/
916bada4-57d1-4a64-a72d-20154f464c29,tenderd,Analytics platform for heavy equipment and transportation,"Copenhagen, Denmark",https://tenderd.com/
6a83e2c4-c957-46f1-a04f-1065230263b4,tenet,EV financing platform,"New York, NY",
09ebf040-e5f4-40e6-8d6c-4772e0e0ce31,tenet energy,EV financing services platform,"New York City, NY",
5611bf04-cdfa-4a1d-a1e5-a092246f3e68,tensor ventures,"Invest in deep tech startups, including climate tech",Prague,
4494ef53-0478-446c-8833-1705ea3315c5,tenways ebike,Electric bike manufacturer,Hong Kong,https://tenways.com/
f040b5ad-a428-4618-9649-1197fecb3545,tepbac,IoT-enabled hardware and data system for shrimp farmers,"Ho Chi Minh City, Vietnam",
ee178e3c-3632-4a5e-8ee3-66438f4b62cb,tepeo,Developer of a low carbon boiler,"Wokingham, U.K.",
d13b5c63-b794-4d95-b2b7-534541bddc6e,terabase energy,Solar power digital and automation solutions provider,"Berkeley, CA",
f6a1e2a5-9d49-45c4-bd94-6a5d34273803,terapore technologies,Nanofiltration membrane systems developer for biomanufacturing,"San Francisco, CA",https://www.terapore.com/
4a5c20ec-022c-4538-9589-6c839e7e58b6,terawatt infrastructure,EV charging company focusing on medium and heavy-duty transportation,"San Francisco, CA",https://terawattinfrastructure.com/
e3acfe46-bbaf-4f77-adba-3a28b135a760,tereform,Molecular recycling process developer,"Denver, CO",
4a131962-c8b6-4a8a-9052-116b41cca55a,termina,Automatic energy account switcher service,"Melbourne, Australia",https://termina.com/
3953dff4-6eef-4a4b-a36d-01058d9adc47,tern ai,AI-powered alternative to the GPS,"Austin, TX",https://tern.ai/
cede84e4-e6bb-4e75-bd10-ddc7268a72c7,ternel,Invest in climate change and biodiversity startups,"Paris, France",
a53dbf63-80e4-4c35-accc-a0c6d143e02d,terra co2,Low-carbon alternatives producer for cement production,"Golden, Colo.",
4b121072-136e-4c5c-9ef6-81813bc93f21,terra one,Battery storage company,"Berlin, Germany",
916535b6-caeb-4dc3-90ce-57766efcbb49,terra.do,Global climate career platform,"Stanford, CA",https://terra.do/
5d657772-dac4-4473-9b14-f42a514a335a,terradepth,Ocean data and dissemination company,"Austin, TX",https://www.terradepth.com/
0523bb76-ca31-4406-9640-f4ff438af471,terradot,Enhanced rock weathering (carbon removal) business,San Francisco,
f763c9f4-ad29-47f0-bb47-63d31cf3ce7b,terraformation,Startup supporting the scaling of forest restoration projects,Hawaii,
e106384b-c231-4a64-9d1f-e444efa37190,terragia biofuel,Ethanol for SAF from waste biomass,"Hanover, NH",https://www.terragia.com/
07853dae-fa9e-4507-8ac3-d8f21008920c,terralayr,Grid-scale battery management platform,"Zug, Switzerland",
de74c869-c57a-497b-a1b8-42bb0decc120,terramera,Developer of plant-based pesticides and fertilizers,Canada,https://www.terramera.com/
2e5367a9-ac77-4e89-b49b-f60c4ed1fc39,terrantic,"Help farmers, food packers, and food processors optimize operations","Seattle, U.S.",https://www.terrantic.com/
5ceb9092-f42f-40c8-bbe0-65119f24e0ec,terrapower,Nuclear reactor and storage developer,"Bellevue, WA",https://www.terrapower.com/
5795d9b8-26c4-47e2-9a6b-5eb9df40fc34,terrathermo,Hot dry rock geothermal developer company,"Dublin, Ireland",
8158b429-de10-486e-9dd0-737c927db661,terrestrial energy,Nuclear fission-focused molten salt reactor technology,"North Carolina, USA",
4a65a448-4f18-4718-8fa4-a552d442bc95,terreva renewables,RNG developer,"Atlanta, GA",
7d5f359c-caef-47c5-8c36-ef7d74f2bf23,terviva,Produce more feedstocks for renewable fuels,"Alameda, CA",https://www.terviva.com/
ea6619cd-b5df-4302-b209-e5eaf366ee89,tesseract,Energy company,"London, UK",
c53d5df8-d409-4f77-8f00-7da784b640da,testfit,A.I.-powered real estate feasibility software developer,"Dallas, TX",https://www.testfit.io/
4b963edb-c299-4dc0-8b0c-e4d135159663,tether,EV grid integration and V2G platform,Spain,
6da037bf-ab17-4d53-bcfe-2ab3959baf9d,tetrate,Cloud application networking,"San Francisco, CA",
891e9ca0-e8c3-41fe-b530-42f24cb029e4,tewke,Energy-efficient light switches,"London, U.K.",
bc13d168-52af-4248-ad05-f51608080fc9,texture,Data and communication platform for the distributed energy economy,"New York City, NY",
1cad519d-1cb5-4d58-98d9-3d14087714c8,tg0,Human-machine interface technology developer,"London, UK",https://www.tg0.co.uk/
6c6f15b3-b18a-4454-bd53-b082d109cc07,the ancient environmental genomics initiative for sustainability,Sequence DNA fragments from soil samples,U.S.,
d53b63ea-ca6a-46ce-b2fd-21c449279d63,the bee corp,Agtech startup for beekeepers,"Indianapolis, IN",https://thebeecorp.com/
71c49a6f-b1de-4d5e-9d03-262789b12e2a,the better meat co.,Mycoprotein ingredients developer,"Sacramento, CA",
09cba85a-4721-442e-8557-8af48f0ee3bb,the climate choice,Climate intelligence software platform,"Berlin, Germany",
6d207adf-5424-42b3-9158-6b4707dc4ba4,the climate service,Provider of climate risk analytics,"Durham, North Carolina",
f15025e9-b6ae-471c-b70d-2443d29f00db,the cool down,Climate media startup,"Bend, Ore.",https://thecooldown.com/
856df6d9-c86d-4532-8966-02041ee8e4c3,the crop project,Developer of regenerative crops for food and beauty products,"Brooklyn, NY",
35c01c0a-112e-43fe-94cb-0c73397c61de,the demex group,Weather risk analytics for insurance companies,"Washington D.C., USA",
9f96caf5-3c8d-4719-9a4c-bd1e09feba7f,the energy company,EV battery manufacturer,"Bengaluru, India",
6f86ec87-9e86-4f79-8112-390ebade3a94,the engine ventures,"Invest in climate tech, health, and other sectors","Cambridge, MA, U.S.",
dc000273-3085-4013-8bb9-767f4e323bec,the every company,Producer of alternative proteins through precision fermentation technology,"San Francisco, CA",
17f90846-5873-4a37-9f68-d697ed4e300d,the growhub innovations,Web3 platform for food traceability,Singapore,
b656ef8c-7b08-4095-9acd-0c30b579fbcf,the indigenous power & light fund for energy sovereignty,Revolving fund for tribal clean energy,U.S.,
a47c7592-37af-44f7-8d67-832e60e33cc0,the ish food company,Producer of plant-based seafood alternatives,"Wilmington, DE",
622ede69-7809-4272-bb89-98d8f7e6bad2,the jackfruit company,Jackfruit-based meat alternatives,"Boulder, CO",
1fa718aa-3d20-444f-aac2-1ae6727bc76f,the lion electric,Canadian electric truck and bus maker,Canada,https://thelionelectric.com/
22540de6-1da9-4a30-973c-d11f5c6238f4,the mit sloan school of management,Focus on climate policy,"Cambridge, MA",https://mitsloan.mit.edu/
36d5f217-fb12-47f4-9631-f15663d035c9,the new york state common retirement fund,Climate Transition Index fund,,
87ba31db-374b-4b0f-b5b9-f142fa0d3440,the not company,Plant-based meat and dairy producer,Chile,https://www.notco.com/
3a2f1337-752a-4cf3-b0e1-b24f2f1ce4ee,the nuclear company,Large-scale nuclear power plants using existing reactor designs,"Lexington, KY",
847bf018-a8c9-45fc-ad0e-1b40d41eb661,the oman investment authority,Future Fund Oman for large-scale projects,"Muscat, Oman",
18d444c5-684d-4c48-95f9-1358635bc04e,the protein brewery,Maker of non-animal-based proteins,Netherlands,
127866c5-a6b5-4c7d-8680-d459e1647f8f,the rounds,Zero-waste delivery and refill service for household items,"Philadelphia, PA",https://www.therounds.com/
6c553b7f-4bd0-4959-b4c2-c40d31c74fda,the routing company,Startup building routing and vehicle management solutions for transit providers,"Boston, MA",https://theroutingcompany.com/
fa001e85-dda5-429f-a24d-03b9c6424a16,the ugly company,Startup upcycling ugly fruit into snacks,"Farmersville, CA",
8a52df01-8cd4-4b0d-967a-e02465745a97,the upright project,Impact measurement platform,Finland,
97ed1742-3c3a-41de-a38a-815134d0fb16,the westly group,"Invest in seed-stage companies across climate, energy, and industry","Menlo Park, CA",
0bbd4845-9400-438f-9624-1b3c5108effc,the yield,IoT agricultural technology startup,Sydney,
41b6c664-3052-4c70-9960-5efe6df1bccb,theion,Advanced lithium-sulfur batteries,"Berlin, Germany",
2e1ffbbb-d13a-47e2-8533-673fe4a812b5,therma,Manages and monitors temperature and eliminates energy waste,"San Francisco, CA",
055bc5d9-ad07-4e03-a645-4fb5a26ad805,thestorage,Sand-based industrial heat batteries,"Tampere, Finland",
c99cdd8b-ac86-413c-8638-581ddd9d84a7,theta lake,Cybersecurity and compliance solutions for video conferencing software,"Santa Barbara, CA",https://www.thetalake.com/
9dcaf3d1-ccc9-45a3-a817-b95ffd59a362,thiozen,Clean hydrogen production from waste streams,"Pasadena, CA",https://www.thiozen.com/
de6b7806-0c24-41e8-ac19-8e528c32e712,third wave automation,Machine learning company,"Union City, CA",
2b7311de-5f40-47b9-a2eb-a731652a463a,this,Plant-based food maker,"London, England",https://this.co.uk/
e38a913e-8fc8-44aa-b847-85a09db0d2fb,thorizon,Molten salt reactor technology using nuclear waste as fuel,"Amsterdam, Netherlands",
f3926303-3a9e-4cb0-9bf1-d3e6edb71e38,thought machine,Cloud-based banking software firm,"London, UK",https://thoughtmachine.net/
9df4b50c-432b-440b-9bc7-6fbfc87fcea2,thoughttrace,Contract analytics software provider,"Houston, TX",
24532e3e-35ec-4463-8b98-8f8c55fc7dfc,three-sixty aquaculture,Sustainable land-based prawn farm,"Swansea, U.K.",https://360aquaculture.com/
5e4ec364-ba92-4da2-b8f8-96af3ee69306,threekit,Augmented reality company focused on e-commerce,"Chicago, IL",https://www.threekit.com/
4e3c7ca5-7a6d-4745-9883-595e54297ca4,thrilling,E-commerce platform for second-hand stores,"Los Angeles, CA",
3131cfcb-ae2a-4b5c-85cd-99bcc188f50d,thruwave,Developer of 3D millimeter wave imaging for supply chain and logistics,"Seattle, WA",
06184dae-454c-42c4-af24-a6b937b6f954,thryve,Carbon project development platform,"Singapore City, Singapore",
1eac4b1e-71a9-4a3d-9a4c-a2fdf4bcf6ea,thryve.earth,Platform for nature-based carbon projects,Singapore,https://thryve.earth/
fce4effb-07fb-49d9-a13f-c3fa30d436f8,tibber,Company seeking to make electricity cheaper and greener,"Førde, Norway",https://tibber.com/
95ff33b2-c2be-48ea-bc6f-ac5b2e8851f1,tibo energy,Provider of energy management software,"Eindhoven, Netherlands",https://www.tibo.energy/
947de544-3c49-4ffd-9585-84125a407569,tickr,Investing app in the ESG space,U.K.,https://www.tickr.com/
5a82a9e4-3224-4bf9-bd98-4e8b3bb2263c,tidal,AI and computer vision product for salmon farmers,"Trondheim, Norway",
179759ac-2c92-44f2-8fe6-91063383d84f,tidal metals,Make magnesium from saltwater,"Hamilton, NJ",
85b6c490-d47e-49ee-9915-3d07e7ae858f,tidal vision,Turns crab shells into biodegradable chitosan,"Bellingham, Washington",https://www.tidalvision.com/
a9e55aa9-8c9a-48bb-a661-8553d7d839eb,tidelift,Solutions provider for open source software supply chain resilience,Boston,https://www.tidelift.com/
bd49e8c3-7360-4866-ad89-3117de0a5ed6,tier,Electric scooter startup,"Berlin, Germany",https://www.tier.app/
4f1a64f4-0c5b-46e5-8177-ae9d2aa1fe4e,tier mobility,Provider of micro-mobility solutions,Germany,https://tier.app/
f603cf8d-811a-4e2e-9a52-9e678bd2f487,tierra biosciences,AI-guided protein synthesis platform,"San Leandro, CA",https://www.tierrabiosciences.com/
ca4723df-2e4b-4a6c-a45f-dd2e53b52e6b,tigergraph,Scalable graph database for the enterprise,"Mountain View, CA",
f4f9798f-7dd3-46e0-aadd-3a2091b69b75,tigo energy,Solar and energy storage solutions,"Campbell, CA",https://www.tigoenergy.com/
f35c66dd-7faf-4a12-8d99-1a4210b59e59,tinybird,Software developer that builds data products,"New York, NY",https://tinybird.co/
47c41a41-aa03-4308-9cab-cbcdfd743fd1,tipa,Compostable packaging startup,Israel,
40dc8a6c-5f37-419c-b037-b80fdcbfd817,tirex transmission,EV charging startup,India,
9f9f041f-3a93-41d8-bf10-98cb7d6cb821,tive,Supply chain visibility and insights company,Boston,https://tive.com/
e009a514-9234-4deb-9ed8-2638fa3f7d5b,toffeeam,Software design company for green manufacturing,"London, UK",
86d7855c-fd6b-405e-9dd7-ee8d08def809,togal.ai,Construction software company,"Miami, FL",
85f5b16e-1097-4ac3-a3d2-bdf16cd5bf5d,tokamak energy,Develop tokamaks for nuclear fusion,"Abingdon, UK",https://tokamakenergy.co.uk/
6a64a4c3-72a9-409a-9296-4215f1464b01,tomato jos,Agro-processing venture focused on local production of high-quality tomato paste,Nigeria,
339563ef-8168-417f-9861-7076b4863285,tomorrow farms,Sustainable food-tech company,"New York, USA",
79cf1fcf-a054-4869-91aa-0c7c2a1323f7,tomorrow.io,Weather intelligence platform,"Boston, MA",https://www.tomorrow.io/
ea21ac67-071a-455d-a367-7889e8da659f,too good to go,Startup combating food waste,Denmark,https://toogoodtogo.com/en-us
a2cea2a6-af8a-420d-b0bb-973fa8fe33ed,topanga,Reduce food waste and packaging costs,"Los Angeles, CA",
6e8ae5e6-9a23-4e5c-b49a-8d0a8a6e28fe,tophat,Low-carbon modular housing company,"London, UK",https://www.tophat.com/
46b1fbb1-c4d2-48c6-bcd5-cb68ea6e5146,topl,Blockchain platform helping companies prove ethical and sustainable supply chains,"Houston, TX",https://topl.co/
4785d8fc-b1ac-40e7-b5d3-d4a547f56a60,topolytics,Verifiable data platform for waste,"Edinburgh, United Kingdom",
06ac0032-5339-4e2e-aaa7-805d275e5ad5,torch,Digital freight network focused on short-haul trips,"Chicago, IL",https://www.torch.com/
5f4d48dd-3005-4fa7-8bfd-8916d85aae31,torev motors,Axial flux electric motors maker,Washington D.C.,
ae08c4ac-9b47-40f3-b079-0e2da45c76af,tortoise acquisition ii,Energy-focused SPAC,,
e7bc8d17-8247-4bb7-aa65-91d9e5cf64c9,tortuga agtech,Farming robotics company,"St. Louis, MO",https://www.tortugaagtech.com/
8698db64-ffaa-4add-9b1b-f30b35f7a648,torus,Manufacturer of energy storage and management products,"South Salt Lake, Utah",
618e8dc5-f57b-4173-8755-13d16e392a32,toyota ventures,Investment firm,"Los Altos, CA",
32ded36b-a149-41af-a06a-2a04da25f1b2,tozero,Recover valuable materials from lithium-ion batteries,"Munich, Germany",
d45d6c01-662f-44fc-b317-7c13145b03f0,tpg,Climate-focused private equity infrastructure fund,San Francisco,
998cdd67-65c6-4fad-a2c2-00dcb4f16f78,tpg rise climate,Digital energy platform active in 18 countries,"San Francisco, U.S.",https://www.tpg.com/
c7404d60-93f3-49be-bdd4-6adec153987b,traace,Emissions traceability and management platform,France,
0bd67dc2-8e28-4d2a-8c72-477da0e2de76,trace,Carbon management platform,Australia,
8c7c5624-46d0-4849-be06-6de192d8528a,trace genomics,Soil testing kits,"Ames, Iowa",https://tracegenomics.com/
8abba75f-7d93-496d-91a6-2222a20d9b58,trace midstream,Developing carbon capture and sequestration assets,"Houston, TX",
79fdb88a-a5a0-4d12-a8e0-362a6767659a,traceless materials,Turns agricultural leftovers into plastic alternatives,"Hamburg, Germany",https://www.traceless.eu/
c3592b0b-40c1-4c6c-a8a8-493f4bc1ffe6,tracer,Data intelligence platform,"New York, USA",https://www.tracer.com/
3e63f9ce-eec7-4d32-aa25-2568b0e2a46d,track3d,AI platform for the construction industry,"San Francisco, CA",
e68903ee-98a0-4dc6-ac83-bc7dc8904d77,tract,Software for agriculture supply chain transparency,"Amsterdam, Netherlands",https://tract.com/
59cff499-5a94-4819-8076-14cd53fe8a31,tractian,Industrial monitoring platform,"Atlanta, USA",https://tractian.com/
4c00ad93-3e11-4359-801f-96bc10e78fe3,tradespace,AI-powered IP management platform,"San Francisco, CA",
294298a7-e280-4416-896e-bf6aba70f685,tradeverifyd,AI-powered supply chain risk management,"Bozeman, Mont.",
78eb8c87-2472-46f4-acfe-8c271a5e36a4,tradim,Providing waste collection and management software,France,https://www.tradim.com/
7e46e615-29de-48ff-908d-afacaf119f57,trala,Music education software teaching violin,"Chicago, IL",https://trala.com/
ed3fb7b7-3ca7-4a5a-8651-290849b42644,transaera,Manufacturing energy-efficient air conditioning systems,"Somerville, MA",https://www.transaera.com/
be1c8324-13b0-485d-aac5-d488f7f4ce28,transcend,Data privacy infrastructure company,"San Francisco, CA",https://transcend.io/
6667d86a-3d6f-4e68-8fbb-d71a2688c93d,transect,Environmental risk for energy and infrastructure,"San Antonio, TX",
61e63fff-6c3a-4734-93d7-684c31eff871,transficc,E-trading platform,"London, UK",https://www.transficc.com/
d082bb1d-7717-46f7-9b6c-5b6fa69c0a2d,transition,Venture capital firm,"London, UK",
574a5c24-5a5b-4b3e-b524-281e25f45d56,transmutex,Nuclear waste transmutation technology developer,"Genève, Switzerland",https://www.transmutex.com/
503b9a82-5dc8-44a2-ad3e-d05912b06186,transvoyant,Supply chain execution platform,"Alexandria, VA",
b9c93993-78e1-443f-9022-7a108e08f384,trapview,Pest monitoring and forecasting company,Slovenia,https://www.trapview.com/
94cfebf4-4609-4ea3-8345-cfe7216f7773,travertine technologies,Helps critical element producers remove environmental waste and carbon emissions,"Boulder, CO",
b2029d46-9686-49b1-8ce0-879f5ffda3a8,trawa,Sustainable electricity procurement platform,"Berlin, Germany",https://trawa.com/
3bec1739-a35a-4ce1-9d0b-f55446300f94,trax,Provider of computer vision and analytics solutions,Singapore,
c1fa7a5b-f572-48b4-b3ad-9636d1312a60,trayd,Construction payroll and compliance solutions provider,"New York City, NY",
ec198f27-a02c-4b56-9ad7-3edfa7f3971d,treatech,Provider of hydrothermal gasification technology to convert waste streams into products,"Lausanne, Switzerland",
e0749b1c-0044-4d0a-8c47-a83180450497,trebellar,Smart building data platform,"San Francisco, CA",
62d5cc0c-287a-4604-a8f5-2201074993f5,tree energy solutions,Green hydrogen producer,"Brussels, Belgium",
57ddd5ad-2de5-4007-a7e9-76022e71b78c,tree.ly,Forest-protection projects across Europe,"Dornbirn, Austria",https://tree.ly/
ff307179-3966-4d09-b243-7dea0ece5c7c,treecard,Credit card startup that plants trees,UK,https://treecard.org/
3e8f85f0-c56d-4eee-bdcb-1b714ed9bac7,treedots,B2B marketplace for reducing food waste,Singapore,
e1bb43ce-6ce0-4bc3-8f49-821778b5676a,treefera,AI-enabled data platform for reporting nature-based assets,"London, UK",https://treefera.com/
c1bd8635-e7cd-4239-ba3f-a4eaf702f8ba,treehouse,Residential EV charging infrastructure developer,"San Francisco, CA",https://www.treehouse.com/
245a06af-515f-4242-b0a2-da7b86c3426e,treesplease games,Gaming platform for planting trees,"London, UK",https://www.treespleasegames.com/
e8e4b661-b539-4b8c-87b6-ee719a992bb7,treet,Retail resale platform,"San Francisco, CA",
a809042a-ccb3-4111-a9f9-c3ffd368fded,treetoscope,Irrigation management company for crops,"Mikveh Israel, Israel",https://www.treetoscope.com/
e48b1dfa-e3a6-4b7a-ab38-a9d7971f3273,trellis data,Machine learning platform,"Canberra, Australia",
321b81c0-b911-4941-9d2b-aba474d81788,tribaldata,Platform to help media and advertisers get to net zero,Spain,https://tribaldata.com/
9c69d6b7-f394-4752-811e-23ab9e17efed,trio mobil,IoT-powered safety and efficiency systems,"Marietta, GA",https://www.triomobil.com/
e6ffabbb-80b4-4074-ba2b-bc6377b88c97,triplebar,Biomaterials discovery platform,"Emeryville, CA",
62be76a5-de5a-4b38-8d2c-f85dc78875ee,triplew,Startup producing biodegradable plastic from food waste,Israel,https://triplew.com/
03795490-e1d3-4690-8235-d481ac02169d,triton anchor,Offshore wind turbine anchor developer,"Chelmsford, MA",https://www.tritonanchor.com/
8cd4fed5-9f36-4480-854e-ce8e04ae7205,triumvirate environmental,Sustainable environmental solutions provider,"Somerville, MA",
8b24ea35-c273-4c9b-8c20-62870a7caa5d,troes,Modular battery energy storage systems provider,"Markham, Canada",
7d04aa47-7aad-4348-830e-9c9d28ef3cf7,trojan energy,On-street EV charging provider,"Stonehaven, UK",https://trojan.energy/
9928dbac-b86d-4674-9bf8-ed8daf5f033f,tropic bioscience,Ag-tech company focused on tropical crops,UK,https://tropicbioscience.com/
79bcf593-4f4c-47a2-9189-e946c2c889b8,tropic biosciences,Utilizing innovative gene-editing technology to address commercial crop challenges,UK,https://tropicbiosciences.com/
9d2c4171-2a73-4584-bc37-c36062aece54,trove,E-commerce infrastructure company powering circular shopping,"Brisbane, CA",
9b2e6aa5-1200-4690-8764-f2c6ea261359,trucklabs,Trucking decarbonization solutions provider,"Phoenix, AZ",https://trucklabs.com/
ba10c573-a0d5-470e-bebf-809afa046682,trucks venture capital,Invest in pre-and seed deals focused on transportation,San Francisco,
1ac3f8a7-a445-4dbd-ad68-160afd1b30fa,true anomaly,Space security and sustainability company,"Centennial, CO",https://www.trueanomaly.com/
b11b7a37-b0b6-4e0f-b3fb-83ebfbdac412,truefort,Cybersecurity company,"Weehawken, NJ",https://www.truefort.com/
e59759d4-5277-4647-8d8d-1d96f6b60586,trusttrace,Sustainability-focused supply chain traceability platform,Sweden,
09c46ca6-6f4f-4cd4-ad53-a191c768e8f1,ts conductor,High-capacity power transmission lines production,"Huntington Beach, CA",https://www.tsconductor.com/
7b18058f-5f2f-492f-b381-00b98057e9c0,tset,,"Vienna, Austria",https://tset.com/
1b1e7dca-ffd0-4ffb-8da2-ea8f4c3777f4,tsubame bhb,Lower-carbon ammonia production plants,"Kanagawa, Japan",
1796c32f-3669-499f-a239-7cd4cf1a2905,tsun,Solar panel manufacturer,"SuZhou, China",
57535e11-5440-4a92-ba6f-c609239a6401,tumeke,Automatically assess workplace safety risks through pictures,"San Mateo, Calif.",
d4ce3699-beed-4099-bb7f-c58bbeccefef,tupu,Urban mushroom farming developer,"Berlin, Germany",
9bdab65c-08ef-42e7-b0b6-d73ee2474214,turing,AI-powered water management platforms,"Boston, MA",
d5d1e95a-7227-4d13-aba7-30d196188f1e,turingdream,Multi-agent-based applications creation and management platform,"Madrid, Spain",
213c4072-0c3c-469a-8473-07abc36711a2,turn2x,RNG from methanation producer,"Munich, Germany",https://turn2x.com/
439d08ba-ffdb-4059-a33a-fc125727169c,turnkey group,Platform providing ESG software and analytics,Singapore,
2b3d24d3-4d66-4e8b-a9e6-33cb74dee21c,turno,Commercial EV distribution and financing platform,"Bengaluru, India",
6245120b-d725-4be2-b818-ab47743b407a,turnover labs,Decarbonization technology developer for the chemical manufacturing industry,"New York City, NY",
3d21ef45-0b73-4661-a8b2-d6b8122ef06b,turntide technologies,Electrification and sustainable operations technologies developer,"Sunnyvale, CA",
1c7b294b-81a7-498f-85be-11c9005ba417,turtletree,Biotech startup using cell-based technology in milk production,Singapore,https://turtletree.com/
ec3f1d17-79b6-4dae-8ded-e8e9380f4e61,turtletree labs,Food tech firm producing cell-based milk,Singapore,
cc06677c-ba9e-46f0-897d-9b2da3627ac8,tusimple,Self-driving truck startup,"San Diego, CA",
dc4708f1-07cc-43a9-90b8-72ade6ae055d,tvarit,Zero-waste metal manufacturer,"Frankfurt am Main, Germany",https://www.tvarit.com/
9442dcb9-2357-44ca-a495-cbf4337adc34,twaice,Analytics software for batteries in electric vehicles,"Chicago, IL and Germany",https://www.twaice.com/
32218a59-e770-4540-8908-c7d9fefdede5,twelve,CO2 to chemical intermediates developer,"Berkeley, CA",https://www.twelve.co/
4fbc1246-f0b5-4c2d-ab9b-a1b73418fb5c,twelve labs,Video search and understanding platform,"San Francisco, CA",
b61a0385-1bdf-45f4-866a-7bf5877e4da9,two fifty seven,Residential energy data platform provider,"San Francisco, CA",
f1bb5ad9-9dd3-47e5-8512-8153368072eb,two point o capital,Finance residential solar and energy efficiency upgrades,India,
799ee88d-0c67-465c-9992-8c2a328b40fe,txnm energy,Electric utility service,"Albuquerque, NM",
2d2c872a-38cb-49bc-be05-3b3960d22561,tyba,Energy storage optimization solutions provider,"San Francisco, CA",
f0def99e-d194-41eb-8199-2401500602f1,tynt technologies,Developer of smart windows,"Boulder, CO",https://www.tynt.com/
8868d871-518c-41c6-be71-9afc99e0f734,type one energy,Developer of fusion technology designed to produce power with zero emissions,"Oak Ridge, TN",https://www.typeoneenergy.com/
e4479ed4-9a59-4ab8-8b5e-20b23659fd41,ubco,Electric utility bike startup,New Zealand,https://www.ubco.com/
1a68bf5f-6374-4417-9c1e-8db5abd4533b,ubicquia,"Smart city, small cell, and smart grid startup","Fort Lauderdale, FL",https://ubicquia.com/
c3dbe2be-39f5-4de0-b1ce-346713bd9342,ubiqd,Quantum dot technology developer,"Los Alamos, NM",https://ubiqd.com/
6f9b8f76-3dc1-4a50-a751-378f7a043dfd,ubiquitous energy,Solar technology company for residential and commercial building occupants,"Redwood City, CA",https://ubiquitous.energy/
f52049e9-3d50-4f73-8ba2-676fd77bfb0b,ubitricity,Owner of the U.K.’s largest public electric vehicle charging network,UK,
5d575766-8e3f-40d7-a427-314d7cedcec6,ubq materials,Developer of climate-positive thermoplastics,"Tel Aviv, Israel",https://ubqmaterials.com/
d2154a28-4e00-44b1-b5b2-f72536d629da,ucaneo,,"Berlin, Germany",https://ucaneo.com/
17ad1db6-193e-4751-9ade-e34cf4022a87,ufodrive,Electric-car rental company,Ireland,https://ufodrive.com/
b6e135d1-98e0-4710-8e9b-78349ca19e20,ugowork,Provider of Energy-as-a-service solutions for industrial vehicles,Canada,https://ugowork.com/
27643425-f146-4111-90ba-94655a6d5540,uiflow,Platform for development teams,"San Francisco, CA",
546af2fa-dc70-4d47-b320-c572fbaf9b2a,uipath,Enterprise automation and robotic process automation software,"New York, NY",https://www.uipath.com/
9e998f0e-c287-4a2e-9f43-c6c8f3404fce,ulemco,Converting commercial vehicles to hydrogen,"Liverpool, U.K.",https://ulemco.com/
9e6b0fb0-61a4-47e3-bc7e-7ad7b1126837,ultihash,Provider of data storage solutions designed to make data storage more sustainable,"San Francisco, CA",
dc329012-e844-44c9-a199-71de6c3d3d28,ultraviolette,Electric motorcycle company,India,https://www.ultraviolette.com/
15ef39b7-aa88-4406-9a88-f61f540fa224,ultraviolette automotive,Electric two-wheeler vehicle developer,"Bangalore Urban, India",https://www.ultraviolette.com/
006d43e7-363c-4515-b33e-3c5614a32170,umagrauemeio,Software and data solutions to mitigate forest fires,"umagrauemeio, Brazil",
ddb62e04-b94c-446a-86a6-69c2cd05cb14,umami bioworks,Lab-cultured seafood platform,"Singapore, Singapore",
275fe7c1-a91d-4437-83ba-3334bcb6c78a,umaro foods,Seaweed-based bacon,"San Francisco, CA",https://umarofoods.com/
42acad8d-24c7-4a70-ac11-edc7833f41d1,umiami,Plant-based meat developer,"Paris, France",
5d931425-dfc6-43a6-908d-7ee0b1129733,umincorp,Sustainable plastic recycling company,Netherlands,https://umincorp.com/
7f80792f-24e8-47c9-bd64-ec664f916f4c,umob,Sustainable urban transport booking app,"Rotterdam, Netherlands",
fbb6d9f3-482f-4411-af8f-cf8cd3438b19,unagi,Maker of portable electric scooters,"Oakland, CA",https://unagiscooters.com/
97498b50-bd41-43c4-87ca-9775a43ee9f2,unagi scooters,Electric scooter manufacturer,"Oakland, CA",https://unagiscooters.com/
3f338da6-b075-4a07-90e8-2529b78b7dc6,uncaged innovations,Sustainable leather alternatives platform,New York,https://uncagedinnovations.com/
51b01e39-7fc1-42de-b533-58fe442cd851,understory,Provider of insurance solutions designed for climate change-related risk,"Madison, Wisc.",https://www.understoryweather.com/
fb580226-8f78-44d4-9df1-72eb852b95ea,undo,Enhanced rock weathering carbon removal company,"London, UK",
b47b14ae-60e6-4ef5-90d8-888f95be4a46,unearth technologies,SaaS startup for the construction sector,"Seattle, WA",
f47cd413-fa15-4478-a804-897032be3114,unfold,Vertical farming company,"Sacramento, CA",
c18d41ec-8f89-4eb1-9299-57e493232fb9,unibloom world,Software that integrates climate data into business,"London, U.K.",
773e8513-67b0-4e10-bd35-9550dcb3a488,unigrid,Make sodium-ion batteries,"San Diego, CA",
1a0dddab-8f40-4aec-bb05-dc194371a48b,unigrid battery,Sodium-ion battery maker,"San Diego, CA",
c19296c4-30fb-40cd-8d4a-cf7d8e901f56,union square ventures,Climate-tech focused venture fund,,
47e88fec-b902-4023-b1cb-f0ca5830b9f0,unisieve,Developer of molecular membrane solutions reducing energy usage,"Zürich, Switzerland",https://unisieve.com/
8a903b5d-63af-4c5a-a022-69cd4669bc80,unit21,Fraud monitoring platform,"San Francisco, CA",https://unit21.ai/
99ca77fb-a6fa-4da2-b196-079f2309415a,uniti,EV company,"Stockholm, Sweden",https://uniti.earth/
0d19ff8d-41db-4693-8099-40250a89b007,unito,Workflow management company,"Montréal, Canada",
0576ec40-f1cc-4b76-8d4b-625fd7c53822,universal fuel technologies,SAF & renewable chemicals producer,"Los Altos, CA",
7488c435-cef1-4292-9fdc-ec62b6a5180d,universal hydrogen,Green hydrogen distribution company,"Hawthorne, CA",
6a41063d-f41f-44b7-9d3b-92350df54bd0,university of new mexico,Establishing a regional satellite for sustainability initiatives,New Mexico,
cdd88394-fe5b-4359-ae5b-6482df083eb6,unless ventures,"Invest in cleaner manufacturing, shipping, power generation","Boulder, CO",
aed01517-796f-43d6-951a-b967ff27974a,unseenlabs,Using satellite imagery to track ships and maritime traffic,"Rennes, France",
edfb3b43-5d73-4d69-b46c-d0a9a89a8bed,unspun,Robotic manufacturing startup eliminating waste in jeans production,"San Francisco, CA",https://unspun.io/
6edc1a32-1c30-494d-8964-43ee4f7c9bc9,unum aircraft seating,Develop lighter business-class aircraft seats to help airlines save fuel,"Crawley, U.K.",
b8ad82b9-86b7-4a46-8b08-e4ea43d44969,unwritten,Climate risk intelligence and data for investors,"London, England",
27575979-bd5a-4b46-ad0d-1696efed8801,up catalyst,Sustainable carbon nanomaterials and graphite manufacturer,"Tallinn, Estonia",https://www.upcatalyst.com/
ad66c545-031f-4964-9728-43b642655d1f,up2you,Emissions management platform,Italy,
5a401b78-f98f-4cf6-9c85-8aa5b07f1589,uplift360,Recycling technologies developer for advanced industrial materials,Luxembourg,
f46aebff-bcea-4aad-8c39-0cdf5680be91,upside foods,Producer of cultivated meat and seafood,"Berkeley, CA",https://upsidefoods.com/
ff3f8161-f09d-4037-b2e8-4a9087744f06,upward farms,Aquaponic operation firm,"Brooklyn, NY",
66d3858b-e61d-47c4-93df-c767c2aaaf40,upway,Startup that sells secondhand electric bikes,France,https://upway.fr/
d1f98a73-3ee8-4c1a-b756-121906033ecc,upwell water,Sustainable water infrastructure development,"San Francisco, U.S.",https://www.upwellwater.com/
c119fbb1-884a-4d0e-b240-8895f3dc0415,uranium digital,Blockchain-based trading platform for physical uranium,"New York, New York",https://www.uraniumdigital.com/
fb0c10c6-e658-4d13-aa52-6fc2632355f0,urb-e,Compact container delivery company,"Los Angeles, CA",https://urb-e.com/
c83abb50-054b-4e49-afbc-5a37b5492a28,urban sky,High-altitude balloon startup focused on imaging,"Denver, CO",https://www.urbansky.com/
09d8feaf-3305-40c7-970a-38333772c553,urban x,Urban mobility solutions for cities,"Berlin, Germany",
4bfbf3d0-def3-4116-8522-a040ef4655c8,urbanchain,Peer-to-peer energy services company,"Manchester, United Kingdom",https://urbanchain.com/
19485197-e387-44c2-af19-e7ceeee1ed79,urbanfootprint,Intelligence and urban planning software,"Berkeley, CA",
2d3520ac-1404-40fd-ba25-51bba7270080,urbangardens,Smart urban gardening solutions,"Singapore, Singapore",
9be63b5b-525a-442a-b2db-439a8918e61b,urbanleap,Marketplace and discovery solution connecting governments with tech companies,"San Francisco, CA",
e08e6d0f-0453-4dfc-9ab5-e2fc40d23d5d,urbanvolt,Clean energy provider with a solar-as-a-service model,"Dublin, Ireland",
fdfb38de-d76e-4ebf-add2-ed113033df86,urbint,AI for utility safety and field risk management,"New York, NY",https://www.urbint.com/
b648a4cc-ea90-482f-a177-ffada09d1644,urbio,Clean energy software company,Switzerland,
48c6ca2d-04f9-4111-9a6c-0db07624b6ec,urbyn,SaaS waste management platform,"Paris, France",https://urbyn.com/
1d98581a-6b00-4316-bab6-292411c3f791,urent,E-scooter and bike sharing service,Russia,
fe504c4f-0cfe-46de-9e31-ca90e8b43b85,us wind inc.,Offshore wind energy development, ,
af7b43f6-fba9-413d-8b9e-fa1b9df6350a,usv,Climate-focused fund,,
96c99148-d193-4e23-bd97-fa28ebca9c23,util,Machine learning ESG metric investment tool,UK,
51e14e5f-13fd-4559-9e81-bf55f57fa601,utilidata,Grid-edge software platform,"Providence, RI",https://utilidata.com/
0c0ca956-d19d-4ee1-9504-769308701403,utility global,Make hydrogen from steel off-gas,"Houston, TX",https://utilityglobal.com/
ec42ac74-a255-4551-89ba-b5d43e86661b,utilityapi,Provider of data sharing software for electric utilities,"Oakland, CA",https://utilityapi.com/
2109afe3-63ff-4411-a89f-e95d6c44f204,utilizecore,Power service management tech provider,"New York City, NY",
4eee172f-3228-43ef-b038-378814551ee9,uveye,Automated vehicle inspection systems using AI,"Teaneck, NJ",https://uveye.com/
d808ee7e-ead7-4eb2-b311-b2c2daf15e3c,v2food,Alternative protein company,Australia,
c290aa2f-8bde-4483-90c6-617be5e5448b,vaayu,Carbon tracking platform for retailers,Germany,
cc86c003-2965-4b88-89e3-e991185a1f59,vaeridion,Technologies for electric aviation,"Munich, Germany",https://vaeridion.com/
89d394f5-38f0-4c5c-a654-1e63be674ba1,vaire computing,More efficient silicon chips for computation,London,
80968ca1-fbaa-4915-aafe-b13ca5c3ba52,valar atomics,Nuclear energy technology developer,"El Segundo, CA",
381a4569-ae95-4da4-a7c9-5e4f1bbc4d8a,valerann,Intelligent transportation company serving road operators,"London, UK",https://valerann.com/
1bf3cf2f-d4e6-4937-aa1f-3bae2e922de6,validere,Informatics platform that helps energy companies realize efficiencies,Canada,
3cacce05-49eb-4825-befd-74a141c5beb9,value group,CO₂ processing hub,"Rotterdam, Netherlands",
012a60dc-b694-4684-b8f1-be34ca3a5120,vamo,Software for transitioning from heating oil to heat pumps,"Cologne, Germany",
2f04d203-9114-4380-99cc-b44adfa333c3,van heron labs,Cell growth-focused technologies for alternative proteins,"Houston, TX",
ad1f0a3e-b106-47fd-9d91-43944c132a4c,vanmoof,E-bike startup,Amsterdam,https://www.vanmoof.com/
6bceb60e-4c9e-4bfe-8e40-8ef3a575df2c,vapaus,Corporate mobility programs platform,"Espoo, Finland",
dee080ea-ee6e-409f-a79c-aa9288cf0601,varden,Company converting waste material from sugarcane into packaging product,Australia,
f09f6377-f9a7-413d-b3da-f75a091c9f70,varentec,Provider of grid-edge intelligence and control,"Santa Clara, CA",
46daee11-9f74-44f9-b354-4b2c2dce39fb,varhara,Carbon removal business,"Gurugram, India",
070ac1da-ee5e-45cb-9a04-f278cfce7924,varm,Provider of home insulation designed to reduce CO2 usage,"Berlin, Germany",https://www.varm.io/
ede72f3c-95a2-46e2-9e70-c76a0739069e,vatn systems,Make autonomous underwater vessels,"Portsmouth, RI",https://www.vatnsystems.com/
9c475299-aa85-4e03-8c71-dbc8537fbe09,vaulted deep,Biomass carbon removal and storage developer,"Houston, TX",https://vaulteddeep.com/
e9699196-126c-4496-b6e4-986fd8c64c82,veckta,Online energy marketplace,"San Diego, CA",
2f173720-274d-44b3-8e00-e67b82d78bfe,vecmocon technologies,Manufacturer of EV components,India,https://vecmocon.com/
a6c9b1ed-9a1e-4e55-92fc-6d960a73a1f2,vectorize,AI-powered data integration platform,"Boulder, CO",https://www.vectorize.ai/
0df36d47-65a7-4b5e-841b-ca0743f2de92,veerum,Maker of software to visualize physical assets,Canada,
664f3db4-5e57-44b9-aa18-1acf0b83f76d,vegh,Electric two wheelers manufacturer,"Bhatinda, India",
be542930-c541-499a-8e81-c5c7147d5f57,veir,Developer of high temperature superconductors for electricity transmission,"Boston, MA",https://www.veir.com/
e1562c29-79d4-40ff-ba45-99f929dc6b80,vela,Make wind-powered cargo ships,"Bourgogne, France",
e9a2d199-483b-4875-946a-f451986b4144,veloce energy,EV charging infrastructure platform,"Los Angeles, CA",
1f22baf0-c0d5-4e8a-9a96-5c21112415db,velocys,Sustainable aviation fuels,"Oxford, U.K.",https://www.velocys.com/
f5a3c1d3-56cd-4f5b-9677-167d38299fc2,velotric,E-bike provider,"Shenzhen, China",https://velotricbike.com/
0122985a-bd96-4fcb-94b5-2c1ee46c2994,vema hydrogen,Hydrogen developer,"Wilmington, Delaware",
12d169c2-efa3-4f5f-800d-9126a0aaf330,vence,Startup enabling rotational grazing with virtual electric fences,"San Diego, CA",https://vence.io/
41d42de6-670b-4cac-912e-0d712af084a5,vendia,Data and code sharing platform,"San Francisco, CA",
59aecc51-77e7-4563-97e8-4c486a4d0787,vendict,Generative A.I. security and compliance startup,"Tel Aviv, Israel",https://www.vendict.com/
ce2396f0-b607-4717-a546-0831e8d3b29f,vendorpm,Software-enabled marketplace to connect property managers and trusted vendors,"Toronto, Canada",
c423bd67-6735-4939-8d8c-7283dd80c841,vensum power,Power converter technology developer,"Espoo, Finland",https://vensumpower.com/
2b19c11a-a5a9-4402-9a6e-0e96ad726d6d,venti technologies,Autonomous logistics company,"Boston, MA",
004350d6-2fb1-4e2c-91c8-4218e33d8f82,ventive,Developing efficient heat pumps for homes,UK,
ee5ff6cd-1036-4e9d-ba1a-ac70b7e31e0a,veo,E-scooter sharing,"Chicago, IL",
e6571af2-ce73-4ac9-9de0-f126e4a831a6,verai,AI mineral exploration and discovery platform,"Boston, MA",
7d2c4027-809b-4d1e-ac40-c5c0957eae75,verdafresh,Startup producing fully recyclable barrier films for food packaging,"Wayne, PA",
8cd68044-1888-443d-8f1c-4b18ac6f66b5,verdagy,Water electrolysis technology company for the production of green hydrogen,"Moss Landing, CA",
c390a048-be1d-4a7f-a8fc-5b432fd2eea3,verdane,Investing in digitization and decarbonization applications,"Oslo, Norway",https://www.verdane.com/
336c15df-94de-431f-a29a-df631968c3ce,verdant robotics,RaaS company providing regenerative agriculture solutions,"Hayward, CA",https://verdantrobotics.com/
02ff26eb-435e-4fe3-9168-e36d97d1b87c,verde clean fuels,Natural gas-to-gasoline production plants,"Houston, TX",https://www.verdecleanfuels.com/
982f6afd-3fcf-4375-bf86-2707838b47bc,verdigris technologies,Building energy management platform,"Santa Clara County, CA",
b95b9900-f0dc-461a-bd5c-5146b1cff756,verge,AI powered interactive software that enables efficient field operations,Canada,
5b83abc1-9925-43ff-9bb2-7994a4ecc478,vericool,Manufacturer of compostable cold chain packaging,"Livermore, Calif.",https://www.vericool.com/
7748e6d8-2aff-456d-8556-4b468537f2c2,veritree,Nature restoration verification platform,"Vancouver, Canada",
771fac83-5d04-49e8-8c0c-105b66debfb4,verity,Autonomous inventory drone company,"Zurich, Switzerland",https://www.verity.ch/
3dbfeb67-06a5-4e05-bf0b-000a7b51aba5,verkor,Battery gigafactory construction,"Grenoble, France",https://verkor.com/
4016cc3d-f78d-4b9e-8967-7f3386c946a4,verlume,Developer of subsea battery storage for offshore energy,"Aberdeen, United Kingdom",
c0f116af-bb3d-4830-99c7-e4c17d3aa78e,verne,Developing urban autonomous mobility ecosystem centered around robotic taxis,"Zagreb, Croatia",
23345995-fe46-4160-9253-c076f26081da,versatile natures,Using machine learning and AI to optimize construction processes,Israel,
b0a70592-dfec-46b8-afdc-2162d86fd8e6,verse,Clean energy procurement and management company,"San Francisco, CA",
8327b5d9-6fe9-46ce-99f4-ed352c1a438f,versiro,Real-time analysis software for power producers,"Trondheim, Norway",https://versiro.com/
e52c2414-cfb0-4b51-bc12-2e5dbd9587f7,versogen,Developer of electrolyzers to produce green hydrogen,"Wilmington, DE",https://www.versogen.com/
3799dac3-eda7-4847-9b35-95ca50f4b5b5,vertical future,Vertical farming system developer,"London, UK",https://verticalfuture.co.uk/
fab24d29-fa91-43b2-8106-63aa19963b77,vertical harvest,Hydroponic vertical farming company,"Jackson, WY",
f22632f4-124c-45d4-96d9-297bb060e37e,vertus energy,Waste-to-X technologies provider,"Auckland, New Zealand",https://www.vertusenergy.com/
a7a100e4-df87-46d8-827c-d55b30e7b4cd,veryfi,AI-based data accounting automation platform,"San Mateo, CA",https://www.veryfi.com/
1dc2c218-cadc-473a-9260-3a5c12abe942,vespa.ai,AI-integrated search engine and data management platform,"Trondheim, Norway",https://www.vespa.ai/
ed678476-2ac5-4a4c-9ac3-881aa814c1a8,vespene energy,Methane mitigation company converting methane waste into electricity,"Berkeley, CA",https://vespene.energy/
93468427-0952-43fc-ab65-ca17644e968f,vessel,Travel & adventure planning platform,"San Francisco, CA",
2e3c9801-ff47-4a5c-a213-eca0665cc9e5,vestas,Global wind turbine manufacturer,,https://www.vestas.com/
0436bc6d-e547-40b4-a53f-305a68f00d92,vested impact,Measure environmental and social impact,London,
41735fb6-225e-437d-9860-4df09b93c5f4,vev,Platform for developers and content creators to design interactive websites,Norway,
4818c119-5f3c-446a-b393-705baecba919,vfc foods,Plant-based protein foods producer,"York, United Kingdom",
f0299563-755f-402d-b974-1d84d8821aae,vflowtech,Redox flow energy storage solution provider,Singapore,https://www.vflowtech.com/
6c9b104c-7722-494a-bf31-b4fe2702fec6,vhive,Software company using autonomous drones to capture data,"Herzliya, Israel",https://www.vhive.ai/
8926ed53-c2c6-41ad-baad-5881929beb5a,via,Blockchain and A.I. company for the energy industry,"New York, NY",https://www.ridewithvia.com/
cc492c3b-515d-4bfe-9d07-1beca806b739,via separations,Decarbonization company,"Watertown, Mass.",
1853ef64-af31-49d0-bac1-0e837cbe0e3c,viact,AI construction management software,"Kwun Tong, Hong Kong",https://viact.ai/
8812686f-ae1e-414b-a48c-710d50603241,viaduct,Help manufacturers and fleet operators manage quality and maintenance data,"Menlo Park, CA",https://viaduct.com/
8c72a981-c54b-444b-8a93-83a0afddbdf6,viakoo,IoT device security platform for companies,"Mountain View, CA",
a04661e1-0a57-47af-93e2-5f0af6abd350,viam,AI for real-time data from robots and sensors,New York,https://www.viam.com/
a249a1f1-eded-4919-a31e-60911e81f6d7,vianode,Sustainable anode materials manufacturer,"Oslo, Norway",https://vianode.com/
7b24097a-a042-4f67-ada3-3d9bd52cb1c4,vianova,Providing data analytics for shared sustainable transportation,France,https://vianova.io/
49cd594d-fa4d-42d7-860f-3323db6f5b6c,viboo,Predictive control for energy efficiency platform,"Dübendorf, Switzerland",
0fb06a0d-509e-4bbc-ad03-29e17f443942,vibrant energy,Renewable energy solutions company for C&I,"Hyderabad, India",
abbcc9b3-d3a5-4eef-8152-f6c48daff465,vibrant planet,Forest restoration and land management platform,"San Francisco, CA",https://www.vibrantplanet.com/
3fc15fbe-fe9e-4074-ab6c-9cfaf29e678d,vicarius,Software designed to autonomously remediate security vulnerabilities,"New York City, NY",
010cce4e-2b61-4cd2-8288-9a3b4b76f85d,victory farms,Aquaculture farm start-up,"Nairobi, Kenya",
4ab9ff8c-da25-4f5b-9160-7d301129d132,vida,ESG risk platform,"Munich, Germany",
de51a06a-c163-4fd2-9bfd-dd0168c17010,vidyut,EV financing and vehicle management technologies,"Bengaluru, India",
7c98f2de-3b55-4c9f-98ed-2ab9a4508e27,vie technologies,Electric transformer reliability company,"San Diego, CA",https://vietechnologies.com/
1055826d-4296-41e2-9680-5b3d1009a4aa,vilisto,Commercial building heat management platform,"Hamburg, Germany",https://vilisto.com/
d351ac49-2442-4d7e-82e1-deb0ae8d47cc,villa,Backyard building company,"San Francisco, CA",
e4021339-b243-48ce-a9a3-1580830ad5e3,villari,Develops crack-detection sensors for steel infrastructure,"Delft, Netherlands",
51f584e3-82a4-4602-9bb8-d2dd069d679e,vimano,Advanced materials manufacturer,"Bengaluru, India",
4eb22ffd-d67c-483e-9bda-05d422d77bf4,vind ai,Wind park design AI platform,"Oslo, Norway",
f99c103c-4283-46ee-80fd-fc3985a1a214,vinehealth,Data science and behavioral science digital application,"London, UK",
44d7d6bf-9ba7-4b79-ad5d-23a5b1304e8b,viotas,Smart electricity management platform,"Limerick, Ireland",
294d7c4c-9e76-485f-83bb-278f971ab46d,virescent ventures,Invest in climate tech startups,"Sydney & Melbourne, Australia",https://virescentventures.com/
870987f9-dd9e-4fd2-97a8-93ed2bfe5275,viridi parente,Developer of lithium ion battery storage technology,"Buffalo, NY",https://viridiparente.com/
014051dc-ab31-495d-92a5-8193210f7cf0,viridian renewable technology,Convert food waste into insect-based protein,Melbourne,
50b37ea9-a3d2-4091-92ed-fe9c19e48652,viridico2,Developer of carbon utilization tech,"Southampton, UK",
def85380-9b7d-4197-b4db-4ac4173cbfd6,viridos,Developing sustainable algae biofuel,"La Jolla, CA",https://viridos.com/
288cc9f3-36f2-419f-bbe6-70d182335751,virridy,"Developer of technologies for monitoring and managing water, energy and agricultural resources","Boulder, CO",
3e2a5dc1-10ad-4e8c-a345-b7ed512e6f5d,virta,Electric vehicle charging platform,"Helsinki, Finland",
d5077ca4-b98a-49b1-b210-e003a9647ade,virtual peaker,Distributed energy resource management platform,"Louiseville, KY",
d3e43474-62a3-4ae3-a577-ec75e945a0a7,visibly,Training and education platform for the infrastructure workforce,"London, U.K.",https://www.visibly.com/
d0fd3286-0eb1-4713-9dcf-4432045959f4,visibuilt,Disrupt asphalt industry with fermentation-based binder,TK,
7de19cfe-c6b5-46c7-8360-37e063cd8b4f,vision marine technologies,Electric powertrains for boats,Quebec,
a8748913-ae3d-4e29-92b7-bb44870553ca,vision rng,Landfill gas (LFG) infrastructure developer,"Canonsburg, PA",
38166fcb-2e73-4fae-bed8-89730ec2776e,visolis,"Developing carbon-negative, bio-based chemicals","Berkeley, CA",
2fa32c89-1a7e-48ea-8922-32e034f226f9,vitalfluid,"'Plasma-activated water', an alternative to conventional pesticides","Eindhoven, Netherlands",https://vitalfluid.com/
4923de7b-4287-4d60-b785-ff49b99c9174,vitro labs,Making cell-cultivated leather,"Milpitas, CA",https://vitrolabs.com/
c85a8dfa-cd47-4999-923a-22a5e42b0a82,vive crop protection,Precision pesticides,Toronto,https://vivecrop.com/
3d9c94d1-b3a6-419b-8137-2006b7502cbe,vivici,Animal-free dairy proteins using precision fermentation,"Delft, Netherlands",https://vivici.com/
1428e54c-4642-4198-82d1-f25f47fd39bf,vivid machines,Computer vision monitoring platform for fruit crops,"Toronto, Canada",https://www.vividmachines.com/
50c66463-5094-4ce2-81a8-59bbdf9b7d06,vizcab,Platform to measure and reduce carbon impact of construction projects,"Lyon, France",
285c7e83-1394-423a-97c5-30f88619996d,vizit,Image analytics software for brands and retailers,"Boston, MA",https://www.vizit.com/
c4727cad-51ec-49b2-8c2d-9ba16f6a7f58,vls environmental solutions,Sustainability solutions and ESG-focused waste services,"Houston, TX",
b4b76116-7672-4a3f-a66e-b5ed761bb4e9,vlyfoods,Maker of plant-based dairy alternatives,"Berlin, Germany",https://vlyfoods.com/
d699b636-8a8e-4008-a9f3-a7dcc25ceb7c,voi,E-scooter startup,Sweden,https://www.voiscooters.com/
55680190-5384-43e7-bcbc-40220c240908,voi technology,Electric scooter company,Sweden,https://www.voi.com/
10f94a8b-0900-425a-b8a4-7fae665eee72,vok bikes,Heavy-duty electric cargo bikes developer,"Tallinn, Estonia",https://vokbikes.com/
ad0528cb-d138-4168-9168-1636493c415e,volare,Insect protein plant using zero-waste technology,Finland,
2e533887-b9a3-43e8-aa5d-9473e897dc61,volexion,Developer of a graphene coating for lithium-ion batteries,Chicago,
571e4dd8-ac29-48f3-8a97-5065d99f31ed,voliro,Aerial robotics technology applicable to infrastructure inspection drones,"Zurich, Switzerland",https://www.voliro.com/
a7c6534f-92d7-4328-b00b-e8ea16559bb7,volkswagen group,Backing companies focused on decarbonization,,
e68b8780-1436-4f97-8c40-02f9c6bf2b8b,volo earth ventures,Firm focused on climate tech,Colorado,
2969d75c-de07-4f46-b190-96595efe35ba,volocopter,Battery-powered aviation startup,Germany,https://www.volocopter.com/
f79e3bcd-635c-428d-b9c2-3e6550849788,volta,Developer of electric vehicle charging networks,"San Francisco, CA",https://voltacharging.com/
7d252285-ae7e-4e35-93be-68f55786cd6e,volta energy technologies,Energy VC firm,Illinois,
00b9aa2e-f09c-4b0d-98d6-ff451f1315c1,volta greentech,Feed additives to reduce methane from cows,"Stockholm, Sweden",https://voltagreentech.com/
0799b51a-6d6f-49f7-b532-299f44b60ec4,volta industries,Electric vehicle charging network,"San Francisco, CA",
c23db098-c98d-4c70-98b0-e1cfc61dd0ce,volta trucks,Commercial electric vehicle manufacturer,Sweden,https://voltatrucks.com/
d5052da9-f3f9-4c59-b31c-93ca1ee4f020,voltan energy,Ground-source heat systems developer,"Helsinki, Finland",
e9f5f3f7-5b82-4871-891c-c4444df4b7fa,volter,Operating system for rooftop solar and distributed energy,"London, U.K.",https://volter.com/
0d54bafc-8924-4be1-8cdb-bc71f8ced6f1,voltera,EV fleet charging infrastructure provider,"Palo Alto, CA",
a5999bff-3ff1-4c16-815e-b95541363840,volteras,Data streaming tools for EV developers and fleet operators,"London, United Kingdom",
d1592c01-dc42-4244-9367-e7ce9cc27807,voltfang,Company repurposing batteries from cars for energy storage,Germany,https://voltfang.de/
c65ed382-6f96-4e59-900b-18886c177ade,voltiris,Optimize solar energy usage for greenhouses,Switzerland,https://voltiris.com/
165ef4b1-4d88-45a3-ad2f-ae791daac49d,voltpost,EV charging company that transforms lampposts into public smart charging stations,"Brooklyn, NY",
2dd79e08-4155-41cc-a0e9-acbe83ba607a,voltr,To manufacture and reprocess lithium-ion batteries,"Angers, France",https://voltr.com/
01ed45b8-041a-4ffd-b4b9-26ad511cb548,voltra,Unified API platform for EV chargers and microgrids,"San Francisco, Waterloo, Canada",https://www.voltra.com/
e4c648e2-7915-4850-be05-e44c3b981737,voltrac,Autonomous electric tractors for agriculture,"Valencia, Spain",https://voltrac.com/
41b72365-06e8-45c8-93c7-66e8302d647d,voltstorage,Providing solar energy storage systems,Germany,https://www.voltstorage.com/
d13d4868-4917-4d5a-aab0-0cb783d86a4e,voltus,Platform for electricity reduction among industrial customers,"San Francisco, CA",
2417cfa9-de4a-4a75-b4a6-60c1fc8c84db,voltz,Electric motorcycle company,Brazil,
046b02e0-aa8a-4b7a-952b-87bd2b28e109,vool,Provider of EV charging station hubs,"Tallinn, Estonia",https://vool.com/
d5b7ffe1-0b67-419c-a120-a313f0fcbd16,vortex-io,Hydrological data and flood risk analytics,"Toulouse, France",
4b139643-95b2-406e-9e7b-8c2fe82514e8,vortexa,Energy intelligence provider,"London, England",https://www.vortexa.com/
ebf8c67d-7cf7-4388-9c1b-401af53a1943,voyage,Autonomous vehicle startup,"Palo Alto, CA",
72ff3b8e-e4a4-41a9-af53-bdbba841d0b3,voyage foods,Creating environmentally sustainable food alternatives,"Oakland, CA",
3bc3c5e4-d835-4c94-8516-681710e1f016,vrb energy,Developer of vanadium redox batteries,British Columbia,https://vrbenergy.com/
1e4d132c-a63b-44dc-8edc-a84e9a6d41d8,vrify,AI-powered mineral exploration software,Vancouver,https://www.vrify.com/
0c4e0196-dae2-491f-a98f-96ddea89ddf5,vsparticle,Nanoparticle synthesis technologies that have applications in green hydrogen,"Delft, Netherlands",https://vsparticle.com/
29ec95cf-64a6-490b-b4b8-51de82424c14,vsquared ventures,"Invest across a variety of sectors, including energy transition","Munich, Germany",
42d4bcc4-1756-47b4-bb55-533a67deda44,vulcanx,Efficient hydrogen production producer,"Edmonton, Canada",
0f4449bb-e4e8-4c62-af7c-a5298bfd7c17,vulcanx energy,Pyrolysis technology from natural gas,"Vancouver, Canada",
88e77994-a2b3-4765-af49-9c9b4b50f50e,vulog,Provider of shared mobility solutions,France,https://www.vulog.com/
a556084f-023e-4888-8a3d-2a56010c7063,vutiliti,Smart utility monitoring company,"Salt Lake City, Utah",https://www.vutiliti.com/
97146cab-6490-4cf0-9639-7b905f37dafe,vycarb,Ocean-based carbon removal service,"Brooklyn, NY",
64adbbfa-e70c-4c48-97da-a39a2a9372df,vyld,Seaweed-based menstrual product developer,"Berlin, Germany",
e1939bc9-9e36-4df4-829e-6174afe7e7fe,vyro,Online EV dealership company,Australia,
681ffdb9-43a3-4781-ab4b-660fbf111e61,vytal,Reusable packaging for restaurants and the food service industry,"Köln, Germany",https://www.vytal.org/
63753c8f-ca1f-46d2-84d4-cd8743edc7c1,vytelle,Precision livestock technology company,"Lenexa, KS",
467c3fd4-d346-4fef-b747-522d7c0dcc58,vässla,Maker of e-bikes and e-mopeds,Sweden,https://vassla.com/
1ed1de60-014f-4267-ae8b-d88c08feea21,völur,Software for sustainable outcomes in the meat industry,"Oslo, Norway",https://volur.no/
b0d6c8a7-9d65-4363-870f-1fc7604d5424,waabi,Make fully driverless trucks,"Toronto, Canada",
1bcba4fa-7970-48c2-81e4-4a2268b3fdd5,wakeo,Multimodal real-time tracking platform,"Paris, France",https://www.wakeo.co/
725fef4e-8fd4-4533-8c14-7ce0a62c71b0,wallbox,Smart electric vehicle charging and energy management solutions,Barcelona,https://wallbox.com/
bad1d1e0-671e-4f68-8eb6-7220c55d8286,wanda fish,Cell-cultured seafood platform,"Tel Aviv, Israel",https://wandafish.com/
3b44a58c-3a4b-4a42-afcb-705de5de305c,wandercraft,Humanoid robots for manufacturing,"Paris, France",https://www.wandercraft.eu/
7284e013-9c99-4c2d-9f07-8aa6a3ef7409,wase,Biogas from wastewater via waste-to-energy conversion,"Bristol, U.K.",https://www.wase.com/
1cec6b49-90c7-4c32-b223-53786dfc2e3d,waste robotics,Autonomous recycling provider,"Trois-Rivières, Canada",
e0a065f7-50f7-4366-8775-243a5abc1fdd,waste4change,Startup developing digital waste management infrastructure,Indonesia,
d2ef4931-da9a-4d7b-b1a7-ae8334c5524e,wasted*,Eco-friendly porta-potty company that turns human waste into fertilizer,"Burlington, Vt.",
7b40d0e2-10a2-40fd-ab7a-e03f269cce95,wastefront,Tire recycling company,"Oslo, Norway",
6529dcfc-a068-48ba-b327-429268f6e2d4,wastefuel,Developer of low-carbon fuels from waste,"Los Angeles, CA",https://wastefuel.com/
8ee294e9-3402-4b9c-9246-3b9d2804eaef,watermeln,Producer of mobile hydrogen generators,"Noord-Holland, Netherlands",
bd15e74c-3f95-4e47-ae2c-c52a6457375c,waterplan,Water resilience planning SaaS platform,"San Francisco, CA",https://www.waterplan.com/
46bb7397-034b-4e87-831e-4dffc4dcb4f0,watershed,Platform designed for companies to report and manage their emissions,"San Francisco, CA",https://www.watershed.com/
81c6cd88-9838-465d-9aa0-7d7796364d07,wattalps,"Modular, high-performance lithium-ion batteries","wattalps, France",
ae02e820-1385-4bcf-ab04-e72cac8b9a2f,wattbuy,Online electricity marketplace,"Bellevue, WA",https://www.wattbuy.com/
23160e03-49ee-4445-b31d-022d2e251edd,wattcarbon,Temporal carbon tracking platform,"Lafayette, CA",
5f7b4e16-171d-497e-bf79-48eb73d814ca,watter,Harnessing wasted heat to warm water,"Dallas, CA",https://www.watter.com/
7a1f9a14-2cd6-476c-9e8a-060d111d871a,wattev,Heavy-duty freight electrification platform,"Long Beach, CA",https://wattev.com/
dc722d23-81d8-4118-ae31-c922a85ddf33,wattnow,B2B hardware and software business for energy usage,Tunisia,
44dd5a12-5bad-44fd-9601-d823e3baa554,watttron,Digital heating systems for the packaging industry,"Freital, Germany",https://www.watttron.com/
c824c118-cda4-4e0f-812b-14f6f8fd3c55,waycare,AI-based connected mobility platform for transportation agencies,Israel,
43d1f28d-31a0-4e60-a9ba-a4d281e5c04d,ways2h,Developer of solutions that converts waste into hydrogen fuel,"Long Beach, CA",
df2bcc8f-3730-4851-b3b9-1f24abcba3c6,wayve,AI developer for autonomous driving,U.K.,
f4cc3830-59ca-4d70-ab0e-3103742b12cd,weav,Maker of an API for commerce platforms, ,https://www.weav.com/
2abdca3a-5301-4547-be3c-91e3fde42312,weavegrid,Software that manages how EV fleets interact with and charge from the grid, ,https://www.weavegrid.com/
cf02f364-a048-437f-ad02-df126e12848b,weaviate.io,Vector database developer,"Amsterdam, Netherlands",https://weaviate.io/
2422e7cc-3489-4bc6-809f-8d2f62f69e37,webiny,Platform for building apps and websites, ,https://www.webiny.com/
d6811c28-9eaf-4e36-af34-2988cbd64116,weedout,Bioherbicide solutions,"Ness Ziona, Israel",
01ef50a4-f529-45a9-bbd7-a789d9c4326c,weefin,ESG data management platform,"Paris, France",https://weefin.com/
d91726fb-55ce-4896-9638-4347b51f76a4,weenat,Enhanced weather data for farmers,"Nantes, France",
73cfdc81-3253-4f38-b83d-7bb769aba2ca,weev,EV charging provider,"Belfast, United Kingdom",
ba6787b8-c124-4b91-af4e-03e2e13aa6d2,wegatech,Sustainable energy solutions company specializing in photovoltaic systems,Germany,
ddf47a55-d79a-4e47-8d57-75be8747794e,weights & biases,Machine learning operations company,,
18832813-46f2-473f-8149-eda8036f2f77,welcome homes,Online home building and purchasing platform,"New York, NY",
91916533-ff5f-4d30-8582-94ce031cc880,wellsaid labs,Maker of synthetic speech,"Seattle, WA",https://wellsaidlabs.com/
0d88ee24-e6c4-4671-a81c-6227af007c99,wemo scooter,E-scooter rental service platform,"Taipei, Taiwan",https://www.wemoscooter.com/
d08cec8c-8fd3-4456-b2f5-ec1785c1abbd,werewool,Sustainable performance fibers company,"Brooklyn, NY",
0c5892a5-7bdb-437e-ab6c-5f4984a8a9ab,wesky,In-seat aviation power systems,"Vilnius, Lithuania",
fa227b63-2142-490c-afad-ca9fce77cb3f,westinghouse electric company,Developer of nuclear reactors and fuel,"Cranberry, PA",https://www.westinghousenuclear.com/
5d33be2b-9413-4955-9b26-e3422f91dafd,wheelocity,Make efficient supply chain networks for fruits and vegetables,"Chennai, India",https://www.wheelocity.com/
80dd25f4-2bef-4c4a-9e9b-53972dcef13c,whereismytransport,Developer of an urban transportation and journey planner mobile app,"London, UK",https://whereismytransport.com/
931e73e8-921d-48d7-af6e-b1fc83d7343d,wherobots,Cloud-based software to analyze and process spatial data,"Scottsdale, AZ",https://wherobots.com/
10de7813-c090-4761-8d95-538537c075bd,whip around,Fleet inspection and maintenance software startup,New Zealand,https://whiparound.com/
44324cd6-02be-4d24-a866-bad490c35cfe,whizz,Easier access for gig workers to e-bikes on subscription,"New York, NY",https://whizz.bike/
70e36892-1fd1-4635-a66f-d6bc36a150f9,wibotic,Specializes in wireless charging for robots,"Seattle, WA",https://www.wibotic.com/
543d7f94-2fd0-4ada-abb3-8bc95c79a6b9,wicked kitchen,Plant-based food company,U.K.,https://wickedkitchen.com/
85b7ae40-c3ae-48d2-8d98-ac57520239ac,wild microbes,Using microbes to create sustainable products,"Cambridge, MA",https://www.wildmicrobes.com/
f6b598e3-4350-451a-a6b8-a5d92019fc0d,wildcat discovery technologies,Developing new battery materials,"San Diego, CA",https://wildcatdiscovery.com/
04f903f9-5fbb-402a-bf3c-14d482c9f0c0,wilk,Lab-cultured cow milk company,"Rehovot, Israel",
ca3385fa-d468-4f94-b112-8b23080b212f,winbat,Hemp carbon batteries,"Portage, WI",
5d04b227-c143-4698-9581-d379627f745f,wind capital,Invest in seed through Series A deep tech,"Paris, France",
947ffc1b-a0ef-4c31-8eab-4d897f80508e,wind catching systems,Developer of floating offshore wind designs,Norway,
8027edee-dec4-4255-aa3e-81b1b1f1976f,windborne,AI-powered weather forecast platform,"Palo Alto, CA",
9280c22a-a1b7-41a3-9ccd-b1f2073f1370,windborne systems,Long-duration smart weather balloons maker,"Stanford, CA",https://windbornesystems.com/
b24e1c9d-f18d-49c2-8037-4b6d388b9499,windesco,Software startup focused on wind farms,"Burlington, MA",https://www.windesco.com/
e6fdcfb5-46d8-45f0-9563-d7f4103e3567,windfall bio,Technology designed to turn methane into organic fertilizer,"Menlo Park, CA",https://www.windfallbio.com/
43e2cb6d-922f-4af0-92b4-c32e6f7541e3,windmill,Energy-efficient air conditioners and air purifiers,New York,
f6cf1789-cf08-4a86-aaa6-95baef243f9c,windrose technology,Electric heavy-duty trucks,"Hefei, China",
803adf14-855f-4c7a-8588-f548544df2c4,wing cloud,Software solutions provider for developers and DevOps teams,"Tel Aviv, Israel",
dabb66ea-124d-4cdd-b0dc-a6168f4ddf71,wing security,Security management platform for software applications,"Tel Aviv, Israel",
09d07654-6eb6-44f8-b7fc-7b6adbdf7ad7,wingcopter,Delivery drone manufacturer and service provider,"Weiterstadt, Germany",https://wingcopter.com/
9c2be087-5039-4d45-9ab5-2b69f5f198a2,wingtra,Mapping drone manufacturing and software,"Zurich, Switzerland",https://wingtra.com/
dc9e86bc-0a3c-4174-b8c1-97c28cd7ebe4,winter farm,Vertical farming for strawberries,Canada,
598aaee2-030f-47a1-a028-79b9d93d6cf3,wirelane,EV charging provider,"Munich, Germany",https://www.wirelane.com/
8930c595-0c9e-478d-95ed-4f435f17f533,wisewell,Clean water tech company,"Brooklyn, NY",https://wisewell.com/
8bdaa8d1-05bf-406e-8235-1bd92517f5d1,withthegrid,Asset monitoring platform for energy infrastructure,"Utrecht, Netherlands",https://withthegrid.com/
3f17a961-3222-47e0-904c-4cf546975ab9,witricity,Wireless charging solution maker,"Watertown, MA",https://www.witricity.com/
c213f3fd-6cfe-418b-8bb1-51dfe8c59ce5,witricity corporation,Wireless EV charging startup,"Watertown, MA",https://www.witricity.com/
032fb91b-604b-4f0d-8c9e-d9eb58514730,wm motor,One of the highest-funded China-based EV startups,China,
d9b7dc29-de3d-4a6f-87f5-333797a1a8ed,wnwn food labs,Company producing cocoa-free chocolate through fermentation,"London, UK",
c9257ad3-fa25-4bde-9555-fba9fad3362c,woltair,Decentralized heating and energy solutions platform for buildings,Prague,https://woltair.com/
098b2d8b-66b3-4272-8366-fa21713c88c7,woodio,Sustainable wood composite products developer,"Helsinki, Finland",https://woodio.fi/
1a78a554-2975-4377-a96a-f47f2aae46e6,woodoo,Augmented wood solutions company,"Paris, France",https://www.woodoo.fr/
89de3284-26e9-41de-b2dd-9ad9cb76f023,woola,Creating wool-based packages to replace bubble wrap,Estonia,
58a06d53-1639-498a-8342-dfc5592f3eee,world fund,Invest in climate tech companies,"Berlin, Germany",https://worldfund.vc/
9bb954d2-b75b-411b-a4b9-511a6927c170,world water works,Advanced wastewater treatment service provider,"Oklahoma City, OK",http://www.worldwaterworks.com/
92e2e529-104e-4f21-bc25-73c37928b5ec,worldfavor,Sustainability platform,"Stockholm, Sweden",https://worldfavor.com/
a9ef4d01-c1eb-4419-96cc-8af6b06d874e,worlds,Spatial AI company,Dallas,
81ce8763-15c3-4a52-a533-e7616c84ef01,worn again,Textile recycling startup converting materials back to raw,London,https://wornagain.co.uk/
3b166fe1-9792-46d8-961f-fc3b199a1834,wovenearth ventures,Investing in climate tech funds,"Palo Alto, CA",
50c3bbf5-eb87-401a-98ed-e8f2c7eda210,wraithwatch,Defense systems against AI-integrated cyber attacks,"Bozeman, Mont.",https://www.wraithwatch.com/
28dc25b3-0834-4647-8fe2-da5e24621fb6,wright electric,Ultra-light batteries for passenger planes,"New York City, NY",
4fc64a4b-4927-4019-b975-1884ad583a3e,wsc sports,AI sports video technology company,"Givatayim, Israel",https://wsc-sports.com/
bbda9af7-d6af-4db7-a844-0353884dd9c1,wunder mobility,Mobility technology company,Germany,
4f6a72aa-7d68-4663-a580-55ddc98be8ce,wundergraph,Open-source GraphQL federation platform developer,"Miami, FL",
ce4c1d78-622e-4685-8c65-46dd600c5228,x shore,Climate technology and electric boat company,"Nyköping, Sweden",https://xshore.com/
70261a13-5074-45f3-ae28-b3842c7d6644,x-elio,Solar energy EPC,"Madrid, Spain",
4f65ea5e-2d0d-45d5-b933-3e8fa4d6ee0b,x-energy,Nuclear reactor & fuel design engineering service provider,"Rockville, MD",https://www.x-energy.com/
fe35ac7d-1b44-4ff3-8a54-a89179221ec5,xavveo,Distributed radar sensors for autonomous vehicles,Berlin,https://xavveo.com/
ab75307f-72fa-4788-ae38-fa3c98a3fea4,xcel energy,Electric utility,"Minneapolis, MN",
8db9df06-512a-49d4-8a0e-9fc513e379d5,xcelerate,ESG and compliance software startup,Singapore,
476cb87e-7f30-42da-9449-1be741c27a10,xcharge,DC fast chargers and EV technologies,"Beijing, China",https://xcharge.com/
46037dcc-cc77-444b-a343-07ad2add614e,xeal,EV charging stations technology firm,New York,
fe82cb1b-0cea-49e9-8b74-f2193981383c,xefco,Use plasma for efficient and water-free textile dyeing,"Sydney, Australia",https://xefco.com/
8515a81b-4e44-49e7-af5f-9aeb3cf43ccd,xendee,Software specializing in planning and operation of distributed energy resources,"San Diego, CA",https://www.xendee.com/
92f8f2cb-ef41-4ef6-9c13-26f0de5f35fe,xfarm technologies,Digital farming startup developing SaaS solutions for sustainable agriculture,Switzerland,https://xfarm.tech/
5e478d7d-3056-4094-9a5a-96107fa57f87,xfloat,Maker of floating solar PV systems,Israel,
fa0be6fb-9e30-428d-9ef7-eed6d51f295c,xfuel,Converting biomass waste into drop-in low-carbon fuels,Ireland,
ccba1cdc-4149-4c14-8320-0ab573f9edc9,xgs energy,Geothermal harvesting technology developer,"Palo Alto, CA",
280b51fa-1e8d-4194-99bb-ddc36bf1a39b,xiaolinggou,New energy vehicle rental unit,China,
dd44043f-090f-4b59-9d6b-6bb919fa9e0f,xiaomi,Expanding EV business,"Beijing, China",https://www.mi.com/
02c10ae3-2e70-4af7-99f8-684f38ac0b42,xilva,Regenerative forest investment marketplace,"Zürich, Switzerland",
88423f0b-184c-4e45-993a-e54dd4bb96d2,xl batteries,Energy storage battery company,"Marlborough, MA",https://www.xlbatteries.com/
eb8c96e0-7827-440a-a9a4-3344f6e392f3,xl fleet,Vehicle electrification company,Boston,
5fa4661a-c149-4c4b-82df-9e265a5a1f8b,xlinks,Renewable electricity connection infrastructure developer,"Billericay, United Kingdom",
f0047726-e846-4604-828a-2b186d4d9344,xnergy autonomous power technologies,Make wireless charging technologies for EVs and industrial electric robots,Singapore,
7f1f4a0a-b66a-4727-8115-a5ce76497920,xocean,Ocean data provider for offshore energy operations,"Dublin, Ireland",https://xocean.com/
7c797dd7-817f-421c-bfee-5e4c74206bbd,xona,Remote access platform for critical infrastructure,"Annapolis, MD",https://www.xona.com/
9b7e6d6e-028f-427e-8648-18e524ce4ac4,xonai,Cloud optimization platform,"London, UK",
2deaac5d-b4d6-4b44-94e6-78befdc3770b,xoople,Earth observation analytics platform,"Madrid, Spain",https://www.xoople.com/
cd775d76-6df4-498d-bee8-473172b44ef8,xos trucks,Manufacturer of electric commercial vehicles,"Los Angeles, CA",https://xostrucks.com/
ed4283e9-90d6-4937-9be4-d19718e887a1,xpansiv,"Market for ESG commodities including RECs, carbon offsets, and differentiated fuels","San Francisco, CA",
44084374-1593-47c4-98ed-ebe6e9268401,xpeng,Electric luxury car maker,"Guangzhou, China",https://www.xiaopeng.com/
6a989ef8-9602-404a-9e53-d5a067068aad,xpeng aeroht,Electric flying car manufacturer,"Guangzhou, China",https://www.xpeng.com/
85a42f32-58ea-41ae-b59d-7e9cef65e788,xpeng motors,Electric and autonomous vehicle startup,China,https://www.xiaopeng.com/
1d7b73e4-26a1-46ed-969d-3896dd7a1afb,xurya,Solar power rental and installation company,Indonesia,
97eca3bd-f41c-46a1-a21a-379e995ffd15,xwing,Autonomous aviation company,"San Francisco, CA",https://www.xwing.com/
15979ea8-a6cb-4853-8dec-9ae25221e660,yali bio,Developer of synthetic biology platform to make climate-smart foods,"San Francisco, CA",https://yalibio.com/
ac3d4f70-7d93-4aa0-8fff-849d63ec87c3,yama,Hybrid electrochemical technology direct air capture technology,"Paris, France",
825b12cc-c14b-4179-86a7-55671ef7be99,yard stick,Soil carbon measurement provider,"Cambridge, MA",https://www.yardstick.com/
57b1c7a2-6cac-4333-8c32-b3b00c2c66d5,yardstik,"Screening, verification and training solution for gig marketplaces","Minneapolis, MN",
279b47d7-e7df-461e-b856-7d2ef80bb28d,yaydoo,B2B software and payments company,"Mexico City, Mexico",https://www.yaydoo.com/
a0d807e2-7206-4cd6-82ac-984bce0a18c2,yeastup,Upcycles spent brewer's yeast,"Brugg, Switzerland",
f2c4b3f9-3453-4397-9977-6f67529a774d,yellow,Pay-as-you-go (PAYG) solar energy provider,"Cape Town, South Africa",
c5a64696-da8c-4a4e-9898-072168b9b2c4,ynsect,Insect-based protein developer,"Amiens, France",https://www.ynsect.com/
1769e257-a30f-4a60-a51b-dc028d84275a,yosemite clean energy,Waste gasification plants developer,"Mariposa, CA",
37ea8a52-30ef-46d8-97cf-f2d0b96190da,yotascale,Cloud cost management software,"San Francisco, CA",
65c668a1-7db5-4402-9fde-c36f5664d01d,yotta,Energy storage company,"Austin, TX",
b47184d5-df42-4ef7-abfb-6790b8914dfa,yotta energy,Developer of battery tech that can integrate directly with almost any solar panel design,"Austin, Texas",https://yottaenergy.com/
75e10aae-4f2c-4c90-859a-b031858ee7a8,yulu,Platform renting out electric two-wheelers,India,https://www.yulu.bike/
150917eb-18fd-469e-a161-8261fc5c4944,yvesblue,Provider of automated ESG reporting for portfolios,"New York, NY",
2f411211-db7c-4a8e-b25c-d70b5ac42138,ÿnsect,Insect farming startup,"Paris, France",https://www.ynsect.com/
43b4734f-5520-4b81-9147-2cdff98653d1,zacua ventures,Investing in construction tech companies,"San Francisco, U.S.",
91fac7ba-9971-4ad0-a2ad-0a1060def48c,zaf energy systems,Developer of battery tech,"Joplin, MO",
0886b02c-aca6-40e6-bf93-87f374e94913,zanskar,AI geothermal exploration and discovery,"Salt Lake City, UT",https://zanskar.com/
ecba4062-cd5f-4745-9fa8-442e19d17c5f,zap energy,Develop fusion energy with its ‘z pinch’ approach,"Seattle, WA",https://zap.energy/
0ed2a472-4058-4ab5-a0a8-631d43364028,zap-map,Electric vehicle point mapping service,UK,https://zap-map.com/
77f17e8e-76c7-4cd6-b58a-27f16cd52417,zaphiro technologies,Smart grid IoT software platform,Switzerland,
625ff100-0ef2-4439-96f6-0303add7e08b,zapmap,Electric vehicle network mapping platform,"Bristol, England",https://www.zap-map.com/
e99eda43-a038-462d-94b9-d6ed692474ea,zd power,Provider of virtual power plant technology,China,
dc71ec3f-6303-463b-a191-9dca699ba5bc,ze energy,Hybrid solar power and battery energy storage systems,Paris,
0b4cd815-56d2-4aa3-86ed-f842ebb05e84,zededa,Orchestration for the distributed edge,"San Jose, CA",
fff5b05a-a990-46f0-aae9-2a84a112047c,zedify,Low-carbon delivery services,"Cambridge, England",
ce316cd6-e0c9-4697-ae1c-9091de4dbe6c,zeedz.io,Video game designed to educate players on climate change,"Berlin, Germany",
dae78aef-bb89-4d05-92ea-3232e21e6bea,zeekr,Electric vehicle company,"Beijing, China",https://www.zeekr.com/
d4a69819-529c-4ef4-8411-863461a7b807,zeem solutions,Zero emission commercial vehicles provider,"Schenectady, NY",https://zeemsolutions.com/
7543bf11-28cb-48fc-b632-30e8c7f47eda,zeet,DevOps automation platform,"San Francisco, CA",https://www.zeet.com/
05c19b15-b127-4607-bce4-f848d7dbc483,zeitview,AI and drone technology platform for infrastructure inspections,Los Angeles,https://www.zeitview.com/
090ba25f-e4be-43ff-a0e1-4dab5ec4c1d7,zeleros,Hyperloop company,Spain,https://zeleros.com/
c9ed8512-9419-4f63-81ea-06c7b2ce5e65,zen energy,Battery energy storage project,"Rose Park, Australia",
e40c41cc-1053-4d5b-99d1-952617870844,zendo energy,Data centre energy optimisation software,"London, England",
85b4c98e-8117-479c-bc8b-9b4568d51c67,zenith energy,"Microgrid development for solar, wind, and battery storage for remote mining sites",Australia,
8e5c9c05-6504-4b9a-8b48-3e9692ebc972,zeno power,Radioisotope power systems developer,"Washington D.C., DC",https://www.zenopower.com/
642b529c-5eec-4ddd-a5f7-7148239c508f,zenobe,Fleet electrification and battery storage business,"London, U.K.",https://zenobe.com/
ae32be62-320e-4227-920d-b22eea351aef,zepp.solutions,Hydrogen fuel cell system developer,"Delft, Netherlands",
22621acc-501c-461a-b397-fe7388486449,zero,"Plastic-free grocery, home, and personal care delivery startup","Sanger, CA",
1de888df-e181-4573-b044-938a0267cab5,zero carbon capital,Early-stage European climate tech companies,"London, U.K.",
e420de87-4959-45a3-8514-737d5a16f6a7,zero cow factory,Animal-free dairy start-up,"Surat, India",https://zerocowfactory.com/
f45ebec5-796c-4771-8b0c-2a782e50a196,zero egg,Maker of a plant-based egg alternative,"San Francisco, CA",https://www.zeroegg.com/
c573dcef-e30e-4b5c-8388-f6ed03b00dd2,zero emission industries,Developer and distributor of power and fueling systems for the maritime sector,"San Francisco, CA",
ba095716-401d-4759-8d1f-8d8a6662d221,zero gravity labs,Decentralized AI operating system software developer,"San Francisco, CA",
31fec416-5316-44d6-8bbb-dab6d3c02e6c,zero grocery,Zero-waste grocery delivery service,"San Francisco, CA",
59bb68ca-b9ae-4f7c-91b3-48394c599542,zero industrial,Thermal energy storage systems,Charleston,
7e7e8a6e-892b-49e2-90ab-55d740009f6f,zero mass water,Seeking to make drinking water renewable,"Scottsdale, AZ",https://www.zeromasswater.com/
e9adfcec-11f1-4642-b841-f1a13201af83,zero motorcycles,Electric motorcycle company,"Scotts Valley, CA",https://www.zeromotorcycles.com/
fd301388-884d-48e9-a70e-5648150cf049,zero yachts,Zero-emission yachting service,"Barcelona, Spain",
9216dfac-a29c-46cf-92b8-6f2e2711b32a,zero44,Maritime emissions management software provider,"Berlin, Germany",https://zero44.com/
de0cd307-d57a-4d23-aa48-3969d207ba1b,zeroavia,Hydrogen-powered airplane engines,"Hollister, CA",https://www.zeroavia.com/
88d1bfa1-491c-487c-ae6c-b2253f402158,zeronorth,Marine vessel optimization software company helping owners and operators reduce CO2 emissions,Denmark,https://www.zeronorth.com/
8e96c07f-2747-4afc-a0cc-bd10bee3841c,zeropoint technologies,Startup developing energy efficient servers,"Göteborg, Sweden",
8617004c-a5fc-4f3d-b1a3-b53a57a79e25,zerund,Manufacturer of lightweight waste-based bricks,India,
480ab585-2378-4acc-98cf-864e1fd06fa9,zest,EV charging company,"London, UK",
9b8082f7-0d07-4e4b-ade0-93da2f7cf5c7,zest eco,EV charging company,UK,
c111d619-115c-4797-b811-c096a4ff2e79,zeta labs,Developer of AI bots,"San Francisco, CA",https://www.zetalabs.ai/
993929aa-d9df-4413-ae52-bc23815b4970,zeti,Business-critical vehicle fleet management platform,"London, England",
e35fd893-b91a-4eb1-9363-74406e7aa674,zevero,B2B carbon accounting platform,London,
4e53e063-4154-4e12-a4e8-bc740401c4d5,zevo,Electric vehicle-as-a-service platform,"New Delhi, India",https://zevo.com/
52af5315-6f3a-4c3f-8e96-aeea9352d05c,zevvy,Provider of D2C electric vehicle financing solutions,"Hayward, CA",
0da9fd20-3f73-4b8c-8916-954191bfa6a9,zhangfei chuxing,24-hour lithium battery-powered bicycle rental and charging services,China,
919d7769-64ee-40cd-aff8-e8ea15c45139,zhero,Developer of green energy including hydrogen and renewables,Netherlands,
68d7ecf9-4259-4445-80ce-96b400fa1bbc,zikooin,Provider of meat alternatives,South Korea,
8b54f8d2-fff5-49bc-b712-b948c77f04e2,zincfive,Producer of nickel-zinc (NiZn) battery-based solutions,"Tualatin, OR",
6092044a-8bd1-4b4a-b884-cbe158fba186,zingbus,Network of electric intercity buses,"Gurgaon, India",https://zingbus.com/
f69fd569-92df-4b69-88bf-1b3c3c99f816,zitara,Battery management software,"San Francisco, CA",https://zitara.com/
435b4c58-4166-42eb-8adf-e03d035ab6ee,zola electric,Solar energy installer focused on sub-Saharan Africa,Netherlands,https://zolaelectric.com/
3471d5b8-13f5-45d3-82d9-4bae6c946e99,zolar,Providing homeowners with an easy way to buy or lease customized solar installations,"Berlin, Germany",https://www.zolar.de/
851cae44-430d-4b89-b888-83c82b0b55ae,zoomo,Maker of electric last-mile delivery vehicles,"Sydney, Australia",
7f1abd73-1a55-48d3-ab88-87d8ff7fb2c2,zordi,Autonomous greenhouse developer,"Boston, MA",
637d119c-6c13-43f4-b7ff-3c668dda01af,zparq,Developer of ultracompact electric marine motors,"Älta, Sweden",
2d8fdbf4-fddf-443e-90a5-a622caf4e845,zuri,eVTOL aircraft manufacturer,"Prague, Czech Republic",https://www.zuri.com/
9edadf58-77fb-4569-9024-51bbccd0e687,zuuse,Provider of construction payment management SaaS solutions,"Portland, OR",
193a3e89-8c32-4f8e-ab44-35d9336b7b26,zwitterco,Fouling-resistant membrane technologies provider,,
0a2e7507-dd08-4476-9df6-f5383b3e95f0,zymofix,Solid-state fermentation technology for fertilizers,"Ghent, Belgium",https://www.zymofix.com/
993e7e50-8a55-4b75-9637-e97606d12fa0,zymvol,Biotech enzyme discovery platform,"Barcelona, Spain",
847401d9-b90b-4dbf-92e7-dbc5a4e45d2a,zyngo ev,Sustainable last-mile solutions company,"Haryana, India",
e973bad0-d93e-4402-953e-163b349c2a50,zypp electric,Last-mile delivery EV rental service,"Haryana, India",https://zypp.app/
