id,name,tagline,domain,Location,Investors,Employees (Current),Employees: Growth YoY (%),Investment Stage,Last Funding Amount (USD),LinkedIn Profile (Founders/CEOs),In Energize Affinity,Affinty ID
35016168-68a5-4e9c-ad3c-c6aaf5f4950a,BlueRedGold,"More sustainable, indoor, automated saffron production",blueredgold.com,Sweden,,,,,,,False,285875677
835bfaf8-0415-4c96-8636-7cb67ff54f8e,bluescape opportunities acquisition,SPAC focusing on the energy and industrial sectors,,,,,,,,,False,Not in Affinity
f3ba951b-f7d8-4207-83b6-96ff97e435a6,blueshift,Electrochemical climate technology developer,,,,,,,,,False,Not in Affinity
116bb3e0-d8d1-4c2f-bbdd-9e84ed36b608,BlueSpace.ai,Autonomous driving startup focused on mass transit,bluespace.ai,"San Jose, CA",,,,,,,False,224685134
954bcc16-87cd-4a6a-972f-af19688d042a,Bluestein Ventures,Third fund for proprietary food tech,bluesteinventures.com,"Chicago, IL",,10.0,0.0,Investment Fund,45000000.0,,True,116048404
f695f7f0-d23c-4c19-808d-e4ee6d7f6e08,Bluestem Biosciences,Renewable chemicals company utilizing synthetic biology,bluestembiosciences.com,"Omaha, NB",,,,,,,False,286410606
053e8bbc-0d38-46b1-9df6-bb6aec26b1ad,bluetrace,Traceability solution for seafood harvesters,,,,,,,,,False,Not in Affinity
cb1f7320-c326-41bb-9907-d46f19d56c00,bluewhite,Developer of remote and autonomous farming technology,,,,,,,,,False,Not in Affinity
4ee7c2e0-a57e-4039-9e82-0262ee21421e,Blume Equity,Climate tech investment firm,blumeequity.com,"London, UK","['European Investment Fund', 'QIC', 'British Patient Capital']",13.0,18.18,Investment Fund,27788000.0,,True,263651206
5673ca62-419b-4f97-bf58-e62d96a47320,Bluon,Provider of an app for HVAC-R technicians and a non-HFC refrigerant,bluon.com,"Irvine, California","['Superseed Ventures', 'Ferguson Ventures', 'Ecosystem Integrity Fund (EIF)', 'MacKinnon, Bennett & Company (MKB)']",39.0,-23.53,Series B,27600000.0,Peter Capuciati (Founder + Chief Executive Officer): https://linkedin.com/in/peter-capuciati-9625b4206,True,152823810
81b549f4-a11f-4aa2-bb03-c97ccca1bab8,BluSmart Mobility,Indian EV ride-hailing company,blu-smart.com,"Gurgaon, India",,,,,,,False,223167919
00a02841-94c1-4f05-ba22-00c3682cb754,BluSmart Mobility,Electric ride hailing company,blu-smart.com,"Ahmedabad, India",,,,,,,False,223167919
e63af7d7-21f0-4a9c-ba28-f75e87836f77,bluu seafood,Cultivated seafood platform,,,,,,,,,False,Not in Affinity
d71cf41f-49a6-45bd-a29d-2cc3f1f87cd7,BluWave-ai,Grid energy optimization platform,bluwave-ai.com,"Ottawa, Canada","['Capital Angels Network', 'international private investors', 'Sustainable Development Technology Canada (SDTC)', 'OCE', 'PowerON Energy Solutions']",42.0,-4.55,Series A,9500000.0,"Paul Georges Leroux (Co-Founder, Board Advisor): https://linkedin.com/in/paulgleroux",True,209157850
c6de62a6-eb2b-4571-abcc-90bc877b6352,Bnewable,Develops battery and energy management systems for businesses,bnewable.com,Brussels,,,,,,,False,289345905
091c95f8-8655-422b-ab60-b62b01395a02,Bodhi,Solar-focused software technology company,bodhi.solar,"Austin, Texas",Clean Energy Ventures,17.0,-22.73,Seed,4000000.0,Scott Nguyễn (Co-Founder + CEO): https://linkedin.com/in/scottvinhnguyen,True,222006411
77a70240-d0f8-4f10-b3b0-5bdcf7e51768,bolder industries,"Converting end-of-life tires into petrochemicals, steel, and power",https://www.liindustries.com/,,,,,,,,False,Not in Affinity
a6f4da7f-91e6-46df-95c9-7db8c80de65c,Bolt Mobility,A platform for transportation services,micromobility.com,"Tallinn, Estonia",Rokk3r Fuel ExO,60.0,-14.29,Series A,30000000.0,"['Julia Steyn (Chief Executive Officer): https://linkedin.com/in/julia-steyn-21b35182', 'Ignacio Tzoumas (Chief Executive Officer): https://linkedin.com/in/ignacio-tzoumas-9521b48', 'Dr. Bita Sarah Haynes, Ph.D. (Co-Founder): https://linkedin.com/in/dr-bita-sarah-haynes-ph-d-580b73a', 'Bita Sarah Pishevar Haynes, Ph.D. (Co-Founder): https://linkedin.com/in/drbhaynes']",True,223973894
01f8a9e1-7e50-4edc-b1f9-e34e840afe4a,Bolt Earth,Electric vehicle charging solutions provider,bolt.earth,"Bengaluru, India","['Prime Venture Partners', 'Union Square Ventures', 'ITIGO Funds', 'others']",169.0,-15.5,Series C,20000000.0,"['Jyotiranjan Harichandan (Cofounder ): https://linkedin.com/in/jyotiranjanh', 'Mohit Yadav (Cofounder): https://linkedin.com/in/mohit-yadv']",True,285294954
dd3d175c-5113-42f4-b1de-03cff1139cba,bon vivant,Animal-free dairy proteins developer,,,,,,,,,False,Not in Affinity
57362064-b09f-4af0-9736-02ba8de8a8f0,Bond Pet Foods,Utilizing biotechnology to develop plant-based pet treats,bondpets.com,"Boulder, CO",,,,,,,False,161804265
e42d917a-69f2-4321-bc2e-6cb4276f14e2,bonnet,EV charging network,,,,,,,,,False,Not in Affinity
64985954-c060-474c-8a97-631bc77ba708,Bonsai Robotics,AI and automation solutions for agriculture,bonsairobotics.ai,"San Jose, California","['Travis Deyle', 'E14', 'Fall Line Capital', 'Serra Ventures', 'Congruent', 'Acre Venture Partners', 'Matt Barnard', 'Lee Redden', 'Andros', 'SNR Ventures', 'Cibus Capital', 'E14 Fund', 'Bison Ventures', 'Congruent Ventures', 'SNR']",36.0,20.0,Series A,15000000.0,"['Tyler Niday (Founder and CEO): https://linkedin.com/in/tyler-niday-16a67650', 'Dan Magy (Co-Founder & Chief Strategy Officer): https://linkedin.com/in/danmagy']",True,288129763
26c71ec0-f8bd-42b0-84fc-25118a4eb83e,boon,Water purification technology developer,,,,,,,,,False,Not in Affinity
934a0044-f7b7-4d37-b90c-d5a1134a0692,Boost Biomes,Agtech startup developing products to increase crop yields,boostbiomes.com,"San Francisco, CA",,,,,,,False,146842528
b533af82-ea48-4736-a99b-512a5060a650,Booster,Mobile energy delivery platform,booster.com,"San Mateo, CA",,,,,,,False,1654791
c1e068b7-eaa7-4f9e-ad99-ed560e2357cc,boox,Creating reusable shipping boxes,,,,,,,,,False,Not in Affinity
8f4d657e-a559-486c-b500-09959d80031e,boston materials,Advanced materials for semiconductor manufacturing provider,https://www.bostonmetal.com/,,,,,,,,False,Not in Affinity
468d8f9e-2563-47ea-b96b-9efcf4576427,Boston Metal,Startup seeking to lower the carbon footprint of metal production,bostonmetal.com,"Woburn, Massachusetts","['Marunouchi Innovation Partners', 'ArcelorMittal S.A.', 'Prelude Ventures', 'Baillie Gifford', 'M&G Investments', 'Goehring & Rozencwajg', 'Aramco Ventures', 'SiteGround Capital', 'The Engine', 'Piva Capital', 'BHP Ventures', 'IFC', 'OGCI Climate Investments', 'Microsoft’s Climate Innovation Fund', 'Devonshire Investors', 'Ingo Wender', ""Microsoft's Climate Innovation Fund"", 'Breakthrough Energy Ventures']",195.0,16.77,Series C,20000000.0,"['Donald Sadoway (Founder and Scientific Advisor): https://linkedin.com/in/donald-sadoway-50a0444a', 'Jim Yurko (Co-Founder and President): https://linkedin.com/in/jim-yurko-7878293', 'Tadeu Carneiro (Chairman and Chief Executive Officer): https://linkedin.com/in/tadeu-carneiro-a454b41a9']",True,219924821
86195384-60ea-43cf-af1c-a46558f7d002,bot auto,Make autonomous trucks,,,,,,,,,False,Not in Affinity
e16a3471-5f68-497a-8312-d6630aa17483,bota bio,Biomanufacturing company,,,,,,,,,False,Not in Affinity
75f5b6cf-98d2-4d6e-b9ce-e2cfdca54122,bounce,Operator of electric and gasoline scooters,,,,,,,,,False,Not in Affinity
74e77a7b-7655-4e4c-b99b-88015a705e76,bound4blue,Turnkey wind-assisted sails for maritime transport,bound4blue.com,"Barcelona, Spain",,,,,,,False,220461592
9e7b8a33-f737-4d98-b7b6-50d3c19ef4de,Bounti Labs,Autonomous AI products developer,bounti.ai,"San Jose, Calif.",,,,,,,False,289995776
338d2e3c-32a8-4c1e-9bb2-0c897e5db430,Bovotica,Synbiotic for cattle methane reduction developer,bovotica.com,"Brisbane, Australia",,,,,,,False,294827011
23e0724e-eb43-4835-a6fb-447b2b3d07a6,Bower,Provider of an app that rewards users with money or coupons when they recycle everyday waste items,getbower.com,"Stockholm, Sweden","['Google.org', 'Almi', 'Verdane Foundation', 'blq Invest', 'Orkla Ventures']",21.0,-32.26,Other,1871468.0,"['Suwar Mert (Founder & CEO): https://linkedin.com/in/suwar-mert-50500a10', 'Berfin Roza Mert (Co-founder & COO): https://linkedin.com/in/berfin-roza-mert']",True,224633397
6331ddd6-aaf5-4080-9da7-25db546bf91a,Bowery Farming,Vertical farming company,boweryfarming.com,"New York, New York","['General Catalyst', 'GGV Capital', 'Fidelity Management & Research Company LLC', 'Temasek', 'Kohlberg Kravis Roberts & Co. L.P', 'Gaingels', 'Amplo', 'Natalie Portman', 'Chris Paul', 'José Andrés', 'Groupe Artémis (Pinault-owned)', 'GV (formerly Google Ventures)', 'Justin Timberlake', 'Lewis Hamilton']",112.0,-48.15,Debt,150000000.0,"['Brian Falther (Co-Founder, Systems Engineering): https://linkedin.com/in/brianfalther', 'Irving Fain (CEO & Founder): https://linkedin.com/in/irvingfain', 'David Golden (Founder): https://linkedin.com/in/dagolden']",True,119216155
34c43c2f-df7f-4004-9774-51804fd5f76d,BoxPower,Developer of rural solar microgrid projects,boxpower.io,"Grass Valley, California","['Aligned Climate Capital', 'Technexus', 'Climate Capital', 'SIG', 'Remarkable Ventures']",46.0,21.05,Series A,6500000.0,"['Angelo Campus (Founder, CEO): https://linkedin.com/in/angelo-campus-56693a10a', 'Michele Nesbit (Co-Founder): https://linkedin.com/in/michele-nesbit-74a24a28']",True,151465766
7323f275-73f0-405e-bacc-149f46016a3c,BrainBox AI,Maker of autonomous HVAC technology,brainboxai.com,"Montreal, Canada","['Esplanade Ventures', 'ABB', 'Export Development Canada', 'Desjardins Capital']",208.0,-3.26,Series A,30000000.0,"['Angelos Vlasopoulos (Strategic Advisor to the Board & Co-Founder): https://linkedin.com/in/angelosvlasopoulos', 'Jean-Simon Venne (Chief Technology Officer & Co-Founder): https://linkedin.com/in/jean-simon-venne-300b612', 'Sam Ramadori (Chief Executive Officer): https://linkedin.com/in/sam-ramadori-4272a9', 'Sean Neely (Chief Executive Officer & Co-Founder): https://linkedin.com/in/profileseanneely']",True,223371246
efedca4f-7a74-41c6-978e-540022842739,Bramble Energy,Fuel cell company,brambleenergy.com,UK,,,,,,,False,201778539
00759faf-7b67-46bd-913a-6f917d36934e,Branch Energy,Helps consumers lower their energy usage,branchenergy.com,"Houston, Texas","['Global Founders Capital', 'Inovia Capital', 'Comcast Ventures', 'Assaf Wand – CEO of home insurance unicorn Hippo', 'Prelude Ventures', 'Zero Infinity Partners']",16.0,6.67,Series A,10800000.0,Alex Ince-Cushman (Chief Executive Officer): https://linkedin.com/in/alex-ince-cushman-9a32a729,True,279363283
6a4fcb9e-16b2-4cc9-9c72-f4fef1d0582c,brasol,Solar developer and energy transition company,,,,,,,,,False,Not in Affinity
e1ae48fa-1969-443b-b69e-e4052a7e3d80,braya renewable fuels,Renewable fuels developer,,,,,,,,,False,Not in Affinity
9389f398-1893-47d6-b812-07e4131a991c,breaking,Plastic recycling platform,,,,,,,,,False,Not in Affinity
53dcf629-5e37-4973-b216-d65339786e97,Breakthrough Energy Ventures,Fund targeting startups with deep decarbonization potential,b-t.energy,,"['not mentioned', 'governments', 'corporate partners', 'other investors', 'Bill Gates', 'research institutions']",,,,1000000000.0,Bill Gates (Founder): https://linkedin.com/in/williamhgates,True,114271819
a95c05e8-5fc1-4852-b796-6dd6da89f2df,breathe battery technologies,Battery performance software provider,,,,,,,,,False,Not in Affinity
621c713e-48a6-46d7-990b-70a97adb1546,breega,Invest in African seed-stage companies,,,,,,,,,False,Not in Affinity
d1e80a56-7196-46e2-bc59-c69a3ff7da43,BreezoMeter,Air quality data provider,breezometer.com,"None, Israel","['Launchpad Digital Health', 'AxessVentures', 'Plug ‘n’ Play Ventures', 'Entrée Capital', 'Fortissimo Capital', 'JumpSpeed Ventures', 'Goldacre', 'Idinvest Partners', 'Hella Ventures', 'Eurazeo', 'Phi Square Holdings', 'SeediL']",29.0,-9.38,Series C,30000000.0,"['Ran Korber (CEO and Co-founder): https://linkedin.com/in/ran-korber-aa721a29', 'Revital Hendler (Co Founder): https://linkedin.com/in/revitalhendler', 'Emil Fisher (CTO and Co-founder at BreezoMeter): https://linkedin.com/in/emilfisher', 'Ziv Lautman (Co-Founder & CMO): https://linkedin.com/in/lautman']",True,1692841
4e33987c-05d9-4e6d-9317-125d91721df5,brevel,Startup developing a microalgae-based protein,,,,,,,,,False,Not in Affinity
1902978e-5c09-4d61-ae47-6adb1c52eff2,Brickeye,Digital IoT platform for construction sensors,brickeye.com,"Toronto, Canada",,,,,,,False,262847693
18320447-1780-45e7-a9ba-861dd9e74710,bridgecrew,Maker of automated cloud security tooling aimed at engineers,,,,,,,,,False,Not in Affinity
72ab6599-5976-48f2-8314-7255d297b55f,Bridger Photonics,Developing methane detection technology,bridgerphotonics.com,"Bozeman, Montana",U.S. Small Business Administration.,123.0,21.78,PPP Loan,350000.0,Peter Roos (Chief Executive Officer): https://linkedin.com/in/peter-roos-66526510,True,219799860
7babf4ba-ea45-4db1-a8f6-3cb839703c5f,BRIGHT,Rooftop solar distributor,thinkbright.mx,"Mexico City, Mexico","['Y Combinator', 'Felicis Ventures', 'First Round Capital', 'high net worth individuals', 'Daniel Servitje', 'the founders of Sunrun', 'other top Silicon Valley firms', 'Tesla', 'various family offices', 'Danish SDG Investment Fund', 'Leonardo DiCaprio']",208.0,-17.46,Series C,31500000.0,Jonah Greenberger (Co Founder): https://linkedin.com/in/jonahgreenberger,True,1758752
fdab888c-6930-41c3-9b04-69c8b66064bf,bright biotech,Cultured meat company,,,,,,,,,False,Not in Affinity
7b802cf9-9abf-48dd-a15b-00e7b0dd6d62,Bright Machines,To make automated manufacturing systems for manufacturers of products like batteries,brightmachines.com,San Francisco,,,,,,,False,204008108
37f6e402-8921-40d7-9b50-fdc96d5c60f6,Bright Power,Energy and water management platform,brightpower.com,"New York, New York","['Generate Capital', 'WindSail Capital Group', 'BMO Impact Investment Fund']",161.0,-6.94,Series B,24500000.0,"['Andrea Mancino (Interim Chief Executive Officer (CEO)): https://linkedin.com/in/amancino', 'Jeff Perlman (CEO, President & Founder): https://linkedin.com/in/jeffreyperlman']",True,1744172
f3fa4c5e-6daf-4114-9975-e25cd29079a9,BrightAI,Monitor and manage physical assets with AI and IoT,bright.ai,"San Francisco, California",Upfront Ventures,55.0,7.84,Seed,15000000.0,Nathan Hanks (Cofounder): https://linkedin.com/in/nathanhanks,True,265021911
84f7b2c1-517e-44a5-b246-f8a406062e01,Brightband,AI-powered weather and climate forecasting tools,brightband.com,"None, None","['Starshot Capital', 'Garage Capital', 'Future Back Ventures by Bain & Company', 'Prelude Ventures']",8.0,100.0,Series A,10000000.0,Donovan Lowkeen (Cofounder & CEO): https://linkedin.com/in/donovanlowkeen,True,298585877
89e74a88-5f01-48c3-b759-6d99c8a94e88,BrightFarms,Indoor farming startup,brightfarms.com,"Irvington, NY",,,,,,,False,1582157
c38c2876-f8d3-448e-91e1-dd29892ee83d,brightnight,Utility-scale renewables development and operations,,,,,,,,,False,Not in Affinity
09e1a01e-0459-4ca7-9a7c-0d8526010fcf,Brightseed,Startup using AI to identify plant nutrients,brightseedbio.com,"San Francisco, CA",,,,,,,False,223457099
ebdf149a-5989-4cfa-a226-dc575020feb2,Briink,Automate extracting ESG-related insights from documents,briink.com,"Berlin, Germany","['Merantix', '13books Capital', 'seed + speed Ventures', 'angel investors', 'EquityPitcher Ventures']",17.0,0.0,Seed,3850000.0,"['Tomas van der Heijden (Co-Founder & CEO at Briink): https://linkedin.com/in/tomasvdheijden', 'Samuel King (Co-Founder & CTO): https://linkedin.com/in/samuel-king-a9b99ba2']",True,284272959
05c4436d-a104-4733-ae5c-a14b889aca91,Brill Power,Battery management software platform,brillpower.com,"Oxford, United Kingdom","['Shell Ventures', 'Oxford University', 'Legal & General Capital', 'Oxford Science Enterprises', 'Oxford Investment Consultants', 'Barclays Sustainable Impact Capital Programme', 'Climate KIC']",44.0,-10.2,Series A,10500000.0,"['Adrien Bizeray (Co-Founder and Head of Software): https://linkedin.com/in/adrien-bizeray', 'Christoph Birkl (Co-founder, CEO): https://linkedin.com/in/christoph-birkl-6207931b', 'Damien Frost (Co-founder & CTO): https://linkedin.com/in/damienfrancisfrost', 'Carolyn H. (Co-founder, CFO/COO): https://linkedin.com/in/carolynhicks1']",True,163319238
aced7352-4687-4e53-81f8-0b1c539b626f,Brilliant Planet,Carbon capture and storage company,brilliantplanet.com,"Saint Albans, United Kingdom","['Pegasus Tech Ventures', 'S2G Ventures', 'Future Positive Capital', 'AiiM Partners', 'Union Square Ventures', 'Hatch Blue', 'Toyota Ventures']",28.0,-30.0,Series A,12000000.0,"['Keith Coleman (Co-Founder): https://linkedin.com/in/keith-coleman-a303b427', 'Raffael Jovine (Founder & Chief Scientist): https://linkedin.com/in/raffael-jovine-3b109b235']",True,285511817
27eb6985-a778-4848-b5d0-4c700091d796,Brimstone,Producer of carbon negative Portland cement,brimstone.com,"Oakland, California",,66.0,17.86,,197163450.0,"['Stefan Omelchenko (Co-Founder): https://linkedin.com/in/stefan-omelchenko-5a8577121', 'Hugo Leandri (Co-Founder): https://linkedin.com/in/hugo-leandri-470a35112', 'Cody Finke, Ph.D. (Chief Executive Officer): https://linkedin.com/in/cody-finke-ph-d-213b88ab']",True,290506765
f48f16cc-a58f-4403-81e3-58d2b9829566,brimstone energy,Green cement company,,,,,,,,,False,Not in Affinity
2352e952-a76f-48b3-a401-e953f57ba906,brineworks,Make green hydrogen from seawater,,,,,,,,,False,Not in Affinity
b4731c51-8120-48a3-a752-090e9dd0546c,Bringly,Sustainable last-mile delivery provider,bringly.nl,"Amsterdam, Netherlands",,,,,,,False,225098330
b8af1c04-bddd-494f-9f8e-3da4feb03395,Brompton Bicycle,Foldable bikes and e-bikes company,brompton.com,"London, UK",,,,,,,False,1793452
75240f2b-63af-4161-a20c-155feb5fd6b7,brookfield,Investment firm,,,,,,,,,False,Not in Affinity
1d6ea0f2-1c87-4315-b3dc-8f84f19024fe,Brookfield Asset Management,Investment firm,brookfield.com,"Toronto, Canada",,4244.0,6.0,Investment Fund,1000000000.0,,True,1549327
cd0d9210-0926-4037-af69-9b0f6b1d7f0b,brudeli.no,Electric truck startup,brudeli.no,"Hokksund, Norway",,,,,,,False,286985166
c1e08865-61d4-4d17-8b56-767ca825b0db,Budderfly,Energy solutions marketplace,budderfly.com,"Shelton, Washington","['Mizzen Capital, LP', 'Balance Point Capital Partners', 'Balance Point Capital', 'Connecticut Innovations', 'Edison Partners']",285.0,9.2,Debt,3000000.0,,True,205530403
6fcedb1b-c353-4f48-8bd8-44203a6b25ef,build to zero,Industrial thermal energy storage company,,,,,,,,,False,Not in Affinity
57c30f2d-bbae-4f02-bddc-7d1075752cb5,Buildforce,Connecting skilled tradespeople with contractors,buildforce.com,"Houston, Texas","['Mercury', 'S3 Ventures', 'TDF Ventures']",40.0,-6.98,,4000000.0,"['Vu Brown (Co-Founder): https://linkedin.com/in/vubrown', 'Michael Orcutt (Co-Founder): https://linkedin.com/in/michael-orcutt-31823699', 'Moody Heard (Co-Founder): https://linkedin.com/in/moody-heard-4a385570']",True,239308352
3341923c-5d98-42e4-89f7-9d900a6e2939,Buildings IOT,Maker of building systems management software,buildingsiot.com,"Concord, CA",,,,,,,False,225563918
45d85933-c53c-433a-ba03-32058843abdf,BuildOps,"Management platform for commercial contractors in HVAC, plumbing, and electrical industries",buildops.com,"Santa Monica, California","['1984 Ventures', 'Fika Ventures', '01 Advisors', 'L2 Ventures', 'Founders Fund', 'Global Founders Capital', 'Next47', 'MetaProp VC', 'Boost Mobile CEO Stephen Stokols', 'NBA all-star Metta World Peace', 'StepStone Group', 'Meritech Capital', 'Titanium Ventures', 'Bond Capital', 'Stepstone Group', 'Schneider Electric’s Se Ventures']",331.0,25.86,Series C,127000000.0,,True,220364362
69ab5e98-9803-4a89-b2bd-c995ebbdf3a3,Buildots,A.I.-based construction management company,buildots.com,"Tel Aviv-Yafo, Israel","['Lightspeed Venture Partners', 'Lightspeed Ventures', 'Viola Growth', 'Maor Investments', 'TLV Partners', 'Tidhar Construction Group', 'Future Energy Ventures', 'Innogy Ventures', 'Intel Capital', 'OG Tech Partners', 'previous investors', 'Eyal Ofer’s O.G Tech', 'Og Venture Partners', 'Qumra Capital', 'Tlv Partners', 'Poalim Equity']",237.0,2.16,Series D,45000000.0,"['Yakir Sudry (Co-Founder and CTO): https://linkedin.com/in/yakirsudry', 'Aviv Leibovici (Chief Product Officer & Co-Founder): https://linkedin.com/in/avivleibovici', 'Roy Danon (CEO & Co-Founder): https://linkedin.com/in/roy-danon-a6329a111']",True,224025005
0a582900-efe7-4401-b7d3-fe8a95009906,BuildVision,Construction procurement platform,buildvision.io,"Charleston, South Carolina","['Crosslink Capital', 'Norwest Venture Partners']",7.0,133.33,Series A,10000000.0,"['Mike Powers (Co-Founder): https://linkedin.com/in/mikerpowers', 'Christophe Prakash (Co-Founder & CTO): https://linkedin.com/in/christophe-prakash-063944bb']",True,292477434
995d3d30-27bb-4238-a02e-fb336afe60ff,Built Robotics,Automation technology solutions for the construction industry,builtrobotics.com,"San Francisco, California","['Fifth Wall', 'Next47', 'Lemnos', 'Building Ventures', 'Founders Fund', 'NEA', 'Presidio Ventures', 'Tiger Global']",33.0,-8.33,Series C,64000000.0,"['Noah Ready-Campbell (Founder, CEO & Engineer): https://linkedin.com/in/noahreadycampbell', 'Andrew Liang (Co-Founder): https://linkedin.com/in/andrew-liang-63460b41', 'Noah Ready-Campbell (Founder, CEO & Engineer): https://linkedin.com/in/noah-ready-campbell-25019b260', 'Juan Sebastian Jurado (Co-Founder & Vice President): https://linkedin.com/in/juansebastianjurado']",True,136306362
8aeb9c06-a47f-4389-8a70-d56ead0e1beb,BukuKas,Digitizing small businesses,bukukas.co.id,Indonesia,,,,,,,False,262413693
8ce863f6-5bae-4aa4-98df-e1badfc5ba40,"BurnBot,",Mechanized fuel treatment and wildfire prevention technologies,burnbot.com,"South San Francisco, California","['Overture Ventures', 'Blue Forest Asset Management', 'Pathbreaker Ventures', 'Lowercarbon Capital', 'other investors', 'ReGen Ventures', 'AmFam Ventures', 'Toyota Ventures', 'Convective Capital', 'Skip Capital']",26.0,23.81,Series A,20000000.0,"Dr. Waleed S, ""Lee"" Haddad (CTO and Co-Founder): https://linkedin.com/in/dr-waleed-s-lee-haddad-5109b14",True,288667105
bd9fc249-389a-4a76-8eb9-846f2e0f17c8,Butlr,AI and thermal technology sensors developer,butlr.com,"San Francisco, California","['DNX Ventures', 'Qualcomm', 'Joi Ito', 'Pacific Alliance Venture', 'GS Futures', 'Ray Stata', 'Carrier']",85.0,-10.53,Series B,38000000.0,"['Jiani Zeng (Co-founder, Chief Product Officer): https://linkedin.com/in/jianizeng', 'Honghao Deng (Chief Executive Officer, Co-founder): https://linkedin.com/in/honghaodeng']",True,1585708
a86ceb34-c799-42a6-8fce-43e7eb4b2ca7,buynomics,Revenue optimization SaaS platform,buynomics.com,"Cologne, Germany","['LaFamiglia', 'Insight Partners', 'Dieter von Holtzbrinck Ventures', 'Seedcamp', 'Tomahawk', 'Forestay Capital', 'Anais Ventures', 'Tomahawk Ventures', 'Vi Partners', 'Dvh Ventures']",77.0,-10.47,Series B,30000000.0,"['Sebastian Baier (Founder & MD at buynomics): https://linkedin.com/in/sebastian-baier', 'Ingo Reinhardt (Founder & Managing Director): https://linkedin.com/in/ingoreinhardt']",True,263576937
d606aa77-e791-40ff-b665-978b8b1a717c,buzz solutions,Energy infrastructure inspection platform,https://www.cirbasolutions.com/,,,,,,,,False,Not in Affinity
fba10c67-6450-4321-985a-633cf7527bc3,BXB Technologies Pty,Food supply chain decarbonization platform,bxbtech.com.au,"London, UK",,,,,,,False,289617268
09ab0b9d-1390-4f53-a993-0ca7ea2c45f2,Biosphere Ventures,Investment firm,bxventures.com,"New York, NY",,,,,,,False,284372319
5aca8d69-33e9-4f35-8b19-48bfe65a4427,Bybug,Produce recombinant proteins from genetically engineered black soldier flies,bybug.io,"La Serena, Chile",,17.0,0.0,,1457325.0,"['Gerardo Bluske (Co-Founder & CBO): https://linkedin.com/in/gerardo-bluske-27405111', 'Jose Del Solar Bou (CEO & founder): https://linkedin.com/in/jose-del-solar-bou-208465200']",True,288311246
2048ac08-15d3-4765-ba61-8ada414b4d56,byd,Chinese car and battery maker,https://www.byd.com/,,,,,,,,False,Not in Affinity
d0194aa8-79e0-4620-88ce-1e17d64e61d0,Bynd Venture Capital,Invest in pre-seed and seed-stage ESG startups,bynd.vc,Lisbon,,13.0,18.18,Investment Fund,42870000.0,"['João Costa (Founder and Partner): https://linkedin.com/in/joaocosta62', 'Jorge Santos (Founder and President of the General Meeting of Shareholders): https://linkedin.com/in/jorgesantos-vipex', 'João Costa (Founder and Partner): https://linkedin.com/in/costsavingsexpert']",True,1621921
1559243e-a679-4b6e-b088-4efb19bb7c55,ZEOS straw,Compostable seaweed-based packaging,bzeos.com,"Oslo, Norway",,,,,,,False,263717203
fdd77b96-7d88-40ed-a16b-89ca62055b59,C-Capture Limited,Post-combustion CCS developer,c-capture.co.uk,"Leeds, UK",,,,,,,False,205503465
0213a4f2-dabf-4c63-b88d-608330f5f0e8,C-Crete Technologies,Materials discovery for energy transition platform,ccretetech.com,"San Leandro, CA",,,,,,,False,262865736
ecebb9eb-0965-49ab-b0c7-79b110275a25,c-zero,Decarbonizing natural gas,,,,,,,,,False,Not in Affinity
3cf0a81c-e229-40d6-aa75-5bed87e02fec,c1 green chemicals,Low-carbon chemical process developer,,,,,,,,,False,Not in Affinity
2676ade0-ff0e-4a9f-bd4d-ef10d80cfa05,c2ca technology,Recycled demolition concrete service provider,,,,,,,,,False,Not in Affinity
b054dd86-d324-47fe-8333-4ed1da8edf25,Caban,On-site power provider,cabanenergy.com,"Burlingame, California",Smart Society Ventures,,,,50000000.0,,True,292232957
a3fe115c-3aff-4d5c-b4a5-3b15f440445f,caban energy,Energy-as-a-service solutions provider,,,,,,,,,False,Not in Affinity
8307f6d4-9fe5-426a-b802-abc6d9d2d27e,Caban Systems,Energy storage startup,cabansystems.com,"Burlingame, California","['Portfolia', 'U.S. Small Business Administration.', 'BCP Ventures', 'Ember Infrastructure', 'Inspiration Ventures', 'Ontario Power Generation Pension Fund']",76.0,-5.0,Series B,51000000.0,"['Brian Pevear (CTO and Co-Founder): https://linkedin.com/in/brian-pevear-5a48541', 'Alexandra Rasch Castillo (Founder and CEO): https://linkedin.com/in/alexandra-rasch', 'Naji B. (Co-Founder & Chief Commercial Officer): https://linkedin.com/in/naji-barnes-mcfarlane']",True,198218482
52d602b5-139a-476b-94bd-a175a02b6057,Cactos,Smart energy storage systems producer,cactos.fi,"Helsinki, Finland",,,,,,,False,284409568
d1daa054-0b06-438a-8a70-30951497b635,CADstrom,AI tools for electrical engineers,cadstrom.com,Montréal,,,,,,,False,297548697
7efc92ce-3bca-429e-95ff-e5072f0b630c,Caeli Wind,Platform for analyzing and marketing wind energy locations,caeli-wind.de,"Berlin, Germany","['Notion Capital', 'Santander Alternative Investments', 'existing investors']",68.0,54.55,Series A,11000000.0,,True,287046995
e8e392d3-26ba-46e1-95d3-928e5bb6196c,Caelux,Solar energy company,caelux.com,"Pasadena, California","['Temasek', 'Khosla Ventures', 'Reliance New Energy Limited', 'Mitsui Fudosan', 'Fine Structure Ventures']",49.0,0.0,Series A,12000000.0,"['Mike Kelzenberg (Founder): https://linkedin.com/in/michaelkelzenberg', 'Scott Graybeal (Chief Executive Officer): https://linkedin.com/in/scottgraybeal']",True,223961670
83edf5d1-b354-419d-b4b6-15b86a8c177f,caelux corporation,Developer of perovskite-based solar technology,,,,,,,,,False,Not in Affinity
b729f569-5d08-4e49-8bdb-eb6dc1f4084c,Cala Systems,Intelligent heat pump water heater,calasystems.com,"Boston, MA",,,,,,,False,297882265
c489b8eb-ea1d-4288-afde-41070366f958,Caladan Bio,Streamline experimentation in synthetic biology,caladan.bio,"New York, New York","['Factorial Capital', 'Wireframe Ventures', 'Collaborative Fund', 'Lerer Hippeau', 'Twelve Below', 'Ritual Capital']",8.0,60.0,Seed,5000000.0,,True,293412464
7552dc2b-0291-41c8-82a9-fb2dec530d83,caldera,Low-carbon heating technology for industrial applications,,,,,,,,,False,Not in Affinity
df6a9d11-4710-41e5-8950-08086d3894d5,Calectra,Thermal energy storage system,calectra.com,"Oakland, California",,3.0,50.0,,413100.0,,True,294663490
06963dd6-02f0-4efd-96b7-e89be1bd0c07,calefa,Waste heat technology provider,https://calefa.com/,,,,,,,,False,Not in Affinity
2765a88e-57bc-41f7-8dd2-05c43bbfe493,calice,AI-powered agricultural software platform,,,,,,,,,False,Not in Affinity
48e375f7-9bc6-4ef8-a1f2-8d53b06fc12a,California Cultured,Plant cell cultures to produce flavanol-rich cocoa,cacultured.com,"Davis, CA",,,,,,,False,281893275
a96b9b29-f45d-47cb-9761-28a818b05eb4,Calumino,Thermal sensor technology and A.I. developer,calumino.com,"Sydney, Australia",,,,,,,False,27926748
45ab2fd2-d355-4112-87f0-bfa52ed54d9b,calysta,Company focused on alternative proteins,,,,,,,,,False,Not in Affinity
a04cde56-8781-48ab-b60b-51c31693217a,Calyxia,Biodegradable microcapsules platform,calyxia.com,"Bonneuil-sur-Marne, France",,,,,,,False,279448707
0a3fde7d-6eca-41d8-aa3d-9d111124a93c,cambium,AI and software solutions for repurposed waste wood into lumber,,,,,,,,,False,Not in Affinity
9158831d-c36b-4159-b7b5-ccd515904fb6,Cambium Carbon,Reclaimed wood supply platform,cambiumcarbon.com,"Washington, District of Columbia","['MaC Venture Capital', 'Soma Capital', 'Blue Ivy Ventures', 'Joe Tsai (Co-Founder and Executive Vice Chairman of Alibaba)', ""Revolution's Rise of the Rest Seed Fund"", 'Tunitas Ventures', 'Woven Earth', 'Rise of the Rest', 'Ulu Ventures', '81 Collection', 'Understorey', 'NEA', 'Dangerous Ventures', 'Groundswell', 'Alumni Ventures', 'VoLo Earth Ventures']",32.0,39.13,Series A,18500000.0,"['Marisa Repka (Co-Founder & CFO): https://linkedin.com/in/marisa-repka', 'Theo Hooker (Co-Founder / COO): https://linkedin.com/in/theo-hooker']",True,262399058
3c2bbcf5-74ef-468d-b9fb-9e2908e6202d,cambridge electric cement,"Low-carbon, recycled cement production process",https://cambridgeelectriccement.com/,,,,,,,,False,Not in Affinity
7769aa07-4a17-4ad8-99c3-78444a278d47,Cambridge GaN Devices,Energy-efficient advanced power devices developer,camgandevices.com,"Cambridge, England",,,,,,,False,223170859
fcc3aaca-a7fe-4a58-b28a-5bd388814456,cambrium,Biomaterials discovery platform,,,,,,,,,False,Not in Affinity
e3a0a26f-c93e-4e92-bfb5-6ae95f930b74,cameo,Platform for personalized video messages from celebrities,,,,,,,,,False,Not in Affinity
bc09e448-6b21-4f18-b235-650e9ef0431a,camion,Intelligence and analytics platform for power and electric vehicle charging,,,,,,,,,False,Not in Affinity
721dd629-5d79-4311-a1e9-44252d7d92a6,Campbell Global,Timberland investments with carbon removal,campbellglobal.com,,,,,,,,False,136361965
9a567381-78bb-4b94-a85e-9c647124b7e2,Campfire AI,Generative AI platform for AI-native life simulation games,campfire.ai,"San Francisco, Calif.",,,,,,,False,280508621
d698a051-7eaf-4088-a7f9-3405bcd4c855,Camus Energy,Grid management software platform,camus.energy,"San Francisco, California","['Congruent Ventures', 'Wave Capital', 'Align Impact', 'Groundswell Ventures', 'Remarkable Ventures Climate fund (RVC)']",26.0,-21.21,Series A,10000000.0,"['Michael Ryan (COO & Co-founder): https://linkedin.com/in/michael-j-ryan', 'Cody Smith (CTO and Cofounder): https://linkedin.com/in/cacosmi']",True,220277026
1c60dbd6-bfcf-4734-9c93-f710ed9554a5,CSI Solar,Solar technology pure play developer,canadiansolar.com,"Guelph, Canada",,,,,,,False,161801936
29411645-9cfc-4048-8d0d-be685c2705ad,cancrie,Sustainable advanced materials producer,,,,,,,,,False,Not in Affinity
fd775c18-a4bb-4b74-b98c-789a4c3d0625,candela,Electric boat startup,https://candela.com/,,,,,,,,False,Not in Affinity
e26649eb-72df-4773-b86b-073cfe6718fa,canoo,Offering EVs on a subscription basis,,,,,,,,,False,Not in Affinity
ce8415e0-c248-4032-9448-3054ac3183ef,canopus,Geothermal drilling solutions platform,,,,,,,,,False,Not in Affinity
15f90d96-17c1-4291-90dc-5d055facedf4,Canvas,Machine learning to install drywall at construction sites,canvas.build,"San Francisco, California","['Alumni Ventures Group', 'Grit Labs', 'Suffolk Construction', 'Menlo Ventures', 'Obvious Ventures', 'Innovation Endeavors', 'Brick & Mortar Ventures']",39.0,-17.02,Series B,24000000.0,"['Kevin Albert (Founder and CEO): https://linkedin.com/in/kevin-albert-a2193555', 'Henrik Bennetsen (Co-founder and Chief Business Officer): https://linkedin.com/in/henrikbennetsen', 'Gabriel Hein (Co-Founder and VP of Automation): https://linkedin.com/in/gabrielhein']",True,268023309
ec31e8e8-7bbc-4c92-aa1c-fd6d6cd34a6a,capagro,Invest in impact-focused agrifood startups,,,,,,,,,False,Not in Affinity
d590896b-0c5f-4993-9ba9-5550d572eb40,Capalo AI,Battery energy storage systems trading optimization company,capaloai.com,"Kuopio, Finland","['Innovestor', 'PROfounders', 'VentureFriends', 'Innovestor Tech Fund', 'Inventure']",22.0,10.0,Seed,3800000.0,"['Riku Kukkonen (Chief Marketing Officer & Co-Founder): https://linkedin.com/in/riku-kukkonen-674ba0148', 'Henri Taskinen (Chief Executive Officer): https://linkedin.com/in/henri-taskinen-489931231']",True,288401411
ccac8e29-ce3c-40d3-87c2-fcc1f9dc8669,CapeZero,Financial platform for clean energy developers,capezero.com,"New York, New York","['Powerhouse Ventures', 'Avesta Fund', 'Climactic', 'Virta Ventures', 'Stepchange']",12.0,50.0,Seed,2600000.0,"['Sumit Chachra (Co-founder,  CTO): https://linkedin.com/in/chachra', 'Manish Hebbar (Founder): https://linkedin.com/in/mmh78']",True,289555947
b86afc71-008e-4d07-aa26-201c09152754,capow,In-motion electric charging systems for robots,,,,,,,,,False,Not in Affinity
4989a593-2f0a-4b1d-80af-7ab0e0da8973,Capra Robotics,Autonomous mobile robots for various industries,capra.ooo,"Viby J, Denmark",,,,,,,False,279042478
b6b90b38-d7ea-404b-88f1-5fdac6ec41ac,Captain Fresh,Sustainable seafood business,captainfresh.com,"Bengaluru, India",,,,,,,False,292718476
da027426-4fc8-4e84-8c71-531dcf162535,captiva containers,Recyclable PET packaging manufacturer,,,,,,,,,False,Not in Affinity
0d0cba7b-6507-4312-ba21-77a4a32114b7,CAPTOPLASTIC S.L.,Microplastics capture technology developer,captoplastic.com,"Vicálvaro, Spain",,,,,,,False,285917084
929b9001-f926-44eb-a2bf-a8321c551a17,Captura,Direct ocean carbon capture developer,capturacorp.com,"Pasadena, California","['Equinor Ventures', 'Future Planet Capital', 'Aramco Ventures', 'Hitachi Ventures', 'Eni Next', 'Maersk Growth', 'Freeflow Ventures', 'EIC Rose Rock Venture Fund', 'mTerra Ventures', 'EDP Ventures', 'National Grid Partners', 'Japan Airlines Innovation Fund/Translink Capital', 'Musk Foundation', 'Frontier Climate', 'California Institute of Technology', 'EIC Rose Rock', 'Department of Energy']",60.0,17.65,Series A,45300000.0,"['Steve Oldham (Chief Executive Officer): https://linkedin.com/in/steve-oldham-2b3129104', 'Harry Atwater (Co-Founder): https://linkedin.com/in/harry-atwater-78a91', 'CX Xiang (Co-Founder): https://linkedin.com/in/chengxiangxiang']",True,285527226
0f2c99e7-d74f-4b78-a28a-b16936491582,Capture6,Technology that cleans wastewater while removing carbon dioxide,capture6.org,"Berkeley, California","['Energy Capital Ventures', 'Sopoong Ventures', 'Jacob S Shapiro Foundation', ""Hyundai Motor Group's ZER01NE Ventures"", 'Bridge Investment', 'Tetrad Corporation', 'Elemental Impact', 'Stan and Jane Rodbell', 'Third Derivative']",28.0,-12.5,Series A,27500000.0,"['Ethan Cohen-Cole (CEO & Co-Founder): https://linkedin.com/in/ecohencole', 'Luke Shors (Co-Founder): https://linkedin.com/in/luke-shors-7289875b']",True,285197051
9e928059-b00c-4e25-9c97-441f59b87b51,car iq,Autonomous payment solutions for fleet vehicles,,,,,,,,,False,Not in Affinity
4d2d4337-71a0-4518-adc7-497368417142,carbios,Enzymatic technologies for PET,,,,,,,,,False,Not in Affinity
b8e898a2-ec6a-47f7-9929-cd567b9b5b0c,carbmee,Carbon management software company,carbmee.com,"Berlin, Germany","['Fly Ventures', 'CommerzVentures']",65.0,35.42,Series A,20000000.0,"['Hendrik Beneke (Co-Founder): https://linkedin.com/in/hendrikbeneke', 'Robin Spickers (Co-Founder): https://linkedin.com/in/robinspickers', 'Prof. Christian Heinrich (Co-Founder): https://linkedin.com/in/prof-christian-heinrich-79ab3437', 'Dominik Steffani (Co-Founder Decarbonization Council): https://linkedin.com/in/dominik-a-steffani']",True,282167242
0c379bda-1b06-43bc-84e9-b4d58c12a2ef,carbo culture,Carbon removal startup,https://carbonfuture.earth/,,,,,,,,False,Not in Affinity
3ecdc98e-81d5-4a39-92f6-4adfd08854e8,Carbogenics,Developer of bio-additives stabilizing anaerobic digestion plant performance,carbogenics.com,"Edinburgh, United Kingdom",,,,,,,False,224663423
a69c0b7f-4a55-4806-ae72-ccdac2779ba9,Carbominer,DAC business,carbominer.com,"Kyiv, Ukraine",,,,,,,False,263708702
0a0ea32e-5bba-44e5-a797-a58028c09057,Carbon America,Carbon capture and sequestration super developer,carbonamerica.com,"Arvada, Colorado","['Energy Impact Partners', 'Golden Properties', 'ArcTern Ventures', 'Canada Pension Plan Investment Board (CPP Investments)', ""Grantham Environmental Trust's Neglected Climate Opportunities Fund""]",25.0,-50.0,Series A,30000000.0,"['Brent Lewis (CFO and Co-Founder): https://linkedin.com/in/brent-lewis-61481910', 'Scott Frazier (Chief Executive Officer): https://linkedin.com/in/scott-frazier-7284a410']",True,278331660
6fa4ce67-c089-403b-9207-e84368ebb307,Carbon Capture,Carbon removal startup,carboncapture.com,"Pasadena, California","['Prime Movers Lab', 'Neotribe Ventures', 'Siemens Financial Services', 'Aramco Ventures', 'Alumni Ventures', 'Marc Benioff’s TIME Ventures', 'Idealab X', 'Amazon’s Climate Pledge Fund', 'several additional VC firms and family offices', 'Rio Tinto', 'Idealab Studio']",65.0,-1.52,Series A,80000000.0,"['Adrian Corless (Chief Executive Officer): https://linkedin.com/in/adrian-corless-674b0785', 'Bill Gross (Founder and Chairman): https://linkedin.com/in/billgrossidealab']",True,278653667
2693b1d1-40b1-4c14-8e1d-a7f99c69f42d,carbon capture scotland,Company capturing CO2 from organic processes,,,,,,,,,False,Not in Affinity
eb2ba33e-5b78-43f5-af2a-8a29572603e7,Carbon Clean Solutions,Carbon capture technology startup,carbonclean.com,"London, United Kingdom","['AXA IM Alts', 'CEMEX Ventures', 'Equinor Ventures', 'WAVE Equity Partners', 'TC Energy', 'ICOS Capital', 'CEMEX', 'Chevron U.S.A. Inc.', 'Samsung Ventures', 'Saudi Aramco Energy Ventures', 'Chevron', 'Marubeni Corporation']",206.0,10.75,Series C,150000000.0,"['Prateek Bumb (Co-Founder): https://linkedin.com/in/prateek-bumb-ab17769', 'Aniruddha Sharma (Co-founder & CEO): https://linkedin.com/in/aniruddhasharma', 'Klara Svad (Head of CEO Office): https://linkedin.com/in/klarasvad']",True,263336895
5cb246ba-8dee-4ebd-9f1e-9fab30e34ed8,Carbon Clean Solutions,Carbon dioxide separation technology maker,carboncleansolutions.com,"London, UK",,,,,,,False,1718308
9b7eaeb2-3c66-4c58-a580-070c678d7f75,Carbon Collective,Online investment advisor focused on solving climate change,carboncollective.co,"Albany, Oregon","['Powerhouse Ventures', 'HyperGuap', 'Elevation Ventures']",9.0,-18.18,Seed,2200000.0,"['Zach Stein (Co-Founder): https://linkedin.com/in/zach-stein-100', 'James Regulinski (Co-Founder): https://linkedin.com/in/jamesregulinski']",True,263152291
f9008085-42ae-43cb-b89d-d71a197916b7,carbon counts,Climate change gaming platform,,,,,,,,,False,Not in Affinity
c90fcea9-52b9-4d2f-a7d9-1a35875b2f71,Carbon Direct,Carbon management firm,carbon-direct.com,"New York, New York","['Quantum Energy Partners', 'Temasek', 'BlackRock']",154.0,9.22,Other,60000000.0,Jonathan Goldberg (Chief Executive Officer): https://linkedin.com/in/jonathan-goldberg-941b27126,True,279259480
fe9a111e-8c04-4c21-88c6-a8f39cf611bc,Carbon Equity,Climate investing platform,carbonequity.com,"Amsterdam, Netherlands","['BlackFin Capital Partners', '4impact']",63.0,36.96,Investment Fund,114988650.0,"['Tim Molendijk (Co-founder): https://linkedin.com/in/timmolendijk', 'Lara Koole (Co-Founder): https://linkedin.com/in/larakoole', 'Martijn van Hoek (Co-founder): https://linkedin.com/in/mjmvanhoek', 'Bas Van Den Brande (Investment Analyst | Founder Associate): https://linkedin.com/in/basvandenbrande', 'Liza Rubinstein Malamud (Co-founder ◆ Head of Impact): https://linkedin.com/in/liza-rubinstein-malamud']",True,263412926
b7c2e19c-0062-47fd-bbfa-d455331d49c9,carbon free energy cloud,Scope 2 emissions measurement and mitigation platform,,,,,,,,,False,Not in Affinity
56264185-6638-4fb1-9265-d71ddc6da5ed,Carbon Maps - Climate Management Platform for the Food Industry,Climate management platform for the food industry,carbonmaps.io,"Lille, France","['Daphni', 'Breega', 'Samaipata']",20.0,-9.09,Seed,7600000.0,"['Patrick Asdaghi (CEO & co-founder): https://linkedin.com/in/asdaghi', 'Estelle Huynh (Co-founder & COO): https://linkedin.com/in/estelle-huynh-881b84a', 'Jérémie Wainstain (Head of Science - co-founder): https://linkedin.com/in/jeremie-wainstain']",True,289471086
bf8c4491-865b-4bec-9e08-b412c858f2a7,Carbon Neutral Club,Incentives platform for workforce-led climate action,carbonneutralclub.com,"Toronto, Canada","['Emend Vision Fund', 'Blue Vision Capital', 'Good News Ventures']",3.0,,Seed,1021688.0,,True,280878752
8b6d57d7-b5f0-4f54-adc8-d635edc10280,carbon re,AI platform reducing industrial emissions,,,,,,,,,False,Not in Affinity
feb050d8-d94c-45f7-b8dd-3f50d0cfefb6,Carbon Recycling International,CO2-to-methanol producer,carbonrecycling.is,"Reykjavík, Iceland","['Lífeyrissjóður Vestmannaeyja', 'Sjova']",47.0,11.9,Other,30000000.0,"['Margret Ormslev Asgeirsdottir (Deputy CEO): https://linkedin.com/in/margret-ormslev-asgeirsdottir-b0570a53', 'K-C Tran (CO-FOUNDER and CEO): https://linkedin.com/in/k-ctran', 'Björk Kristjánsdóttir (Interim Chief Executive Officer): https://linkedin.com/in/bjorkkri']",True,1794639
4d2867af-4fc5-4f5d-98c4-c869097c741b,Carbon Reform,Provider of carbon capture and indoor air purification systems,carbonreform.com,"Newark, DE",,,,,,,False,282930849
7644f2ae-aa6d-4530-a3ec-23ef556fa575,Carbon Relay,AI driven solutions to data centers,carbonrelay.com,"Boston, MA",,,,,,,False,268111556
b75948a5-1251-4e73-be98-83dc464cd160,carbon ridge,Develop of modular CCS solutions for maritime industry,,,,,,,,,False,Not in Affinity
b9407bd1-fdff-402f-ad3b-c1774f23f627,Carbon Robotics,AI precision weed control platform,carbonrobotics.com,"Seattle, Washington","['Voyager Capital', 'Bolt', 'Sozo Ventures', 'Liquid2', 'Anthos Capital', 'Liquid2 Ventures', 'Ignition Partners', 'Fuse Venture Capital', 'BOND', 'Revolution', 'NVentures']",161.0,19.26,Series D,70000000.0,"['Shay Myers (Co-Founder): https://linkedin.com/in/shayfmyers', 'Paul Mikesell (Founder / CEO): https://linkedin.com/in/paul-mikesell-4b63a9']",True,278312332
7a71aea7-757e-4416-afcf-16914c128728,Carbon Upcycling Technologies Inc.,Developer of a CO2-embedded cement and concrete additive,carbonupcycling.com,"Calgary, Canada","['Clean Energy Ventures', 'Climate Investment', 'CEMEX Ventures', 'CRH Ventures', 'Fund for Sustainability and Energy', 'BDC Capital’s Climate Tech Fund', 'Amplify Capital', 'Cemex Ventures', 'CEVG', 'Oxy Low Carbon Ventures', 'Zero Carbon Partners', 'Prithvi Ventures', 'purpose esg ventures', 'Clean Energy Venture Group']",47.0,-4.08,Series A,26000000.0,Apoorv Sinha (Chief Executive Officer): https://linkedin.com/in/apoorv-sinha-b82918a,True,154901180
e5a8c63f-32b6-44ce-a854-7eca42221b5f,Carbon Upcycling Technologies Inc.,Circular decarbonization solutions provider,carbonupcycling.com,"Calgary, Canada","['Clean Energy Ventures', 'Climate Investment', 'CEMEX Ventures', 'CRH Ventures', 'Fund for Sustainability and Energy', 'BDC Capital’s Climate Tech Fund', 'Amplify Capital', 'Cemex Ventures', 'CEVG', 'Oxy Low Carbon Ventures', 'Zero Carbon Partners', 'Prithvi Ventures', 'purpose esg ventures', 'Clean Energy Venture Group']",47.0,-4.08,Series A,26000000.0,Apoorv Sinha (Chief Executive Officer): https://linkedin.com/in/apoorv-sinha-b82918a,True,154901180
57feb2f2-c0f7-4655-b354-64503532e126,Carbon13,Climate venture builder,carbonthirteen.com,"Cambridge, United Kingdom","['True Ventures', 'venture firms', 'family offices']",278.0,11.65,Seed,2200000.0,,True,263710401
f96dd71a-4b8f-422d-a4bc-44b3f0a56fbf,carbonABLE,Climate-focused investment management platform,carbonable.io,"Paris, France","['La Poste Ventures', 'Ethereal Ventures']",82.0,-4.65,Seed,1200000.0,"['Guillaume Leti (Co-Founder & CEO): https://linkedin.com/in/guillaumeleti', 'Ramzi Laieb (co-founder): https://linkedin.com/in/rmzlb']",True,282950858
2aadeb31-bade-4af0-a8f3-05bc0177aca0,Carbonaires,Carbon asset manager,carbonaires.com,"London, United Kingdom",,19.0,5.56,,,"['Erdem Celik (Co-Founder): https://linkedin.com/in/rdmclk', 'Martyn Porter (Co-Founder and Partner): https://linkedin.com/in/martyn-porter-42607311']",True,286124122
d3a5d6d0-aa6a-4382-9261-6d309a504dbf,carbonblue,Ocean-based carbon dioxide removal business,https://carbonquest.com/,,,,,,,,False,Not in Affinity
227da092-e6cb-42be-a6ba-326b5982cf68,CarbonBuilt,Embedding CO2 into concrete,carbonbuilt.com,"Los Angeles, California","['Foundamental', 'others', 'Tony Pritzker', 'Climate Capital', 'Lime Street Ventures', 'YouWeb IV: Impact', 'Grantham Environmental Trust’s Neglected Climate Opportunities']",20.0,-16.67,Series A,10000000.0,"['Rahul Shendure (CEO, Director): https://linkedin.com/in/shendure', 'Gaurav N. Sant (Founder, CTO, Director): https://linkedin.com/in/gaurav-n-sant-0497a58']",True,280233603
1bb584c9-a644-46d8-9e3d-2646588fbc77,Carbon Capture,DAC technology developer,carboncapture.com,"Pasadena, California","['Prime Movers Lab', 'Neotribe Ventures', 'Siemens Financial Services', 'Aramco Ventures', 'Alumni Ventures', 'Marc Benioff’s TIME Ventures', 'Idealab X', 'Amazon’s Climate Pledge Fund', 'several additional VC firms and family offices', 'Rio Tinto', 'Idealab Studio']",65.0,-1.52,Series A,80000000.0,"['Adrian Corless (Chief Executive Officer): https://linkedin.com/in/adrian-corless-674b0785', 'Bill Gross (Founder and Chairman): https://linkedin.com/in/billgrossidealab']",True,278653667
f351d5f6-d179-4e85-b22e-a3d610bd2b69,CarbonChain,Carbon accounting platform,carbonchain.com,"London, UK","['Voyager Ventures', 'Union Square Ventures']",35.0,-10.26,Series A,10000000.0,"['Yury Oparin (Co-Founder & CTO (YC S20)): https://linkedin.com/in/yuryoparin', 'Adam Hearne (CEO and Co-founder): https://linkedin.com/in/adamhearne', 'Roheet Shah (Co-Founder & COO): https://linkedin.com/in/roheetshah', 'Jeremiah Smith, PhD (Co-founder and Chief Product Officer at CarbonChain (YC S20)): https://linkedin.com/in/itsjeremiahs']",True,278311637
c8186446-1645-4d33-9372-31c30f40f6c3,CarbonCloud,Climate footprinting platform for food supply chains,carboncloud.com,"None, Sweden","['Peak', 'Cusp Capital', 'Rivus Ventures', 'TS Ventures', 'Maki VC']",32.0,-13.51,Series A,7500000.0,"['Håkan Axelsson (Co-founder & Chairman Of The Board): https://linkedin.com/in/h%C3%A5kan-axelsson-709492', 'David Bryngelsson (CEO): https://linkedin.com/in/david-bryngelsson-97b3ab104', 'Andreas Vrålstad (Co-Founder): https://linkedin.com/in/andvra']",True,263315448
83f1f87b-7460-48c5-bc83-5b34649c2089,carboncycle,CCS project developer,,,,,,,,,False,Not in Affinity
13cf367c-e49f-4554-9161-49a467983101,carbonethics,Tech-enable climate solutions developer,,,,,,,,,False,Not in Affinity
a29aab77-186d-4f70-9ed5-32997b3c131d,Carbonfact,Life-cycle assessments for fashion platform,carbonfact.co,"Paris, France",Y Combinator,3.0,,,,"['Marc LAURENT (Cofounder & CEO): https://linkedin.com/in/mrclrnt', 'Romain Champourlier 💚 (Co-Founder): https://linkedin.com/in/rchampourlier']",True,282736702
fa8b4a3c-3c63-4d95-bbc8-545737a28511,carbonfarm technology,Satellite-verified carbon credits platform,,,,,,,,,False,Not in Affinity
33302f6b-4c04-415f-9106-73812180cb25,carbonfuture,Digital infrastructure for carbon removal,carbonfuture.earth,"Freiburg, Germany","['Carbon Removal Partners', 'Sustainable Future Ventures', 'WiVenture', '4impact capital', 'Übermorgen Ventures', 'SIX']",52.0,0.0,Series A,,"['Hannes Junginger (CEO (reversing the direction of green house gases: down and not up)): https://linkedin.com/in/hannes-junginger-6581145', 'Andreas Hölzl (Co-founder and COO at carbonfuture.earth): https://linkedin.com/in/andreas-h%C3%B6lzl-90a81a6a']",True,267258418
67aba03b-8482-47ee-8f97-266a1b7d5314,carbonhound,Carbon management software for SMEs company,carbonhound.com,"Toronto, Canada",VERDEXUS,10.0,11.11,Seed,972901.0,Kyri Vanguard (CTO & Founder): https://linkedin.com/in/kyrivanguard,True,283797430
01ead2eb-742f-4a92-8829-352f4b08d1d9,CarbonOrO,CO2 capture company,carbonoro.com,"Nijmegen, Netherlands",,,,,,,False,147496524
c7f6a68b-66b2-487c-96b5-5613697db5dc,Carbonova,Carbon nanofibers from CO2 platform,carbonova.com,"Calgary, Canada",,,,,,,False,263185118
865a67c8-844b-4324-89b1-ce61db69e64b,Carbonplace,Carbon credit transaction network,carbonplace.com,"London, United Kingdom","['BNP Paribas', 'BBVA', 'CIBC', 'UBS', 'Standard Chartered', 'National Australia Bank', 'SMBC', 'NatWest Group', 'Ita Unibanco']",30.0,-11.76,Seed,45000000.0,Scott Eaton (Chief Executive Officer): https://linkedin.com/in/scott-eaton-4993b9a,True,288841093
d738fbc4-9d04-4130-b213-14c278e61aef,CarbonPool,Carbon credit insurance provider,carbonpool.earth,"Zürich, Switzerland","['Heartcore Capital', 'Vorwerk Ventures', 'HCS Capital', 'Revent Ventures']",19.0,18.75,Seed,11240000.0,"['Frederic Olbert (Founder and CFO): https://linkedin.com/in/frederic-olbert-538299109', 'Coenraad Vrolijk (Founder): https://linkedin.com/in/coenraad-vrolijk-3705a232', 'Nandini Wilcke (Founder and Chief Operating Officer): https://linkedin.com/in/nandini-wilcke']",True,290682558
7326c155-9590-43a3-a6b8-177b3c64e140,CarbonQuest,Modular DAC technology,carbonquest.com,"New York, New York","['Riverbend Energy Group', 'Energy Capital Ventures', 'Aligned Climate Capital']",34.0,36.0,Series A,20000000.0,Shane Johnson (President and CEO): https://linkedin.com/in/shane-johnson-74003784,True,263209249
f254020d-ea47-4a3b-8236-f3bd001a101c,carbonrun,Add alkalinity to rivers to deacidify waterways,,,,,,,,,False,Not in Affinity
26d78136-3b66-4b9b-850a-af4d4a098a89,CarbonScape,Biographite developer,carbonscape.com,"Riverlands, New Zealand",,,,,,,False,163302028
b4441fa3-82c0-47db-8078-3ef985db2168,carbonstop,Carbon emissions management software and consulting solutions provider,https://www.carbonstop.com/,,,,,,,,False,Not in Affinity
a786c412-f1f5-403a-91a4-2d3ab104b049,carbonwave,Startup making advanced biomaterials from seaweed,https://carbonwave.com/,,,,,,,,False,Not in Affinity
0c87e774-fbc1-44cb-b319-0e912270523f,CarbonX,Make graphite alternatives for battery anodes,carbonx.com,"Delft, Netherlands",,,,,,,False,262474324
19dc8a08-ecb9-4c56-b3f1-b779e3cb76c3,CarbonZero.ECO,Biochar production technology developer,carbonzero.eco,"Los Altos, CA",,,,,,,False,301421423
4e75bdc6-174e-4e8f-ab0a-3dc7cf342571,Carbyon,Direct air capture developer,carbyon.com,"Eindhoven, Netherlands",,,,,,,False,268272451
a8d6b669-e094-49e0-a3fa-0610197b2a04,cargoroo,Manufacturer of electric cargo bikes,,,,,,,,,False,Not in Affinity
89f548ab-5733-421a-97f6-fd8fe388b721,Cariqa,EV charging pricing software,cariqa.com,"Berlin, Germany","['Anthemis', 'Vento Ventures', 'others', 'Hatcher+', 'Earth', 'Golden Egg Check', 'Techstars', 'Contrarian Ventures', 'Anthemis Female Innovators Lab']",6.0,50.0,Seed,4000000.0,"['Issam Tidjani (Co-Founder): https://linkedin.com/in/issamtidjani', 'Stefano Bonetta (Co-Founder): https://linkedin.com/in/stefanobonetta', 'Tamara Ciullo (Co-Founder): https://linkedin.com/in/tamara-ciullo-3a1194131']",True,290581436
1ad35e2e-8bac-40d5-a4c4-f172db2bbfe8,carpecarbon,Direct Air Capture (DAC) technology developer,,,,,,,,,False,Not in Affinity
02f1f93b-855e-44c9-bb51-e7a1885fb977,carrar,Advanced cooling systems for EV batteries,,,,,,,,,False,Not in Affinity
033b3a2c-f01c-4a47-b8a7-6dcb65ba43d1,cartesia,Multimodal intelligence company,,,,,,,,,False,Not in Affinity
5e1098b3-14d2-40a7-add2-7c47d7be577f,cartken,AI-powered autonomous robots maker,cartken.com,"Oakland, CA",,,,,,,False,263113801
f2317cd1-b3ea-4a88-b791-9ef6be7eba62,Cascade Biocatalysts,Sustainable chemicals platform,cascadebiocatalysts.com,"Brooklyn, NY",,,,,,,False,288786427
60825ff2-766a-46b8-8f8e-46ba6edfaac8,cast ai,Cost analysis company,https://cast.ai/,,,,,,,,False,Not in Affinity
cec2352f-bb13-43c7-a625-36e11c799de8,catalera biosolutions,Sustainable pest-control products,,,,,,,,,False,Not in Affinity
db64b322-e7a3-46dd-98b4-d7e18021e8c9,catalyst fund,Investments in early-stage climate companies in Africa,,,,,,,,,False,Not in Affinity
a7059bdf-3ea3-48b1-b5fb-20e99f6ebf1f,website,Bioethanol conversion technology developer,catalyxxinc.com,"Chesterfield, MO",,,,,,,False,278627162
e06f02a0-a7c9-41a5-97c2-6cd96ecb37df,catchfree,Plant-based seafood alternatives maker,,,,,,,,,False,Not in Affinity
e8ff3b19-798b-41e1-b3e9-59fae76873ed,catchwise,AI fishing efficiency platform,,,,,,,,,False,Not in Affinity
d9106f3d-7d90-4930-ae4e-77f22ee30af3,Category Ventures,VC making pre-seed and seed investments,categoryvc.com,San Francisco,,2.0,,,,Alberto Peisach (Chief Executive Officer): https://linkedin.com/in/alberto-peisach-737796238,True,301378264
19e3254a-1f04-4827-a341-6f5ce80d1eb0,Cauldron,“Fermafacturing” startup for foods and fibers,cauldronferm.com,"Borenore, Australia","['Main Sequence Ventures', 'SOSV', 'Main Sequence', 'University of New South Wales', 'In-Q-Tel', 'Horizons Ventures']",19.0,0.0,Other,2800000.0,Larry Li (Co-founder and CEO): https://linkedin.com/in/larryli,True,289962716
17549d3f-e083-4a20-8c14-2ce8274aa172,Causal Labs,AI weather prediction startup,getcausal.ai,"San Francisco, California","['BoxGroup', 'Refactor', 'angel investors', 'Otherwise', 'Karman Ventures', 'Factorial', 'Kindred Ventures']",1.0,,Seed,6000000.0,,True,301831412
5b1d9b96-0d10-4ec0-946d-858cfa696e3a,Cavela,Automated product sourcing AI platform for e-commerce companies,cavela.co,"San Francisco, Calif.",,,,,,,False,293475638
dbc9babf-9a75-4859-b67b-506d5929e11d,Caveonix,Compliance and security cloud company,caveonix.com,"Falls Church, Virginia","['First In Capital', 'other early investors']",46.0,-6.12,Series A,7300000.0,"Kaus Phaltankar, CISSP (CEO and Co-Founder): https://linkedin.com/in/kaus-phaltankar-cissp-b3b3254",True,204006828
1a3d22c8-68b1-44be-af82-dc37d9376d7c,Cavnue,Autonomous roadways company,cavnue.com,"Washington, District of Columbia",,81.0,-19.0,,135611550.0,"['Tyler Duvall (Chief Executive Officer and Co-Founder): https://linkedin.com/in/tyler-duvall-62a0486', 'Kathy Vences (Deputy Chief of Staff to the CEO and Co-Founder): https://linkedin.com/in/kathy-vences-8319439a']",True,263223055
9c2a1b64-55be-4477-a974-13323bb21840,Cecil,Platform for managing carbon and natural capital assets,cecil.earth,"Sydney, Australia","['Tenacious Ventures', 'Macdoch Ventures', 'Global Founders Capital']",13.0,-18.75,Seed,1600000.0,"['Rory Oxenham (Co-Founder & Product): https://linkedin.com/in/roryoxenham', 'Alex Logan (Co-Founder): https://linkedin.com/in/alex-logan-43617971']",True,279273713
e6fed46b-8218-4388-b051-f5961f0d0ffd,cedara,Carbon intelligence platform for the media industry,https://www.neara.com/,,,,,,,,False,Not in Affinity
0f8cc6cc-2ab7-4a52-b718-1f93f6093870,CEEZER,B2B carbon credits marketplace,ceezer.earth,"Berlin, Germany","['Carbon Removal Partners', 'Picus Capital.', 'Picus Capital', 'Norrsken VC', 'HV Capital']",51.0,18.6,Series A,11200000.0,"['Magnus Drewelies (Founder & CEO): https://linkedin.com/in/magnusdrewelies', 'Hannes Nützmann (CPO & Co-founder): https://linkedin.com/in/hannesnuetzmann', 'Jan Oltmanns (Co-Founder & Chief Impact Officer): https://linkedin.com/in/jan-oltmanns-330373a3']",True,284715704
b755b8a5-dbc7-48e8-b41b-6389f63d694a,Ceibo,Copper extraction technology,ceibo.tech,"Santiago, Chile","['Energy Impact Partners', 'Aurus Ventures', 'CoTec Holdings', 'Khosla Ventures', 'Audley', 'Unearth', 'Orion Resources', 'Pincus Green']",76.0,2.7,Series B,30000000.0,Cristóbal Undurraga (CEO): https://linkedin.com/in/cristobalundurraga,True,290876746
b62469f4-517f-4828-8bc0-ce0986bbdc0c,Celadyne,Hydrogen fuel cell technology developer,celadyne.com,"Chicago, IL",,,,,,,False,302417092
fa669eea-8023-4f6f-befe-00aabdf8aa30,celest science,Climate risk assessment platform,,,,,,,,,False,Not in Affinity
80ff62d6-a73b-45b5-a02f-9aeb21bddf77,Celestial AI,Uses light to transfer data within and between chips for enhanced AI data center efficiency,celestial.ai,"Santa Clara, California",,,,,,,False,281147992
58e6fae6-5336-421f-9fe4-7748247f7527,Celigo,Integration platform as a service,celigo.com,"San Mateo, California",,,,,,,False,1563671
85a87948-35be-4c0f-b2b6-cad21280ee52,Celleste Bio,Cell-cultured cocoa ingredients,celleste-bio.com,"Misgav, Israel","['others', 'Supply Change Capital', 'The Trendlines Group', 'Consensus Business Group', 'SnackFutures Ventures']",9.0,28.57,Seed,4500000.0,"['Avishai Levy (Co-Founder): https://linkedin.com/in/avishai-levy007', 'Hanne Volpin (Co-Founder, CTO and CEO): https://linkedin.com/in/hanne-volpin-48819a6', 'Michal B. (Chief Executive Officer): https://linkedin.com/in/michal-b-11136130']",True,289545538
0eb8674e-3e7b-4c53-b84b-0d8f2ade9193,Cellfion,Developing bio-based membranes for energy storage and conversion devices,cellfion.se,Sweden,,,,,,,False,285875682
f7c8cdcc-9557-4d82-ae4b-04d0cf049eed,CELLINK,"Manufacturer of high-conductance, large-area flexible circuits for clean power",cellink.com,"San Carlos, CA",,,,,,,False,2186884
7d0262e3-39c6-43e5-b0fb-5e55e5b1a10f,CellMEAT,Alt shrimp maker,thecellmeat.com,South Korea,,,,,,,False,263065102
014df8ef-aefc-4dc9-adb6-7a36908e7346,CellMine,Lithium-ion batteries recycling platform,cellmine.co.uk,"Livingston, UK",,,,,,,False,293836993
420e6554-9038-4d87-a4eb-63f64b8bf9d1,cellqua,Cultivated seafood start-up,,,,,,,,,False,Not in Affinity
ce2909a0-2d68-44e0-aa2f-0106bd025bae,Cellugy,Produces organic cellulose material designed to replace toxic plastic,cellugy.com,"Søborg, Denmark",,,,,,,False,278237929
063834d8-f1fb-4376-a559-899cbc52e65d,cellva ingredients,Cellular agriculture platform,,,,,,,,,False,Not in Affinity
cfbba78b-4b20-40df-904c-65e6def5e14c,cemvision,Lower-carbon cement using recycled industrial waste,,,,,,,,,False,Not in Affinity
d5c91722-8979-4ad9-8e32-e87bddf9aa47,Cemvita Factory Inc.,Biotech startup using microbes to turn carbon dioxide into useful products,cemvitafactory.com,"Houston, TX",,,,,,,False,161878593
fb4c1757-5eaf-42c2-b771-e4f5ae452392,Certa,Procurement platform with ESG management tools,certa.com,"San Francisco, CA",,,,,,,False,292728352
0f4b181b-624b-4261-a210-5972cf7de415,cerv e,Food waste and efficiency platform,,,,,,,,,False,Not in Affinity
cac3ab16-fe94-4f69-9f74-587408138a8a,cervest,Maker of a climate risk analysis platform,,,,,,,,,False,Not in Affinity
5564f5bf-5d6c-4574-9476-77910655bc62,Cetogenix,Developer of organic waste to renewable energy,cetogenix.co.nz,New Zealand,,,,,,,False,285883002
d06efb4c-9ffd-4e64-86f5-4da303ae8689,cf pathways,Carbon credits and risk management provider in the energy and environmental markets,,,,,,,,,False,Not in Affinity
e1aab2f3-566a-401f-aae1-82234f7fcd8c,CH4 Global,Using seaweed to reduce methane emissions,ch4global.com,"Henderson, NV",,,,,,,False,263365518
9430c60a-12c0-4d60-b069-09bc52c33df6,Chain.io,Cloud-based supply chain integration platform,chain.io,"Philadelphia, Pennsylvania","['Fontinalis Partners', 'Grand Ventures', 'Mercury', 'Eve Atlas', 'High Alpha', 'Mercury Fund', 'Engage', 'Waybury Capital']",32.0,-13.51,Series A,11000000.0,Brian Glick (Founder / CEO): https://linkedin.com/in/briansglick,True,197497418
b73b08e2-6f92-411d-893b-330b71f7f92c,chaincraft,Developing biochemicals from organic waste,,,,,,,,,False,Not in Affinity
d106bc05-e591-4c23-bd91-c072db12586e,Chainguard,Supply chain software security company,chainguard.dev,"Kirkland, Washington","['Spark Capital', 'Sequoia Capital', 'Amplify Partners', 'Banana Capital', 'Amplify', 'The Chainsmoker’s Mantis VC', 'Tom Killalea', 'Gordon Chaffee', 'Maya Kaczorowski', 'Jim Higgins', 'K5/JPMC', 'Stephen Augustus', 'Brandon Phillips', 'Eric Brewer', 'Joe Duffy', 'Redpoint Ventures', 'Mantis VC', 'Lightspeed Venture Partners', 'IVP', 'LiveOak Venture Partners', 'Chair of MongoDB and former VP of Technology and CISO at Amazon', 'CISOs from Google and Square (Block)', 'CISO at Square', 'Solomon Boulos', 'Salesforce Ventures', 'All Existing Investors', 'Datadog Ventures', 'Kleiner Perkins']",297.0,102.04,Series D,356000000.0,"['Kim Lewandowski (Founder / Product): https://linkedin.com/in/kimsterv', 'Matthew Moore (Founder / CTO): https://linkedin.com/in/mattmoor', 'Scott Nichols (Founder): https://linkedin.com/in/scott-nichols-8ab333184']",True,283604468
4e0834a3-55ca-4fe6-b315-8e2fb1d38b04,Change Foods,Vegan cheese company,changefoods.com,"Palo Alto, CA",,,,,,,False,279419567
bdae437e-2b50-495e-8fdc-1c2b26ddda1e,Chapter,AI-powered operating system for knowledge in sustainable energy,chapter.com,Amsterdam,,,,,,,False,263084757
89c000a4-d780-46fb-8f69-5c780bd4d207,char.gy,To expand its EV charging network,char.gy,London,,,,,,,False,122028741
e31edbc9-fc09-48b1-8969-0b600b80a50d,charbone hydrogen,Green hydrogen producer,,,,,,,,,False,Not in Affinity
5cc4ba9a-2ca2-4b51-bc26-809a225e48cc,Charge,Developer of electric charging stations for e-bikes and e-scooters,charge.io,"NYC, NY",,,,,,,False,280703441
e46ee0d4-e63a-4cc2-b6f7-3351186442c0,Charge Amps,Green-tech company and maker of EV charging solutions,chargeamps.com,Sweden,,,,,,,False,291742012
af007fe0-7506-45a0-9d17-7e16d88fea2e,CHARGE+ZONE,Fleet electrification and retail EV charging platform,chargezone.co,"Vadodara, India","['Venture Catalysts', 'Mumbai Angels', 'Keiretsu Forum']",109.0,-3.54,Seed,3000000.0,"['Kartikey Hariyani (Founder & CEO): https://linkedin.com/in/kartikeyhariyani', 'Sameer Zumbarlal Baldota (CEO OFFICE Business Consultant & Principal Engineer): https://linkedin.com/in/sameerbaldota']",True,225005307
4f31b25e-2635-4f38-8113-ac5faeee7acb,ChargeEuropa,EV charging infrastructure,chargepolska.pl,"Warsaw, Poland",,,,,,,False,263780682
2c464926-ac95-40a4-a6f8-12a68d2fba07,ChargeLab,Developer of EV charging operating software,chargelab.co,"Toronto, Canada","['Root Ventures', 'King River Capital', 'Eaton', 'Construct Capital', 'Silver Comet', 'Highline Beta', 'Third Sphere', 'ABB E-Mobility', 'Maple VC']",71.0,-1.39,Series A,15000000.0,"['Ehsan Mokhtari (Co-Founder & CTO): https://linkedin.com/in/ehsanmokhtari', 'Zak L. (CEO): https://linkedin.com/in/zaklefevre']",True,292002202
a80b264d-b3b5-4000-b840-7a4e6348aa1e,chargenet,EV charging startup,,,,,,,,,False,Not in Affinity
abb116a4-e35a-42d5-b4ad-b8ebdd38d803,ChargePoint,Provider of EV charging stations,chargepoint.com,"Campbell, California","['Braemar Energy Ventures', 'Linse Capital', 'Quantum Energy Partners', 'Daimler Trucks & Buses', 'J.P. Morgan Chase Bank', 'GIC', 'American Electric Power', 'Siemens', 'Clearvision', 'HSBC Innovation Banking', 'Daimler AG', 'BMW', 'Siemens AG', 'Canada Pension Plan Investment Board (CPPIB),', 'CPP Investments', 'Chevron']",1436.0,-12.12,Public Markets,150000000.0,"['Pasquale Romano (President and CEO): https://linkedin.com/in/pasquale-romano-1877792a', 'Praveen Mandal (Co-Founder & President): https://linkedin.com/in/praveen-mandal-6a997b93', 'Tom Tormey (VP Product Management, founder): https://linkedin.com/in/tom-tormey-69522433', '🍌 Luke Grana (Founder & CEO): https://linkedin.com/in/lukegrana']",True,2178638
fe34080b-fa16-4271-bdd9-4b69c13df544,ChargerHelp!,On-demand repair app for electric vehicle charging stations,chargerhelp.com,"Los Angeles, California","['Energy Impact Partners', 'Aligned Climate Capital', 'Exelon Corporation', 'Blue Bear Capital', 'non sibi ventures']",53.0,0.0,Series A,17500000.0,Kameale C. Terry (Co-Founder & CEO): https://linkedin.com/in/kamealecterry,True,262541248
98ed0ab7-0b16-4634-bf9c-4d99e6a0c314,Chargetrip,EV navigation software provider,chargetrip.com,"Amsterdam, Netherlands","['Blue Bear Capital', 'Axel Springer Porsche', 'HSBC Asset Management', 'Riverstone LLC', 'Vindeggen']",47.0,11.9,Series A,10000000.0,"['Pieter Waller (Co-Founder and Chief Commercial Officer): https://linkedin.com/in/pieterwaller', 'Andreas Sansano (Founder and CTO): https://linkedin.com/in/andreassansano', 'Mark Hulsbergen (Founder): https://linkedin.com/in/markhulsbergen', 'Gideon van Dijk (Founder and CEO): https://linkedin.com/in/gideonvd']",True,133415148
64c25feb-3ff0-4774-8e2f-78a6d4727410,chargeup,EV battery swapping network,,,,,,,,,False,Not in Affinity
20f0ca23-3f82-40a4-9b6a-16a57d2fb455,ChargeX,EV charging system operator,chargex.de,"Munich, Germany","['BonVenture', 'UVC Partners', 'Bayern Kapital', 'Verve Ventures', 'Ponooc', 'Energie 360°']",47.0,-21.67,Series B,11500000.0,"['Tobias Wagner (Co-Founder & CEO): https://linkedin.com/in/tobielectrified', 'John Engeln (Co-Founder and CTO ): https://linkedin.com/in/john-engeln-31709492', 'Michael Masnitza (Co-Founder & CBDO): https://linkedin.com/in/michael-masnitza-b6870085', 'Matthias Zimmermann (Interim CEO): https://linkedin.com/in/fit4growth']",True,200338323
580d9125-e3c4-4c35-a699-c642177bda13,Charm Industrial,Carbon removal company injecting bio-oil,charmindustrial.com,"San Francisco, California","['General Catalyst', 'Thrive Capital', 'Kinnevik', 'Elad Gil', 'Lowercarbon', 'Exor Ventures']",67.0,-14.1,Series B,100000000.0,"['Kelly Kinetic (Hering) (CTO & Co-Founder): https://linkedin.com/in/kellyhering', 'Peter Reinhardt (Co-founder): https://linkedin.com/in/peterreinhardt', 'Shaun Kinetic (Meehan) (Co-Founder): https://linkedin.com/in/aprgl', 'Kevin Meissner (Co-Founder, CTO): https://linkedin.com/in/kevin-meissner-a79a5614']",True,162556649
1561939e-9bbf-4b23-a834-49d384e117a7,CHASM Advanced Materials,Developer of carbon nanotube hybrids,chasmadvancedmaterials.com,"Canton, MA",,,,,,,False,293271337
04994888-063e-4d2e-9d0d-9a3abed1740b,checkerspot,Maker of bio-manufactured materials,,,,,,,,,False,Not in Affinity
de7717a5-b6f5-4e6b-a697-07afe739868e,CheckSammy,Waste removal and recycling services provider,checksammy.com,"Surrey, Canada","['I Squared Capital', 'Zero Infinity Partners']",132.0,0.0,Debt,,"Sam S. (Co-founder, CEO): https://linkedin.com/in/sam-s-601b1416b",True,220008594
90e4f42a-9981-4b68-ae5a-aed85f5d811f,Cheesecake Energy,Energy storage startup,cheesecakeenergy.com,UK,,,,,,,False,221231066
3b4c8194-84ad-4ddb-b849-b52b1b348d48,Chemix,Use AI to accelerate EV battery innovation,chemix.ai,"Sunnyvale, California","['Ibex Investors', 'Mayfield Fund', ""Global Brain's KDDI Open Innovation Fund (KDDI CVC)"", 'BNP Paribas Solar Impulse Venture Fund (SIVF)', 'Urban Innovation Fund', 'Berkeley SkyDeck', 'Porsche Ventures']",23.0,9.52,Series A,20000000.0,"['Jason Koeller, PhD (Co-founder and CTO): https://linkedin.com/in/jason-koeller', 'Kaixiang Lin, Ph.D. (Co-founder and CEO): https://linkedin.com/in/kaixianglin']",True,284311811
37ea05df-184c-40ce-90d8-8fd897c09ded,Cherry Street Energy,Providing solar energy solutions,cherrystreetenergy.com,"Atlanta, GA",,,,,,,False,220318744
671a1f57-98e1-4175-8a76-daad9a864a5c,Chestnut Carbon Solutions,Carbon removal company,chestnutcarbon.com,"New York, New York","['DBL Partners', 'Canada Pension Plan Investment Board', 'Cloverlay', 'others']",16.0,60.0,Series B,160000000.0,,True,285736060
bcb12991-2c5b-4889-8c5e-c6a43e16a697,Chilibeli,Commerce platform for farmers and suppliers,chilibeli.com,Indonesia,,,,,,,False,224164844
0fca1290-7468-4c47-af97-8643a73b597f,Chilye,Startup developing high-voltage battery systems for EVs,chilye.com,China,,,,,,,False,263066682
a3cd0f34-a516-4c60-9598-d7135262b1e0,Chime,Mobile banking platform,chime.com,"San Francisco, California","['Omidyar Network', 'Coatue', 'others', 'ICONIQ Capital', 'Aspect Ventures', 'Cathay Innovation', 'Forerunner Ventures', 'Northwestern Mutual', 'SoftBank’s Vision Fund 2', 'Tiger Global', 'Dragoneer Investment Group', 'DST Global', 'General Atlantic', 'Menlo Ventures', 'Cross Link Capital', 'Sequoia Capital Global Equities']",1637.0,4.4,Series C,750000000.0,"['Ryan King (Co-Founder & CTO): https://linkedin.com/in/ryanaking', 'Chris Britt (Co-founder & CEO): https://linkedin.com/in/cbritt', 'Daniel Stevenson (Chief Executive Officer): https://linkedin.com/in/daniel-stevenson-b98640200', ""Eric Shen (Co-Founder and Co-Lead of Chime's Asian Pacific Islander & South Asian ERG): https://linkedin.com/in/ericshen2""]",True,1712883
4e0cf644-8d42-474e-8c5f-39cdab9ce306,Choco,Maker of software for restaurants and suppliers,choco.com,"Berlin, Germany",,,,,,,False,224083657
06051b1f-7372-4ac2-b405-833902b1a31e,Chooch AI,Computer vision startup,chooch.ai,"San Francisco, CA",,,,,,,False,17375267
45c0aa66-7bd5-4c63-9019-78774d433796,CHOOOSE,SaaS platform enabling enterprise to integrate climate action into customer experiences,chooose.today,"Oslo, Norway","['GenZero', 'SOUNDWaves', 'Amadeus IT Group', 'Vinyl Capital', 'Contrarian VC', 'Shell Ventures', 'Aston Kutcher’s firm']",70.0,0.0,Series A,13800000.0,,True,132898734
750109d0-f7de-4b00-941b-fef48a5d955f,chopvalue,Company recycling chopsticks into durable materials,https://chopvalue.com/,,,,,,,,False,Not in Affinity
672cb036-919f-49ce-baf2-4cd242b99a80,ChopValue Manufacturing,Recycling chopsticks into durable materials,chopvalue.com,"Vancouver, Canada",,,,,,,False,224694804
7dba28f5-9555-4b60-b910-ba82e7739b36,chorus.ai,Sales conversations intelligence platform developer,,,,,,,,,False,Not in Affinity
bc32b05e-bd70-4b6b-a244-a1316f17db13,Chroma Copy,Open-source embedding database provider for generative A.I.,chroma.co,"San Francisco, CA",,,,,,,False,282236064
22434fe0-c798-447f-9e42-eb36d6b4f091,Chromacity,"Make laser technology used in materials analysis, pollution monitoring, and more",chromacitylasers.com,"Edinburgh, Scotland",,,,,,,False,101965384
5aefc576-a765-4c61-a216-f8f185da0de2,Chromologics,Developing natural food colorants from fungal fermentation,chromologics.com,"Søborg, Denmark",,,,,,,False,223654304
80a2d61b-3efd-4473-94b5-ba526a566465,chronosphere,Cloud-based applications monitoring company,,,,,,,,,False,Not in Affinity
a7a5fa6a-0e61-4c2a-8337-468d9eced69e,ChrysaLabs,Soil quality assessment technology developer,chrysalabs.com,"Montréal, Canada",,,,,,,False,146843828
14f1958f-563e-41bb-8b2b-9014a3483f2f,cibus capital,Invest in sustainable food and agriculture companies,,,,,,,,,False,Not in Affinity
b6211a30-5f06-44c4-b65c-406d8e465f3f,cim,Property operations decarbonization platform,,,,,,,,,False,Not in Affinity
2459cee9-b5af-47a3-a072-b923bb03c56e,cimico,Biotechnological wastewater treatment platform,,,,,,,,,False,Not in Affinity
36e2db4c-8627-488e-b219-f4c6a2e9c576,CinSOIL,AI- and satellite-powered MRV tool for soil carbon,cinsoil.eu,"Berlin, Germany",,,,,,,False,293045261
faba0428-c8e7-414f-80ad-a3c1b0e97463,Cintoo,Reality capture data management platform,cintoo.com,"Miami, Florida","['Armilar Venture Partners', 'AMAVI Capital', 'Partech', 'UI Investissement', 'Amavi Capital', 'Region Sud Investissement']",76.0,22.58,Series B,37000000.0,"['Denis Thibaudin (Chief Executive Officer &  co-founder): https://linkedin.com/in/denis-thibaudin-b704461', 'Dominique POULIQUEN (CEO of Cintoo US Inc.): https://linkedin.com/in/dominique-pouliquen-92715', 'Marc Antonini (Co-founder and Scientific Advisor): https://linkedin.com/in/marc-antonini-883b2163']",True,47005627
9e2613ef-76d9-4ed2-a93c-b8ec4909d7cc,Cirba Solutions,EV battery recycling platform,cirbasolutions.com,"Wixom, MI",,,,,,,False,290275773
b6591577-fa47-43af-b202-b187ab4a78fd,circ,Circular clothing recycling platform,,,,,,,,,False,Not in Affinity
0f3f5087-9383-4d70-b547-4463f39a3150,Circadian Technologies,Energy management system provider,circadian.com.au,"Berlin, Germany",,,,,,,False,2164403
f98f8014-f6e1-41d7-9ee2-79f165ddcceb,Circe Inc,Carbon-negative bio-manufacturing,circe.com,"Boston, U.S.",,,,,,,False,285294281
e678eab2-5491-4e35-b5de-2661f596c0ba,Circonus,Data analytics and monitoring platform for businesses,circonus.com,"North Laurel, Maryland","['Baird Capital', 'Bull City Venture Partners', 'Osage Venture Partners', 'NewSpring Capital']",14.0,0.0,Series B,10000000.0,"['Theo Schlossnagle (Founder and CTO): https://linkedin.com/in/postwait', 'Bob Moul (CEO): https://linkedin.com/in/bobmoul']",True,1568199
abf0689f-a55a-4989-bc16-c115d49057ca,circtec,Tire recycling facilities using pyrolysis technology,https://www.circtec.com/,,,,,,,,False,Not in Affinity
fbef707c-772d-47a6-8269-af9c3d410409,Circu Li-ion,Battery recycling platform,circuli-ion.com,"Mondercange, Luxembourg","['undisclosed group of battery, AI, and industry experts', 'BonVenture', 'company’s management team']",37.0,-9.76,Seed,8500000.0,"['Antoine Welter (Co-Founder & CEO): https://linkedin.com/in/antoine-welter-97ba3b48', 'Dr. Xavier Kohll (Co-founder & CTO): https://linkedin.com/in/xako']",True,283922670
ad47ce57-1a88-41d0-9a08-c2e2d6272aae,circuit,Electric shuttle service,,,,,,,,,False,Not in Affinity
2fd247ee-fa77-4f9c-9a6e-166d8a6e72e3,Circuland,Digital Material Passports for construction,circuland.co.uk,"London, United Kingdom",,4.0,100.0,,820692.0,Anastasia Stella (Co-Founder): https://linkedin.com/in/anastasiastella,True,292783223
e78002d1-8c53-430a-9559-f87553442230,Circular.co,Circular economy digital tools platform,circular.co,"San Francisco, California","['Oxygea', 'Eclipse', 'Maniv']",14.0,0.0,Series A,10500000.0,"Ian Arthurs (CEO, Founder): https://linkedin.com/in/ianarthurs",True,286516740
0500619b-8ca7-4115-a4cf-e59570c8393e,Circular Brain,Electronic waste lifecycle management platform,circularbrain.io,"Jundiaí, Brazil",,,,,,,False,278518895
6fbd73a8-71f2-4733-982b-24c2316bc3ed,Circularise,Blockchain-based plastics recycling tracking platform,circularise.com,"The Hague, Netherlands","['Asahi Kasei', 'Brightlands Venture Partners', 'Neste', 'European Commission', '4impact capital']",56.0,16.67,Series A,11000000.0,"['Mesbah Sabur (Founder): https://linkedin.com/in/mesbahsabur', 'Jordi de Vos (Founder): https://linkedin.com/in/jordirobertdevos']",True,94677378
556af7de-4cf5-475b-a94d-defa43c8b9fd,Circulate Capital,VC fund investing in innovations to combat plastic waste,circulatecapital.com,,"['Unilever', 'PepsiCo', 'Danone', 'Chevron Phillips Chemical Company LLC', 'Procter & Gamble', 'The Coca-Cola Company', 'Dow']",43.0,10.26,,106000000.0,,True,162563737
3500eac9-973b-4309-b517-2d4638c2d1da,Circulor,Supply chain traceability and CO2 tracking company,circulor.com,"London, United Kingdom","['Salesforce Ventures', '24Haymarket', 'Volvo Cars Technology Fund', 'Future Positive Capital', 'HG Ventures', 'The Westly Group', 'SYSTEMIQ', 'InMotion Ventures', 'Sky Ocean Ventures', 'BHP Ventures', 'Jaguar Land Rover’s CVC arm', 'TotalEnergies Ventures', 'Plug and Play', 'Boeing HorizonX']",60.0,-6.25,Series B,25000000.0,"['Douglas Johnson-Poensgen (Founder & CEO): https://linkedin.com/in/dougjohnsonpoensgen', 'Veera Johnson (Co-Founder): https://linkedin.com/in/veera-johnson-3830271']",True,204049457
18d477af-d201-4594-90b9-51ce208cd3ab,Circunomics,Circular battery platform,circunomics.com,"Mainz, Germany",Orlen VC,31.0,14.81,,33500000.0,"['Sebastiaan Wolzak (Co-Founder, COO): https://linkedin.com/in/swolzak', 'Felix Paul Wagner (CEO & Co-Founder): https://linkedin.com/in/felixpaulwagner', 'Patrick Peter (Founder, CEO): https://linkedin.com/in/patrick-peter-digital']",True,223993134
bd351610-b230-4949-bad4-2eb85926fcfd,Citrine Informatics,Developer of a materials artificial intelligence operating platform,citrine.io,"Redwood City, California","['Innovation Endeavors', 'Prelude Ventures', 'Presidio Ventures', 'Alumni Ventures', ""Jerry Yang's AME Cloud Ventures"", 'Moore Strategic Ventures', ""Eric Schmidt's Innovation Endeavors"", 'Next47', 'XSeed Capital', 'DCVC (Data Collective)', 'other investors', 'Drive Catalyst (Far Eastern Group)', 'others', 'ISAI Cap Venture']",57.0,-17.39,Series C,16000000.0,"['Bryce Meredig, Ph.D. (Founder, Chief Science Officer): https://linkedin.com/in/bmeredig', 'Greg Mulholland (Founder, CEO): https://linkedin.com/in/gregorymulholland', 'Kyle Michel (Co-founder and CTO): https://linkedin.com/in/kylemichel', 'Tom Frederick (Senior Advisor to CEO and Board): https://linkedin.com/in/tom-frederick-18479379']",True,1630674
c948be60-d11d-4493-ba7f-ec88eaa4be4e,citron,Building energy transition company,,,,,,,,,False,Not in Affinity
d00124e9-8729-48c7-bf31-d4270849c5e3,Citroniq,Carbon-negative materials and plastics,citroniq.com,Houston,,,,,,,False,291689529
9d289589-0fa0-4c99-b3bb-5547c6561c18,civ,Debut fund for critical infrastructure investments,,,,,,,,,False,Not in Affinity
4a29b584-97c5-4bf0-a01f-f4f4e2dcf81c,civ robotics,Autonomous surveying solution for civil engineering and infrastructure projects,,,,,,,,,False,Not in Affinity
187493aa-e9d7-4035-b73f-ac191431f96e,clairity technologies,Carbon dioxide removal technology developer,,,,,,,,,False,Not in Affinity
70cb704f-9eab-4132-bf8d-29ede693acff,Clarity AI,Platform optimizing the societal impact of investment portfolios,clarity.ai,"New York, New York","['Seaya Ventures', 'Matthew Freud', 'Mundi Ventures', 'Founders Fund', 'Deutsche Borse AG', 'Kibo Ventures']",315.0,-7.62,Series B,15000000.0,"['Rebeca Minguela (Founder & CEO): https://linkedin.com/in/rebecaminguela', 'Chad Towers, CSP (Chief Executive Officer / Founder): https://linkedin.com/in/chad-towers-csp-a991901', 'José M. Á. (Chief of Staff to the Founder & CEO): https://linkedin.com/in/jose-pallete']",True,159037358
5a072276-5f74-4252-9b8a-98e7b4b52c55,Clarity Movement,Air quality monitoring company,clarity.io,"Berkeley, California","['Amasia', 'Active Fund', 'The Climate Syndicate', 'Spero Ventures', 'Jason Calacanis’ Launch Fund', 'SOSV’s HAX program']",24.0,0.0,,9600000.0,"['David Lu (Co-founder & CEO): https://linkedin.com/in/david-lu-aa9b3075', 'Deepak Talwar (Co-founder and Mechanical Engineering Lead): https://linkedin.com/in/deepak-talwar-ba5a4350', 'Hannah Laura Hagen (Co-founder): https://linkedin.com/in/hannah-laura-hagen-5544914a']",True,78855408
bf184b3d-dc46-4a58-9e45-9569e71c0fd3,Clarke Valve,Developer of energy-saving shutter valves,clarkevalve.com,"North Kingstown, RI",,,,,,,False,1701366
248a019e-ff33-4e95-9c5e-71ab27073150,claros,Hardware and software to improve energy efficiency in data centers,,,,,,,,,False,Not in Affinity
c390b2bc-ca07-4847-9dce-e1198b6365dd,Claros Technologies,Advanced materials company,clarostech.com,"St. Paul, Minn.",,,,,,,False,291737818
ee74e72b-7c03-47b9-bf44-a2ebac78aa0b,Claroty,Industrial cybersecurity platform for highly automated production sites,claroty.com,"New York, New York","['Standard Investments', 'Rockwell Automation', 'Bessemer Venture Partners', 'Team8', 'Innovation Endeavors', 'Red Dot Capital Partners', 'Tekfen Ventures', 'Next47', 'LG', 'Mitsui & Co., Ltd.', '40 North', 'Schneider Electric', 'Envision Ventures', 'I Squared Capital’s ISQ Global InfraTech Fund', 'ICV', ""Eric Schmidt's Innovation Endeavors"", 'Bessemer Venture Partners’ Century II fund', 'Siemens', 'Marker LLC', 'Aster Capital', 'Temasek', 'Silicon Valley Bank', 'AB Private Credit Investors', 'SE Ventures', 'Delta-v Capital', 'SoftBank Vision Fund 2']",661.0,18.67,Other,100000000.0,"['Benny Porat (Co-Founder, CTO): https://linkedin.com/in/benny-porat-95039730', 'Thorsten Freitag (CEO): https://linkedin.com/in/freitagthorsten', 'Yaniv Vardi (Chief Executive Officer): https://linkedin.com/in/yaniv-vardi-2a671512', 'Philip Rugani (Interim Chief Executive Officer): https://linkedin.com/in/philip-rugani-6265266', 'Galina Antova (Co-Founder & Chief Business Development Officer): https://linkedin.com/in/galinaantova']",True,84842390
9c3032f2-dcfd-4882-bdfc-72a304089c32,class8,Manage fleets for trucking companies,,,,,,,,,False,Not in Affinity
c25371a2-776b-4610-9623-3489b4dee166,Clean Crop Technologies,"Startup using cold plasma technology to increase crop yields, improve food safety, and reduce food waste",cleancroptech.com,"Holyoke, MA",,,,,,,False,224037044
bf893316-9937-48c2-ac5d-092448260a4b,clean electric,"Swappable, fast-charging batteries",https://olaelectric.com/,,,,,,,,False,Not in Affinity
44d72130-dfd7-4d77-856e-db7057111817,Clean Energy Terminals - Offshore Wind Port Developer,Offshore wind terminals construction,cleanenergyterminals.com,"Valencia, CA",,,,,,,False,291077167
95012b95-4310-4a44-8052-bf466bab0377,clean energy ventures,Invest in decarbonization hardware startups,,,,,,,,,False,Not in Affinity
5452a842-e625-4741-a2bc-3002709bc3d5,clean food group,Sustainable oil and fat alternatives,,,,,,,,,False,Not in Affinity
adc99da5-a258-4b88-8118-a899d3077a41,Clean Kitchen Club,Plant-based restaurant chain,cleankitchen.club,UK,,,,,,,False,284102945
0e0b75ac-e30b-4c6c-92cc-5632b09ec569,CleanArc Data Centers,Hyperscale data centers,cleanarcdatacenters.com,"Austin, Texas",Townsend Group,17.0,112.5,,,James Trout (Founder and Chief Executive Officer): https://linkedin.com/in/james-trout-74455a15,True,290548188
a27a4a76-a698-4d3c-bc0f-1e383934acfb,CleanCapital,Invests in and operates solar and energy storage projects,cleancapital.com,"New York, New York",Manulife Investment Management,78.0,-2.5,Other,500000000.0,"['Marc Garrett (Co-Founder and CTO): https://linkedin.com/in/since1968', 'Jon Powers (Co Founder): https://linkedin.com/in/jon-powers-9445641', 'Thomas Byrne (Co-founder): https://linkedin.com/in/thomas-byrne-b72ab524', 'Kevin Johnson (Co-Founder): https://linkedin.com/in/kevinjohnson1']",True,105406526
e436e486-167d-4255-930c-10d4d90472ad,CleanChoice Energy,Clean-tech company,cleanchoiceenergy.com,"None, None",True Green Capital Management,142.0,-10.69,,100000000.0,"['Tom Matzzie (Founder & CEO): https://linkedin.com/in/tommatzzie', 'Richard Graves (Chief Impact Officer and Co-founder): https://linkedin.com/in/richardgraves']",True,113830926
93627a80-df47-47f9-a744-fd766c61ba6f,CleanFiber,Upcycled cardboard for insulation developer,cleanfiber.com,"Buffalo, NY",,,,,,,False,118760142
ee8904f8-c341-419e-8822-f774d6531078,Cleanhub,Ocean plastic prevention company,cleanhub.com,"Berlin, Germany","['Integra Partners', 'Lakestar', '468', 'Ubermorgen Ventures', 'Silence VC']",41.0,-21.15,Other,7000000.0,"['Florin Dinga (Founder): https://linkedin.com/in/fdinga', 'Joel Tasche (Founder): https://linkedin.com/in/joeltasche', 'Andreas Brenner (Founding Investor & Advisor to the CEO): https://linkedin.com/in/andreasbrenner', 'Bosse Rothe (Founder): https://linkedin.com/in/bosserothe']",True,282316342
187cec53-2c07-44d7-978e-783ae2711404,CleanJoule,Sustainable aviation fuel company,cleanjoule.com,"Salt Lake City, USA",,,,,,,False,284941802
b4c90359-635b-41a3-a926-a468de135d45,cleanlab,A.I. accuracy boosting platform,,,,,,,,,False,Not in Affinity
280542a9-ea96-4325-8623-fe8098e12ecf,cleano2 carbon capture technologies,Carbon capture technology company,,,,,,,,,False,Not in Affinity
f789aaee-687b-43cd-889e-4c3d6b34db56,CleanRobotics,AI recycling sorting company,cleanrobotics.com,"Longmont, CO",,,,,,,False,2535013
0df7f18d-8578-4acf-b6fe-dd7f5f091918,clear current,AI-powered systems for tracking and controlling energy use,,,,,,,,,False,Not in Affinity
465f4e3e-e156-482d-b219-42d41182349a,clear labs,Maker of a sequencing diagnostics platform,,,,,,,,,False,Not in Affinity
d58b3260-404a-4bc2-9698-b59bb22bca6f,Clearcogs,Platform to reduce food waste in kitchens,clearcogs.com,"Chicago, IL",,,,,,,False,284550023
75f205ed-dcfe-4ea0-aaed-3aeb05ea335d,ClearFlame Engine Technologies,Startup focused on net-zero engine technology,clearflame.com,"Geneva, IL","['Mercuria Energy Group', 'WIND Ventures', 'Breakthrough Energy Ventures', 'Rio Tinto', 'John Deere', 'Clean Energy Ventures', 'Mercuria']",61.0,11.0,Series B,30000000.0,,True,291725052
f981b26e-b0c8-49dc-b477-af6d8b09903c,ClearFlame Engine Technologies,Developer of clean combustion engine technology,clearflame.com,"Woodridge, IL","['Mercuria Energy Group', 'WIND Ventures', 'Breakthrough Energy Ventures', 'Rio Tinto', 'John Deere', 'Clean Energy Ventures', 'Mercuria']",61.0,11.0,Series B,30000000.0,,True,291725052
f2c0c813-f2b0-4376-96be-a514432f5c34,clearleaf,Agricultural emissions monitoring and analytics platform,,,,,,,,,False,Not in Affinity
f6ca85df-fee8-42f0-a205-04ad0309118f,Clearly,EV fleet management software,clearly.earth,"London, United Kingdom","['Margaux Primat', 'Mobilion', 'M1720', 'Nine Realms', 'Next Gear', 'Lord Nash', 'Pace Ventures']",12.0,0.0,Seed,4300000.0,"['Pedro Baiz, PhD (Co-Founder & CTO): https://linkedin.com/in/pedrobaiz', 'Danielle Walsh (Co-Founder & CEO): https://linkedin.com/in/danielle-walsh-b358a032']",True,284548604
2bc033ce-c2c0-4350-aa90-74a94ded9fd9,Clearstory,Change order tool for the construction industry,clearstory.build,"San Francisco, California","['Jackson Square Ventures', 'Building Ventures', 'Cloud App Capital Partners', 'GS Futures', 'Industry Ventures', 'Prudence', 'Cloud Apps Capital Partners']",60.0,30.43,Series B,16000000.0,"['Brett Umberg (Co-Founder & Head of Sales): https://linkedin.com/in/brettu', 'Cameron Page (CEO & Founder): https://linkedin.com/in/cameron-page-740aa722']",True,291158614
dfb07e87-a13b-4826-b04a-23b903ddb83b,ClearTrace,Automated energy and carbon accounting platform,cleartrace.io,"Austin, Texas","['Clean Energy Venture Group', 'Brookfield Renewable Partners', 'Clean Energy Ventures', 'EDF Energy North America', 'Tenaska', 'Brookfield Renewable', 'ClearSky', 'Exelon']",29.0,-3.33,Other,20000000.0,"['Evan Caron (Founder & Chief Strategy Officer): https://linkedin.com/in/evanc1', 'Jessica St. John, MBA (Senior Project Manager & Culture Team Co-Founder): https://linkedin.com/in/jessica-st-john-mba']",True,265109117
370f45b0-0375-45b6-abac-900146943d80,Clevergy,Energy consumption optimization platform,clever.gy,"Madrid, Spain","['Zubi', 'Earth', 'Fredrik Wikstrom', 'Finaves', 'Adrian Tuck']",22.0,0.0,,1500000.0,"['JAVIER LLORDEN (Advisor to the CEO and Co-Founder at CLEVERGY): https://linkedin.com/in/javierllorden', 'Beltrán Aznar (Founder & CEO): https://linkedin.com/in/beltran-aznar', 'Juan López López (Founder & CTO): https://linkedin.com/in/juan-l%C3%B3pez-l%C3%B3pez-8483bb20']",True,286038505
8230f7e8-5553-46d4-bd59-098f39ee33e9,Cleyrop,Turnkey data platform for companies and institutions,cleyrop.com,"Paris, France","['Crédit Agricole', 'Keen Venture Partners', 'BPI France', 'Normandie Participations']",36.0,-26.53,Series A,10000000.0,"['Arnaud Muller (Cofounder - General Manager - Chief Strategy Officer): https://linkedin.com/in/arnaudmu', 'Jérôme Valat (Founder & CEO): https://linkedin.com/in/jerome-valat']",True,282503878
99bb0507-ff4e-48f2-ad55-eb5ae9289cb3,clim8 invest,Investing app focused on combating climate change,,,,,,,,,False,Not in Affinity
2d68fec8-5357-4222-bdf8-a2d29b6d9125,ClimaCell,Weather prediction company,climacell.co,"Boston, USA",,,,,,,False,118305848
f96e3f8a-675b-4b97-9246-fd085fc5c925,Climate Alpha,AI-powered climate analytics platform,climatealpha.ai,"New York, New York",Jungle Ventures,17.0,-5.56,Seed,5000000.0,Dr. Parag Khanna (Founder & CEO): https://linkedin.com/in/drparagkhanna,True,286359332
3001a9a4-725d-4920-8d91-d7e52ec6e21e,climate change crisis real impact i acquisition,SPAC led by Mary Powell and David Crane,,,,,,,,,False,Not in Affinity
826e1903-2e2d-451e-8f98-09b1a15ea008,Climate Club,Carbon reduction platform,clarasight.com,"New York, New York","['XYZ Venture Capital', 'Red Sea Ventures', 'Vestigo Ventures', 'MCJ Collective']",15.0,0.0,Seed,6500000.0,Adam Braun (Co-Founder & CEO): https://linkedin.com/in/arbraun,True,295054433
0064fac3-7095-4936-96f1-6b784c0107c8,climate policy radar,Platform to track climate change policy and law,,,,,,,,,False,Not in Affinity
d6e000d3-108e-43e5-92d6-c24e4b4151bb,climate tech partners,Debut climate startup fund,,,,,,,,,False,Not in Affinity
46018496-584c-4316-8351-10db16e0242e,climate vault solutions,Corporate climate sustainability platform,https://www.climatevault.com/,,,,,,,,False,Not in Affinity
0fa3aedf-7b6e-42aa-b2da-5b03108d4189,climate x,Platform designed to analyze climate risks to the value of physical assets,,,,,,,,,False,Not in Affinity
f5e5110e-6835-4016-9bca-d948c30fd9fc,ClimateAI,Climate resilience platform,climate.ai,"San Francisco, California","['Four Rivers Group', 'Yaletown Partners', 'Finistere Ventures', 'Academy Investor Network', 'ThirdStream Partners', 'Radical Ventures', 'FootPrint Coalition Ventures', 'AMECloud', 'Neotribe', 'Neotribe Seed Fund', ""Neotribe's Ignite fund""]",52.0,-33.33,Series B,22000000.0,"['Carlos Felipe Gaitan Ospina (Co-Founder): https://linkedin.com/in/carlos-felipe-gaitan-ospina-3765808', 'Himanshu Gupta (Cofounder and CEO): https://linkedin.com/in/himanshu-gupta-83477a17', 'Maximilian Evans (Founder): https://linkedin.com/in/maximilian-evans-1b653770']",True,224781425
6934e7b9-fe57-4dee-82b4-326a11e3c64e,Climate aligned,AI-driven sustainable finance platform,climatealigned.co,"London, United Kingdom",Climate Vc,12.0,0.0,Seed,1900000.0,Aleksi Tukiainen (CEO & Co-Founder): https://linkedin.com/in/aleksi-tukiainen,True,288176210
8b99ea12-0245-44e7-a376-06880b022a83,climatecamp,Supply chain emissions platform,,,,,,,,,False,Not in Affinity
d5ebf5b6-614a-4e25-ac7a-277a7de10895,ClimateTrade,Blockchain-enabled marketplace financing certified carbon offsetting,climatetrade.com,"Aventura, Florida","['Wayra', 'Zubi Capital', 'Borderless Capital', 'Amasia', 'SIX FinTech Ventures', 'Conexo Ventures', 'Omron Ventures', 'ClearSky', 'GED', 'Algorand', 'Telefónica', 'SIX Group']",26.0,-31.58,Series A,7000000.0,,True,224701373
a9475821-7875-452b-abc2-98358282a06b,ClimateView,Helping cities manage their transition to net zero,climateview.global,"Stockholm, Sweden","['Sandwater', 'Polar Structure', 'Nordic Makers', 'Max Ventures', '2050', 'Norrsken Foundation', 'CommerzVentures', 'SEB Group', 'Norrsken VC', 'Norrsken', '2050.VC', 'GGV Capital', 'Gaingles', 'NordicNinja']",56.0,-1.75,Other,15057280.0,,True,220956243
77cc2645-f3ad-41d0-831e-9a51547f7457,Climatiq,Carbon footprint startup,climatiq.io,"Berlin, Germany","['Datadog', 'Singular', 'Cherry Ventures', 'Snyk', 'Paul Forster', 'Jens Lapinski', 'Alstin Capital']",27.0,0.0,Series A,10000000.0,"['Hessam Lavi (Founder @ CEO): https://linkedin.com/in/hessamlavi', 'Philipp von Bieberstein (Co-Founder): https://linkedin.com/in/bieberstein', 'Isis T. Baulig (Founder @ CTO): https://linkedin.com/in/isis-t-baulig-25b31820']",True,281925225
d83a81ff-b67c-4dfe-b4af-fd39d283e848,Climatize,Help retail investors invest in distributed energy projects,climatize.earth,"Santa Cruz, California","['Angel investors', 'Myriad Venture Partners', 'Responsibly Ventures', 'Climate Capital', 'Temerity Capital', 'Techstars']",17.0,6.25,Seed,1750000.0,"['Guillermo Marchessi Riera (Innovation and UX director / Co-founder): https://linkedin.com/in/guillermo-marchessi-riera-7408639a', 'Will Wiseman (CEO & Co-Founder): https://linkedin.com/in/will-wiseman']",True,286474302
27747435-d8bd-4a59-a413-fa006ad27425,Climavision,Weather services and intelligence platform,climavision.com,"Louisville, KY",,,,,,,False,282384950
356c3031-9a5d-45e8-9bc4-af761acc69dc,climax foods,Plant-based cheese business,,,,,,,,,False,Not in Affinity
5cf3521a-72ed-4eab-b0f2-7d23361ab1aa,ClimeCo,Environmental commodities trading company,climeco.com,"Boyertown, Pennsylvania","['Warburg Pincus', 'The Heritage Group']",105.0,5.0,Other,50000000.0,"['Yuda Saydun (Co-founder and CEO): https://linkedin.com/in/yudasaydun', 'Bill Flederbach (President and CEO): https://linkedin.com/in/bill-flederbach-bb5a143']",True,224484457
30d156e7-93b0-4b86-8a15-10ffeafa2a2e,climes,Brand-based consumer offsetting platform,https://www.climeworks.com/,,,,,,,,False,Not in Affinity
f7281e6a-2508-4b12-8c01-669c234aafac,Climeworks,Carbon removal technology company,climeworks.com,"Zürich, Switzerland",Zurich Cantonal Bank,500.0,1.63,Other,75000000.0,"['Jan Wurzbacher (CEO and Founder): https://linkedin.com/in/jan-wurzbacher-295486114', 'Christoph Gebald (CEO & Founder): https://linkedin.com/in/christoph-gebald-59806b1b7']",True,1687905
676025a3-3558-43b8-9dc0-0c67b182c076,Cling Systems,Battery marketplace and logistics startup,clingsystems.com,"Stockholm, Sweden",,17.0,-41.38,,1813050.0,,True,279286536
74a5e38a-70ff-40f5-9af3-e82c009f3cfc,Clipperton,Bike to e-bike conversion device developer,clipperton.net,"Brooklyn, NY",Natixis Partners,64.0,4.92,Other,,Stephane Valorge (Co-founder & Managing Partner): https://linkedin.com/in/svalorge,True,1540724
d28f182b-4877-4c46-9132-acf426124e50,Clir Renewables,Renewable energy software company,clir.eco,"Vancouver, Canada","['Silicon Valley Bank', 'Canada Pension Plan Investment Board', 'BDC Capital', 'Tokio Marine HCC', 'Longbow Capital Inc', 'ArcTern Ventures', 'Active Impact Investments', 'Longbow Capital', 'BDC Venture Capital']",46.0,-23.33,Other,3169289.0,"['Gareth Brown (CEO and Co-Founder): https://linkedin.com/in/garethrdbrown', 'Andrew Brunskill (Director of Data Science, Co-founder): https://linkedin.com/in/andrew-brunskill']",True,158344965
cd6c9fbc-23d7-4708-ae91-87f96f99ebf9,clobotics wind services,Wind turbine inspection services,,,,,,,,,False,Not in Affinity
169dcb36-e7b5-409e-b076-423d46b02593,Clockworks Analytics,Smart building analytics platform,clockworksanalytics.com,"Somerville, Massachusetts","['Carom Growth Partners', 'Schneider Electric', 'Evans Capital Management', 'SE Ventures']",87.0,10.13,Other,16100000.0,"['Nick Gayeski (Chief Executive Officer): https://linkedin.com/in/nick-gayeski-4b82b69', 'Siân Kleindienst (Co-Founder, Chief Scientist): https://linkedin.com/in/si%C3%A2n-kleindienst-63a648a4', 'Stephen Samouhos (Co-Founder): https://linkedin.com/in/stephen-samouhos-a5a525172']",True,15941685
c461bb28-ac28-43f7-bcea-eb1bd97ed270,Cloover,Renewable energy financing platform,cloover.se,"Stockholm, Sweden",,,,,,,True,285881652
e6945382-95ce-4dd2-9c1b-e57d9e5bd060,Cloud Agronomics,Agriculture insights startup,cloudagronomics.com,"Boulder, Colorado",SineWave Ventures,25.0,,Seed,6000000.0,,True,263260413
aeff54e4-ea36-424d-8408-81c30d0ae1c3,Cloud Paper,Tree-free sustainable paper products startup,cloudpaper.co,"Seattle, Washington",,,,,,,False,224123710
26580c90-5031-4dd6-b846-10299a58295c,Cloudflare,Cloud infrastructure and security provider,cloudflare.com,"San Francisco, California","['boldstart ventures', 'Altimeter Capital', 'Bessemer Venture Partners', 'Silverton Partners', 'Vertex Ventures US', 'Amplify Partners', 'Root Ventures', 'New Enterprise Associates', 'Decibel', 'Greylock Partners', 'StepStone Group', 'Altos Ventures', 'FirstMark Capital', 'Bain Capital Ventures', 'U.S. Venture Partners', 'Franklin Templeton', 'Cowboy Ventures', 'Lightspeed Venture Partners', 'Emergence Capital', 'Meritech', 'Norwest Venture Partners', 'Scale Venture Partners', 'Pelion Venture Partners', 'Venrock', 'Threshold Ventures', 'Signal Peak', 'IVP', 'Pear', 'Qualcomm', 'N/A', 'Baidu', 'Union Square Ventures', 'Microsoft', 'Greenspring Associates', 'Qualcomm Incorporated', 'Fidelity Management and Research Company', 'Greenspring', 'CapitalG (formerly Google Capital)', 'NEA', 'Google Capital', 'Fidelity', 'Qualcomm Ventures']",4290.0,8.66,Public Markets,1250000000.0,,True,1541324
6e91a6db-964e-4c8d-8e72-a376e69e3a78,cloudline,Aerospace startup,,,,,,,,,False,Not in Affinity
11e15d00-bb66-464e-ab6a-2f1a6340ca98,Cloudtamer,Cloud management software company,cloudtamer.io,"Fulton, MD",,,,,,,False,206257708
367bdb34-6577-4c28-a2a3-4c11cb790c73,"CloudTruth, Inc.",Cloud configuration management platform,cloudtruth.com,"Boston, MA",,,,,,,False,278231405
9393cecf-9cef-43eb-92ec-4fc3f867be16,cloudzero,Cloud cost intelligence platform,,,,,,,,,False,Not in Affinity
5cf7c679-8be8-4d3b-841f-0262fa87ca8c,Cloverleaf Infrastructure,Clean power data center campus developer,cloverleafinfra.com,"Houston, Texas","['NGP', 'Sandbrook Capital']",20.0,900.0,,300000000.0,,True,296110040
8390c4ae-3929-411f-b826-a75b2beccee9,Cloverly,Digital infrastructure platform for the voluntary carbon markets,cloverly.com,"Atlanta, Georgia","['Panoramic Ventures', 'Circadian Ventures', 'Knoll Ventures', 'Tech Square Ventures', 'SaaS Ventures', 'SB Opportunity Fund']",30.0,-21.05,Seed,2100000.0,"['Dave Folk (Co-Founder): https://linkedin.com/in/dave-folk-99658127', 'Anthony Oni (CEO): https://linkedin.com/in/anthonyoni']",True,224117406
2eacdfe6-7bec-4b3f-b525-d496ee183126,Clyde Hydrogen Systems,Green hydrogen producer,clydehydrogen.com,"Glasgow, Scotland",,,,,,,False,292527397
e7bba114-c0a5-419d-9308-56bb696af539,cmblu,Organic solid flow batteries developer,,,,,,,,,False,Not in Affinity
93a9fcdb-8eee-4d07-9352-12ab471d1e3d,cmc machinery,Sustainable packaging maker,,,,,,,,,False,Not in Affinity
f7a20773-5a52-425b-a50a-60b668549246,CNaught,Carbon credit platform,cnaught.com,"San Francisco, California","['Bow Capital', 'Silence VC', 'Marketplace Capital', 'FJ Labs', 'Karman Ventures', 'Greycroft', 'Carthona Capital', 'Long Run Capital', 'angel investors']",13.0,44.44,Seed,4500000.0,"['Dan Kokotov (Co-Founder / CTO): https://linkedin.com/in/dkokotov', 'Mark Chen (Founder): https://linkedin.com/in/mchen5', 'Steven Siger (Cofounder and COO/CLO): https://linkedin.com/in/stevensiger']",True,286509271
359b4ad8-7536-4586-96f2-4090cb89a6b2,co-power,On-site solar and battery systems,,,,,,,,,False,Not in Affinity
bdf73b1a-2991-4f00-bb59-9802429300c7,CO2 AI,Platform where companies can measure their carbon use,co2ai.com,"Paris, France","['Partech', 'Unusual Ventures']",60.0,13.21,Seed,12000000.0,Charlotte Degot (Founder & Global Leader): https://linkedin.com/in/charlottedegot,True,288600252
9f115e24-6174-435c-bca3-92c321ce2cc8,co2 lock,Carbon removal and storage technology developer,,,,,,,,,False,Not in Affinity
6cd8f25a-b2c3-4d6a-ba70-db023c136f3c,coactive ai,Visual content analytics and search platform,https://coactive.ai/,,,,,,,,False,Not in Affinity
38fd3f1b-b8b6-420f-bc87-28751b2a87fb,Dude Robotics,Urban robot delivery platform,cocorobotics.com,"Santa Monica, CA",,,,,,,False,301086137
6975ea80-6189-4829-949a-4ad833a36b2b,COCOLI,Sustainable furniture marketplace,cocoli.com,"Berlin, Germany","['Adevinta Ventures', 'Ship2B Ventures', 'Justus Janauskas', 'IBB Ventures', 'Fanny Moizant', 'Helen Zeitoun']",23.0,0.0,Seed,3000000.0,Gemma Comabella Noguero (Co-founder & CEO): https://linkedin.com/in/gemma-comabella-noguero-5043aa4a,True,284234570
859045d1-3c8c-4691-8e5e-27de13363ce2,Cocoon,Turn steel production runoff ('slag') into a less-emissions-intensive cement alternative,cocoon.com,London,,,,,,,False,221863979
36d4bc07-5060-406c-86a1-5785bda739e4,Carbon Emission Calculator Calculator for Logistics,Carbon capture and low-carbon materials platform,cocooncarbon.co.uk,"London, UK",,,,,,,False,292978089
126ac824-f0b6-4432-890b-3ae17563052d,Codat,Maker of software for small businesses to share business and financial data,codat.io,"London, UK",,,,,,,False,128364776
c3bd35df-55a2-4745-8bc2-548f30fc8f96,CodeGreen Solutions,Provider of energy management and sustainability services,codegreensolutions.com,New York,,,,,,,False,164735654
a5f73765-6918-4491-aff9-93949278fbe9,CodeSandbox,"Startup enabling teams to prototype, build and host web applications",codesandbox.io,"Amsterdam, Netherlands",,,,,,,False,220141373
4382c35a-3430-4367-ab68-5c9502f09c55,Cofactr,Supply chain and logistics management software for electronics,cofactr.com,"New York, New York","['Y Combinator', 'Broom', 'Floating Point Ventures', 'DNX', 'Bain Capital Ventures']",28.0,86.67,Series A,17200000.0,"['Phillip Gulley (Chief Revenue Officer (CRO), Co-Founder): https://linkedin.com/in/phillip-gulley-52801937', 'Matthew Haber (CEO, Co-Founder): https://linkedin.com/in/matthew-haber-374903184']",True,284073364
65f9a0e6-e368-4161-ba0f-2689f92b229b,Cognite,Industrial software company,cognite.com,"None, Norway",TCV,640.0,12.08,Series C,150000000.0,"['Stein H. Danielsen (Chief Solutions Officer & co-founder): https://linkedin.com/in/stein-h-danielsen-810107', 'Girish Rishi (Chief Executive Officer): https://linkedin.com/in/girish-rishi-4392587', 'Geir K. Engdahl (Co-founder and CTO): https://linkedin.com/in/geir-k-engdahl-8501352', 'Fredrik Anfinsen (Co-Founder & Director Product Development): https://linkedin.com/in/fredrik-anfinsen-6186a697']",True,163291458
74ee62e0-3556-446d-b9bc-cd166b9924f0,Coiled,Machine-learning and A.I. data company,coiled.io,"Garberville, California","['Ben Hamner', 'Techammer', 'Costanoa Ventures', 'Anthony Goldbloom', 'IA Ventures']",16.0,-11.11,Seed,5000000.0,Matthew Rocklin (Founder): https://linkedin.com/in/mrocklin,True,262885493
be06855b-0c1d-41ee-9177-fda8cecc30f3,Coinspect,Food safety startup,coinspect.com,"San Francisco, CA",,,,,,,False,223284629
ddd2882b-ca1e-492e-9aae-7ea8da86a359,Viking Cold Solutions,Assess and reduce carbon footprints,vikingcold.com,"Sugar Land, Texas",U.S. Small Business Administration.,15.0,-16.67,PPP Loan,150000.0,Paul Robbins (Founder & Chairman): https://linkedin.com/in/paul-robbins-81329112,True,1614877
4f2abfee-35a3-4463-b2ed-38b8292a1814,collab fund,Prominent investor in climate tech companies,,,,,,,,,False,Not in Affinity
45f3cd59-0ef9-4f46-89ee-e3a2b25f3972,Collectiv Food,Fresh products supply chain company,collectivfood.com,UK,,,,,,,False,158345903
5c3a2d63-29aa-4052-b3c3-b7e81c6fa23a,CollectiveCrunch,Analytics platform for sustainable forests,collectivecrunch.com,"Espoo, Finland",,,,,,,False,132102975
b904db8d-14f3-47eb-a0ad-65bf295159a1,Collide,AI-native platform delivering energy-focused insights,collide.com,"Houston, TX",,,,,,,False,144271503
1f70ead1-8e97-48d5-a47e-148350abab10,collo,Advanced process control sensors for liquid processes,,,,,,,,,False,Not in Affinity
db40a243-a658-4327-beed-af3b71582b46,Colorfix,Organic fabric dyeing company,colorfix.com.br,"Norwich, U.K.",,,,,,,False,278479483
39c5e6d5-2a5d-4f31-b707-76a201002788,colossal biosciences,Genetic engineering to revive extinct species,,,,,,,,,False,Not in Affinity
6ad713ff-b3ea-4bc1-b2b2-7e19d13f5e72,colossus,Solar software and marketplace model startup,,,,,,,,,False,Not in Affinity
656999af-b2d4-455a-8918-c1a1693978eb,Columna Capital,Invest in food and agriculture,columnacapital.com,"London, U.K.",,,,,,,False,120599964
973a05cb-c104-4cd2-aca6-c266b4689cda,comet bio,Ingredients created from crop leftovers,,,,,,,,,False,Not in Affinity
03a72703-80e5-411e-8aa5-53d3a5ff6741,Common Energy,Community solar provider,commonenergy.us,"New York, New York","['S2G Ventures', 'Builders Vision']",68.0,-5.56,Series A,16500000.0,Richard Keiser (CEO / Founder): https://linkedin.com/in/richard-keiser-9a17a1b3,True,145559189
77de15ab-f4a4-4c7d-83b6-a033a6c6af18,Common Heir,Sustainable beauty brand,commonheir.com,"Los Angeles, CA",,,,,,,False,263158191
a1a2dc46-560c-4e65-b539-eb1dcf592f32,commonwealth fusion systems,Build compact magnetic confinement fusion power plants,https://cfs.energy/,,,,,,,,False,Not in Affinity
2dcb018d-20ca-4488-bf6f-7aad33a6b1fc,Compact Membrane Systems,Developer of membranes for industrial carbon capture,compactmembrane.com,"Christiana Acres, Delaware",U.S. Small Business Administration.,39.0,0.0,PPP Loan,350000.0,Erica Nemser (CEO): https://linkedin.com/in/ericanemser,True,161872741
a6293fa7-c1a4-4abf-8614-93dc0463b89a,compagnie maritime monegasque,Ethanol-powered boats,,,,,,,,,False,Not in Affinity
9c7780c8-a40f-4584-9612-30a62cb6a268,companion.energy -,Manage energy use and buy carbon-free electricity,companion.energy,"Ghent, Belgium","['Cavalry Ventures', 'Entourage', 'Imec.istart Future Fund', 'Übermorgen Ventures']",11.0,37.5,,2100000.0,,True,291064907
d37c1a04-414d-4fd3-b0db-ae53139114e4,Alterra Mountain Company,Innovative tech solutions for businesses,alterramtnco.com,"Denver, Colorado",J.P. Morgan,729.0,4.44,Debt,250000000.0,"['Jared Smith (President & CEO): https://linkedin.com/in/jared-smith-44012920', 'Rusty Gregory (Chief Executive Officer): https://linkedin.com/in/rusty-gregory-0bb94b200']",True,209885558
8511c7bf-aca0-407b-915f-4a533d021611,The Boeing Company,Healthcare AI platform improving patient outcomes,boeing.com,"Arlington, Virginia",Thoma Bravo,99789.0,-2.29,Public Markets,10600000000.0,,True,1518737
0fe78cf3-24d7-4c1a-bf5a-c39b0e0cc081,McKinsey & Company,Eco-friendly packaging solutions,mckinsey.com,"New York, New York",European leaders,44170.0,-8.18,,10000000000.0,,True,79705659
bdb95d97-01e8-4681-9d60-1b7f83fbd527,Westinghouse Electric Company,Blockchain analytics for supply chain,westinghousenuclear.com,"Cranberry Township, Pennsylvania",U.K. Government’s Nuclear Fuel Fund,7715.0,4.98,,10500000.0,,True,1707922
13eba26c-076f-42e9-ac04-d48de1e1b428,Fuld + Company,Mobile app for home automation,fuld.com,"Boston, Massachusetts",U.S. Small Business Administration.,221.0,0.91,PPP Loan,350000.0,,True,2174301
4dcbe061-f0e4-4a29-81e2-c9511dc2c8d3,Georgia Power Company,Online learning platform for professionals,georgiapower.com,"Atlanta, Georgia",Department of Energy,3392.0,1.16,Public Markets,160000000.0,,True,2179700
e10c4b85-cf0a-4eee-b46b-ad8eb58899a6,company name,Tagline,,,,,,,,,False,Not in Affinity
67be648d-e80d-4c32-908a-db5ba1e3867c,Complete Solaria,"Solar technology, services, and installation company",completesolaria.com,"Fremont, CA",,,,,,,False,289440636
d0598742-e994-451b-8389-e7a57c7ad7af,concert bio,Optimizing microbial ecosystems for hydroponic systems,,,,,,,,,False,Not in Affinity
e6472f1a-2a1e-465d-bd72-4978938fc23c,Concourse Labs,Automated cloud governance company,concourselabs.com,"New York, NY",,,,,,,False,224061650
1d36d56e-b963-4765-939d-7c000d317cb3,Concrete4Change,Company that captures CO2 and mineralizes it in concrete,concrete4change.com,"Nottingham, U.K.",,,,,,,False,284427486
658969bc-b759-403f-be92-b82141d5ff4b,concretene,Graphene-based materials for concrete production,,,,,,,,,False,Not in Affinity
ee23970f-eb72-4263-84a5-40b4769660e2,Condoit.io,Software for electricians to manage electrical data,condoit.io,"Birmingham, Alabama","['C2 Ventures', 'Fontinalis Partners', 'Navitas Capital', 'Southwire', 'The Westly Group', 'Studio Management', 'Overline']",10.0,-28.57,Seed,4250000.0,Ian Hoppe (Chief Executive Officer): https://linkedin.com/in/ian-hoppe-a619aa1a,True,264980282
4485702d-e515-48fc-bb4d-b447c4eb96f9,Conflux Technology,Heat exchangers with additive manufacturer platform,confluxtechnology.com,"Waurn Ponds, Australia",,,,,,,False,79713012
eea033d2-66ca-414c-8b96-452357807dfa,congruent ventures,Early-stage climate tech investor,,,,,,,,,False,Not in Affinity
a566f9c6-ed4f-4e18-957e-987a74c3ae7b,conifer,Advanced electric motors developer,,,,,,,,,False,Not in Affinity
d48092b9-ca12-434c-a071-fc0277ff0698,connect earth,Data platform for sustainable finance,,,,,,,,,False,Not in Affinity
c251047c-6504-4709-854a-faa15fadcb2c,Connect Homes,Maker of pre-made homes and models,connecthomes.co,Los Angeles,,,,,,,False,278611552
1a0a53d3-9a13-45b8-b2c7-5918853664a3,ConnectDER,Demand response retrofitting platform for residential customers,connectder.com,"Philadelphia, Pennsylvania","['Evergy Ventures', 'Clean Energy Ventures', 'Skyview Ventures', 'Riverstone', 'LG Technology Ventures', 'Energy Innovation Capital (EIC)', 'Avista Development', 'MassMutual Ventures', 'Zoma Capital', 'Energy Innovation Capital', 'Temasek', 'BlackRock', 'Decarbonization Partners']",67.0,19.64,Series D,35000000.0,Whitman Fulton (CEO): https://linkedin.com/in/whitmanfulton,True,1670028
8de27f69-df3a-4a6b-8161-4839c58665fb,Connected Energy,Provider of energy storage systems using retired EV batteries,connectedenergy.com,UK,,,,,,,False,263645989
341e6cee-7621-4174-a1ed-0a22c3308e12,Connecterra,Improving the dairy industry with predictive intelligence,connecterra.io,Amsterdam,,,,,,,False,1812802
fb87b16d-86dd-405b-a477-f89cb6908ce0,Conry Tech,Modular air-conditioning units for commercial buildings,conrytech.com,"Melbourne, Australia",,,,,,,False,278677787
2ae0192e-ecb6-4150-848b-746f1f0562b5,conservation labs,Smart water monitoring technology company,https://www.liberationlabs.com/,,,,,,,,False,Not in Affinity
2a931c92-597c-465f-9ef7-82a0b356a099,conservation resources,Investment firm,,,,,,,,,False,Not in Affinity
654fd2aa-f691-47cb-9baf-84117a4dc816,constellation energy,Power generation company with diverse assets,https://constellation.com/,,,,,,,,False,Not in Affinity
7e98766b-07d8-4cba-8649-6f5017b3fab8,constellr,Thermal satellite data platform,constellr.com,"Freiburg, Germany","['Einstein Industries Ventures', 'Lakestar', 'Natural Ventures', 'Karista', 'Amathaon Capital', 'FTTF', 'OHB Ventures', 'EIT Food', 'Vsquared']",86.0,6.17,Seed,17000000.0,"['Max Gulde (Co-Founder and CEO): https://linkedin.com/in/max-gulde-6563573', 'Christian Mittermaier (Co-Founder): https://linkedin.com/in/christian-mittermaier-9896a0132', 'Christian Williges (Co-Founder ConstellR): https://linkedin.com/in/christian-williges']",True,289296397
5e509873-7960-40ec-8831-817974fdefc7,contextual ai,LLM builder for enterprises,,,,,,,,,False,Not in Affinity
89332bca-ec6b-4125-88bb-6b67ac9c6cfc,continue ai,Sustainability intelligence platform,,,,,,,,,False,Not in Affinity
d5b7e7a5-5125-448a-a3be-9bb3d87a5690,Continuum Ag,Metal recycling and supply company,continuum.ag,"Brighton, Utah",Ag Ventures Alliance,24.0,-4.0,Other,105925.0,,True,262908022
d1eb4750-7af5-4ae1-801a-0807acd41412,Continuum Ag,Soil health data startup,continuum.ag,"Brighton, Utah",Ag Ventures Alliance,24.0,-4.0,Other,105925.0,,True,262908022
4b8f793d-b296-43ef-99d9-fc91677df6da,continuum green energy,Renewable energy group,,,,,,,,,False,Not in Affinity
168f3046-7c1f-4f5d-b64a-4f42a25547ed,Continuum Industries,Energy infrastructure planning platform,continuum.industries,"Edinburgh, United Kingdom","['Singular', 'Credo', 'Playfair', 'Skyscanner', 'UiPath', 'Techstart Ventures', 'SSE']",55.0,-5.17,Series A,10000000.0,"['Matt Blythe (Co-founder and Chief Commercial Officer (CCO)): https://linkedin.com/in/mattblythe', 'Adam Anyszewski (Co-founder & Product Architect): https://linkedin.com/in/adam-anyszewski', 'Grzegorz Marecki (Co-founder & CEO): https://linkedin.com/in/grzegorz-marecki', 'Emil Hansen (Co-founder and CTO): https://linkedin.com/in/emil-hansen']",True,214734957
656ce6f8-1b2f-4e57-9110-08f3fd08c905,Controlled Thermal Resources US,Direct lithium extraction technology developer,cthermal.com,"Imperial, CA",,,,,,,False,221928943
78f1f0fe-856b-4d8c-8dc3-3c46e7c80ca0,ConvergeOne,Construction data intelligence platform,convergeone.com,"Eagan, Minnesota",CVC Fund VII,2014.0,0.8,,1800000000.0,"['Todd Parenteau (VP IT and Co-Founder): https://linkedin.com/in/toddparenteau', 'Paul Maier (President and CEO of ConvergeOne, Solutions): https://linkedin.com/in/paul-maier-2132617', 'Jeffrey Russell (Chief Executive Officer): https://linkedin.com/in/jeffrey-russell', 'John Lyons (President + Chief Executive Officer, Enterprise): https://linkedin.com/in/john-lyons-4152262a', 'Brett Shockley (CEO, President, Co-Founder): https://linkedin.com/in/brettshockley']",True,1586979
a8a98316-b592-476e-a0e0-1e008a949328,Cooks Venture,Heirloom poultry startup,cooksventure.com,New York,,,,,,,False,136351379
4447f7ec-3a33-4ed6-b870-28d14ce779d9,Coolset,Automated decarbonization platform for SMEs,coolset.com,"Amsterdam, Netherlands","['Shamrock Ventures', 'The Sharing Group', 'Global Cleantech Capital', 'Various Angel investors', 'Horizon']",25.0,13.64,Seed,1500000.0,"['Konstantinos Kouzelis (Co-founder & CEO): https://linkedin.com/in/kouzelis', 'David Sigley (Co-founder & CTO): https://linkedin.com/in/david-sigley-4a202353']",True,289949832
916393ac-f879-429d-9c8f-09e8de559a78,COPELAND,Provider of climate software and solutions,copeland.com,"St. Louis, Missouri","['Emerson Climate Technologies', 'Blackstone']",3176.0,2.65,,3500000000.0,Ross B. Shuster (Chief Executive Officer): https://linkedin.com/in/ross-b-shuster-5b029230,True,293272032
766724c8-b251-40ce-be2c-83c66f017263,copenhagen infrastructure partners,"Offshore and onshore wind, solar farms, grid infrastructure",,,,,,,,,False,Not in Affinity
0a99b097-2376-4646-a277-b990d436ac23,Copernic Catalysts,Novel chemical catalysts developer,coperniccatalysts.com,"Cambridge, Massachusetts","['Impact Science Ventures', 'Breakout Ventures', 'Innospark Ventures', 'Engine Ventures', 'Future Ventures', 'New Climate Ventures']",2.0,100.0,Seed,8000000.0,Aruna Ramkrishnan (CTO and Co-founder): https://linkedin.com/in/aruna-ramkrishnan,True,284325455
0f9c23be-08bb-45ff-bb93-d4a8bb702f1d,coperniq,Solar installation project management platform,,,,,,,,,False,Not in Affinity
661e773b-04ce-4f1b-966c-b8ac7a9ad3ab,Copper Labs,Grid intelligence startup,copperlabs.com,"Prescott, Arizona","['Service Provider Capital', 'Bull Creek Capital', 'Capital Factory', 'Moonshots Capital', 'Blue Bear Capital']",9.0,-40.0,Series C,2000000.0,Jeffrey Mathews (Founder / CTO): https://linkedin.com/in/jeffrey-mathews,True,2173786
88c18e5f-6717-4424-b328-0bfcd9a8c9b6,Copperstone Technologies,Robotics platform for mine site inspection,copperstonetech.com,Canada,,,,,,,False,223161881
b98fa0e2-1f7b-40b0-bd95-8f00e068b4db,Coral Vita,Focused on coral restoration techniques,coralvita.co,"Freeport, Bahamas",,,,,,,False,163304867
5109b3d8-b61e-4959-ab66-ad0ca4402358,Coralogix,ML-powered log analytics solution,coralogix.com,"San Francisco, California","['2B Angels', 'Aleph VC', 'Greenfield Partners', 'Joule Capital Partners', 'Aleph', 'Eyal Ofer’s – O.G. Tech', 'Red Dot Capital Partners', 'OG Tech Partners', 'Maor Investments', 'Advent International', 'Brighton Park Capital', 'Revaia Ventures', 'Eyal Ofer’s O.G. Tech', 'StageOne Ventures', 'JANVEST Capital Partners', 'Janvest Capital Partners', 'NewView Capital', 'NextEquity', 'Canada Pension Plan Investment Board', 'Revaia', 'others']",422.0,23.39,Series E,115000000.0,"['Lior Redlus (Co-founder and Chief Data Science Officer): https://linkedin.com/in/redlus', 'Ariel Assaraf (Chief Executive Officer): https://linkedin.com/in/ariel-assaraf-ab621896', 'Guy Kroupp (Founder & CEO (Exited)): https://linkedin.com/in/guy-kroupp-6087394', 'Yoni Farin (CTO & Co-founder): https://linkedin.com/in/yoni-farin-97806874']",True,1670814
4cfdf5ec-604c-4811-86e5-ef25595df230,cord,Annotation automation for computer vision,,,,,,,,,False,Not in Affinity
62f8779b-a4f1-4a33-9fd6-41cd5cce1871,core-power,Developer of a marine Molten Salt Reactor,,,,,,,,,False,Not in Affinity
a9f35d4e-06b9-482d-8274-3e58922c30da,CorePower Magnetics,Magnetic solutions company for electric vehicles and the grid,corepowermagnetics.com,"Pittsburgh, Pennsylvania","['Volta Energy Technologies', 'Evergreen Climate Innovations', 'Innovation Works', 'U.S. Department of Energy', 'Advanced Research Projects Agency-Energy']",15.0,25.0,Other,20000000.0,"['🌱 Leah Ohodnicki (Co-Founder): https://linkedin.com/in/leahohodnicki', 'Sam Kernion (Chief Executive Officer): https://linkedin.com/in/samuel-kernion-3160713a', 'Michael G. Anness (Co-Founder): https://linkedin.com/in/mike-anness']",True,263225806
7f5190fc-6907-4c1b-bf5c-0eaf83f2c1e5,coreshell,Develop of a nanolayer coating for rechargeable batteries,https://coreshell.com/,,,,,,,,False,Not in Affinity
7bd46247-fcd6-46c1-b5a9-af61b8127027,corestack,Software-as-a-service provider,,,,,,,,,False,Not in Affinity
a3627d6c-cc23-4d67-85f1-0442715bac95,Corinex,Power grid hardware and software,corinex.com,"Vancouver, Canada","['Adara Ventures', 'Suma Capital', 'Energy Growth Momentum']",59.0,-4.84,Other,30000000.0,Peter Sobotka (CEO and Founder): https://linkedin.com/in/peter-sobotka-8a44754,True,1558339
8f104892-9e2b-4227-b411-14c54a755e55,Cornish Lithium,Lithium exploration and development platform,cornishlithium.com,"Penryn, United Kingdom",,,,,,,False,223158888
d542abbd-37ab-44b0-9dea-372d6fd7e696,CorPower Ocean,Develop wave energy technology,corpowerocean.com,Stockholm,,,,,,,False,1707556
3e87899e-b2c2-4d62-b308-bfbaa8528457,Correntics,Climate risk analytics platform,correntics.com,"Zürich, Switzerland","['Venturelab', 'Serpentine Ventures', 'Venture Kick']",10.0,42.86,Other,1625315.0,"['Michael Gloor (Founder): https://linkedin.com/in/michaelgloor', 'Gaudenz Halter (Co-Founder): https://linkedin.com/in/gaudenz-halter-99428a93']",True,283683490
28fcee94-4b81-4a85-9b31-0aeb635b4b6b,Cortex Building Intelligence,Building decarbonization software company,get.cortexintel.com,"Washington, District of Columbia",4490 Ventures,30.0,,Series A,6000000.0,"['Bryan Bennett (CEO and Founder): https://linkedin.com/in/bryanbennettcortex', 'Geoff Harcourt (Co-Founder and CTO): https://linkedin.com/in/geoffharcourt']",True,146200057
fdd001d7-23ed-4f55-b7cb-8c28897c2dc9,Corvus Robotics,Autonomous inventory management systems provider,corvus-robotics.com,"Mountain View, CA",,,,,,,False,128866623
ebad0ad7-ae7a-475f-bd50-08e874ec4677,Cosmic Aerospace,All-electric passenger aircraft developer,cosmicaerospace.com,"Centennial, CO",,,,,,,False,290648518
491ed1b8-5a7c-4f8e-9490-bd844a34152d,cosmic robotics,AI-powered robot developer for critical infrastructure,https://swaprobotics.com/,,,,,,,,False,Not in Affinity
32834c0d-811f-45ef-972d-effd98c92244,cosmos innovation,Developer of solar cell technology,https://www.cosmosinnovation.com/,,,,,,,,False,Not in Affinity
65fd79b1-b60b-484c-a946-3e55177eb79f,Cotierra,Decentralized biochar producer,cotierra.com,"Zürich, Switzerland",,,,,,,False,282091236
482aa76c-b4d2-4403-9ad6-a14dcf19d4bc,cottage,Building additional housing on existing properties,,,,,,,,,False,Not in Affinity
75e79a25-0e5f-432d-bb6c-9954a424eed4,Countable Corp.,Community management SaaS platform,countable.us,"San Francisco, CA",,,,,,,False,291753628
953b6450-092a-466e-b6a1-48c2086aacc4,CoVenture,Biomaterials and packaging developer,coventure.vc,"Los Angeles, CA",N/A,46.0,9.52,,8000000.0,"['Brian Harwitt (Associate | Founder and Director of the CoVenture Research Group): https://linkedin.com/in/brian-harwitt-7338bb54', 'Jamil Goheer (CoFounder, General Partner): https://linkedin.com/in/jamilgoheer']",True,1645042
e7a07c05-2bd0-49c5-8592-06522d8c1ebc,Covetool,"Analyzing, drawing, engineering, and data connection platform for building design and construction",cove.tools,"Atlanta, Georgia","['Mucker Capital', 'TechSquare Labs', 'Knoll Ventures', 'Urban Us']",143.0,10.0,Series B,29999981.0,"['Patrick Chopson (Co-Founder): https://linkedin.com/in/patrick-chopson-762bbbab', 'Sandeep Ahuja (CEO): https://linkedin.com/in/sandeep-ahuja-2561ba80', 'Daniel Chopson (Co-Founder): https://linkedin.com/in/daniel-chopson']",True,157665858
2663c2d3-3fdd-4198-adcc-75b91082c1f2,CoverCress,Cash cover crop developer,covercress.com,"St. Louis, Missouri",,,,,,,False,222257151
15b9a013-666e-4ef1-a666-f2bc97a66d83,Cowboy,Electric-bike maker,cowboy.com,Brussels,,,,,,,False,130574593
576a1c44-0d66-4f4c-a9ab-0257fb7583e3,Cowboy Clean Fuels,Carbon negative RNG developer,cowboycleanfuels.com,"Laramie, Wyoming","['Machan Investments, LLC', 'Syren Capital, LLC']",11.0,0.0,Series A,7500000.0,"['Michael Urynowicz (Chief Executive Officer): https://linkedin.com/in/michael-urynowicz-57469622', 'Ryan Waddington (Co-Founder, COO and CFO): https://linkedin.com/in/ryanwaddington', 'Noah Yates (Co-Founder, Vice President): https://linkedin.com/in/noah-yates-a05537101']",True,284685557
03f89915-12ac-42b4-9f47-cda88440f924,COZERO,Carbon management software platform,cozero.io,"Berlin, Germany","['Henrik Larsen', 'Torben Schreiter', 'ENV', 'Gero Decker', 'André Christ', 'NewAlpha Asset Management', 'Kvanted']",60.0,27.66,Series A,6500000.0,"['Tiago Taveira (Founder & CTO): https://linkedin.com/in/tiagotaveira', 'Fabian Schwarzer (Founder & MD): https://linkedin.com/in/fabianschwarzer', 'Helen Tacke (Founder & MD): https://linkedin.com/in/helen-tacke-b44452115']",True,263080510
785eb670-43a5-486a-9954-2cbc913caf2c,cradle,AI-powered platform to help scientists design and optimize proteins,,,,,,,,,False,Not in Affinity
78d9d5d9-f529-4cb3-9018-da9cb0330ed5,Creandum,Invest in seed through Series A companies,creandum.com,"Stockholm, Sweden","['university endowments', 'tech corporations', 'several new investors primarily from the US', 'family offices', 'pension funds', 'life insurance companies', 'VC fund of funds', 'institutional investors from Creandum IV']",45.0,-6.25,Investment Fund,542395000.0,Stefan Lindeberg (General Partner and co-founder): https://linkedin.com/in/stefanlindeberg,True,1519024
cca81d01-6ffd-4ad4-a54d-3e9fabe4f8da,クレアトゥラ株式会社,Carbon credit development and financing platform,creattura.com,Tokyo,,,,,,,False,291459343
2f622cfe-ea34-4457-834a-9184081b599e,crehana,Reskilling and upskilling tech maker,,,,,,,,,False,Not in Affinity
0f50a93c-7358-4a51-97f7-a554f187865c,CREW Carbon,Engineered enhanced weathering to remove CO2,crewcarbon.com,"None, None","['Connecticut Innovations', 'Newlab', 'Echo River Capital', 'Ponderosa Ventures', 'ReGen Ventures', 'Counteract', 'ANIMO', 'Carbon Drawdown Initiative']",14.0,16.67,Seed,5300000.0,Joachim Katchinoff (Co-Founder): https://linkedin.com/in/joachim-katchinoff-89838934,True,288663626
48fc845a-8df5-4320-a813-5441d286cfc4,Cribl,Data analytics company,cribl.io,"San Francisco, California","['CrowdStrike', 'Greylock', 'Citi Ventures', 'IVP', 'Sequoia', 'CRV', 'Tiger Global Management', 'Redpoint Ventures', 'GV (Google Ventures)', 'CapitalG', 'GIC']",867.0,14.38,Series E,319000000.0,"['Ledion Bitincka (Co-Founder & CTO): https://linkedin.com/in/ledion', 'Dritan Bitincka (Co-Founder): https://linkedin.com/in/dritanb', 'Stephanie Breslin (Senior Executive Business Partner to the CEO): https://linkedin.com/in/stephaniebreslin', 'Tricia Gellman (Advisor to the CEO and Head of Marketing): https://linkedin.com/in/gellmansfmarketing', 'Esabel M. (Executive Business Partner to Chief Market Officer): https://linkedin.com/in/esabelm']",True,201779729
5809a930-7a4c-4cd9-81ae-2e602eff9745,Crisp,Demand forecasting software for the food industry,crisp.co,New York,,,,,,,False,291909983
38f0d89d-ca04-4a0f-82fc-829946fe0324,critical venture partners,Investing in student and recent alumni founders,,,,,,,,,False,Not in Affinity
e1c32b55-2913-41ad-a829-f8b51083eff0,CroBio,Microbes that bolster soil's water retention capabilities,crobio.com,"Macclesfield, U.K.",,,,,,,False,299031242
0309f7c5-7cc9-4b73-beca-0c90894586d0,crop biome,Agritech startup developing resilient crops through formulating microbes into biological products,https://cropbiome.com/,,,,,,,,False,Not in Affinity
b2eff65f-fd81-4e31-a7de-1ad3dd7ed505,Crop Enhancement,Sustainable agrochemical startup,crop-enhancement.com,"Cambridge, Massachusetts",,,,,,,False,84842041
fb5708cb-119c-43cb-a607-343fbf6be415,Crop.Zone,Developer of an electric weeding system,crop.zone,"Aachen, Germany",,,,,,,False,263536827
cfedb59f-54c2-4b3f-89c9-5853169d9da2,CropX,Agronomic farm management system,cropx.com,"San Francisco, California","['Finistere Ventures', 'Germin8 Ventures', 'Innovation Endeavors', 'Aliaxis', 'Sumitomo', 'NTT Finance Corporation', 'OurCrowd', 'Edaphon', 'GreenSoil Investments', 'Reinke Irrigation', 'NEC Corporation', 'Victrix', 'Yair Shamir', 'Robert Bosch Venture Capital GmbH', 'ICL', 'TaL Capital', 'Lab IX', 'Flex technology accelerator, Lab IX', 'Armada Capital']",94.0,-2.08,Series C,30000000.0,"['Tomer Tzach (CEO): https://linkedin.com/in/tomertzach', 'Yossi Haran (Co-Founder and CTO): https://linkedin.com/in/yossi-haran-40a25610', 'Isaac Bentwich (Founder and CEO): https://linkedin.com/in/bentwich', 'Tom Shapland (CEO at Tule, a part of CropX): https://linkedin.com/in/tom-shapland-b4494212', 'Dan Dishbak מחפש לטרוף את האתגר הבא (Co Founder & VP Prototyping): https://linkedin.com/in/dan-dishbak-%D7%9E%D7%97%D7%A4%D7%A9-%D7%9C%D7%98%D7%A8%D7%95%D7%A3-%D7%90%D7%AA-%D7%94%D7%90%D7%AA%D7%92%D7%A8-%D7%94%D7%91%D7%90-40871814']",True,1789918
8179ab69-7be4-41a1-b0f6-3f80c5048317,crosstown h2r,Convert natural gas plants to run on hydrogen,,,,,,,,,False,Not in Affinity
d698b20e-d886-40d9-8603-b838975ce4c9,crstl,No-code electronic data interchange SaaS application,,,,,,,,,False,Not in Affinity
d00c4a83-f800-44dd-8a4c-215d9d9f78be,Crusoe,Developer of AI-optimized efficient data centers,crusoe.ai,"Denver, Colorado","['Founders Fund', 'others', 'Fidelity', 'Mubadala', 'Long Journey Ventures']",416.0,61.87,Series D,600000000.0,,True,293598230
85d63963-0955-4a59-906a-c1082cc6e215,Crusoe Energy Systems,Valorize otherwise wasted natural gas assets while mitigating methane emissions to power data centers,crusoeenergy.com,"Denver, CO","['Exor', 'DRW Venture Capital', 'Castle Island Ventures', 'Atreides Management', 'Lowercarbon Capital', 'Felicis Ventures', 'Founders Fund', 'Upper90', 'Valor Equity Partners', 'Bain Capital Ventures', 'MCJ Collective', 'Zigg Capital', 'Polychain Capital', 'Tao Capital', 'CMT Digital', 'Engine No. 1', 'Winklevoss Capital', 'Exor Seeds', 'JB Straubel', 'Founders Fund Pathfinder', 'Coinbase Ventures', ""Robert Downey Jr.'s FootPrint Coalition Ventures"", 'Wicklow Capital', 'G2 Venture Partners (G2VP)', 'Inclusive Capital Partners', 'Dragonfly Capital Partners', 'Mitsui & Co.', 'KCK Group']",238.0,11.0,Series C,350000000.0,Cully Cavness (President and Co-Founder): https://linkedin.com/in/ccavness,True,223159426
c4f678ab-d90c-4fbf-9666-33b9a46b2daa,Crusoe Energy Systems,Flare migration startup converting gas into energy for bitcoin mining,crusoeenergy.com,"Denver, CO","['Exor', 'DRW Venture Capital', 'Castle Island Ventures', 'Atreides Management', 'Lowercarbon Capital', 'Felicis Ventures', 'Founders Fund', 'Upper90', 'Valor Equity Partners', 'Bain Capital Ventures', 'MCJ Collective', 'Zigg Capital', 'Polychain Capital', 'Tao Capital', 'CMT Digital', 'Engine No. 1', 'Winklevoss Capital', 'Exor Seeds', 'JB Straubel', 'Founders Fund Pathfinder', 'Coinbase Ventures', ""Robert Downey Jr.'s FootPrint Coalition Ventures"", 'Wicklow Capital', 'G2 Venture Partners (G2VP)', 'Inclusive Capital Partners', 'Dragonfly Capital Partners', 'Mitsui & Co.', 'KCK Group']",238.0,11.0,Series C,350000000.0,Cully Cavness (President and Co-Founder): https://linkedin.com/in/ccavness,True,223159426
7639c426-5bb7-485b-9e26-40e5ea667d40,Crux,Building central capital markets infrastructure for energy,cruxdata.com,"New York, New York","['Two Sigma', 'Goldman Sachs Asset Management']",90.0,-6.25,Series B,50000000.0,"['Philip Brittan (Founder & CEO): https://linkedin.com/in/pbrittan', 'William Freiberg (Chief Executive Officer): https://linkedin.com/in/william-freiberg-02034850']",True,288138979
8ad9bf36-c4ed-497f-a0ec-4dde720daece,Crux OCM,Automation and optimization software for control room operations,cruxocm.com,"Calgary, Canada","['Angular Ventures', 'Bullpen Capital', 'Root Ventures', 'Golden Ventures', 'Industry Ventures', 'Cendana Capital', 'ONEOK', 'Pipeline Capital Partners', 'M12', 'Eic Rose Rock Fund', 'Raven Indigenous Capital Partners']",42.0,16.67,Series A,17000000.0,"['Roger Shirt (CTO and Co-Founder): https://linkedin.com/in/roger-shirt-72067011', 'Vicki Knott, P.Eng (CEO and Co-Founder): https://linkedin.com/in/vicki-knott-p-eng-00b0ab27']",True,204069145
797ee88e-6ee1-4fe5-b4f6-a39ffa6b6893,Cruz Foam,Circular materials company providing replacements for single-use plastics,cruzfoam.com,"Santa Cruz, CA",,,,,,,False,136307457
409504d1-d7de-4368-87b8-55fd13a88f78,ctc conductors,Advanced grid conductors developer,,,,,,,,,False,Not in Affinity
51c2e420-dfb8-4f11-883c-285be77080f6,CTC Global,Conductor cores for high-voltage transmission cables,ctcglobal.com,"Irvine, California","['Endeavour Capital', 'Greenbelt Capital Partners']",197.0,2.6,Other,,,True,224850086
596dfe34-45a4-47ee-b7e5-d7653e090013,ctvc,Climate tech market intelligence platform,,,,,,,,,False,Not in Affinity
fe78f6cc-e638-42b6-9060-e29a7e914d59,cube dev,Open-source company for building business tech tools,,,,,,,,,False,Not in Affinity
8a196af3-f0d1-48cb-85cb-20ddc9e956f9,Cuberg,Battery manufacturing and mineral processing,cuberg.net,"San Leandro, California",,59.0,-70.5,Seed,,"['Richard Wang (CEO and Co-Founder): https://linkedin.com/in/ricang', 'Mauro Pasta (Co-Founder): https://linkedin.com/in/mauropasta']",True,1812641
15f32268-b68b-4f9c-b7c3-c57097820464,CubicPV,Solar wafer and perovskite manufacturer,cubicpv.com,"Bedford, MA",,,,,,,False,282712850
bae5472e-e8e6-406c-a454-8f0294da17b4,Cultimate Foods,Lab-grown meat,cultimatefoods.com,"Berlin, Germany",,,,,,,False,284964298
ba03fac2-895e-48bf-b835-28f4a65bb1db,Cultivated Biosciences,Yeast-derived cream for alternative dairy products,cultivatedbio.com,"Wädenswil, Switzerland",,,,,,,False,291727756
3c62821b-c6b4-40a4-b796-a88f633887d9,Cultivo,Identifies portfolios of nature-based projects for outside investment,cultivo.land,"Pleasanton, California","['Salkantay Ventures', 'Octopus Energy Generation', 'Peña Verde', 'MassMutual Ventures']",61.0,1.67,Series A,14000000.0,"['James Clifton (Co-Founder & CSO): https://linkedin.com/in/jrclifton', 'Pablo Castellanos (Co-Founder): https://linkedin.com/in/pablo-castellanos-2a37447b', 'Rafael Alonso (Co-Founder, Sales Lead): https://linkedin.com/in/rafalonso', 'Manuel Pinuela,  PhD (Co-Founder & CEO): https://linkedin.com/in/manuel-pinuela']",True,262531022
58048152-3e44-4a97-af6a-acb781ba9d6c,Cumul.io,Analytics platform for SaaS companies,cumul.io,"Leuven, Belgium","['LRM', 'SmartFin', 'Axeleo Capital', 'Hi Inov-Dentressangle']",60.0,5.0,Series A,10000000.0,"['Bruno Verbruggen (Co-founder: Sales & Business Development): https://linkedin.com/in/bruno-verbruggen-37219874', 'Karel Callens (Founder): https://linkedin.com/in/karel-callens-10bb023', 'Thomas De Clerck (Founder): https://linkedin.com/in/declerckthomas', 'Haroen Vermylen (Founder): https://linkedin.com/in/haroen-vermylen-2930a241']",True,136317361
ebf70f06-5517-4ddd-aa1a-58d0ec8ac31d,cumulus digital systems,Software for industrial applications,,,,,,,,,False,Not in Affinity
577a1d1a-57e6-4609-bf25-59c1d79fca61,CUR8,Carbon-removal climate-tech startup,cur8.com,"London, UK",,1.0,,,,Jasmine Jaco (Co-founder and CEO): https://linkedin.com/in/jasmine-jaco-9061727,True,127865167
c87e5ca5-67fd-4d2b-a149-8a78aaae9891,CurbWaste,Software for waste services management,curbwaste.com,"New York City, NY",,,,,,,True,288541969
60d09f1a-db89-4b7a-b625-195c3d9572be,curio,Closed fuel cycle for nuclear fusion applications,,,,,,,,,False,Not in Affinity
78f141b4-5051-491d-8ebd-77685e87b959,CURRENT FOODS,Plant-based seafood company,currentfoods.com,"San Francisco, CA",,,,,,,False,284938597
26d244ea-f24c-414e-8aac-d0fba276e8c2,Currents,Provider of a recycled EV battery marketplace,currents.market,"Portland, Oregon",,9.0,12.5,,,Anthony Garbarino (Founder & CEO): https://linkedin.com/in/anthony-garbarino-0b4339b3,True,283469757
3b47c0a6-7a1f-458e-83ff-6493383b7b2d,Curri,Construction material delivery company,curri.com,"Ventura, California","['Rainfall Ventures', 'Bessemer Venture Partners', 'Initialized Capital', 'Brick & Mortar Ventures', 'others']",128.0,4.07,Series B,42000000.0,"['Matt Lafferty (Co-Founder & CEO): https://linkedin.com/in/matt-lafferty-00734b12', 'Brian Gonzalez (Co-founder & CTO): https://linkedin.com/in/brianmatthewgonzalez']",True,219951172
42eb5b57-88d9-44cd-a249-04f29ec5f459,curvepoint capital,Independent investment firm advancing climate finance,curvepointcapital.com,"Los Angeles, U.S.",,2.0,0.0,,,,True,297919429
321a92e5-829c-455f-bc44-c68f0f3ddfe4,CuspAI,GenAI-driven search for new materials platform,cuspai.com,"Cambridge, England","['LocalGlobe', 'Mehdi Ghissassi', 'Lightspeed Venture Partners', 'Northzone', 'Zero Prime Ventures', 'Basis Set Ventures', 'FJ Labs', 'Dorothy Chou', 'Tiferes Ventures', 'Hoxton Ventures', 'Giant Ventures', 'Touring Capital']",,,Seed,30000000.0,,True,296732200
17aee222-d6e2-4d98-a016-5a7ec5bf76e3,cyberfortress,Insuretech startup focused on protecting e-commerce companies,,,,,,,,,False,Not in Affinity
baea5c2a-ed41-4146-aec4-9f8c18390d6a,Cybord,Quality assurance for electronic component manufacturers,cybord.ai,"Tel Aviv-Yafo, Israel","['IL Ventures', 'Israel Innovation Authority', 'Il Ventures', 'Nextleap Ventures', 'Capri Ventures', 'Ocean Azul Partners']",34.0,21.43,Series A,8700000.0,"['Oshri Cohen (Chief Executive Officer): https://linkedin.com/in/oshri-cohen-7b02734b', 'Eyal Weiss, Ph.D. (CTO and Founder): https://linkedin.com/in/eyal-weiss', 'David Almagor (Executive Chairman): https://linkedin.com/in/david-almagor']",True,223829704
cc2cfa30-fb96-4ecd-9295-7ea10a8ea7b8,CybSafe,Cybersecurity awareness platform,cybsafe.com,"London, UK","['Emerald Development Managers', 'Evolution Equity Partners', 'Hannover Digital Investments GmbH (HDI Group)', 'not disclosed', 'Hannover Digital Investments (HDI) GmbH', 'B8 Ventures', 'IQ Capital']",64.0,-22.89,Series B,28000000.0,Sean Lumley (COO and Founder): https://linkedin.com/in/sean-lumley,True,132105072
e4470c1e-18a3-4c21-a66a-60dbdf8f27f5,cycle capital management,Venture firm focused on clean-tech startups,,,,,,,,,False,Not in Affinity
e2730646-badf-4fe1-892e-79c50c00bcc5,Cyclic Materials,Rare earths and critical minerals recycling,cyclicmaterials.earth,"Kingston, Canada","['Planetary Technologies', 'Fifth Wall', 'Energy Impact Partners', 'BMW i Ventures', 'Bioindustrial Innovation Canada (BIC)', 'Microsoft’s Climate Innovation Fund', 'Climate Investment', 'BDC Capital’s Climate Tech Fund', 'Hitachi Ventures', 'ArcTern Ventures', 'Zero Infinity Partners', 'Hitachi', 'Jaguar Land Rover (JLR)', 'BMWi', 'InMotion Ventures', 'ArcTern', 'Microsoft']",53.0,51.43,Series B,2000000.0,"['Patrick Nee (Co-Founder, Strategic Partnerships): https://linkedin.com/in/patrickneejr', 'Ahmad Ghahreman (CEO, President and co-founder): https://linkedin.com/in/ahmad-ghahreman-41506b10']",True,286542239
3aacd95a-814e-4309-9b01-de64a2a6077e,CYCLIZE,Plasma technology for chemical recycling developer,cyclize.de,"Stuttgart, Germany",,,,,,,False,287881040
17d2aa33-6d78-4bbd-8fd9-547a46b553de,Cycloid,Sustainable engineering platform provider,cycloid.io,"Paris, France","['Reflexion Capital', 'Five French Angel Investors']",24.0,33.33,Series A,5000000.0,"['Benjamin Brial (Founder): https://linkedin.com/in/benjamin-brial', 'Julien Bille (Co-founder): https://linkedin.com/in/julien-bille-96110018']",True,133415585
1bafce07-946f-4809-b4d9-bd7308096f17,cycode,Software supply chain security company,,,,,,,,,False,Not in Affinity
2c365d79-d8d7-419a-9f5c-a6242b46b163,cylib,Lithium-ion battery recycling business,cylib.de,"Aachen, Germany","['10x Founders', 'World Fund', 'Kai Hansen', 'VSquared Ventures', 'Karim Jalbout', 'Speedinvest', 'Torge Thönnessen', 'Vsquared', 'Maximilian Odendahl', 'Leopold König', 'Lawrence Leuschner', 'Bosch Ventures', 'DeepTech & Climate Fonds', 'Porsche Ventures', 'Vsquared Ventures', 'business angels', 'NRW.Venture']",72.0,38.46,Series A,55000000.0,"['Paul Sabarny (Co-Founder & CTO): https://linkedin.com/in/paul-sabarny-77309a157', 'Gideon Schwich (Co-Founder & COO): https://linkedin.com/in/gideon-schwich']",True,286968064
edbe5a37-7726-4515-badf-2d4923f0f9bb,CYNGN,Autonomous and electric industrial vehicles,cyngn.com,"Palo Alto, California","['Access Industries', 'Smartfren Telecom', 'Tencent Holdings', 'Index Ventures', 'Benchmark Capital', 'Andreessen Horowitz', 'Redpoint Ventures', 'Benchmark', 'Qualcomm Incorporated', 'Rupert Murdoch', 'Telefonica Ventures', 'strategic investors', 'Premji Invest', 'Twitter Ventures']",78.0,-8.24,Public Markets,80000000.0,"['Kirt M. (Founder & Executive Chairman): https://linkedin.com/in/nvcbl', 'Lior Tal (CEO): https://linkedin.com/in/liortal', 'Biao(Leo) Ma (Co-founder, VP of Engineering): https://linkedin.com/in/biao-leo-ma-52672739']",True,223154435
41327669-59b4-4de4-899e-46c346ddd7b8,dabbel,Provider of HVAC control automation solutions to cut CO2,,,,,,,,,False,Not in Affinity
d201576a-3d2e-4789-80ff-05a015e1906d,Daedalus,Using AI to build precision parts factories,daedalus.de,"Karlsruhe, Germany","['Addition', 'Khosla Ventures', 'NGP Capital']",50.0,21.95,Series A,21000000.0,Jonas Schneider (Founder): https://linkedin.com/in/jonas-schneider,True,224087181
dd227e0b-17d3-4f41-abb6-bc9206ba6dc1,daily,Developer platform for audio and video,,,,,,,,,False,Not in Affinity
07143ac2-849b-4893-988e-5fad64b675c3,daiz,Plant-based meat developer,,,,,,,,,False,Not in Affinity
ab922013-deda-428b-b58e-4c3110dc45da,dalan animal health,Developer of oral vaccines for honeybees,https://dalananimalhealth.com/,,,,,,,,False,Not in Affinity
4c2cb256-50fe-4a76-98ae-5f4368718b45,damon motors,Developer of electric motorcycles,https://hyzonmotors.com/,,,,,,,,False,Not in Affinity
1f910c9f-27bc-48a7-96cd-5234067e03e4,Dance,E-bike subscription business,dance.co,"Berlin, Germany","['Piotr Brzezinski', 'Elemental', 'Uli Schöberl', 'Smart Lender Asset Management', 'HV Holtzbrinck Ventures', 'Eurazeo', 'HV Capital', 'Winthrop Square Capital', 'BlueYard', 'Ilkka Paananen', 'Jeannette zu Fürstenberg', 'Kevin P. Ryan', 'Neil Parikh', 'Bjarke Ingels']",161.0,-1.23,Series A,12000000.0,"['Alisa Jacob (Founder): https://linkedin.com/in/alisa-jacob-157b506', 'Kiesha Jennings (Co-Founder): https://linkedin.com/in/kiesha-jennings-0b917487', 'Alexander Ljung (Founder & Chairman): https://linkedin.com/in/alexanderljung', 'Eric Quidenus-Wahlforss (Founder & CEO): https://linkedin.com/in/ericw', 'Victoria AB (Dance company founder): https://linkedin.com/in/victoria-ab-99452a269']",True,263275684
11df08bb-ff33-4a1c-8d16-3778679a0e40,Dandelion Energy,Home geothermal systems,dandelionenergy.com,"Mount Kisco, New York","['Borealis Ventures', 'GroundUp', 'GV', 'NGP', 'LenX', 'Building Ventures', 'LENX', 'ZhenFund', 'Zhen Fund', 'NGP ETP', 'GV (Google Ventures)', 'BoxGroup', 'Collaborative Fund', 'Google Ventures', 'NEA', 'Daniel Yates', 'Comcast Ventures', 'Lennar Corporation', 'Ground Up', 'Breakthrough Energy Ventures', 'Catchlight Ventures', 'New Enterprise Associates (NEA)']",107.0,-10.08,Series C,40000000.0,"['Kathy Hannun (Founder & President): https://linkedin.com/in/kathyhannun', 'Dan Yates (Executive Chairman): https://linkedin.com/in/danjyates', 'Bob Wyman (Co-Founder): https://linkedin.com/in/bobwyman', 'Michael Sachse (Chief Executive Officer): https://linkedin.com/in/michael-sachse-9a442a4', 'Callum bolt (Chief Executive Officer): https://linkedin.com/in/callum-bolt-a3a35b207']",True,161112927
203139cf-948e-4b90-8314-02beae9458d1,danimer scientific,Makes biodegradable and compostable biopolymers,,,,,,,,,False,Not in Affinity
3f8ee8c2-0f29-4c6a-a48e-a1e9ba2ab496,Daphne Technology,Emissions control system for marine vessels,daphnetech.com,"Saint-Sulpice, Switzerland","['Venture Kick', 'Venturelab']",60.0,9.0,Other,6000000.0,"['Inge C. Paulsen (Non Executive Chairman (Independent)): https://linkedin.com/in/ingecpaulsen', 'Juan Mario Michan (CEO & Founder): https://linkedin.com/in/juan-mario-michan']",True,293459610
b6d94012-3850-4ebd-a1e1-2d9a8118dc40,Daphni,Mission-driven investments in climate and energy tech,daphni.com,"Paris, France",,51.0,18.6,Investment Fund,215000000.0,"['Pierre-Yves Meerschman (Co-founder & Partner): https://linkedin.com/in/pierre-yves-meerschman', 'Pierre-Eric Leibovici (Co-Founder & Partner): https://linkedin.com/in/pierre-eric-leibovici-495258', 'Mathieu Daix (Co-Founder / Investment & Marketing): https://linkedin.com/in/mathieudaix', 'Marie Ekeland (Co Founder): https://linkedin.com/in/marieekeland']",True,1787584
4cd50a00-fca3-4573-bfa3-0c13f5be959e,daqus energy,Scale novel TAQ cathode material for lithium-ion batteries,,,,,,,,,False,Not in Affinity
72ca0a14-51fa-41ca-afa2-6567b61a37af,daring,Maker of plant-based chicken-meat,,,,,,,,,False,Not in Affinity
0e5a8d83-3907-4d9b-b981-a1b523b9dedd,daring foods,Plant-based chicken producer,,,,,,,,,False,Not in Affinity
9e5a7ca5-661b-4b3c-85cb-13cc6e4e72ae,Darwin,Methodologies to measure impact on biodiversity,darwin.com,"Paris, France",,,,,,,False,1618641
f076e2e3-e7ac-4984-9a48-a63be4d6d0af,dash systems,Airdrop deliveries software company,,,,,,,,,False,Not in Affinity
ec61d426-2aa4-4c4e-a16e-c0629d46419c,dat bike,Maker of electric motorbikes,,,,,,,,,False,Not in Affinity
4ce3fad7-e442-439c-aece-dbed55873dc2,databand,Maker of data health monitoring software,,,,,,,,,False,Not in Affinity
d4a8845f-b81a-4cf9-9eb2-bce15ed5b49e,databutton,Platform for building and sharing AI-powered apps,,,,,,,,,False,Not in Affinity
d1b89259-4222-4e6b-b267-d3764b3854df,DataCebo,Developer of synthetic data designed to train enterprise AI and models,datacebo.com,"Boston, Mass.",,,,,,,False,279336185
c00fb30e-7cb2-47cb-9b95-1659a08ff73b,Datafold,Data reliability platform that automates tedious parts of data engineering workflows,datafold.com,"San Francisco, CA",,,,,,,False,262880658
80e64cff-1425-44ed-9e68-19cc8d989eb1,DataForm Lab,Software for offsite building manufacturing,dataformlab.com,"London, United Kingdom",Marathon Venture Capital,7.0,16.67,Seed,1100000.0,Eva Magnisali (Founder): https://linkedin.com/in/eva-magnisali-06a21a74,True,278678391
b42af28a-5d90-48f7-b2ff-131a1c574424,dataloop,Platform for A.I. data management and annotation,,,,,,,,,False,Not in Affinity
deffb507-1772-40b1-98be-1e4f19e0a3d8,Datamaran,ESG risk management software platform,datamaran.com,"London, United Kingdom","['American Electric Power', 'Fortive', 'Morgan Stanley Expansion Capital']",139.0,11.2,Series C,33000000.0,"['Jérôme Basdevant (CTO & Co-founder): https://linkedin.com/in/jeromebasdevant', 'Marjella Lecourt-Alma (CEO & Co-Founder): https://linkedin.com/in/marjella-lecourt-alma-9486594']",True,132900203
97ab57bd-7ac0-49ab-af57-95bc9fc12dff,Datanomix,Vendor of production intelligence software for industrial manufacturers,datanomix.io,"Nashua, New Hampshire","['PBJ Capital', 'Joint Effects', 'MK Capital', 'Hub Angels', 'Gutbrain Ventures', 'CEAS Investments']",42.0,-4.55,Other,12000000.0,,True,150791096
973bbf8f-46aa-4593-931c-6e1325d1cefd,datasecure,Leading data security solutions provider,,,,,,,,,False,Not in Affinity
48737353-3e65-416c-b6cf-205463cc166c,Datasembly,Data analytics platform for real-life decisions,datasembly.com,"Washington, District of Columbia","['Noro-Moseley Partners', 'Launch Capital', 'Staley Capital', 'Craft Ventures', 'Valor Siren Ventures', 'Topmark Partners', 'Twenty 5 Twenty', 'Grotech Ventures']",70.0,-18.6,Series B,16000000.0,"['Ben Reich (CEO, Founder): https://linkedin.com/in/ben-reich-20140525', 'Daniel Gallagher (Co-Founder and CTO): https://linkedin.com/in/daniel-gallagher-a23b343a']",True,1797115
c46706ad-f4bb-4bf0-8684-06d7d2f48e71,Datch,AI-based grid asset management platform,datch.io,"San Francisco, California","['Stage Venture Partners', 'Blackhorn Ventures', 'Plug and Play Ventures', 'Predictive Venture Partners', 'Blue Bear Capital', 'Tuhua Ventures', 'Lorimer Ventures', 'Third Prime', 'Susquehanna Investment Group']",46.0,12.2,Series A,15000000.0,"['Ben Purcell (CTO and Cofounder): https://linkedin.com/in/ben-purcell-57099866', 'Mark Fosdike (CEO): https://linkedin.com/in/markfosdike']",True,159037736
74352bca-f748-49a6-a17a-74c8126c7257,Datia,Sustainability calculation fintech,datia.app,"Stockholm, Sweden","['Nauta Capital', 'Sting', 'Söderberg & Partners', 'Accel Starter Ramzi Rizk', 'Zenloop’s founder Paul Schwarzenholz']",17.0,-10.53,Seed,3400000.0,"['Manne Larsson (Co-Founder & COO): https://linkedin.com/in/manne-larsson', 'Juan Manuel Serruya (Co-Founder & CEO): https://linkedin.com/in/juan-manuel-serruya-2a55aa10']",True,222284074
953c39d1-694a-4eb4-aaf7-301fe132052b,datos health,Automated remote care platform,,,,,,,,,False,Not in Affinity
b4cd8f86-aa47-4ed6-9569-9ba0828cf118,Daupler,Response management system,daupler.com,"Overland Park, Kansas","['Revolution Fund', 'Knoll Ventures', 'Burnt Island Ventures', 'Runway Venture Partners', 'KCRise Fund', 'Kcrise Fund', 'Aqualateral', 'Angel Investors']",47.0,20.51,Series B,15000000.0,,True,159738337
a5433d51-0868-4b6b-a551-77dd1eb2b610,David Energy,Retail energy platform,davidenergy.com,"New York, New York","['Box Group', 'Great Oaks', 'Union Square Ventures', 'Oceans', 'Greycroft', 'Toba Capital', 'MCJ Collective', 'Keyframe Capital', 'Turntide', 'James Dice', 'Equal Ventures', 'Nat Turner', 'Kiran Bhatraju', 'Zach Weinberg', 'BoxGroup', 'Cathay Innovation']",59.0,1.72,Series A,23000000.0,"['James McGinniss (CEO & Co-Founder): https://linkedin.com/in/james-mcginniss-20b315101', 'Brian Maxwell (Co-Founder and Board Member): https://linkedin.com/in/bmaxwell1', 'Ahmed (Samir) Salman (CTO & Co-Founder): https://linkedin.com/in/ahmed-samir-salman-898a7a39']",True,223690783
60dbeb33-f0f8-46cf-92af-cfcde4d1172d,Dayrize,Impact assessment for consumer products platform,dayrize.io,"Amsterdam, Netherlands","['Matt Jones', 'Gresham House Ventures’ Thomas Makey']",22.0,-26.67,,4000000.0,"['Eva Gladek (Chief Sustainability Officer | Co-Founder): https://linkedin.com/in/evagladek', 'Austin Simms (CEO): https://linkedin.com/in/austin-simms-a5a3b012', 'Vincent Hoogduijn (Co-founder & Board Member): https://linkedin.com/in/vincenthoogduijn', 'Bart Nollen (Co-Founder | Strategy): https://linkedin.com/in/bart-nollen-a07395']",True,292037597
8178e68d-fa70-4e7c-a943-4746e40ed770,Daystar Power,Solar energy company,daystar-power.com,Nigeria,,,,,,,False,220243694
c2ae182c-c75b-4d48-a705-b8ea3145b34f,DC Connected,Vehicle software diagnosis and repair guidance,dc-connected.de,"Nersingen, Germany","['Borusan Ventures', 'APX', 'VENPACE', 'Atlas Ventures', 'Business Angels', 'Network.vc', 'Bloomhaus Ventures']",21.0,-4.55,Seed,2100000.0,Willian Servigna (CTO & Co-Founder): https://linkedin.com/in/wservigna,True,284101160
93eaa843-9483-4f58-9b62-cb34a438003b,dcbel,Producer of smart home energy appliances,dcbel.energy,"Montreal, Canada","['Coatue', 'Investissement Québec', 'Idealist Capital', 'Real Ventures', 'Kevin Mahaffey', 'Volvo Cars']",79.0,-1.25,Series B,50000000.0,"['Marc-André Forget P.Eng. (Founder,  CEO): https://linkedin.com/in/mafing', 'Sai Tutors (ceo): https://linkedin.com/in/sai-tutors-1240b020b']",True,132105250
d7312fed-96df-4e40-90df-bb9eca299e6a,dClimate,Decentralized network for climate data,dclimate.net,"New York, New York","['Republic Labs', 'CoinFund', 'Multicoin Capital']",26.0,-7.14,Seed,3500000.0,"['Todd Olson (CEO): https://linkedin.com/in/todd-olson-9b2b3098', 'Osho Jha (Chief Executive Officer): https://linkedin.com/in/osho-jha-9a759a80']",True,282512338
0c2d5c12-8938-4ce0-a441-06498642c67a,DCVC,Invest in climate-focused startups,dcvc.com,Palo Alto,,83.0,0.0,Investment Fund,234000000.0,,True,278236429
b1533786-2036-4e1d-aedb-17de164cef9e,De Novo Foodlabs,Precision fermentation tech,denovofoodlabs.com,"Raleigh, NC",,,,,,,False,291800763
26635dc8-fbf5-4113-a5a1-dbdc63cfb55e,dealt,Circular economy SaaS platform,https://dealt.com/,,,,,,,,False,Not in Affinity
8f2b930d-e350-41cc-b6e0-b3eb7dec5fd4,debut,Platform developing sustainable active ingredients for cosmetics,,,,,,,,,False,Not in Affinity
500a0f45-f3dc-4337-b39a-f4d3694f1f03,decade energy,Software that helps truck operators transition to electric fleets,,,,,,,,,False,Not in Affinity
5f551276-f38e-4796-a247-8a492abb6d21,decarbonization partners,Investment firm,,,,,,,,,False,Not in Affinity
1b1b0d49-3710-4c67-9775-a6fedef2a99a,Decarbonization Plus Acquisition,A blank check company targeting global decarbonization,dcrbplus.com,,,,,,,,False,285070448
