id,name,tagline,domain,Location,Employees (Current),Employees: Growth YoY (%),Investment Stage,Last Funding Amount (USD),Investors,LinkedIn Profile (Founders/CEOs),In Energize Affinity,Affinty ID
7250132c-3859-4dce-af65-6422f52bae81,100ms,Live video infrastructure startup,100ms.live,"San Francisco, CA",,,,,,,False,280532061
6c66002e-cc67-4b61-9cc3-b283b99ea655,1build,Construction-cost estimation software maker,1build.com,"Mountain View, California",14.0,7.69,Series A,19500000.0,Initialized Capital,,True,224779466
f341791c-aaa4-45be-86d7-b054541fca15,1KOMMA5°,Making products and infrastructure necessary for carbon neutral homes,1komma5grad.com,"Hamburg, Germany",620.0,31.36,Series B,52500000.0,LBBW,,True,283677000
96819f62-914b-4bca-bd4d-a16475ec913c,1KOMMA5°,Residential electrification products & services provider,1komma5grad.com,"Hamburg, Germany",620.0,31.36,Series B,52500000.0,LBBW,,True,283677000
308606c5-a893-4e10-81b7-c0c0a29df046,1mt nation,Developer of nature-based carbon removal projects,,"Tallinn, Estonia",,,,,,,False,
d4e14d83-73e6-40e9-a55c-9864768fbf1e,1PointFive,Direct Air Capture (DAC) developer,1pointfive.com,"Houston, TX",,,,,,,False,268252178
e00a5ce0-4078-4f58-a4e2-64df60b4de2a,1s1 Energy,Green hydrogen production using boron materials,1s1energy.com,"Portola Valley, CA",,,,,,,False,279261170
b3ccc421-12d2-4388-a1af-2280d5dc95e3,2150,Urban tech solutions fund,2150.tech,"London, U.K.",1.0,0.0,Investment Fund,157768000.0,,Christian Jølck (Co-founder and Partner): https://linkedin.com/in/christianjolck,True,224626100
2f50017e-77dd-445a-80cc-8f4c8c3bfdcc,24m,Revolutionizing the lithium-ion cell manufacturing process,,"Cambridge, MA",,,,,,,False,
246b799a-883c-480e-87c1-a1980a882d18,24M Technologies,Lithium ion cell manufacturer,24-m.com,"Cambridge, Massachusetts",153.0,-22.34,Late Stage,87000000.0,Nuovo+,W. Craig Carter (Co Founder): https://linkedin.com/in/w-craig-carter-42808524,True,1555826
f674c0e2-92e1-4168-a526-27c447738c77,257,AI-powered residential energy platform,257.co,"New York, New York",2.0,0.0,Seed,9200000.0,Otto Von Troschke,Tal Chalozin (CTO and Co-Founder): https://linkedin.com/in/talchalozin,True,291229871
db5a6a60-2222-49ca-b1d8-9a7044d3ab1f,280 Earth,Direct air capture plants,280.earth,"Palo Alto, California",15.0,25.0,Series B,50000000.0,Builders VC,,True,290584264
c029967c-6c9c-458d-8198-ce4e9c61d577,3DEO,Additive metal manufacturing,3deo.co,Los Angeles,,,,,,,False,114272919
b1e39217-f47a-45f4-91c0-1e5b09719dfc,3E Nano,Energy and solar control coatings company,3enano.com,"Toronto, Canada",,,,,,,False,263185041
17aa0985-9e68-4e9b-a50a-1829949e3c85,3V Infrastructure,"Install level-two EV chargers in apartment buildings, hotels, hospitals, and other multi-unit properties",3vinfrastructure.com,"New York, New York",11.0,,,40000000.0,Greenbacker Capital Management,,True,297884313
efd3b243-d056-4e2a-8db6-ad6a8a381db1,42watt,Retrofitting advisory platform,42watt.de,"Munich, Germany",38.0,15.15,Seed,,PropTech1 Ventures,Nina Weingarten (Founder Associate): https://linkedin.com/in/nina-weingarten,True,287971148
3a52639e-73af-48a9-b9b4-82d27124afb2,44.01,Accelerates rock mineralization for carbon removal,4401.earth,"London, United Kingdom",48.0,9.0,Series A,37000000.0,Alumni Ventures,Talal Hasan (Founder & Carbon General): https://linkedin.com/in/talal-hasan,True,278330982
fc2c3539-4fc8-4c65-a591-29460d1d47a8,4elements,Launch of new high-impact climate startups,4elements.media,"TK, France",,,,,,,False,187627355
0a71e07c-3af0-4ca7-94ee-ed0e947e24e9,4impact capital,Investment firm focused on climate software companies,,"The Hague, Netherlands",,,,,,,False,
657706f8-448c-441d-83fb-35d1e7904d27,4M Analytics,Subsurface infrastructure mapping startup,4manalytics.com,"Austin, Texas",106.0,-0.93,Series A,30000000.0,Nir Erez,Nir Cohen (Co-Founder): https://linkedin.com/in/nir-cohen-4997046b,True,224686696
9871021e-6dd1-432b-a5a4-9a772ad0d469,51tocarbonzero,Corporate net zero transition platform,51tocarbonzero.com,"London, England",,,,,,,False,286194309
7b4b4c0a-c3c0-4f8f-bed9-e1dc57b3cef5,5B,Solar power deployment company,5b.com.gt,"Sydney, Australia",,,,,,,False,279264488
34eb375f-1af5-497e-a1a2-86de76d43342,5B Australia,Modular solar manufacturer,5b.com.au,"Sydney, Australia",109.0,,Series A,8600000.0,The AES Corporation,Eden Tehan (Co-Founder): https://linkedin.com/in/eden-tehan-b34979102,True,222181321
f246ad37-1b09-4412-aab8-fe418a50f6e5,60hertz energy,Platform improving microgrids and backup generators,,"Anchorage, AK",,,,,,,False,
05e6542d-0c28-4df0-817b-60d3af98f4ae,6K,Developer of advanced microwave-based plasma technology,6kinc.com,"North Andover, MA",,,,,,,False,278518352
c4614b73-aaa8-4190-a2e2-02aef34252ed,75F,Building automation technologies to optimize indoor air quality and energy efficiency,75f.io,"Bloomington, Minnesota",85.0,-19.05,Series A,5000000.0,Oil & Gas Climate Initiative,Deepinder Singh (CEO): https://linkedin.com/in/flyingsardar,True,1747333
7ce379b9-882b-438a-8d61-e62c5e246107,75f inc.,Provider of wireless building automation for commercial buildings,,"Burnsville, MN",,,,,,,False,
1fecc83e-db23-4b25-b304-ef993d76aff9,7Analytics,Developer of AI and machine learning models for predicting floods and landslides,7analytics.no,"Bergen, Norway",25.0,25.0,Other,4320600.0,Obos VC,Helge Jørgensen (Co-founder and CEO at 7Analytics): https://linkedin.com/in/helge-j%C3%B8rgensen-bb734651,True,299967428
a52493a9-c9e6-4022-8b48-acb4f32cc00d,7bridges,Logistics engine optimization platform,the7bridges.com,"London, UK",,,,,,,False,162561002
ab46972d-f000-4531-be11-9d96107acadc,7gen,EV-as-a-service platform for medium and heavy duty fleets,7genae.com,"Vancouver, Canada",,,,,,,False,263152245
77d564f9-3117-4a94-a107-40dc368dffd3,8 rivers,Net-zero solutions provider,,"Durham, CA",,,,,,,False,
95889334-a7d6-4c86-ab80-6c1351d8c112,80 Acres Farms,Vertical farming company focused on eco-friendly farming,80acresfarms.com,"Hamilton, Montana",162.0,-5.26,,115000000.0,Barclays Climate Ventures,Mike Zelkind (CEO): https://linkedin.com/in/mike-zelkind-5113624,True,162592950
bf4ac68c-8c0c-4d70-86a8-b71db8374e2c,8090 Industries,To invest in industrial companies and sectors including decarbonization and energy,8090industries.com,New York,12.0,20.0,,,,"Rayyan Islam (Co-Founder and General Partner, Industrial Decarbonization): https://linkedin.com/in/rayyanislam",True,287621926
dbce9c90-0a94-45e7-b14b-c820fdf6dacf,8base,Development platform for building digital products,8base.com,"Miami, FL",,,,,,,False,125394565
91044726-9ac8-4d09-885e-41f2e685bc59,8inks,Coatings for lithium-ion batteries,8inks.com,"Schlieren, Switzerland",,,,,,,False,296722047
5f25ef36-b233-4341-97b2-0deffec1e260,900.care,Refillable personal care products provider,900.care,"Paris, France",,,,,,,False,272564602
d1e38cd6-5ca4-46a7-8395-e92840f27ca7,99 Counties,Regenerative meat marketplace,99counties.com,"Chicago, Illinois",5.0,0.0,Other,3724999.0,,Christian E. (Chief Executive Officer): https://linkedin.com/in/cebersol,True,284887450
3ed4eb1d-ca38-4a98-85d3-44a70694ae9e,99minutos,Logistics service for e-commerce vendors,99minutos.com,"Mexico City, Mexico",,,,,,,False,262403406
22ff2df1-e1cc-443d-80ee-d3834ea66a27,aalo atomics,Modular microreactors for predictable and economical nuclear reactor deployment,https://www.aaloatomics.com/,"Toronto, Canada",,,,,,,False,
7d986d75-2d11-4ae3-997e-e3c4ea5e0717,ab carval,Investment firm focused on credit and hard-asset investments,,"Minneapolis, MN",,,,,,,False,Not in Affinity
d9a8d589-4dc5-4607-945f-c49bde90c27a,abatable,Carbon offsetting procurement platform,https://www.abatable.com/,"London, UK",,,,,,,False,Not in Affinity
616fd358-a00b-4be4-a558-ece6bd89125e,abb e-mobility,Provider in EV charging solutions,,"Zurich, Switzerland",,,,,,,False,Not in Affinity
f303d357-c700-4533-a66f-ef463083c806,abodu,Startup building backyard homes,,"Redwood City, CA",,,,,,,False,Not in Affinity
f81b2102-78fd-4c95-a86e-dfd9ca54f61f,abolis,"Sustainable, tailor-made bio-based industrial solutions platform",,"Evry, France",,,,,,,False,Not in Affinity
a2184c36-592e-4c1f-aff7-d100d7997db7,about:energy,Battery testing intelligence platform,,"London, UK",,,,,,,False,Not in Affinity
0301ed2e-35ed-49af-9645-d2efc34a80a6,absolute foods,"AI-driven platform enabling vertical farms, greenhouses and open farms",,India,,,,,,,False,Not in Affinity
cb71fae7-30e5-4d13-b0c1-24dad29fbf65,accacia,Building decarbonization data platform,https://accacia.com/,Singapore,,,,,,,False,Not in Affinity
aad2512e-7a96-4106-b25c-c81c9a450d42,accelergen energy,Renewable power and storage developer,https://accelergen.com/,"Austin, TX",,,,,,,False,Not in Affinity
3a1e6218-94a0-4b39-869e-145c6f615b8f,acceleron fusion,Develop fusion technology tackling a muon-catalyzed approach,,"Cambridge, MA",,,,,,,False,Not in Affinity
ef8b9787-c220-4916-a249-08d611caaa86,accelsius,Thermal cooling systems for datacenters provider,,"Austin, TX",,,,,,,False,Not in Affinity
e54d88a7-152d-4bd7-83bb-296406265282,accure,"Provider of battery safety software for utility, home, and automotive uses",,Germany,,,,,,,False,Not in Affinity
d000701c-5ad1-4d95-8b55-d584ddf4d900,accure battery intelligence,Battery safety company,,"Aachen, Germany",,,,,,,False,Not in Affinity
6d313434-0a94-402f-934a-d2ba8e8779b0,ace green recycling,Battery recycling technology company,,India,,,,,,,False,Not in Affinity
8a384312-3a85-4c1d-8847-6536e57ecb19,acel power,Electric boat developer,https://acelpower.com/,"Vancouver, Canada",,,,,,,False,Not in Affinity
243fd1de-73bb-461b-adbf-4bd00e15cf86,acerta analytics,Manufacturing technology solutions for automotive,https://www.acerta.ai/,"Kitchener, Canada",,,,,,,False,Not in Affinity
20fd74f4-ec45-417b-8186-3d15149ea8ac,aclarity,Water treatment startup,,"Hadley, MA",,,,,,,False,Not in Affinity
4d63121d-689e-46ef-ada7-1e69bfc03574,aclima,Air pollution and greenhouse gas measurement startup,https://www.aclima.io/,"San Francisco, CA",,,,,,,False,Not in Affinity
fd2f086a-18bb-48d0-89ee-32c0e51544c8,acon s2 acquisition,Sustainable business-focused SPAC,,,,,,,,,False,Not in Affinity
54673c66-1f9e-4236-beaf-9b88ea4bb06c,acre venture partners,Invest in ag and food-tech companies,https://acre.vc/,"Santa Monica, CA",,,,,,,False,Not in Affinity
23ca41fc-0507-4c87-a451-a278e7deb8a2,acretrader,Farmland investing platform,,"Fayetteville, AR",,,,,,,False,Not in Affinity
1faafca2-960e-40c4-a63d-e8186517afdd,act-ion,Lithium ion battery cathode active materials developer,,"Dallas, TX",,,,,,,False,Not in Affinity
0a49dd50-95f7-4e53-b97a-450abd5912c5,active impact investments,Climate tech fund,,,,,,,,,False,Not in Affinity
d7fff2a1-2784-4b78-9ace-65badc19a72e,active surfaces,Ultra-light and thin solar modules,,"Woburn, MA, U.S.",,,,,,,False,Not in Affinity
2cda466a-9f74-4d82-bd30-57fdd8f67c0c,adamo foods,Developing whole-cut meat alternatives,https://www.adamofoods.com/,London,,,,,,,False,Not in Affinity
f4f76112-97d0-4b0d-8d94-9f96087176d9,adaptis technologies,Net-zero building adoption and optimization platform,,"Toronto, Canada",,,,,,,False,Not in Affinity
e6a0a0b6-be22-4289-a201-b092648e1e47,adaptive insurance,AI-powered climate insurance solutions provider,,"Austin, TX",,,,,,,False,Not in Affinity
a7b85ec8-6b2d-456b-816c-01cd44b200be,adden energy,Battery technology developer,,"Waltham, MA",,,,,,,False,Not in Affinity
150fe510-05a0-464e-a6a0-1e37a15efe42,addenergie,EV charging network,,Quebec City,,,,,,,False,Not in Affinity
788ceca7-e37e-41c1-89c2-a932fd5f2f6f,addionics,Scale production of 3D current collectors for EV batteries,https://www.addionics.com/,"London, U.K.",,,,,,,False,Not in Affinity
4a93aa91-d2c1-40e2-9ee9-bebdc48b5786,addis energy,Ammonia production technology developer,https://www.addisenergy.com/,"Somerville, MA",,,,,,,False,Not in Affinity
0618c083-3112-4150-92af-fa7491d66c4f,adept materials,Develop paint material to help buildings control internal humidity,https://www.adeptmaterials.com/,"Somerville, MA",,,,,,,False,Not in Affinity
f868e0a1-6660-4731-be8c-84d9851c82f2,adionics,Developing lithium extraction processes,https://www.adionics.com/,"Les Ulis, France",,,,,,,False,Not in Affinity
fdc401ad-b001-4e58-afe8-ed17d13f13a8,adsorbi,Bio-based material removing air pollutants,https://adsorbi.com/,"Gothenburg, Sweden",,,,,,,False,Not in Affinity
c16522e3-86d7-4a9a-b575-4d7154d3fd64,advanced cooling technologies,Thermal management and cooling technologies developer,,"Lancaster, CA",,,,,,,False,Not in Affinity
da379de7-81ba-40d3-8540-4305eda8489c,advanced electric machines,Designer and manufacturer of electric vehicle motors,,"Washington, U.K.",,,,,,,False,Not in Affinity
5677b41c-5673-472c-9dc6-493149f1382b,advanced electric machines (aem),Electric vehicles design and manufacturer,,"North Sunderland, UK",,,,,,,False,Not in Affinity
12345d7c-8a89-4628-90a1-076522238fb5,advanced farm technologies,Developer of robotic farming equipment,,"Davis, CA",,,,,,,False,Not in Affinity
05bd0f6d-2cb4-4f47-a726-ea93df00e7ef,advanced ionics,"Industrial electrolyzer provider, producing hydrogen",https://www.advancedionics.com/,"Milwaukee, WI",,,,,,,False,Not in Affinity
21f62b9c-401b-48cc-811f-a19d760e2e73,advancedag,Bioagriculture input developer,,"Raymond, Canada",,,,,,,False,Not in Affinity
c02fa65d-83ee-4272-aa26-8679fbdae883,advancing eco agriculture,Regenerative agricultural systems startup,,"Middlefield, OH",,,,,,,False,Not in Affinity
26f1cca1-c9bd-468b-9828-c610123c77d9,advano,Focused on lithium-ion battery technology,,"New Orleans, USA",,,,,,,False,Not in Affinity
3ceeb53c-827c-490a-905d-8afde380af2a,advanta seeds,Developing high performing and hybrid seeds for agriculture,,Dubai,,,,,,,False,Not in Affinity
df6421a7-afc4-40a7-8993-e1d6ea551019,advent technologies,Fuel cell maker,,,,,,,,,False,Not in Affinity
d70319d7-649a-4674-b91c-0b77aa373f36,Advex AI (PearX S23),Improving AI Vision models for manufacturing,advex.ai,"San Francisco, California",7.0,75.0,Seed,3500000.0,Pear VC,Asriel H. (Co-Founder & CTO): https://linkedin.com/in/asrlhan,True,293412607
ccbf59c1-5929-4116-97ec-5b10cb986f3b,aea-bridges impact corp.,ESG-focused SPAC,,,,,,,,,False,
b9cb6fa6-f9c8-4360-80a6-bf2a41941ad9,aedifion,Energy usage management and monitoring company,aedifion.com,"Cologne, Germany",70.0,18.64,Series B,17000000.0,Phoenix Contact Innovation Ventures,Erik Brümmendorf (Head of Engineering & Co-Founder @ aedifion ): https://linkedin.com/in/erik-br%C3%BCmmendorf-117149155,True,221179252
b954f7fe-03aa-4124-997d-5ff5483e3560,Aegir Insights,Offshore wind intelligence platform,aegirinsights.com,"Copenhagen, Denmark",36.0,-5.26,Series A,8500000.0,Seaya Andromeda,"Scott Urquhart (CEO, Founder): https://linkedin.com/in/scott-a-urquhart",True,280531479
ee4d69c1-3eb2-4c91-9beb-9205a1a43334,aegis energy,Network of lower-emission and multi-fuel source refueling hubs for commercial vehicles,aegisenergy.uk,"Wakefield, U.K.",,,,,,,False,297746112
1e70f861-704e-4ab5-83bf-648dc389ca9c,AEInnova,Wireless IoT company,aeinnova.com,"Terrassa, Spain",25.0,-7.41,,2639250.0,,,True,1788073
409f8b1f-f7df-4a6f-bba2-b44295d9eabf,Aemetis,Biofuel producer,aemetis.com,"Cupertino, CA",,,,,,,False,78830256
687c84cf-9b8d-4e34-9308-074ae2f9d020,Aepnus Technology,Developer of an electrochemical platform for emissions reduction in battery supply chain,aepnus.com,"Oakland, California",10.0,-16.67,Seed,8000000.0,Gravity Climate Fund,"Bilen Akuzum, Ph.D. (Co-Founder, CTO): https://linkedin.com/in/bilen-akuzum",True,283090882
dd40c978-081b-4cb4-9a1e-e666c84144c7,AEREM,Solar panel financing provider,aerem.fr,India,,,,,,,False,224926967
09fe3d44-6899-486f-93b9-9b89f363188f,Aerleum_official,Direct air capture technology,aerleum.com,"Strasbourg, France",,,,,,,False,294001792
e4252f08-30a2-414a-9880-2f48343c73c8,Aerobotics,Aerial crop intelligence startup,aerobotics.com,South Africa,,,,,,,False,124408787
cdb6eb3f-447c-4683-a348-0b44d73561da,AeroFarms,Vertical farming company,aerofarms.com,"Newark, NJ",,,,,,,False,1545517
fe8b226a-e92d-4880-a7db-9b8878446051,Aerones,Robotics for wind turbine maintenance service provider,aerones.com,"Riga, Latvia",276.0,21.05,Other,62000000.0,Mantas Mikuckas,Janis Putrams (CEO): https://linkedin.com/in/janis-putrams-2ab19345,True,147493780
8b504b78-06ac-4156-b370-a3e4817740a6,Aeroseal,Provider of air duct and vent sealing technology,aeroseal.com,"Miamisburg, Ohio",181.0,-2.16,Series B,67000000.0,Breakthrough Energy Ventures,,True,163301998
4c97b10b-9381-403f-ba24-845ace77d316,AeroShield,Developing transparent insulation for energy-efficient windows,aeroshield.us,"Cambridge, MA",,,,,,,False,153518179
146e603e-7640-443e-a750-386f15212a2f,aeroshield materials,Energy-efficient windows provider,,"Boston, MA",,,,,,,False,
e5fb9e9e-92f4-4d30-8eeb-92d7c5d254cc,aether,Rare metals extraction company,,"Menlo Park, CA",,,,,,,False,Not in Affinity
6b2d16b4-1e43-48ab-af62-a89e034cd92f,aether bio,Developer of enzymes for lithium extraction,,"Menlo Park, CA",,,,,,,False,Not in Affinity
9f7d9379-95a4-4f00-9df0-73a682864f2f,aether diamonds,Creator of diamonds made from atmospheric carbon,https://www.aetherdiamonds.com/,"New York, NY",,,,,,,False,Not in Affinity
4d902083-13f3-49ad-8e8b-670b75557869,aether fuels,To upcycle carbon into more sustainable fuels for aviation and maritime shipping,https://aetherfuels.com/,San Francisco,,,,,,,False,Not in Affinity
04920395-4265-439d-8e26-a1af68b60f8d,aev robotics,Modular autonomous electric vehicle maker,,Australia,,,,,,,False,Not in Affinity
045614c2-ab67-49ff-a820-749c70aceecc,aeva,LiDAR sensing and perception technologies,,"Mountain View, CA",,,,,,,False,Not in Affinity
5ed389bc-4bea-4c74-9fae-6afeda1dcb70,afresh technologies,AI-based supply chain platform for grocers,https://www.afresh.com/,"San Francisco, CA",,,,,,,False,Not in Affinity
30eb8028-be2e-45cb-95bb-0fc0fb2ba60e,afryen neoxy,Biorefinery for biobased acids developer,,"Saint-Avold, France",,,,,,,False,Not in Affinity
8959a87b-bb0c-49ef-b029-0bc616f3b650,ag5,B2B SaaS platform for the manufacturing industry,https://www.ag5.com/,"Amsterdam, Netherlands",,,,,,,False,Not in Affinity
f09e3ede-13cb-4d55-be99-18b940f9922a,again,Uses gas-eating bacteria to convert carbon dioxide into chemical products,,"Copenhagen, Denmark",,,,,,,False,Not in Affinity
6fe8e05e-9846-463f-aa32-69060a09825f,agbiome,Developer of microbial-based products including a fungicide for disease control,,"Durham, NC",,,,,,,False,Not in Affinity
c2d095eb-a7fa-457f-89b1-3c32c9917047,agilitas energy,Solar and battery energy storage projects,,"Wakefield, NY",,,,,,,False,Not in Affinity
b7785ddf-2fb6-4009-ab61-f6eb99bbaa33,agnext technologies,AI-driven agribusiness platform,,"Chandigarh, India",,,,,,,False,Not in Affinity
3c803946-0b42-4f4a-8db6-8ddb3c488b0f,agora systems,Maker of materials supply chain software,,"San Francisco, CA",,,,,,,False,Not in Affinity
b8d14bc2-0570-40d8-bc08-8551042de7c9,agragene,Developing eco-friendly alternatives to chemical pesticides,,"San Diego, Calif.",,,,,,,False,Not in Affinity
885a56cc-d942-46eb-babb-841397a22d74,agreena,Carbon market platform focused on regenerative agriculture,https://www.agreena.com/,"Copenhagen, Denmark",,,,,,,False,Not in Affinity
561a3f2f-598f-4f41-8119-9a705f757be8,agricarbon,Soil carbon measurement technology developer,https://www.agricarbon.com/,"Dundee, United Kingdom",,,,,,,False,Not in Affinity
21963265-17a3-4481-871b-3e95a24e7f11,agriconomie,Ag marketplace including regenerative inputs for farmers,https://www.agriconomie.com/,France,,,,,,,False,Not in Affinity
3da5efea-4372-49a6-92b4-7866112072eb,agricycle global,Ingredient upcycling startup focused on Africa,,"Milwaukee, WI",,,,,,,False,Not in Affinity
39f8d57a-e0be-472d-81c1-29a312015806,agrig8,Gamified platform for reducing methane emissions,,Singapore,,,,,,,False,Not in Affinity
30c8bafc-bb0e-46f5-93d7-b3879d8e4aad,agriloops,Aquaponics farm developer,https://www.agriloops.com/,"Paris, France",,,,,,,False,Not in Affinity
c9048e3e-ca8d-45c9-817b-d8fdb3aaf44b,agritask,Agronomic intelligence startup,https://agritask.com/,Israel,,,,,,,False,Not in Affinity
dd919831-8f5f-4d35-bbd4-21664578904d,agritech innovations,Revolutionizing agricultural practices with technology,,"Nairobi, Kenya",,,,,,,False,Not in Affinity
3bc95dd4-a959-4c3a-93eb-94b94908dd31,agriwebb,Beef cattle management platform,https://agriwebb.com/,"Surry Hills, Australia",,,,,,,False,Not in Affinity
c4bd9909-8757-4c27-9077-bb81a8e4e063,agrobiomics,Make biostimulants that make plants more resilient to stressors like drought and salinity,,"Copenhagen, Denmark",,,,,,,False,Not in Affinity
3f84e49f-07dc-4916-9e4b-6908e596e7da,agrolend,Farm credit provider,,"São Paulo, Brazil",,,,,,,False,Not in Affinity
1d5b2f4f-a332-4ce4-8b4b-83f18ff62295,agrology,Regenerative and predictive agriculture platform,,"Alexandria, VA",,,,,,,False,Not in Affinity
d13cc075-7ca8-4d56-8035-e0de74e562aa,agros,Solar irrigation provider,,Singapore,,,,,,,False,Not in Affinity
67147ede-7b71-4f3a-bc45-ca3442ebe783,agrospheres,AgriCell platform protecting pesticide solutions,https://www.agrospheres.com/,"Albemarle County, VA",,,,,,,False,Not in Affinity
aa8323c5-9b8e-47cd-aab1-69a0093c65e4,agrourbana,Vertical farming business,,Chile,,,,,,,False,Not in Affinity
ee659ef6-3071-4b91-a34b-9968e23ae38f,agteria,Biotech additive focused on reducing livestock methane emissions,,"Stolkhom, Sweden",,,,,,,False,Not in Affinity
cc3f7077-6798-416a-8c61-0b5f309846ee,agteria biotech,Enzyme-blocking molecule for reducing livestock methane emissions,https://www.agteria.com/,Stockholm,,,,,,,False,Not in Affinity
687c9889-4f18-40da-9d74-2bb7e1669a39,agtonomy,Software and services provider for autonomous agriculture,https://www.agtonomy.com/,"San Francisco, CA",,,,,,,False,Not in Affinity
c9af7ead-6e0a-4b33-b596-2a8ef396dd7a,agurotech,Hardware and software for precise agricultural data,https://agurotech.com/,Amsterdam,,,,,,,False,Not in Affinity
658365f1-f28c-43d3-8b4d-d5cfffae7b3e,agzen,Efficient crop spraying equipment and software,https://www.agzen.com/,"Somerville, MA",,,,,,,False,Not in Affinity
3dd91ae1-9513-4bc9-9c57-fd06afc32905,aichi automobile co.,Chinese electric vehicle startup,,China,,,,,,,False,Not in Affinity
95594283-9d6c-4fb4-9c96-62454c5df6c0,aicrete,Concrete decarbonization software platform,https://www.aicrete.com/,"Richmond, CA",,,,,,,False,Not in Affinity
f6dca5fc-22e4-4bab-971f-4e8c7a87fc4e,aidash,Software designed to make critical infrastructure processes more sustainable and climate resilient,https://www.aidash.com/,"Santa Clara, CA",,,,,,,False,Not in Affinity
3ddb9d1f-cc53-4aec-b7ed-f69e367f2aff,aifleet,Maximize trucking utilization and efficiency,https://aifleet.com/,"Austin, TX",,,,,,,False,Not in Affinity
8409435e-15b6-47ea-828b-b089fa8e5a59,aigen,Solar-powered robotics platform for soil regeneration,,"Kirkland, Wash.",,,,,,,False,Not in Affinity
6196089d-c2d6-4717-9e00-0cb2c37e0e9f,aikido technologies,Manufacture floating wind turbines,,"San Francisco, U.S.",,,,,,,False,Not in Affinity
732e9009-0ec7-4304-bf08-8e2bde9f8e2d,ailytics,Heavy industry monitoring business,,Singapore,,,,,,,False,Not in Affinity
2e92fdba-2f22-4f13-8f7e-17f245a468a1,aim intelligent machines,Autonomous vehicles for construction sites,,"Redmond, WA",,,,,,,False,Not in Affinity
9dc8f4a2-92e2-419e-9c69-33900bf2b46c,aip management,Solar energy and carbon solutions provider,,"Nashville, TN",,,,,,,False,Not in Affinity
d3273bdd-2e8e-4b73-9bde-6e43a65eba2c,aiperia,Manage food service providers’ inventories to reduce food waste,https://aiperia.com/,"Würzburg, Germany",,,,,,,False,Not in Affinity
d0accba3-9583-4e83-9a0c-d90043571496,air aware labs,Air quality service technology provider,,"London, England",,,,,,,False,Not in Affinity
05851c66-2cab-4785-a894-326f1b3cf57e,air company,Carbon-negative alcohols and consumer products creator,https://www.aircompany.com/,"New York City, USA",,,,,,,False,Not in Affinity
eb13266d-2bf2-4444-9a17-91c5cec52fac,air protein,Alternative meat company,https://www.airprotein.com/,"Pleasanton, CA",,,,,,,False,Not in Affinity
f36251f9-bf5a-4112-8a6d-5f1b608a4f1d,aira,Home energy efficiency platform,,"Stockholm, Sweden",,,,,,,False,Not in Affinity
a0c613dc-defc-4b89-854d-50baa01f32fc,aira technologies,AI cellular network infrastructure technology developer,,"San Francisco, CA",,,,,,,False,Not in Affinity
48363d63-27c2-48bf-b5b6-c7a7142c0afc,airbound,Make efficient delivery drones,https://www.airbound.com/,"Bengaluru, India",,,,,,,False,Not in Affinity
56d582a4-de5b-4169-9f88-7fd8af1ea2b6,aircapture,Carbon removal and mineralization project,https://aircapture.com/,"Berkeley, CA",,,,,,,False,Not in Affinity
1287febe-7640-48e5-b7e2-137f5659eda7,aircarbon exchange,Carbon trading exchange,https://www.aircarbon.co/,Singapore,,,,,,,False,Not in Affinity
c814aa82-25de-4a5f-90c2-73ed6f780810,airforestry,Electric aerial tree harvesting drones,https://airforestry.com/,"Uppsala, Sweden",,,,,,,False,Not in Affinity
27dadf41-1ba0-4d37-987a-80a2c1feb894,airhouse,E-commerce operations platform,https://www.airhouse.io/,"San Francisco, CA",,,,,,,False,Not in Affinity
a4f15a28-3a0a-4726-9b46-51ada0bfe69f,airjoule technologies,Atmospheric water harvesting technology developer,,"Newark, DE",,,,,,,False,Not in Affinity
f19b7850-592b-4b23-a6c0-bda8b045e249,airly,Combining sensing technologies and software to measure air quality,https://airly.eu/,"Palo Alto, CA",,,,,,,False,Not in Affinity
39868be3-8f99-414f-853e-c74a021a3841,airmo,Satellite technology for GHG emissions provider,,"Weßling, Germany",,,,,,,False,Not in Affinity
d91f21da-a7db-44a5-b546-ebc6ec0ea401,airmyne,Direct air capture (DAC) technology platform,,"Berkeley, CA",,,,,,,False,Not in Affinity
cbddfd71-7f4a-4273-9927-aa650811321a,airtable,"Collaborative, no-code platform for building apps",https://airtable.com/,"San Francisco, CA",,,,,,,False,Not in Affinity
d9cb1e35-f0e7-4b1d-bba8-293cf5796973,airthium,High-temperature heat pump developer,,"Paris, France",,,,,,,False,Not in Affinity
af736b0b-07da-47c6-b3ed-b160464d0e83,airworks solutions,Autonomous processing software for aerial mapping and surveying,,"Boston, MA",,,,,,,False,Not in Affinity
ee56fc66-669e-41ea-ad59-f900984b613e,aistech space,Capture thermal data and imagery from satellites,,Barcelona,,,,,,,False,Not in Affinity
4fab2831-5a2e-47bb-ab43-268774261f9e,aisti,Startup developing carbon negative acoustic tiles,https://aisti.com/,"Jyväskylä, Finland",,,,,,,False,Not in Affinity
237aa0c8-a891-4b6a-9241-5ad1565d421d,aiven,Managed cloud services for open-source data technologies,https://aiven.io/,"Helsinki, Finland",,,,,,,False,Not in Affinity
d8378936-4638-457b-bc8c-a34923b8d220,akaysha energy,Build new battery energy storage,https://akayshaenergy.com/,"Cremorne, Australia",,,,,,,False,Not in Affinity
63579e02-8072-4956-aadb-355eb4f4c3bc,akorn technology,Developing edible coatings for produce through upcycle corn by-products,,"Berkeley, CA",,,,,,,False,Not in Affinity
9d97566b-1850-43e7-85e0-592c6dcbed7e,akua,Maker of kelp-based burgers,,"New York City, NY",,,,,,,False,Not in Affinity
6ccbd6cb-857a-45df-ae6d-63aced775a46,alba orbital,Satellites aimed to provide Earth observations,https://www.albaorbital.com/,"Glasgow, Scotland",,,,,,,False,Not in Affinity
69db70ce-aa1f-4cdc-a631-7ab8ed9c5500,albedo,High-resolution satellite developer,,"Austin, TX",,,,,,,False,Not in Affinity
af42ae85-1f96-4dba-8fe9-78caaabbddf9,alcazar energy,Utility-scale renewable projects in emerging markets,https://www.alcazarenergy.com/,Luxembourg,,,,,,,False,Not in Affinity
337438b2-ef96-414c-a082-65265cfe398a,alcemy,Developer of software for sustainable cement and concrete production,,Germany,,,,,,,False,Not in Affinity
dd25dba3-2af7-4812-90be-c04fcb32df1c,alchemyca,Enhance anaerobic digesters with enzymes,,"San Francisco, CA",,,,,,,False,Not in Affinity
463a9042-78f6-4828-8fb6-45323055b96c,aleph farms,Cultivated meat company growing steaks from animal cells,https://www.aleph-farms.com/,"Rehovot, Israel",,,,,,,False,Not in Affinity
cb0d6c0d-a686-4b8f-937e-4ae3b1515d95,alga biosciences,Algae feed additive start-up,,"San Francisco, CA",,,,,,,False,Not in Affinity
45c5a3e4-7b91-48e4-a7a0-bd2e1613bf6c,algae factory,Cultivates algae group diatoms for high-tech silica shells,,"Göteborg, Sweden",,,,,,,False,Not in Affinity
81eb9378-7714-4180-8330-c4e513e54311,algama,Alternative protein platform using algae,,,,,,,,,False,Not in Affinity
1f62aa8d-555c-4dfd-aa34-6b0745470888,algebris investments,Venture fund for climate and deeptech startups,,London,,,,,,,False,Not in Affinity
29a6fcc1-6607-44a5-816b-647cb7942328,algiecel,Developing algae-based carbon capture,,"Odense, Denmark",,,,,,,False,Not in Affinity
9d10d81b-368d-4867-889d-b067a12297a0,algiknit,Startup turning ocean algae into bio-yarn,https://algiknit.com/,New York,,,,,,,False,Not in Affinity
a624729b-2ae6-48b4-9cf5-2af196b7111c,alight,Solar project developer,,Sweden,,,,,,,False,Not in Affinity
f77ae45f-27f0-445c-97ca-bafe7bf85c5e,aligned climate capital,Second venture fund focused on climate tech,,New York City,,,,,,,False,Not in Affinity
87a4f7e4-d92b-461f-a318-015f81f9ced4,allbirds,Sustainable footwear maker,https://www.allbirds.com/,"San Francisco, CA",,,,,,,False,Not in Affinity
776922af-b669-4d23-80a4-fef931e242ab,allegro energy,Water-based Redox Flow Batteries,,"Newcastle, Australia",,,,,,,False,Not in Affinity
0ab7449d-2dd5-4e7e-9d0c-70d493ccb956,allergy amulet,Portable allergen sensor,https://www.allergyamulet.com/,"Madison, WI",,,,,,,False,Not in Affinity
280b6e72-c013-4b17-a993-e70c6dc247af,allinfra,Blockchain platform helping institutions achieve sustainability goals,https://www.allinfra.com/,Hong Kong,,,,,,,False,Not in Affinity
59bf4141-65ce-4e15-be73-fad8ad57da04,allonnia,Waste and wastewater treatment company,,"Boston, MA",,,,,,,False,Not in Affinity
13e64ade-8af6-436d-bd72-9ccc0d06881b,allotrope energy,Battery manufacturing startup,,"Woking, United Kingdom",,,,,,,False,Not in Affinity
eedbfbda-d972-45d8-b12e-12ec108d3fe7,alloyed,Design advanced metal alloys and manufacture high-performance metal components using 3D printing,https://www.alloyed.com/,"Oxford, U.K.",,,,,,,False,Not in Affinity
16c33a37-b9a6-4781-becb-1b8b6064c898,allozymes,Sustainable enzymes for food and chemical production,https://allozymes.com/,Singapore,,,,,,,False,Not in Affinity
db974a63-d0c3-4937-9632-6ca89a5e3269,allstacks,Predictive forecasting and risk management platform,https://www.allstacks.com/,"Raleigh, NC",,,,,,,False,Not in Affinity
c67b5454-a76c-420a-923e-e475fe741b24,allume energy,Solar sharing solution for multi-family dwellings,,"Melbourne, Australia",,,,,,,False,Not in Affinity
17bfa4d6-df42-4899-b72a-bceb055746da,allumia,Energy efficiency startup,https://www.allumia.com/,"Seattle, WA",,,,,,,False,Not in Affinity
d5aee057-3382-442f-91e2-3881dbe2fee1,allye,Mobile energy storage system,,"London, UK",,,,,,,False,Not in Affinity
55d40f22-2ffb-4baf-8a89-121ef8f22017,aloha,Plant-based protein production business,https://www.aloha.com/,"Littleton, CO",,,,,,,False,Not in Affinity
b682ef41-f360-4fb6-8678-4271da2be874,alpha grid,EV charging infrastructure development software,,"San Francisco, CA",,,,,,,False,Not in Affinity
e896c03b-91a0-4eb5-a6a3-22d32af0a740,alrik,Construction logistics management software developer,,"Stockholm, Sweden",,,,,,,False,Not in Affinity
e36696bb-e1d2-4f3d-ad67-9180b64df027,also,Micromobility solutions provider,https://www.also.com/,U.S.,,,,,,,False,Not in Affinity
30dea60e-a2a7-4736-8215-4ffb76a71b9f,also capital,"Invest in hard tech, including synthetic biology",https://www.alsocapital.com/,New York,,,,,,,False,Not in Affinity
64842746-52c4-4379-90e7-eba84277be3b,alsym energy,Make non-flammable batteries with a water-based electrolyte,https://alsymenergy.com/,"Woburn, MA",,,,,,,False,Not in Affinity
01a9a1eb-7cee-4fae-bacf-a2c7182cfa19,alt carbon,Carbon capture technology developer,,"Bengaluru, India",,,,,,,False,Not in Affinity
1c1e258f-afbd-4c26-9839-540701b8d89f,alt mobility,EV fleet leasing platform,,"New Delhi, India",,,,,,,False,Not in Affinity
3c87b16e-f87d-4f54-9358-1126632d6af0,alt.leather,Plant-based leather alternatives developer,,"Melbourne, Australia",,,,,,,False,Not in Affinity
ed2363aa-bf5d-49bf-9162-f5a747bbc766,alta resource,Separate rare earths from e-waste with biotechnology,,"Boulder, CO",,,,,,,False,Not in Affinity
5f6e1f0e-d981-41d2-91f7-da5bde42511b,alta resource technologies,Extract rare earth elements from electronic waste,,"Boulder, CO",,,,,,,False,Not in Affinity
877363d0-c030-410a-93cd-7d80bf7fecda,altana,Value-chain data platform including emissions data,https://www.altana.ai/,"New York, U.S.",,,,,,,False,Not in Affinity
57ac9d0c-aea1-41fe-aaa3-c608f818c4cb,alternō,Sand-based battery technology targeted at agricultural energy and heating needs,,Singapore,,,,,,,False,Not in Affinity
79203c98-fc2c-4cb9-98a3-4594d06b8ec8,alterpacks,Developing materials from food waste,,Singapore,,,,,,,False,Not in Affinity
ec478fc3-9c8f-4369-a202-32a5e4f82283,alterβiota,Decarbonize concrete,https://alterbiota.com/,"Edwardsville, Canada",,,,,,,False,Not in Affinity
52776114-9056-4979-9973-3a00a2c91417,alteva,Battery cell development business,,"Cologne, Germany",,,,,,,False,Not in Affinity
1bf85616-0d19-45fd-9df1-bbe098a4ee86,altigreen propulsion labs,EV startup,,India,,,,,,,False,Not in Affinity
e4806bfb-8ac3-488e-abe1-4ded82df8b94,altilium,Battery minerals recovery platform,,"London, U.K.",,,,,,,False,Not in Affinity
3a474b60-e17b-45dc-ba31-85ad24eae3f2,altm,Biomaterials platform from agricultural residue,,"Bangalore, India",,,,,,,False,Not in Affinity
4035e3bc-ce58-4d45-9320-4645044b2148,altris,Sodium-ion battery technologies,,"Uppsala, Sweden",,,,,,,False,Not in Affinity
00389808-3e6c-4a42-9edc-8bcea675eba8,altrove,AI and lab automation to accelerate new material discovery,,Paris,,,,,,,False,Not in Affinity
11f4b76e-9277-4969-a1d3-e14f31c46f28,altruistiq,Sustainability management SaaS platform,https://www.altruistiq.com/,"London, UK",,,,,,,False,Not in Affinity
547b998d-5adb-48e2-bc0f-efcde0c9b4f9,altus power,Commercial solar business,,"Stamford, CT",,,,,,,False,Not in Affinity
6fb86036-f807-48ed-b0e2-d86950bb9e0d,aluna,Health tech for respiratory conditions,,"San Francisco, CA",,,,,,,False,Not in Affinity
aafc8927-af6c-4af6-a299-6680192697d6,alvéole,Beekeeping solutions company,,Canada,,,,,,,False,Not in Affinity
b19eed7d-657f-43a4-b868-c3d5908a7196,alō index,Provide ESG ratings for hotels,,"Hartford, CT",,,,,,,False,Not in Affinity
e94a1393-1c8a-4d16-8051-75504456f64f,am batteries,Additive manufacturing company focused on the lithium-ion dry electrode market,,"Chelmsford, MA",,,,,,,False,Not in Affinity
66174246-4b0f-4558-b624-1f7ff7e5f794,amarenco,Solar IPP and energy storage provider,,"Cork, Ireland",,,,,,,False,Not in Affinity
02726629-f7ce-4b0f-b741-5afb031f84df,amatera,Non-GMO perennial crops developer,,"Paris, France",,,,,,,False,Not in Affinity
95ff2235-75b1-4f9d-ae38-3c15751f3d31,amber,Software for optimizing home battery charging,,San Francisco,,,,,,,False,Not in Affinity
b44263e6-b24d-449d-8f47-8b35968df4fc,Ambercycle,Material recycling technologies,ambercycle.com,Los Angeles,,,,,,,False,224640689
6f5b10b2-fd67-48a5-8f44-9e5a7d08b223,Ambient Fuels,Green hydrogen project developer,ambientfuels.com,"New York, New York",18.0,-21.74,Other,250000000.0,SJF Ventures,Jacob Susman (CEO & Co-Founder): https://linkedin.com/in/jacob-susman-44907717,True,283459165
c107c61a-3f4b-40a2-b04d-8f494199b407,Ambient Photonics,Developer of photonics energy harvesting technology,ambientphotonics.com,"Scotts Valley, California",51.0,-19.05,Series A,30000000.0,Climate Pledge Fund,Sammaiah Thota (Co-founder and Staff Scientist): https://linkedin.com/in/sammaiah-thota-05bb313b,True,263085567
6bc3a267-d33a-4aa9-b454-0b30192b073d,Ambri,Developer of liquid metal battery technology,ambri.com,"Marlborough, MA",,,,,,,False,1590197
a3f9aee1-0832-4af4-9f9d-b70ab447c487,AMCS,Waste management software company,amcs-inc.com,"Limerick, Ireland",,,,,,,False,223737389
ac93a635-35bc-49c0-bb00-0252bce49154,AMEA Power,Renewable energy developer,ameapower.com,"Dubai, United Arab Emirates",,,,,,,False,221995599
2c526f3d-edc1-47f1-a4ed-fb7193f7a8cb,amfg corp.,Manufacturing execution system and workflow automation software for 3D printing,,"Austin, Texas",,,,,,,False,
9967f368-4e55-4852-be9a-76b77c1d72c3,Amini,AI-driven environmental monitoring data platform,amini.ai,"Nairobi, Kenya",27.0,-3.57,Seed,4000000.0,a network of angel investors,Kate Kallot (Founder & Chief Executive Officer): https://linkedin.com/in/katekallot,True,289771680
69bc06c6-d226-418b-8ed2-479b7370aadd,Ammobia,Demonstration project to make green ammonia,ammobia.co,"San Francisco, CA",,,,,,,False,292526306
16db0d49-e5e7-453e-8032-56148a1c382d,AMMP Technologies,Developer of remote renewable energy monitoring systems,ammp.io,"Amsterdam, Netherlands",14.0,0.0,Seed,1150000.0,Point Nine Capital,Hendrik Broering (Chief Product Officer & Co-Founder): https://linkedin.com/in/hendrik-broering,True,224685424
09878076-f6ef-4523-87ce-46311f30e068,Amogy,"Developer of ammonia-based emission-free, high energy-density power solutions",amogy.co,"Brooklyn, NY",,,,,,,False,279070159
06db868e-55c9-4da4-b235-3fde912b5f91,AmorSui,Make more sustainable personal protective equipment,amorsui.com,New York,,,,,,,False,263257416
c652b2bb-9edb-40e6-a53a-a7f8f82024ec,amp,Energy management company for e-mobility,,Los Angeles,,,,,,,False,Not in Affinity
c193546a-a57d-4d43-acfc-33c60d37149b,amp americas,Renewable transportation fuel industry,,"Chicago, USA",,,,,,,False,Not in Affinity
1d25257c-b97e-4f98-954b-968bcecfdf4f,amp robotics,Robotic systems that automate the sorting of recyclable materials,https://amprobotics.com/,"Louisville, CO",,,,,,,False,Not in Affinity
49bbda05-a511-4cb1-89e5-771de91a566e,amp robotics corp,Artificial intelligence and robotics for recycling,,"Louisville, CO",,,,,,,False,Not in Affinity
33e3217f-d9d6-4c9f-9ac9-a3151b8b67c0,amp robotics corp.,Artificial intelligence and robotics focused on waste,,"Denver, CO",,,,,,,False,Not in Affinity
1c516ae1-c4af-426d-8706-0a686cf1a090,ampacimon,Grid monitoring analytics platform,,"Grâce Hollogne, Belgium",,,,,,,False,Not in Affinity
b48e8a69-c02a-4ff5-8ff4-a8af46a1799d,ampcera,Developer of solid-state electrolyte materials,https://ampcera.com/,"Milpitas, CA",,,,,,,False,Not in Affinity
26e6abd7-6b34-46ba-81e2-55d8a95c4f31,ampcontrol,EV charging software provider,https://www.ampcontrol.io/,"New York City, NY",,,,,,,False,Not in Affinity
bbd3b970-f1ad-48a2-a5bd-a0b4e485a9ab,ampd energy,Developing battery systems for electrifying construction sites,https://www.ampd.energy/,"Sha Tin, Hong Kong",,,,,,,False,Not in Affinity
eb413464-d65a-46b1-b513-f248fd4855c1,ampeco,EV charging management startup,,"Sofia, Bulgaria",,,,,,,False,Not in Affinity
2877118b-0d84-48ec-96b0-413a28d4a954,amped innovation,Designer and manufacturer of solar-powered appliances,https://ampedinnovation.com/,"Palo Alto, CA",,,,,,,False,Not in Affinity
a0ce7aab-20a3-41e6-8b18-587ad86ad969,ampere.cloud,Platform for renewable energy plant management,https://ampere.cloud/,"Berlin, Germany",,,,,,,False,Not in Affinity
c667b883-013f-4b6d-9917-7edb18200997,amperecloud,Energy asset management business,https://amperecloud.com/,"Berlin, Germany",,,,,,,False,Not in Affinity
aeaec6ee-abbf-497f-8ef3-ff1456e3c70e,amperon,Data analytics platform designed to help power grid operators decarbonize their grids,https://www.amperon.co/,New York,,,,,,,False,Not in Affinity
62a47d64-773b-4136-a5d0-4035a2e38f49,ampersand,Battery-swapping motorcycle startup,,"Kigali, Rwanda",,,,,,,False,Not in Affinity
345c6847-3a9d-4b79-bc91-0dee36cbe885,amphistar,Environmentally friendly surfactants for cleaning products,https://amphistar.com/,"Ghent, Belgium",,,,,,,False,Not in Affinity
f4b21be6-533f-4f96-8e8c-a33fd92b963f,ampin energy transition,Renewable energy and storage service provider,,"New Delhi, India",,,,,,,False,Not in Affinity
5f96ff83-9262-4eee-b92f-1de8555aa714,ample,Build EV battery swapping infrastructure,https://www.ample.com/,"San Francisco, CA",,,,,,,False,Not in Affinity
675dfe69-4cb0-4888-90a9-26ca78f85389,amply power,Electric vehicle charging startup,,"Los Angeles, CA",,,,,,,False,Not in Affinity
21dc8daf-4d8b-4f73-9bd9-6b5c81e64665,ampotech,Building energy IOT devices developer,,Singapore,,,,,,,False,Not in Affinity
8365ed82-521f-4d06-baeb-47bca172937e,ampup,Maker of electric vehicle charging tech,https://www.ampup.io/,"Cupertino, CA",,,,,,,False,Not in Affinity
ff23970b-0fc4-4524-97b7-3f14759e89e0,amsilk,Producer of bio-based silk,https://www.amsilk.com/,"Planegg, Germany",,,,,,,False,Not in Affinity
f57aa116-26e2-427e-be58-687a14606eb5,anaphite,Develop dry-coating technology for battery electrodes,https://www.anaphite.com/,"Bristol, UK",,,,,,,False,Not in Affinity
c0198e52-716d-4b94-a0c4-2a1935297956,andes,Developing microbes for soil carbon sequestration,,"Emeryville, CA",,,,,,,False,Not in Affinity
1a479177-cd63-40d1-b172-459b0e5cf6b0,andium,Industrial internet of things (IIOT) startup providing remote-field monitoring,https://www.andium.com/,"New York City, NY",,,,,,,False,Not in Affinity
966e04a2-1ebd-4572-87b7-3d51cbb055ba,ando,Sustainable banking startup,,"San Diego, CA",,,,,,,False,Not in Affinity
a534d781-247e-4807-8e24-948382f28008,annea,Automation platform for renewable energy infrastructure,,"Hamburg, Germany and Lisbon, Portugal",,,,,,,False,Not in Affinity
e56ca649-c3d6-47ca-81a9-08e9e9e717ca,anode labs,Web3 energy system developer,,"Austin, TX",,,,,,,False,Not in Affinity
5290a9bb-fff2-4861-9cd6-095bce704f22,anodot,Autonomous business monitoring company,,"Redwood City, CA",,,,,,,False,Not in Affinity
cd415b60-c55e-4e7c-b4ac-b134375744bd,antheia,Synthetic biology company,,"Menlo Park, CA",,,,,,,False,Not in Affinity
13696451-3cfe-46c2-a9b8-a53dbcbd95fc,anthro energy,Advanced lithium-ion battery technologies,https://www.anthroenergy.com/,"San Jose, CA",,,,,,,False,Not in Affinity
2e7698bd-70f2-4444-a9e0-ec3579bb8069,anthrogen,Cultivate CO2-consuming microbes,https://www.anthrogen.com/,San Francisco,,,,,,,False,Not in Affinity
f7ecdfd3-9ca4-4918-82ec-7e99fdf7c221,antithesis,Autonomous software testing platform,https://www.antithesis.com/,"Vienna, Va.",,,,,,,False,Not in Affinity
6cd78027-8e43-4c71-ad6b-5ca077044696,antora energy,Developer of batteries designed to convert renewable electricity into industrial energy,,"Sunnyvale, CA",,,,,,,False,Not in Affinity
d5ae649f-cad2-4829-913e-2cf99a273839,anuvia,Developer of bio-based fertilizer,,"Winter Garden, FL",,,,,,,False,Not in Affinity
0bf5241a-0b72-48db-a920-c5fe6c1395b3,anvil,Paperwork automation platform,https://www.anvil.works/,"San Francisco, CA",,,,,,,False,Not in Affinity
19bba871-6cb1-44de-9105-b6797393ec53,anybotics,Develop autonomous robots for industrial inspections,https://anybotics.com/,Zürich,,,,,,,False,Not in Affinity
7cfa7197-b3ed-4b6c-ae92-e72b231c5319,anzu,Additive manufacturing technologies to make advanced materials,,"North Andover, MA",,,,,,,False,Not in Affinity
209fe091-5aa0-4d50-932a-d9fd79da68c9,anzu partners,Investment firm,,"Washington, WA",,,,,,,False,Not in Affinity
1e3eee73-516e-40db-9ca2-073fbee81360,apeel,Maker of a life-extending casing for fruits and vegetables to combat food waste,https://apeel.com/,"Santa Barbara, CA",,,,,,,False,Not in Affinity
55c71a1f-bb62-49dc-a48f-84b41675f3e9,apeel sciences,Developer of food preserving technology,https://www.apeelsciences.com/,"Santa Barbara, CA",,,,,,,False,Not in Affinity
2b479194-7659-4043-8bd5-45b4648d6c1e,apeiron bioenergy,Producer of bioenergy products from feedstock,https://apeiron.com/,"Singapore, Singapore",,,,,,,False,Not in Affinity
139880a8-e842-4219-9935-192f5f4f254b,apex clean energy,Builds wind project,,"Charlottesville, VA",,,,,,,False,Not in Affinity
daa14c64-4c34-45d8-8a75-ab80e5279b9c,aphea.bio,Agtech company focused on fungal control and reducing fertilizer use,https://aphea.bio/,"Gent, Belgium",,,,,,,False,Not in Affinity
86f64f1d-a8c9-43e6-8789-be0e82bd34c3,apheros,Data center cooling technology,https://apheros.com/,"Zurich, Switzerland",,,,,,,False,Not in Affinity
9e3479a3-ab8c-4a3e-b0b1-23998b640d6d,apiday,AI-powered ESG data platform helping companies with compliance,https://www.apiday.com/,Paris,,,,,,,False,Not in Affinity
4590638f-3a87-4b70-a471-a24cb0551288,apollo agriculture,Creator of a mobile-based product suite for farmers,https://www.apolloagriculture.com/,Kenya,,,,,,,False,Not in Affinity
5378fe1a-61a3-4339-a6d8-a81c25c8d2a7,appharvest,Indoor farming and greenhouse operator,,Appalachia,,,,,,,False,Not in Affinity
27803a43-eb12-471f-be57-9d53f06a48ac,apple,Clean energy fund for renewable projects in China,https://www.apple.com/,"Cupertino, CA",,,,,,,False,Not in Affinity
fc431e8e-7ea4-4421-a3a0-4a1e6b30804d,applied carbon,Designer of carbon-removal technology,https://www.appliedcarbon.com/,"Houston, TX",,,,,,,False,Not in Affinity
7f17fcf7-f1a6-4a19-9b1c-9c57702dc619,applied ev,Developing autonomous driving software for EVs,,Australia,,,,,,,False,Not in Affinity
b22f6cf6-0ae3-4079-8a06-211df691a687,applied intuition,Maker of software for autonomous vehicle testing,https://www.appliedintuition.com/,"Sunnyvale, CA",,,,,,,False,Not in Affinity
36d937b2-a391-4c5f-8e82-d8af6df11a56,applied xl,"Information detection company that tracks health of people, places, and the planet",,New York,,,,,,,False,Not in Affinity
3de4031f-0431-457a-9c8c-fdeb71405997,appwrite,Open source backend-as-a-service platform,https://appwrite.io/,"Tel Aviv, Israel",,,,,,,False,Not in Affinity
62d9abed-ddcb-4fc7-aad3-5d1046d09643,apricus generation,Distributed solar and battery energy storage IPP,,"Boca Raton, FL",,,,,,,False,Not in Affinity
12644268-25de-41f5-a1cf-97e4b7a33bce,apromore,Process mining software provider,https://apromore.com/,"Melbourne, Australia",,,,,,,False,Not in Affinity
0158bd6a-1681-4299-b33e-ae057888cfe3,aqua membranes,Developer of water filtration system,,"Albuquerque, NM",,,,,,,False,Not in Affinity
7bc89345-9ea9-4981-81df-640c62b68380,aqua-yield,Sustainable fertilizer company,,"Draper, UT",,,,,,,False,Not in Affinity
6b11fab8-fbcc-461f-835d-b0d22e0f1eb4,aquabattery,Long-duration energy storage technology using table salt,https://aquabattery.com/,"Alphen aan den Rijn, Netherlands",,,,,,,False,Not in Affinity
256150c9-14d1-46a6-8ae3-6011e74dcad0,aquabyte,Machine learning platform for sustainable aquaculture,,"San Francisco, CA",,,,,,,False,Not in Affinity
632dfa19-1866-45f1-b820-a472a5e6d9e4,aquaconnect,Uses satellites and AI to monitor and analyze aquaculture farms,,"Tamil Nadu, India",,,,,,,False,Not in Affinity
621f42b7-9b4e-4faf-9df6-5306cc714602,aquagreen,Pyrolysis technology for waste conversion developer,,"Roskilde, Denmark",,,,,,,False,Not in Affinity
fd3f4233-7012-4c68-9fa6-c6f17ad0f6ec,aqualung carbon capture,Membrane carbon capture and separation technology,,"Oslo, Norway",,,,,,,False,Not in Affinity
84b16206-1eb0-48ee-8f9f-cc64223fb6fa,aquaria,Air water infrastructure developer,https://www.aquaria.com/,San Francisco,,,,,,,False,Not in Affinity
44bcc7f7-53e1-4944-acbf-5095e5788715,aquicore,Cloud-based software provider for commercial real estate energy management,https://www.aquicore.com/,"Washington, D.C., USA",,,,,,,False,Not in Affinity
04434b45-55a1-479f-81fc-2e4665b0fc07,arable,Maker of data solutions for agriculture,,"San Francisco, CA",,,,,,,False,Not in Affinity
d27026e6-b261-4d0d-a41f-c3edc2373614,arbol,Provider of climate risk solutions,https://arbolmarket.com/,"New York, NY",,,,,,,False,Not in Affinity
2ea5a8fc-fcee-4da4-b4de-a5cb819c8ea5,arbonics,Climate tech startup,,"Tallinn, Estonia",,,,,,,False,Not in Affinity
79113854-17ba-4caa-b82f-09617eba838e,arbor,Home energy solutions and analytics platform,,"Austin, TX",,,,,,,False,Not in Affinity
81abcbc4-8562-48d7-8899-3b706287e58f,arborea,Cultivated protein startup,,U.K. and Portugal,,,,,,,False,Not in Affinity
f92bc6bb-f019-42da-990d-a3eacb68a831,arc,Manufacturer of electric boats,,"Los Angeles, CA",,,,,,,False,Not in Affinity
d2a3e45a-0d12-48c4-9c1b-0095f03d3abc,arc clean energy canada,Advanced small modular reactor technology provider,,"Saint John, New Brunswick, Canada",,,,,,,False,Not in Affinity
a3db5199-6921-43ab-a554-a4c26a1a3321,arc clean technology,Small modular reactor developer,,"Saint John, Canada",,,,,,,False,Not in Affinity
550ad597-44f0-4d18-a30d-df74532c50ad,arc electric boats,Startup focused on electrifying boating,,"Los Angeles, California",,,,,,,False,Not in Affinity
391a516e-fc45-4e42-990d-0ad5538adfd8,arcadia,Energy data platform and community solar provider,https://www.arcadia.com/,Washington DC,,,,,,,False,Not in Affinity
2312f71e-c5cb-4bcb-8d61-94fcf957c841,arcadia efuels,Low-carbon synfuels producer,,Denmark,,,,,,,False,Not in Affinity
ae2a7ef1-4a5b-4b63-975e-0df76f45ccb3,arcelormittal calvert,Build electrical steel plant,,"Mobile, AL",,,,,,,False,Not in Affinity
7f6a075f-0b26-4c5d-ba52-70288e39030c,archer,eVTOL developer,https://www.archer.com/,"San Francisco, CA",,,,,,,False,Not in Affinity
5b1f436a-6e18-4a33-b2eb-74f7b66d8043,archer aviation,Electric aircraft integration and air taxi services,https://www.archer.com/,"San Jose, CA",,,,,,,False,Not in Affinity
09348d02-5ec5-42b0-8540-6b09bcde6f27,archipelago,Commercial property risk analysis platform,,"San Francisco, CA",,,,,,,False,Not in Affinity
6cae71da-b151-4a02-aa98-b011a86077b9,archive,Startup helping integrate resale marketplace brands,,"San Francisco, CA",,,,,,,False,Not in Affinity
e118bba4-91ef-44ce-9be0-11cd708826b1,arclight clean transition corp.,Renewable energy-focused SPAC,,,,,,,,,False,Not in Affinity
44cf634a-f90e-40c4-a9bc-ede26efdb068,arclight infrastructure partners,SkyVest Renewables unit,,"Boston, U.S.",,,,,,,False,Not in Affinity
08225125-30e8-440c-950f-26c7aa7df3e6,arda biomaterials,Transforming waste feedstocks into biomaterials,https://ardabiomaterials.com/,"London, England",,,,,,,False,Not in Affinity
b9e9792a-b13c-4366-a074-38f57ef93195,arena,AI-powered platform for hardware engineers,https://www.arena.com/,New York,,,,,,,False,Not in Affinity
e04cdf4c-5cac-40a4-a2d6-1a9a38e20aed,arenko,Energy storage and optimization developer,https://www.arenko.com/,"London, England",,,,,,,False,Not in Affinity
cbb3e00f-5879-4166-a75b-f8174c23eb49,arevo ab,Biotech platform focused on plant growth,https://www.arevo.com/,"Umeå, Sweden",,,,,,,False,Not in Affinity
b9a814f6-f68e-411d-ba61-ac358c19a5fa,arevon energy,Solar-plus-storage project in California,,"Scottsdale, AZ",,,,,,,False,Not in Affinity
6400a9f8-3138-4ec6-8708-d3df5397ecf2,aris machina,AI manufacturing company,https://arismachina.com/,,,,,,,,False,Not in Affinity
ddea8f31-482e-4445-986a-532a7511a160,ark capture solution,Modular carbon capture systems,,"Brussels, Belgium",,,,,,,False,Not in Affinity
fc8b65d1-f508-4947-9b82-beee3f887b44,arkea bio,Maker of cow vaccines for enteric emissions,,"Reno, NV",,,,,,,False,Not in Affinity
fae2f861-7995-47e0-94c7-637f9e24251f,arkeabio,Vaccine to reduce livestock methane emissions,,"Boston, MA",,,,,,,False,Not in Affinity
e835f06a-2f3c-41c8-9ece-6101c8118169,arkeon biotechnologies,Turning CO2 into food ingredients,,Austria,,,,,,,False,Not in Affinity
29361bb2-a74b-407d-b487-17c0d89e8c4d,arlo,AI-powered health insurance provider for small and medium-sized businesses,,"New York City, NY",,,,,,,False,Not in Affinity
f3ad65d1-340b-4f02-9c37-94f70601c88a,arnergy,Lease-to-own solar model,https://arnergy.com/,"Lagos, Nigeria",,,,,,,False,Not in Affinity
0c998c53-9417-4164-85f9-a9e41c28ec8d,arnica,Behavior-based solution for software supply chain security,https://arnica.io/,"Atlanta, GA",,,,,,,False,Not in Affinity
52ffb5a4-b52d-4370-a770-bd59072310d7,aro homes,Carbon-negative homebuilding startup,https://www.arohomes.com/,San Francisco,,,,,,,False,Not in Affinity
300ae2a5-37c4-4b57-8813-0f7c7b73b631,array technologies,Maker of ground-mounting systems for solar energy projects,https://www.arraytechinc.com/,"Albuquerque, NM",,,,,,,False,Not in Affinity
a1ba1a4f-cf61-4216-9b40-864f77f106d0,arrcus,Provider of software driven solutions,https://www.arrcus.com/,"San Jose, California",,,,,,,False,Not in Affinity
63131598-4822-4600-aa7e-e16657c88ea4,arrikto,Machine learning development startup,,"San Mateo, CA",,,,,,,False,Not in Affinity
9250b35d-3708-466c-ab23-8fa9cafc6637,arrival,Maker of electric vans and buses,,U.K.,,,,,,,False,Not in Affinity
8507c3ed-ee36-4b81-94bc-35a3e73c98a1,arrive recommerce,Resale platform,,"Santa Monica, CA",,,,,,,False,Not in Affinity
348e8c0d-edfa-4aa7-af66-aea60ec9ffc2,arsenale bioyards,Advanced bioreactors with AI-driven software for biomanufacturing,,"Milan, Italy",,,,,,,False,Not in Affinity
724baf2d-9832-4cdc-a733-4aa1e7d789e1,artem,Software and hardware platform for CBAM compliance,https://artem.com/,"Cham, Germany",,,,,,,False,Not in Affinity
7215f8d5-2518-4bff-a719-226c5cfd5411,arturo,AI-powered analytics for property analysis,,"Chicago, IL",,,,,,,False,Not in Affinity
7474fb97-5724-4df6-910a-b30c0ee48e74,artyc,Cold supply chain technology including a lithium-ion battery and a solid-state heat pump,,San Francisco,,,,,,,False,Not in Affinity
e234fa65-14d9-4906-904c-d5e3ef16a678,arya.ag,Agritech credit provider,https://arya.ag/,"Noida, India",,,,,,,False,Not in Affinity
f49d05a2-6461-4261-9f7f-34baff69ae53,ascend analytics,Energy transition analytics platform,https://www.ascendanalytics.com/,"Boulder, CO",,,,,,,False,Not in Affinity
797fc794-13f2-4e70-ae18-026047e7165b,ascend elements,Manufacturer of sustainable battery materials for electric vehicles,,"Westborough, MA",,,,,,,False,Not in Affinity
6f778753-9458-4dd0-96e2-950bc2840007,aspen creek digital,Renewable Bitcoin mining operator,,"El Segundo, CA",,,,,,,False,Not in Affinity
f0e64a19-4f7c-4ed5-b31f-660fee974143,aspen power partners,Decarbonization platform,,"Dallas, USA",,,,,,,False,Not in Affinity
798dcfb3-bb14-443c-ba3c-aaca95c63ec8,aspiration,Socially- and environmentally-conscious fintech startup,https://www.aspiration.com/,"Marina del Rey, CA",,,,,,,False,Not in Affinity
98abb352-8ee0-48c5-bbab-c7f34c615202,aspiration partners,Sustainable banking startup,https://www.aspiration.com/,"Marina Del Rey, CA",,,,,,,False,Not in Affinity
172e01a1-32bc-4f26-a282-eb1200c77734,aspiring materials,Carbon capture startup,,New Zealand,,,,,,,False,Not in Affinity
82e1b935-a514-4a53-91b8-b3973a026119,assembly,Modular construction startup,https://www.assemblyos.com/,"New York, NY",,,,,,,False,Not in Affinity
cd7c3e21-1369-4010-b2c7-1389b42a3c8c,assetcool,Power lines robotics and coatings developer,https://www.assetcool.com/,"Leeds, England",,,,,,,False,Not in Affinity
0ea3764d-4e6c-40a3-9b9f-16d7a0759cdd,assetwatch,Asset monitoring and predictive maintenance business,https://assetwatch.com/,"Westerville, OH, U.S.",,,,,,,False,Not in Affinity
0a745ab7-6ddd-41c5-b77f-36e6af0f75f2,astanor ventures,Focused on European agri-food tech startups,,,,,,,,,False,Not in Affinity
99e87105-e96f-49a9-8e1d-c4f7b2c685c3,astraea,Satellite intelligence company leveraging geospatial data to address climate change,,"Charlottesville, VA",,,,,,,False,Not in Affinity
4857ffd7-a82a-44e6-b6f3-9ca58f02084d,astral systems,Develops multistate fusion technology,https://www.astralsystems.com/,"Bristol, U.K.",,,,,,,False,Not in Affinity
b3892b7e-f57a-4cf9-a32f-6f8f45b24b8e,astroforge,Mining resources in space,https://astroforge.com/,"Huntington Beach, CA",,,,,,,False,Not in Affinity
fe5ed40d-a732-456b-ad1f-2cb48453d3bd,astroscale,Company removing space debris,,"Tokyo, Japan",,,,,,,False,Not in Affinity
38c69a53-3385-443f-a070-5f887a3a5019,asuene,Carbon emission visualization platform,https://asuene.com/,"Tokyo, Japan",,,,,,,False,Not in Affinity
2c47ef3f-ee46-4ac9-abd4-1c6940d4e039,At One Ventures,Investment firm,atoneventures.com,"San Francisco, CA",19.0,5.56,Investment Fund,375000000.0,,,True,263366544
fabc1f25-7538-49d6-9a6d-be9639a20ad9,atarraya,Developing sustainable shrimp farming technology,https://www.atarraya.com/,Mexico,,,,,,,False,
1e837674-9969-408a-9c90-af2ecaf6a65e,ATEC,Smart stove technology platform,ateccertification.com,"Castlemaine, Australia",,,,,,,False,136323273
a4e4ff54-921d-44c0-9237-7d4f997493ca,Ather Energy,Electric scooters manufacturer,atherenergy.com,India,,,,,,,False,1687788
3c3f4c31-5876-4c25-8e61-9942342b95d4,Athian,Livestock carbon marketplace,athian.com,"Indianapolis, IN",,,,,,,False,278518929
58ef8201-aff4-413d-83ad-69fcef144e01,Ati Motors,Autonomous electric vehicles designed for industrial settings,atimotors.com,"Bangalore, India",,,,,,,False,268337766
1bbd0f98-a694-41a7-85f9-b96189fbfb94,Atinary Technologies,Materials discovery platform for climate solutions,atinary.com,"Épalinges, Switzerland",23.0,4.55,Seed,5000000.0,AgFunder,Florian Häse (Co-founder and Head of Research at ChemOS Inc.): https://linkedin.com/in/florian-h%C3%A4se-84059a180,True,279426962
e88ac4bc-11fd-46e2-a92e-f944b44087c6,Atlas AI,Provider of economic and agricultural insights,atlasai.co,"Palo Alto, California",25.0,-16.67,Series A,7000000.0,Airbus Ventures,Marshall Burke (Co-Founder): https://linkedin.com/in/marshall-burke-6654324,True,220248054
b86fcd92-a50b-4962-851b-831e2d739936,ATLAS MATERIALS,Technology platform processing low-grade nickel ores,atlasmaterials.com,"Mount Prospect, Illinois",7.0,-12.5,Series A,27000000.0,Grantham Environmental Trust,,True,290145168
35cf8c90-d0cc-4812-9c70-0e001961e824,Atlas Metrics,Build an online platform for tracking ESG metrics,atlasmetrics.io,"Berlin, Germany",51.0,70.0,Series A,12200000.0,Redstone,Lauren Maupetit (Founder Associate): https://linkedin.com/in/lauren-maupetit-810619170,True,280001868
4172380d-5635-45a4-847e-26daff61a693,Atlas Renewable Energy,Energy storage projects in Chile,atlasrenewableenergy.com,Miami,,,,,,,False,150792486
8a0c4139-c62b-44bb-a4a7-347d7c946823,atlast food co,Producer of plant-based meats,https://atlastfood.co/,"Green Island, NY",,,,,,,False,
ff130820-486f-4bf0-8878-b8fb18169790,Atmen,Automated sustainability certification platform,atmen.it,"Eching, Germany",,,,,,,False,224676224
74474e8a-2d6f-4977-9ada-d6ac9a2d798e,Atmio,Operating system for finding and reporting methane emissions,atmio.com,"Hamburg, Germany",19.0,46.15,Seed,5100000.0,VOYAGERS Climate-Tech Fund,,True,1576714
81c8b1f5-ebed-4577-8314-35a3fa7da569,ATC English version,Evaporative cooling systems using seawater,atmocooling.com,"Seattle, WA",,,,,,,False,288868811
42fff95a-d767-4046-b1b8-762c8f41ccd9,atmosic technologies,Low-power compute and connectivity technology,,"Campbell, CA",,,,,,,False,
7c7049c6-5a7e-44ad-9cc3-a8de285a91c3,atmoszero,Electric boilers to decarbonize steam,,"Fort Collins, CO",,,,,,,False,Not in Affinity
3f9f5509-2f58-4651-9ce9-9d7468d13746,atob,Help truck drivers and fleet managers manage fuel and other expenses more efficiently,https://www.atob.com/,"San Francisco, CA",,,,,,,False,Not in Affinity
3f47d221-6d4d-461f-ade6-685896f0cdc8,atom power,Power delivery and EV charging company,https://www.atompower.com/,"Huntersville, N.C.",,,,,,,False,Not in Affinity
69d24ebe-c504-4b4b-af9d-bb7ccf3d59ae,atomberg technology,Smart and energy-efficient appliances company,https://www.atomberg.com/,"Mumbai, India",,,,,,,False,Not in Affinity
f4302310-3b93-414f-acc6-df6e6a82cca4,atomic canyon,AI-powered operations solutions for the nuclear energy sector,https://www.atomiccanyon.com/,"San Luis Obispo, CA",,,,,,,False,Not in Affinity
9afb4f23-440a-4172-ad78-6c2a85134b1d,atomo coffee,Developer of sustainable coffee through upcycled ingredients,https://atomocoffee.com/,"Seattle, WA",,,,,,,False,Not in Affinity
3c80b236-1b98-4d98-a3a7-c14fd884c87e,auar,Robotic microfactories for timber home construction,,London,,,,,,,False,Not in Affinity
3d29e272-4f82-42ac-83f3-8e0f98599c35,audette,Net zero planning platform for commercial real estate,,British Columbia,,,,,,,False,Not in Affinity
c90df2ff-0922-43ea-8e50-fb1df9110409,augmenta,Building design automation company for the construction industry,https://www.augmenta.ai/,Toronto,,,,,,,False,Not in Affinity
e79ca2a6-60be-4da4-bf23-0cec6b6911bc,augmentus,Developer of intelligent and no-code robotics software solutions,https://www.augmentus.tech/,Singapore,,,,,,,False,Not in Affinity
7bb37551-5595-4e21-8eb8-ef879f4d1b71,augury,Machine diagnostics provider,,New York,,,,,,,False,Not in Affinity
feffe7c4-f45b-4a14-906b-898caebd8306,august,Creating biodegradable period care products,,"New York, NY",,,,,,,False,Not in Affinity
943c6926-5cdb-4c8f-af19-626590c66b41,aura power,Solar and battery storage provider,,"Bristol, England",,,,,,,False,Not in Affinity
08ec8db1-9628-44fc-9280-02f7c63028e9,aurea imaging,Sensor systems designed for orchard farmers,https://aureaimaging.com/,"Utrecht, Netherlands",,,,,,,False,Not in Affinity
78e8725a-6090-4c5c-8d31-fabdf8817f50,auriga space,Electromagnetic space launch developer,,"Los Angeles, CA",,,,,,,False,Not in Affinity
868584ad-a476-433c-88b6-f4c5a171eabd,aurora solar,Tools for solar professionals to design and sell solar remotely,https://www.aurorasolar.com/,"San Francisco, CA",,,,,,,False,Not in Affinity
a7df1e38-a863-4be4-89df-47962292cc14,autodrive,Autonomous vehicle technology,,"Los Angeles, CA",,,,,,,False,Not in Affinity
3f7215a5-6a2d-4eae-834c-2ace515e1841,autofleet,AI-powered fleet optimization and vehicle-as-a-service solutions,,"Tel Aviv, Israel",,,,,,,False,Not in Affinity
e9d05618-4f30-42fd-9532-9e41ad93bc3b,autoflight,Developing electric autonomous aircraft,,"Shanghai, China",,,,,,,False,Not in Affinity
e59fab37-547d-4c34-9194-8853fcdc0bed,automated architecture,Robotic home construction,,"London, U.K.",,,,,,,False,Not in Affinity
8fe7cff4-e528-4ad8-9bfb-0bd1ad082613,automotive cells company,Lithium-ion battery cell gigafactories,,"Paris, France",,,,,,,False,Not in Affinity
90dc3e05-a48f-4eb4-8820-557145100eae,automotus,Automated curb management solution,,"Los Angeles, USA",,,,,,,False,Not in Affinity
85b522dd-8351-4f98-a924-58ba60d4f5d4,autonxt automation,High-voltage electric powertrains,,"Bhiwandi, India",,,,,,,False,Not in Affinity
6a309f43-c9eb-4d27-b016-a5518fa7a728,avaada,Green hydrogen ammonia producer,,"Mumbai, India",,,,,,,False,Not in Affinity
83d6db2f-9adc-43a0-a694-e99e849fb2a8,avalo,Genome analysis company focused on plants resistant to climate change,,,,,,,,,False,Not in Affinity
214cf2ff-ba65-482d-b31b-cc6e62facb6e,avangrid,Power company,,New Mexico,,,,,,,False,Not in Affinity
0fb42a91-90b8-416f-960a-f1c6f9e5a0b5,avant,Plant-based protein producer,,Hong Kong,,,,,,,False,Not in Affinity
ee846c89-3c18-4339-9b46-aac2bf294e41,avantus,Utility-scale solar and battery energy storage,https://avantus.com/,"Los Angeles, U.S.",,,,,,,False,Not in Affinity
7d63f043-2882-48a8-b70e-b4470adb25cf,avidxchange,Accounts payable automation for mid-size businesses,,"Charlotte, NC",,,,,,,False,Not in Affinity
efe0400b-fdf9-4fc6-a85c-4a3afc326488,avisomo,Automated vertical farming technologies,,"Gardermoen, Norway",,,,,,,False,Not in Affinity
e222baea-8b63-487f-b976-0b622c92a3b5,aviwell,Animal healthy platform,https://aviwell.com/,"Toulouse, France",,,,,,,False,Not in Affinity
c003ee8e-0d18-4b95-aa50-6f77c48e7022,avnos,Direct air capture and water extraction developer,,"Los Angeles, CA",,,,,,,False,Not in Affinity
9c4a5100-f1ef-4dee-939d-ec037613bd65,avoxt,Membrane-free electrolyzer technology for hydrogen production,https://avoxt.com/,"Eindhoven, Netherlands",,,,,,,False,Not in Affinity
54a5a0d4-79ac-4e3f-b07d-244139965aad,axeleo capital,"Investment firm across energy, chemicals, materials, agriculture",,"Paris, France",,,,,,,False,Not in Affinity
3abbbec3-2ee0-4dfb-be0d-79fef9bf8060,axine water technologies,Wastewater treatment technology designer,,"Vancouver, Canada",,,,,,,False,Not in Affinity
10dc2b71-970a-411d-8f7e-9c20f7970912,axiom cloud,Refrigeration management software designed to reduce energy usage and costs,,"San Jose, Calif.",,,,,,,False,Not in Affinity
f8e6a67a-9c26-4fd4-a6ed-7a68a8ed7615,axle,AI company that automates workflows for compliance teams,https://www.axle.ai/,"San Francisco, CA",,,,,,,False,Not in Affinity
062fc737-2c3a-4d4c-9afb-1e13a6235446,axle energy,Energy demand flexibility software startup,,"London, UK",,,,,,,False,Not in Affinity
d005acfb-efe0-4661-936b-05e80053d643,aymium,Biocarbon and biohydrogen products,,"St. Paul, MN, U.S.",,,,,,,False,Not in Affinity
4d2a5d1c-f9f4-4ea9-b113-c5312bc32905,aypa power,Utility-scale energy storage development business,https://www.aypapower.com/,"Austin, TX",,,,,,,False,Not in Affinity
208c3376-df44-4849-9185-fe04c0107d57,ayro,Wingsail developer for cargo ships and yachts,,"Paris, France",,,,,,,False,Not in Affinity
31d5f4b0-39da-43a0-a6b6-fb3ca6235c38,b:bot,Plastic recycling robotics company,,"Puteaux, France",,,,,,,False,Not in Affinity
e299f52e-09c7-4a9e-ae8a-b61ee7affe3b,baaz bikes,Electric scooter manufacturer,,"New Delhi, India",,,,,,,False,Not in Affinity
2adf4324-217c-47d4-af46-fd5cca97e9aa,babylon micro-farms,On-site vertical farming provider,https://www.babylonmicrofarms.com/,"Richmond, VA",,,,,,,False,Not in Affinity
cf5aed08-9bd8-4d74-904e-a6209bfe8835,bacta,Carbon-negative natural rubber producer,,"Paris, France",,,,,,,False,Not in Affinity
87f10fe9-8635-4962-a5cb-93ced23f161b,balena,Developer of infrastructure for IoT device management,https://www.balena.io/,"Seattle, WA",,,,,,,False,Not in Affinity
13a61052-9e89-4246-b54b-ad971d604bee,balkanid,Cloud access governance solution developer,,"Austin, TX",,,,,,,False,Not in Affinity
924c5628-9702-4aca-8be5-60cd9ac147d2,ballard power systems,"New fuel cell Gigafactory in Rockwall, TX",,"Burnaby, Canada",,,,,,,False,Not in Affinity
646d080f-6302-4e0d-b3f7-4f3daea7dda4,balto energy,Connect homeowners for electrification,,"Palo Alto, CA, U.S.",,,,,,,False,Not in Affinity
6d63de4a-3f9a-49e2-88c4-296c0f61a650,bambrew,Sustainable packaging solutions,,"Bengaluru, India",,,,,,,False,Not in Affinity
ece70203-e081-46b3-b123-9821c70bd539,banyan,Project finance platform for sustainable infrastructure,https://banyancapital.com/,"San Francisco, CA",,,,,,,False,Not in Affinity
1e0191ee-1343-41cb-a6e5-7efbc0198c41,banyan infrastructure,Financing software platform,https://banyaninfrastructure.com/,"San Francisco, CA",,,,,,,False,Not in Affinity
580caba0-e3b2-470b-8302-7f03f50ceabc,banyu carbon,Sunlight-driven process to strip CO2 from seawater,https://www.banyu.com/,"Seattle, WA",,,,,,,False,Not in Affinity
e8668b49-45fd-4699-8a27-0df986032d07,barton blakeley,Chemical process to turn CO2 emissions into synthetic silica,https://bartonblakeley.com/,"Harpenden, U.K.",,,,,,,False,Not in Affinity
d331208b-08c3-43d9-8556-8c6a08d6b5ff,base power,Energy company,https://www.basepower.com/,"Austin, USA",,,,,,,False,Not in Affinity
0a1f6b03-59f5-4870-89c3-cf49807b9a27,basecamp research,Protein-discovery and advanced materials discovery technologies,,London,,,,,,,False,Not in Affinity
2acf00eb-5fa1-4a8a-8dad-1901cb2e1591,baseload capital,Geothermal energy projects,,"Stockholm, Sweden",,,,,,,False,Not in Affinity
33acf6cf-5015-4edb-9cf3-58f9718dd303,basigo,EV buses in Africa company,,"Nairobi, Kenya",,,,,,,False,Not in Affinity
1d93550c-824e-4d46-a82a-b9a9c462df1a,basis climate,Marketplace for buying and selling clean energy tax credits,,"New York, NY",,,,,,,False,Not in Affinity
c6ec1413-562c-4a35-853e-daf0600cb416,bastcore,Manufacturing industrial hemp fiber processing company,,"Montgomery, AL",,,,,,,False,Not in Affinity
ab9383ef-449e-4555-8a1a-a91ed91fc6d5,battery resourcers,Lithium-ion battery recycling and manufacturing company,,"Worcester, MA",,,,,,,False,Not in Affinity
270ef3f8-c879-4c66-b042-29c9569e7dfc,battery smart,Build a battery-swapping network for electric two and three-wheelers,https://www.batterysmart.in/,"Gurugram, India",,,,,,,False,Not in Affinity
b83c3b6c-e8c0-46d1-bb03-30bc2ad5587e,battgenie,Software solutions provider for battery management systems,https://battgenie.com/,"Seattle, WA",,,,,,,False,Not in Affinity
42b0f641-46a4-466f-8b6a-45a99f9ac630,battle motors,Manufacturing vocational electric fleet trucks,,"New Philadelphia, OH",,,,,,,False,Not in Affinity
a9b6ce4e-def4-469c-a83b-e3484ac0f156,battolyser systems,Integrated battery and electrolyzer manufacturer,,"Schiedam, Netherlands",,,,,,,False,Not in Affinity
fe36c868-1185-431e-ad72-93f85f4e9ff0,batx energies,Lithium battery recycling company,,India,,,,,,,False,Not in Affinity
6c5b4687-373a-453e-81f6-1621bca08025,bayotech,Producer of on-site hydrogen,,"Albuquerque, Canada",,,,,,,False,Not in Affinity
d9260f79-f196-4e10-a50d-601d320661fb,Bcomp,High-performance sustainable materials from natural fibers,bcomp.ch,"Fribourg, Switzerland",,,,,,,False,124901033
e6811f3b-a2a0-4c10-999d-0b219c054e0c,Be.EV,To expand its fast EV charging network,be-ev.co.uk,"Manchester, England",,,,,,,False,285624775
73ae1852-60e0-4653-bcf0-46b017484783,beacon power services,Energy management software and analytics provider,,Nigeria,,,,,,,False,
f1745127-1161-457a-ab8c-277092c0a6e4,BEAM,Micromobility startup providing shared e-scooters,beam.com,Singapore,,,,,,,False,299802897
8da8a9ed-fbfc-4fda-80eb-2ab3e0b6ff15,BEAMS,Home renovation platform,beamsapp.co,London,,,,,,,False,123929414
6ee3e1cb-4fee-4f17-86f9-466c427f0f4e,"One Hundred Feet, Inc.",Location intelligence and mapping platform for logistics,beans.ai,"Palo Alto, California",62.0,-10.14,Other,17000000.0,Saama Capital,Akash Agarwal (Founder & Chief Business Officer): https://linkedin.com/in/akash-agarwal-79953917,True,205504935
fcaec9a0-d280-4e2f-8381-ed1631d37938,Bear Flag Robotics,Producer of autonomous tractors,bearflagrobotics.com,"Newark, CA",,,,,,,False,164006176
ac62dd63-f4aa-4b32-919c-1906fe716c61,Bearing,Green shipping software company,bearing.ai,"Palo Alto, California",30.0,-28.57,Seed,7000000.0,AI Fund,Dylan Keil (Cofounder & CEO): https://linkedin.com/in/dylankeil,True,222330146
2ab3921d-50b0-4038-9786-351a8ddacbae,Bedrock Energy,Ground source heat pumps for buildings developer,bedrockenergy.com,"Los Angeles, California",18.0,-14.29,Series A,12000000.0,Titanium Ventures,Joselyn Lai (Co-founder & CEO): https://linkedin.com/in/joselynlai,True,286266415
14eb897f-7f8a-4d35-8d4f-01e4c93a96c4,Bedrock Materials,Sodium-ion battery materials development,bedrock.inc,"Chicago, Illinois",4.0,0.0,Seed,9000000.0,individual angel investors,,True,294204725
196d9a2d-e131-4f9c-92c0-a397a52f60f2,Bedrock Ocean Exploration,Autonomous underwater robots,bedrockocean.com,"New York, New York",37.0,-11.9,Series A,25500000.0,Eniac Ventures,Anthony DiMare (CEO & Co-founder): https://linkedin.com/in/anthonydimare,True,224204698
ac86fb3f-c58c-456b-a615-46239e7b132d,Bedrock Ocean Exploration,Ocean exploration vehicle developer and data platform,bedrockocean.com,"New York, New York",37.0,-11.9,Series A,25500000.0,Eniac Ventures,Anthony DiMare (CEO & Co-founder): https://linkedin.com/in/anthonydimare,True,224204698
80740cfa-badb-4b44-a9b0-7363dde1a6da,beebop.ai,Control DERs in homes,beebop.ai,"New York, New York",19.0,35.71,Seed,5500000.0,Contrarian Ventures,Jan-Willem Rombouts (Founder & Executive Chair): https://linkedin.com/in/jan-willem-rombouts-a4211b1b,True,292893089
2be7d1c8-0941-4372-9e00-35eb1b3e5f92,Beeflow,Startup looking to protect bees,beeflow.com,"San Francisco, CA",,,,,,,False,139436236
6ac6e976-5c6e-4294-b33b-4ac95330181b,BeeHero,Pollination as a service startup,beehero.io,"Fresno, CA",,,,,,,False,197478963
c39aacb2-1a7a-4a4f-b002-e64d61ee7141,Beem Energy,Maker of home energy efficiency and management systems,beemenergy.it,France,,,,,,,False,287767407
47c553fb-e066-4a2d-ab96-2208588453ba,Beep,"Provider of multi-passenger, electric, autonomous vehicles",go-beep.com,"Orlando, Florida",25.0,,PPP Loan,150000.0,U.S. Small Business Administration.,Rodney Rogers (Co-founder & Lead Board Director): https://linkedin.com/in/rodney-rogers-73b56030,True,262864978
2ea38f34-ec20-4b79-9af0-5f2a3b9f24cc,Bees & Bears,Software for cleaner energy installations,beesandbears.com,"Berlin, Germany",16.0,60.0,,500000000.0,unlisted bank in the DACH region,Jakob von Egidy (Founder): https://linkedin.com/in/jakobvonegidy,True,292525908
5feb6900-2cd3-44e7-ae4a-e1c696ddf9e8,BeeWise,AI-run beehive management solutions startup,beewise.in,"San Ramon, CA",,,,,,,False,2182313
56c3c625-7734-4b45-ae8e-601250311d05,Begas Motor,Makes engines that run on biogas,begasmotor.com,Madrid,,,,,,,False,224621165
6aea47fe-32b4-4126-831e-6be3b93955d0,believ,Electric vehicle charge point operator,,"London, England",,,,,,,False,Not in Affinity
4ecdc913-e320-44c8-a82f-c0179d639ec6,bend,Carbon removal corporate spend company,,"New York, NY",,,,,,,False,Not in Affinity
2a53e358-c496-4829-92fc-bddc53f21d63,bendi,AI-powered supply chain ESG risk platform,https://www.bendi.com/,"London, England",,,,,,,False,Not in Affinity
ba33ed39-dbca-4d7a-ad6d-b057d9bc8dff,bene bono,D2C food waste platform,,"Paris, France",,,,,,,False,Not in Affinity
d45ae652-55e5-4dfa-bc03-2718b9eef4d1,beni,Second-hand shopping browsing extension,,"Santa Barbara, CA",,,,,,,False,Not in Affinity
65989c9d-76cc-4564-901e-01a20e0a514f,benson hill,Agricultural breeding startup for sustainable foods,,"St. Louis, MO",,,,,,,False,Not in Affinity
877d8acf-ebbf-4656-a6c6-8a231b058a12,besirius,AI-powered sustainability intelligence platform,https://besirius.com/,"Amsterdam, Netherlands",,,,,,,False,Not in Affinity
bdab4483-cad7-4ea4-bf96-804d76e7857a,bestmile,Fleet orchestration platform,,"San Francisco, USA",,,,,,,False,Not in Affinity
20e46d27-6405-4e34-9499-51fdd1d91d37,beta bugs,Insect protein for animal feed developer,,"Edinburgh, Scotland",,,,,,,False,Not in Affinity
8c50b530-13fe-4274-9c4c-f237cda5e53b,beta hatch,Mealworm producer for animal feed,https://betahatch.com/,"Cashmere, WA",,,,,,,False,Not in Affinity
12185ca7-56a7-4afe-bd90-9d4644142e4b,beta technologies,Electric vertical take-off and landing vehicles (eVTOLs),https://www.beta.team/,"South Burlington, VT",,,,,,,False,Not in Affinity
6e3185d8-0428-4032-979e-a96d0d306961,better dairy,Sustainable dairy products startup,https://betterdairy.com/,UK,,,,,,,False,Not in Affinity
152bf018-457c-429f-9f7e-dcb6871303d0,better origin,Startup that converts food waste into chicken feed,,UK,,,,,,,False,Not in Affinity
e8f087fa-2244-4933-9061-54cfec2e20ba,better world acquisition,SPAC targeting ESG companies,,,,,,,,,False,Not in Affinity
9c180e79-60f5-472e-b88e-28f0ae9b26b6,betterfleet,Fleet electrification solutions platform,https://www.betterfleet.com/,"Sydney, Australia",,,,,,,False,Not in Affinity
b5d3bae2-92f9-4962-9744-2a5bffa8b9b9,betterseeds,Utilizing gene editing to create resilient crops,,Israel,,,,,,,False,Not in Affinity
57922f12-d039-4e97-92b8-4ee5c8ba34ed,bevc,Investment firm for climate-related companies,,"Berkeley, CA",,,,,,,False,Not in Affinity
2c38a092-cfd4-4f66-855f-2537b6b1858d,bevi,Smart water cooler developer and provider,,"Boston, MA",,,,,,,False,Not in Affinity
c9e1ce00-6864-4374-b16b-0251c48674b9,beyond aero,Hydrogen-electric aircraft manufacturer,https://beyondaero.com/,"Toulouse, France",,,,,,,False,Not in Affinity
7b2ca890-216e-42f5-971d-ecb055d1926b,bezero carbon,Carbon ratings agency,https://www.bezerocarbon.com/,London,,,,,,,False,Not in Affinity
cb00545e-d79d-4552-89c4-28d72358b543,bezos earth fund,Research into livestock methane reduction,,,,,,,,,False,Not in Affinity
151d5aa3-423b-41d2-a911-d13332334286,bforeai,AI for predicting and blocking cyberattacks,,New York,,,,,,,False,Not in Affinity
26aad8b3-cc84-41f4-8241-1d4b8a8085bc,bhp group,Mining giants merger,,Australia / U.K.,,,,,,,False,Not in Affinity
2f857ffa-8135-408d-8eff-47bb6d3831a4,bia,Smart meter data analysis platform,https://www.bia.com/,"Bogotá, Colombia",,,,,,,False,Not in Affinity
12e1e350-d596-4cb5-9af2-8c945ae33fec,bia energy,Smart meter and retail energy platform,,"Bogotá, Colombia",,,,,,,False,Not in Affinity
a9cfcc96-c8aa-45c1-98cf-431dbdc3c8c9,bibak,Provider of software for reusable containers,,"Versailles, France",,,,,,,False,Not in Affinity
ad28f37c-4348-4eb0-a9aa-6ed3b6c26670,bidgely,Grid energy data platform,https://www.bidgely.com/,"Los Altos, CA",,,,,,,False,Not in Affinity
af7d7862-6976-43b3-bcb0-e1a56b9861f0,BigSIS,Chemical-free insect control robotics platform,bigsis.com,UK,,,,,,,False,215459832
420ea472-01b7-44bb-83b3-c3d39127064e,BillionElectric,e-Mobility-as-a-Service (eMaaS) platform,billionemobility.com,"Vadodara, India",,,,,,,False,301972369
4743f0f4-bb1d-4f1b-a1d2-12530057421e,Bio-Logical,Nature-based carbon removal services provider,bio-logical.green,"London, UK",,,,,,,False,289558976
02f16436-10fd-4bb5-b7fe-ee7039e23297,BioBetter,Cultivated meat startup utilizing tobacco plants,biobetter.io,Israel,,,,,,,False,279072380
9462e5c8-d0f0-4c4a-8fc1-4a909cc14c29,BiOceanOr,Predictive analytics provider for water quality,bioceanor.com,"Valbonne, France",20.0,5.26,Other,1630995.0,,Samuel Dupont (Principal Chief Executive Officer): https://linkedin.com/in/samuel-dupont-7437b71a4,True,223157546
b8befff2-c2b0-4a43-a54e-894481714931,BioConsortia,Microbial products designed to improve crop yields without negative environmental impacts,bioconsortia.com,"Davis, CA",,,,,,,False,1673822
967c66a4-b32b-4935-b468-50f83a3501db,biocsol,Makes sustainable crop protection solutions,,"Louvain-la-Neuve, Belgium",,,,,,,False,
b5f5cfb3-478e-49e7-8197-3ef131ff8dd6,Bioelements,Bioplastics for packaging,bioelements.com,"Santiago, Chile",,,,,,,False,136339828
d9e64e7a-5db1-442c-a104-7b35a65434bc,Bioenergy DevCo,Organic waste recycling company,bioenergydevco.com,"Columbia, MD",,,,,,,False,222342628
758323ba-609c-43f5-83e3-ce30daa918bd,BioFlyte,Biothreat detection firm,bioflyte.com,"Albuquerque, NM",,,,,,,False,262778962
c7569640-1fc4-4c78-8443-6e9070fb0eed,bioform technologies,Bio-based alternatives to single-use plastic bags,https://bioformtech.com/,"Vancouver, Canada",,,,,,,False,
10d4630c-c98b-4f1a-89e6-86591eb66d5e,BioMASON,Startup using microorganisms to produce cement,biomason.com,"Durham, NC",,,,,,,False,1795548
4edb79ec-c3db-4585-942c-6f5bdacea43d,Biomatter,"Make new enzymes for use in chemical manufacturing, agriculture, and more",biomatter.ai,Vilnius,,,,,,,False,291959600
b3ed9c2c-909c-49f5-a944-3a3cdcaed353,Biome Makers,Technology company using data analytics and AI to analyze soil's ecosystem,biomemakers.com,"San Francisco, CA",,,,,,,False,1800595
a3a6b1f0-a4b5-47ac-b068-fcff3f2595c8,BIOMILQ,Sustainable infant nutrition producer,biomilq.com,"Durham, NC",,,,,,,False,224200007
6aa5ba28-339d-4808-88d1-4b75fa93b01f,Bioomix,Microbial solutions for agriculture developer,bioomix.com,"Odense, Denmark",,,,,,,False,283420022
90222ebf-748e-4034-8c7f-a54748911a8a,Biosphere,Make advanced UV-sterilized bioreactors for biomanufacturing,biosphere.com,San Francisco,,,,,,,False,300277799
d6781130-50cf-40f9-93ee-6bdb83cc582a,biotic,Providing bio-based plastic alternatives,biotic-labs.com,Israel,,,,,,,False,262877913
31d30593-76f0-493c-897f-594e0f01564a,BioVeritas,Upcycling food waste into ingredients,bioveritas.com,"Bryan, TX",,,,,,,False,286547484
805425de-5d6e-411d-b5d6-8c056097dedc,BIOVOX,Sustainable medical-grade bioplastics,biovox.systems,"Darmstadt, Germany",,,,,,,False,284314994
d4de6a0d-f187-4f5e-8794-5c818d801c18,Birdstop,Drone remote sensing platform for safeguarding critical infrastructure,birdstop.io,"San Francisco, California",7.0,-22.22,,2300000.0,strategic investors in energy and telecommunications,Bill Liu (Co-Founder): https://linkedin.com/in/bill-010101,True,220444868
dd4634aa-cdf0-4a40-80b6-7d01c93122ce,Bisly,Energy-efficient building appliances installation marketplace,bisly.com,"Tallinn, Estonia",40.0,25.0,Series A,6200000.0,angel investors,Mihkel Kõrgmaa (Co-Founder): https://linkedin.com/in/mihkel-k%C3%B5rgmaa-10b107153,True,282941666
2a641082-ab56-419b-87e0-a00c04a8b40b,Bison Ventures,Investment firm,bison.vc,"Seattle, WA",4.0,0.0,Investment Fund,135000000.0,,,True,283992597
4a9434dc-8010-40d5-bdb9-199d3e829a49,bit.io,Postgres database building and collaboration platform,bit.io,"San Francisco, CA",,,,,,,False,200351200
e90fccf3-cd43-43a6-94e0-81360a9bed26,Black Sheep Foods,Plant-based lamb alternative company,blacksheepfoods.com,"San Francisco, CA",,,,,,,False,224618333
8a6e70e4-79ee-44e1-923b-8dfde5470262,Blackhorn Ventures,To invest in early-stage digital infrastructure and energy businesses,blackhornvc.com,"Denver, CO",22.0,0.0,Investment Fund,150000000.0,,Ryan Hurst (Co-Founder and Development Partner): https://linkedin.com/in/ryan-hurst-91ba2788,True,95105353
49744ea5-f56d-4dd1-b1ef-3892cdef1a09,BlackRock,Investment firm,blackrock.com,"New York, NY",23686.0,6.79,Public Markets,17400000.0,AMP Wealth Management NZ,,True,280703322
0e2b5f01-5484-41b1-8716-46d459c99155,Blackstone Group,Energy-transition-focused private equity fund,blackstone.com,"New York, NY",6488.0,4.9,Public Markets,2600000000.0,,,True,1621319
c4a4c5fe-ceaf-4818-8623-6be9cff7d245,Blastr Green Steel,Builds hydrogen-powered steel plants,blastr.no,"Lysaker, Norway",,,,,,,False,291646631
b17e6082-5b15-4f64-b86c-e29b20ff812f,Blickfeld,Light detection and ranging (LiDAR) sensing technology developer,blickfeld.com,"Munich, Germany",,,,,,,False,131591412
4a9cbc6f-8bc5-4522-9acb-6822653a3e67,bling energy,Residential solar business,,"Lisbon, Portugal",,,,,,,False,
c1c6d140-cca5-45e3-8054-cdb03ca68bc6,blitz,Electric vehicle-based logistics service platform,,"Jakarta, Indonesia",,,,,,,False,Not in Affinity
2d8f165c-c0ce-4924-975a-d5d1a7c45ab9,blitz electric mobility,EV logistics startup,,"South Jakarta, Indonesia",,,,,,,False,Not in Affinity
1b0fe562-e65e-42a4-9bbf-c43f50c67af9,blocktexx,Chemical textile recycling business,https://blocktexx.com/,"Loganholme, Australia",,,,,,,False,Not in Affinity
c4c7e4e2-1a9a-4121-85e1-6f433a8350c1,blocpower,Climate technology developer,,"Brooklyn, N.Y.",,,,,,,False,Not in Affinity
23fc0937-93de-48ee-9613-04002a01f4a7,bloom biorenewables,Startup developing products to substitute fossil-sourced carbon,https://bloombiorenewables.com/,"Fribourg, Switzerland",,,,,,,False,Not in Affinity
7ab34353-20f7-4c4e-bc2d-a4e0dcde3442,bloom energy,Deploy fuel cells to commercial and industrial customers,,"San Jose, CA",,,,,,,False,Not in Affinity
3e3628dd-2fba-425d-b590-dac81a4b39e0,bloom science,Microbe-based neurological disorder therapeutics developer,,"San Diego, CA",,,,,,,False,Not in Affinity
0657b991-a9e8-4d29-a2c8-a2524dff7714,bloomfield robotics,AI-based inspection agriculture robotics platform,,"Pittsburgh, Pennsylvania",,,,,,,False,Not in Affinity
d7f3716f-f3ae-40d2-ad70-f24d73308538,bloomx,Startup providing AI pollination for crops,,"Tel Aviv, Israel",,,,,,,False,Not in Affinity
d1def24a-6dfc-4dca-9577-d7132f3209cc,blubrake,E-mobility solutions provider,https://www.blubrake.com/,Italy,,,,,,,False,Not in Affinity
33a183e8-b167-42fc-83a0-da2d7470446f,blue bear capital,Invest in early-stage climate tech,,"Paris, France",,,,,,,False,Not in Affinity
fd5eeed5-ab1a-4689-afd5-15574ad6366d,blue current,Solid-state battery developer,https://www.bluecurrent.com/,"Hayward, CA",,,,,,,False,Not in Affinity
d22b0785-df40-4d85-ba33-3fceaa08ff01,blue energy,Build small modular nuclear reactors underwater,,"Washington, D.C.",,,,,,,False,Not in Affinity
f15ab619-f1bc-441f-ae26-c560be35fbf4,blue farm,Plant-based producer of powdered oat milk,,Germany,,,,,,,False,Not in Affinity
6d948098-1d60-4475-ac26-e1295e158c0f,blue frontier,Innovator in sustainable building cooling solutions,,"Boca Raton, Fla.",,,,,,,False,Not in Affinity
ee8d2fb3-6f15-4383-8a96-3ea49cb8d7eb,blue horizon ventures,Sustainable food technology focused venture capital fund,https://bluehorizon.com/,Zurich,,,,,,,False,Not in Affinity
160ec023-ad31-4695-9df1-8f7e54d02d37,blue laser fusion,Laser confinement fusion technology developer,http://www.bluelaserfusion.com/,"Palo Alto, CA",,,,,,,False,Not in Affinity
a4d1914c-d53a-4a98-b727-b5480092ebf5,blue ocean barns,Producer of a cattle supplement which significantly reduces the animal’s methane emissions,https://blueoceanbarns.com/,"Redwood City, CA",,,,,,,False,Not in Affinity
dbf4dba8-0392-4bd7-be31-c93e72ed17dc,blue planet,Developer of carbon capture technology,,"San Jose, CA",,,,,,,False,Not in Affinity
9e3abcef-a683-4789-ac35-cf2ba40158ca,Blue Sky Analytics,Geospatial data intelligence startup,blueskyhq.in,"Gurugram, India",109.0,,Seed,1200000.0,Beenext,Jashanpreet S. (Co-Founder): https://linkedin.com/in/jashanpreetsinghbhullar,True,214000390
4745586a-c7bb-4672-b654-56db18480a23,Blue Stripes,Sustainable consumer food products from ‘upcycled’ cacao fruit,bluestripes.com,New York,,,,,,,False,224673261
0b25c316-c695-444c-b2fe-ba5e1f8fa8c5,blue water autonomy,Fully autonomous naval ships,blw.ai,Boston,,,,,,,False,298060062
22abc300-5f1b-4455-b582-1a77793dbe1c,Blue Whale Materials,Lithium-ion battery recycling platform,bluewhalematerials.com,"Washington D.C., USA",,,,,,,False,263079357
841f6e55-7a3a-4ec7-aa7b-754b61c64d19,Blue White Robotics,Agriculture robotics company,bluewhiterobotics.com,Israel,,,,,,,False,200339948
e02f1688-6027-4001-9384-d29adb80d8bb,Blue World Technologies,Developer of methanol fuel cells,blue.world,Denmark,,,,,,,False,260727921
3f44528a-b61c-42f0-b174-a00c0a58ebb6,Bluedot,EV charging payments platform,bluedot.io,"San Francisco, CA",,,,,,,False,1613836
b798e338-55b5-45d2-b5f1-9548939faa95,BlueDot Photonics,Innovator in new applications of perovskite materials,bluedotphotonics.com,"Seattle, WA",,,,,,,False,225145536
757bebc2-9dbe-4339-8c34-fc5b6df40e48,Bluefront,Investment firm targeting sustainable seafood companies,bluefront.nl,"Oslo, Norway",,,,,,,False,223146284
22ca782c-0a21-4f44-b21c-7065c77fb243,BlueGreen Ventures,Investment firm targeting early-stage startups,bluegreen.vc,"Washington, DC",,,,,,,False,300894322
cfb54adc-ea8d-4888-86df-7989a208ce9f,Blueland,Producer of cleaning products focused on reducing single use plastics,blueland.com,"New York, NY",,,,,,,False,222023896
ad1dfcdb-8c6b-4c02-9f3b-5cdc4fbada1a,BlueLayer,Carbon project management software platform,bluelayer.io,"Berlin, Germany",31.0,10.71,Seed,5600000.0,industry experts,,True,285940115
2533d268-7cec-43bd-90f6-f4a7121981a1,BlueNalu,Startup producing seafood directly from fish cells,bluenalu.com,"San Diego, CA",,,,,,,False,163282054
dd9d45ca-f4f6-4e8d-b5ac-e7977dd8ac9f,BlueOval SK,EV battery manufacturing joint venture with Ford,blueovalsk.com,"Stanton, TN",,,,,,,False,291037109
710cefb6-5480-4b8d-85ec-382c6ebe6ef1,BlueRedGold,"More sustainable, indoor, automated saffron production",blueredgold.com,Sweden,,,,,,,False,285875677
8f467657-b968-4180-807c-f6a3ffb2f283,bluescape opportunities acquisition,SPAC focusing on the energy and industrial sectors,,,,,,,,,False,
956e28f9-6386-45d5-8fcd-dea3f66012ed,Blueshift,Electrochemical climate technology developer,blueshift.com,"San Francisco, California",97.0,-11.01,Debt,40000000.0,Conductive Ventures,Mehul Shah (Co-founder & CTO): https://linkedin.com/in/mehuls,True,1709506
d5df52d5-cf51-4809-9fe2-848a54def7c1,BlueSpace.ai,Autonomous driving startup focused on mass transit,bluespace.ai,"San Jose, CA",,,,,,,False,224685134
5413e206-50db-48c3-9b51-a90e5af15afe,Bluestein Ventures,Third fund for proprietary food tech,bluesteinventures.com,"Chicago, IL",10.0,0.0,Investment Fund,45000000.0,,,True,116048404
7c51047d-eb7a-4d26-b3c7-da0a52c3c175,Bluestem Biosciences,Renewable chemicals company utilizing synthetic biology,bluestembiosciences.com,"Omaha, NB",,,,,,,False,286410606
0782f93e-59da-4a9b-a727-e919abe4705c,Bluetrace,Traceability solution for seafood harvesters,bluetrace.nl,"Castine, ME",,,,,,,False,262531819
eb9945c8-a8c4-4ed4-a085-8e352c1f28cc,Bluewhite,Developer of remote and autonomous farming technology,bluewhite.co,"Tel Aviv, Israel",,,,,,,False,289322007
1eaaa73f-b11a-4828-8877-599ddb7f745d,Blume Equity,Climate tech investment firm,blumeequity.com,"London, UK",13.0,18.18,Investment Fund,27788000.0,British Patient Capital,,True,263651206
25eea739-6147-47b4-af3e-ea339427edb8,Bluon,Support app for HVAC technicians,bluon.com,"Irvine, California",39.0,-23.53,Series B,27600000.0,"MacKinnon, Bennett & Company (MKB)",Peter Capuciati (Founder + Chief Executive Officer): https://linkedin.com/in/peter-capuciati-9625b4206,True,152823810
238e703c-3cca-4c5d-973c-339db39908e8,BluSmart Mobility,Indian EV ride-hailing company,blu-smart.com,"Gurgaon, India",,,,,,,False,223167919
64ff5175-14bf-4310-92a9-e64dab639dbc,BluSmart Mobility,All-electric ride hailing platform,blu-smart.com,"Mumbai, India",,,,,,,False,223167919
d1f958d4-0084-49af-9468-5f2add0fca84,bluu seafood,Cultivated seafood platform,,"Berlin, Germany",,,,,,,False,
592b5ad3-d467-4f15-bb54-232de6918b59,BluWave-ai,Grid energy optimization platform,bluwave-ai.com,"Ottawa, Canada",42.0,-4.55,Series A,9500000.0,PowerON Energy Solutions,"Paul Georges Leroux (Co-Founder, Board Advisor): https://linkedin.com/in/paulgleroux",True,209157850
37bfe51e-46f3-4a47-942d-3a3aa10f6bfd,Bnewable,Develops battery and energy management systems for businesses,bnewable.com,Brussels,,,,,,,False,289345905
99b1a9c4-6fa7-4824-ba2e-3cdb9be20f78,Bodhi,Solar-focused software technology company,bodhi.solar,"Austin, Texas",17.0,-22.73,Seed,4000000.0,Clean Energy Ventures,Scott Nguyễn (Co-Founder + CEO): https://linkedin.com/in/scottvinhnguyen,True,222006411
13b081d6-1da6-4e09-8ab9-c24c6bf81872,Bolder Industries,Converting end-of-life tires into petrochemicals,bolderindustries.com,"Boulder, Colo.",,,,,,,False,1696616
2072e594-d08b-4333-8611-9951c8d0d892,Bolt,A platform for transportation services,bolt.eu,"Tallinn, Estonia",,,,,,,False,1626435
0cd92bde-2075-4092-ad5a-56dbcebd8340,Bolt Earth,EV charging network,bolt.earth,"Bengaluru, India",169.0,-15.5,Series C,20000000.0,others,Mohit Yadav (Cofounder): https://linkedin.com/in/mohit-yadv,True,285294954
e6f30a80-285e-4406-b7a8-6a4126da5536,Bon Vivant,Animal-free dairy proteins developer,bvmiami.com,"Lyon, France",,,,,,,False,223949271
a0050865-1bcb-4e8f-a156-874f8ba95546,Bond Pet Foods,Utilizing biotechnology to develop plant-based pet treats,bondpets.com,"Boulder, CO",,,,,,,False,161804265
d9cf5dfd-e8af-4a4f-9802-58786a7ef05c,Bonnet,EV charging network,bonnetelectric.com,"London, United Kingdom",3.0,,,5000000.0,Jon McNeill,Eliot Makabu (CTO & Co-founder): https://linkedin.com/in/eliot-makabu-615333157,True,224692045
11bb5fb6-f4fa-4174-95c1-9d281e50aa84,Boon,AI tools to automate fleet management operations,goboon.it,"Gurgaon, India",,,,,,,False,1711969
eb90ab14-21a2-43b4-80be-dbf1a9b599cb,Boost Biomes,Agtech startup developing products to increase crop yields,boostbiomes.com,"San Francisco, CA",,,,,,,False,146842528
26d938cd-70da-4c88-a37a-d4ff231333a3,Booster,Mobile energy delivery platform,booster.com,"San Mateo, CA",,,,,,,False,1654791
5d427358-58cc-4e1d-9b3f-59b7ca146d44,Boox,Sustainable e-commerce infrastructure company,boox.it,"Petaluma, CA",,,,,,,False,1618612
71d6eb73-c9ae-4ef7-9be5-e30486dfdbf9,Boston Materials,Advanced materials for semiconductor manufacturing provider,bostonmaterials.co,"Billerica, MA",,,,,,,False,198241042
4755f47c-316e-4d4f-ba9c-777b8bf67c4a,Boston Metal,Startup seeking to lower the carbon footprint of metal production,bostonmetal.com,"Woburn, Massachusetts",195.0,16.77,Series C,20000000.0,Breakthrough Energy Ventures,Tadeu Carneiro (Chairman and Chief Executive Officer): https://linkedin.com/in/tadeu-carneiro-a454b41a9,True,219924821
de70eeb3-4bbf-484f-a72f-5c45babd7854,Bot Auto,Make autonomous trucks,bot.auto,"Houston, TX",,,,,,,False,298684098
16d8203b-2eff-4e2c-aabb-cc47a09ef138,bota bio,Biomanufacturing company,,"San Francisco, CA",,,,,,,False,
f5a1e3d2-42be-4150-a36b-43a12e4ec200,bounce,Operator of electric and gasoline scooters,,India,,,,,,,False,Not in Affinity
7b5cb588-fd79-4537-8931-c9fa2f45bfb9,bound4blue,Turnkey wind-assisted sails for maritime transport,https://bound4blue.com/,"Barcelona, Spain",,,,,,,False,Not in Affinity
571b7ef1-04b6-47d8-8042-ae6aedc80095,bounti,Autonomous AI products developer,https://www.bounti.ai/,"San Jose, Calif.",,,,,,,False,Not in Affinity
7d3ed5cf-15d5-4c22-afdc-f2d9506f8768,bovotica,Synbiotic for cattle methane reduction developer,,"Brisbane, Australia",,,,,,,False,Not in Affinity
dfa48aa6-28c4-4f34-b1f3-9fd991e44d6a,bower,App that rewards people when they recycle,,"Stockholm, Sweden",,,,,,,False,Not in Affinity
8314aaed-a6f6-4e3c-9bdf-86b6ddf33601,bowery farming,Vertical farming company,,"New York, NY",,,,,,,False,Not in Affinity
1d444777-03dd-49cd-96e5-a9df0ff010d3,boxpower,Developer of rural solar microgrid projects,,"Grass Valley, CA",,,,,,,False,Not in Affinity
ad52b997-fc55-4a84-85db-14ec6a35d829,brainbox ai,Autonomous building startup optimizing energy consumption,https://brainboxai.com/,"Montréal, Canada",,,,,,,False,Not in Affinity
8c84a3d1-e94a-4cfc-8aac-48a64688f2af,bramble energy,Hydrogen fuel cell startup,https://brambleenergy.com/,UK,,,,,,,False,Not in Affinity
97197912-341a-405b-9c84-986346ff1635,branch energy,"Software designed to make building electricity use less opaque, cleaner, and cheaper",https://www.branchenergy.com/,"Houston, TX",,,,,,,False,Not in Affinity
d929751f-d148-47e2-9fed-65e8e90cab55,brasol,Solar developer and energy transition company,,"São Paulo, Brazil",,,,,,,False,Not in Affinity
35f378cc-3183-4454-ab6f-3b8ed9f3f673,braya renewable fuels,Renewable fuels developer,,"Dallas, TX",,,,,,,False,Not in Affinity
6b50a5c7-7ce0-4442-bd58-aca3bee34cc6,breaking,Engineers microorganisms to degrade plastic waste,https://breaking.com/,"Boston, MA",,,,,,,False,Not in Affinity
b84f8172-2680-4f5f-b7ed-a1c89ea1dfe0,breakthrough energy ventures,Fund targeting startups with deep decarbonization potential,https://www.breakthroughenergy.org/,,,,,,,,False,Not in Affinity
7924752d-b180-41d2-84d2-dc10af9d36b9,breathe battery technologies,Battery performance software provider,,"London, UK",,,,,,,False,Not in Affinity
ea711fea-366d-46b8-bfe7-14e1d8f30276,breega,Invest in African seed-stage companies,,"Paris, France",,,,,,,False,Not in Affinity
8fe2fe32-58e1-4c2f-af67-3b1a267a0c83,breezometer,Air quality data provider,https://www.breezometer.com/,Israel,,,,,,,False,Not in Affinity
474ca65f-9a37-401e-b882-4871fa3e14dc,brevel,Startup developing a microalgae-based protein,,Tel Aviv,,,,,,,False,Not in Affinity
907cbad8-5b9b-42bb-a553-3998f9e6f335,brickeye,Digital IoT platform for construction sensors,https://www.brickeye.com/,"Toronto, Canada",,,,,,,False,Not in Affinity
52c035fe-2154-4ecc-ad5c-458e4b06c550,bridgecrew,Maker of automated cloud security tooling aimed at engineers,,"San Francisco, CA",,,,,,,False,Not in Affinity
47038037-e579-4f16-8310-1a6f018e6ab2,bridger photonics,Developing methane detection technology,https://bridgerphotonics.com/,"Bozeman, MT",,,,,,,False,Not in Affinity
869d8eed-dafc-4f38-8d87-807c95396500,bright,Rooftop solar distributor,https://www.bright.com/,"Mexico City, Mexico",,,,,,,False,Not in Affinity
5bca8b77-7882-4e46-9270-099edd4dff00,bright biotech,Cultured meat company,,UK,,,,,,,False,Not in Affinity
62553907-48ba-4372-868f-a5d3274781c7,bright machines,To make automated manufacturing systems for manufacturers of products like batteries,,"San Francisco, CA",,,,,,,False,Not in Affinity
eb6ba186-0667-476f-8766-7e493686f533,bright power,Energy and water management platform,https://brightpower.com/,"New York, NY",,,,,,,False,Not in Affinity
2b87b292-751e-4c35-bf35-04658981aed5,brightai,Monitor and manage physical assets with AI and IoT,,"San Francisco, CA",,,,,,,False,Not in Affinity
81d8f572-c9fa-4a96-a476-34bbcd9ad00c,brightband,AI-powered weather and climate forecasting tools,https://brightband.com/,San Francisco,,,,,,,False,Not in Affinity
40d4f985-efa2-4ea7-aca6-7f2509d35b82,brightfarms,Indoor farming startup,https://www.brightfarms.com/,"Irvington, NY",,,,,,,False,Not in Affinity
abc064da-ef0d-471d-a148-549fc786f898,brightnight,Utility-scale renewables development and operations,,New York City,,,,,,,False,Not in Affinity
965c965c-ecba-45f3-8116-14c19d9aa298,brightseed,Startup using AI to identify plant nutrients,https://www.brightseedbio.com/,"San Francisco, CA",,,,,,,False,Not in Affinity
e5336db5-dd26-4641-98de-b49ff463995a,briink,Automate extracting ESG-related insights from documents,https://www.briink.com/,Berlin,,,,,,,False,Not in Affinity
1287898f-6c38-4d3a-9d59-c64e635c54eb,brill power,Battery management software platform,https://brillpower.com/,UK,,,,,,,False,Not in Affinity
e7519e1c-c851-46ae-be36-447d10436959,brimstone energy,Green cement company,,"Berkeley, CA",,,,,,,False,Not in Affinity
4d2d5b14-badb-4996-bf68-635db9dd27c7,brineworks,Ocean-based carbon removal technology developer,,"Amsterdam, Netherlands",,,,,,,False,Not in Affinity
2a8155f7-db75-4f69-b2c0-f32a9c3f183e,bringly,Sustainable last-mile delivery provider,https://bringly.nl/,"Amsterdam, Netherlands",,,,,,,False,Not in Affinity
fc61666d-8507-40f9-9105-2824d6ecaa2f,brompton bicycle,Foldable bikes and e-bikes company,https://www.brompton.com/,"London, UK",,,,,,,False,Not in Affinity
40b9f249-1083-4020-85c6-85676a504a3c,brookfield,Investment firm,,"Toronto, Canada",,,,,,,False,Not in Affinity
1b764953-3525-490f-97f7-5e309d519e18,brookfield asset management,Investment firm,https://www.brookfield.com/,"Toronto, Canada",,,,,,,False,Not in Affinity
7864fc3b-4673-4b31-a012-1bb79d173de7,brown foods,Company developing milk using mammalian cell culture technology,,"Delhi, India",,,,,,,False,Not in Affinity
6f1ef72b-7d15-484d-9128-d9568d6adb88,brudeli,Electric truck startup,,"Hokksund, Norway",,,,,,,False,Not in Affinity
6b7683db-b0f7-4dff-8712-8b486f360f36,budderfly,Energy solutions marketplace,,"Shelton, CT",,,,,,,False,Not in Affinity
e4c1b98d-feae-4994-90e5-08ce80c7e085,build to zero,Industrial thermal energy storage company,,"Seville, Spain",,,,,,,False,Not in Affinity
99d72684-081f-4bc5-82fe-9a512f5492d2,buildforce,Connecting skilled tradespeople with contractors,,Houston,,,,,,,False,Not in Affinity
39a367c9-5482-4244-984b-404f990bbed3,buildings iot,Maker of building systems management software,,"Concord, CA",,,,,,,False,Not in Affinity
ece72306-ee66-4a23-bdc4-c6d8b5e4cb74,buildops,"Management platform for commercial contractors in HVAC, plumbing, and electrical industries",https://www.buildops.com/,"Brooklyn, New York",,,,,,,False,Not in Affinity
9cbce3c3-b7f8-4b3e-9998-9d1ccab280dc,buildots,A.I.-based construction management company,,"London, UK and Tel Aviv, Israel",,,,,,,False,Not in Affinity
13905867-d26c-4359-a6d0-df5816ea239f,buildvision,Construction procurement platform,,"Charleston, SC",,,,,,,False,Not in Affinity
ef7a1b09-64f0-4d90-95e1-9dceb55ac971,built robotics,Automation technology solutions for the construction industry,,"San Francisco, CA",,,,,,,False,Not in Affinity
eb05b4b7-a68c-40ce-bf0e-04f584724251,BukuKas,Digitizing small businesses,bukukas.co.id,Indonesia,,,,,,,False,262413693
c9c2778a-a977-4ddf-b92c-219072b7a9e7,"BurnBot,",Developer of mechanized vegetation management and wildfire prevention tech,burnbot.com,"South San Francisco, California",26.0,23.81,Series A,20000000.0,Skip Capital,"Dr. Waleed S, ""Lee"" Haddad (CTO and Co-Founder): https://linkedin.com/in/dr-waleed-s-lee-haddad-5109b14",True,288667105
5ce786e2-a9b6-4e45-b470-9571b7b4d225,Burro,Agriculture autonomy company,getburro.com,"Philadelphia, PA",,,,,,,False,1776807
5c3ab37b-44b8-4971-bd7d-4e50444eafc0,Butlr,AI and thermal technology sensors developer,butlr.com,"San Francisco, California",85.0,-10.53,Series B,38000000.0,Carrier,"Honghao Deng (Chief Executive Officer, Co-founder): https://linkedin.com/in/honghaodeng",True,1585708
054d5a11-ec1b-4c72-addb-8f9e0ab11dda,buynomics,Revenue optimization SaaS platform,buynomics.com,"Cologne, Germany",77.0,-10.47,Series B,30000000.0,Dvh Ventures,Ingo Reinhardt (Founder & Managing Director): https://linkedin.com/in/ingoreinhardt,True,263576937
1b7e2ae1-8b5e-44dc-bff6-168c55c2e8f8,Buzz Solutions,AI image analyzation maker for detecting infrastructure flaws,buzzsolutions.co,"Stanford, California",43.0,79.17,Series C,5000000.0,Vodia Ventures,Dennis Chang (Co-Founder): https://linkedin.com/in/dennis-chang-58b46045,True,131081675
fe235114-ef3d-4d00-8e2c-05f31cbbf0a7,BXB Technologies Pty,Food supply chain decarbonization platform,bxbtech.com.au,"London, UK",,,,,,,False,289617268
5c591938-0508-43fb-a8d1-d3d523b41e0c,Biosphere Ventures,Investment firm,bxventures.com,"New York, NY",,,,,,,False,284372319
a8ec6226-8da7-4dc0-9977-80161ea265fb,Bybug,Produce recombinant proteins from genetically engineered black soldier flies,bybug.io,"La Serena, Chile",17.0,0.0,,1457325.0,,Jose Del Solar Bou (CEO & founder): https://linkedin.com/in/jose-del-solar-bou-208465200,True,288311246
e081240a-bdc0-441f-9bb9-8e6f42970fce,byd,Chinese car and battery maker,https://www.byd.com/,China,,,,,,,False,Not in Affinity
1a0fcae2-7502-4d98-8fff-47fb8d3140bd,bynd venture capital,Investment firm for pre-seed and seed-stage European ESG-focused startups,,"Lisbon, Portugal",,,,,,,False,Not in Affinity
506fc631-9d2f-45f9-9436-8dad30042309,b’zeos,Compostable seaweed-based packaging,https://bzeos.com/,"Oslo, Norway",,,,,,,False,Not in Affinity
486d709f-f83b-460a-a243-b8b80f45af0b,c-capture,Post-combustion CCS developer,https://www.c-capture.co.uk/,"Leeds, UK",,,,,,,False,Not in Affinity
e87a97b0-0b20-45d8-9e47-3e6144ef006c,c-crete technologies,Materials discovery for energy transition platform,,"San Leandro, CA",,,,,,,False,Not in Affinity
e707a57f-ecc6-475e-88a1-94c07324b07c,c-zero,Natural gas decarbonization,,"Santa Barbara, CA",,,,,,,False,Not in Affinity
13b61330-723c-4a39-b75f-189d138a5544,c1 green chemicals,Low-carbon chemical process developer,,"Berlin, Germany",,,,,,,False,Not in Affinity
3ed78e3f-bb65-457e-bb13-baa7a7770adb,c1 green chemicals ag,Green methanol catalysis technology,,"Berlin, Germany",,,,,,,False,Not in Affinity
ee0b667f-c7a4-48aa-a4bf-84dd899d1ab6,c16 biosciences,Producer of sustainable alternatives to palm oil using biotechnology,,"Somerville, MA",,,,,,,False,Not in Affinity
1cf4be9f-57be-4207-a456-a5a528369b99,c2ca technology,Recycled demolition concrete service provider,,"Utrecht, Netherlands",,,,,,,False,Not in Affinity
8809957c-44b8-4a6a-b094-f14c22470d57,caban,On-site power provider,,"Plano, TX",,,,,,,False,Not in Affinity
5fc08ff1-06d8-4bdb-b969-c6a0b22b32a3,caban energy,Energy-as-a-service solutions provider,,"Plano, TX",,,,,,,False,Not in Affinity
f84808e3-ccd9-4518-b332-1c1965677eba,caban systems,Software-enabled energy storage and management systems for telecommunications,https://cabansystems.com/,"Burlingame, CA",,,,,,,False,Not in Affinity
37584903-e89d-472e-b28a-97c302f03906,cache energy,Pellets of calcium hydroxide for heating,,"Champaign, IL",,,,,,,False,Not in Affinity
acaa46d1-f570-4d3c-bb37-9bdb7d30fe09,cactos,Repurposed energy storage systems developer,https://cactos.fi/,"Helsinki, Finland",,,,,,,False,Not in Affinity
74913ccf-e107-4853-bad7-2b6521884765,cadstrom,AI tools for electrical engineers,https://cadstrom.com/,Montréal,,,,,,,False,Not in Affinity
67e000f4-bd5a-45d4-af25-3fa3d9443715,caeli wind,Platform for analyzing and marketing wind energy locations,,"Berlin, Germany",,,,,,,False,Not in Affinity
4272b5c4-aeea-463a-a3da-18ef59ffd940,caelux corporation,Developer of perovskite-based solar technology,,"Pasadena, CA",,,,,,,False,Not in Affinity
e6607c52-2340-4f7d-bf78-672ee93fe1dc,cala systems,Producer of heat pump water heaters,,"Somerville, MA",,,,,,,False,Not in Affinity
93951d84-5a48-4ea6-b398-63635b4fc9eb,caladan bio,Streamline experimentation in synthetic biology,,New York,,,,,,,False,Not in Affinity
95a30743-8ad8-49df-b366-5859f2947bec,caldera,Low-carbon heating technology for industrial applications,,"Hampshire, U.K.",,,,,,,False,Not in Affinity
fa1b0d72-8a85-4d3b-85a0-dc686bb0bd64,calectra,Thermal energy storage system,,"Oakland, CA",,,,,,,False,Not in Affinity
a3d90b1a-af90-4bf1-b4bf-1c6020a3fac3,calefa,Waste heat technology provider,https://calefa.com/,"Hollola, Finland",,,,,,,False,Not in Affinity
a51771e3-16e3-404f-85c6-6b4c60192ac3,calice,AI-powered agricultural software platform,,"Buenos Aires, Argentina",,,,,,,False,Not in Affinity
c94e87af-2831-4c2b-ab34-da361611af08,california cultured,Plant cell cultures to produce flavanol-rich cocoa,,"Davis, CA",,,,,,,False,Not in Affinity
912bb9fb-871f-46e7-9035-3aed1b4b9754,calumino,Thermal sensor technology and A.I. developer,https://www.calumino.com/,"Sydney, Australia",,,,,,,False,Not in Affinity
b5468a94-8c76-43dd-9c6c-b55042c60431,calysta,Focused on alternative proteins,,"San Mateo, CA",,,,,,,False,Not in Affinity
54f9eab2-161a-446f-a09d-f30f7343ac6a,calyxia,More sustainable alternatives to microparticles and microcapsules,https://calyxia.com/,"Bonneuil-sur-Marne, France",,,,,,,False,Not in Affinity
3700efdf-b427-4aab-99d4-ee0607c5d988,cambium,AI and software solutions for repurposed waste wood into lumber,,Baltimore,,,,,,,False,Not in Affinity
f16e54af-8a78-40ef-88c2-a73bb33b8931,cambium carbon,Reforestation startup reclaiming wood waste,https://www.cambiumcarbon.com/,"Washington, DC",,,,,,,False,Not in Affinity
34195539-f09e-4dff-8474-f0c94dcf7501,cambridge electric cement,"Low-carbon, recycled cement production process",https://cambridgeelectriccement.com/,United Kingdom,,,,,,,False,Not in Affinity
a9b0a7bb-f04b-4017-82da-bad4e22e66e4,cambridge electrical cement,Low-carbon cement producer,,"Cambridge, England",,,,,,,False,Not in Affinity
9514860e-1f7f-412e-8558-c86601a00345,cambridge gan devices,Maker of energy-efficient devices,,U.K.,,,,,,,False,Not in Affinity
d6e5a8e3-85ab-486d-94ed-d313fa1faec7,cambrium,Biomaterials discovery platform,,"Berlin, Germany",,,,,,,False,Not in Affinity
991e757d-3044-4cc1-9df6-e88bc1b27a23,cameo,Platform for personalized video messages from celebrities,,"Chicago, IL",,,,,,,False,Not in Affinity
0d220caf-d3ce-471b-bda4-3f5c0b1f5805,camion,Intelligence and analytics platform for power and electric vehicle charging,https://camion.com/,"London, U.K.",,,,,,,False,Not in Affinity
72838852-acbf-4a0e-b594-93b309eebfda,campbell global,Timberland investments with carbon removal,https://www.campbellglobal.com/,,,,,,,,False,Not in Affinity
e1981407-aed2-4068-b782-8d13d82d7bdf,camus energy,Advanced grid management software maker,,"San Francisco, CA",,,,,,,False,Not in Affinity
f887ec78-226d-455e-a070-03b25bbac56f,canadian solar,Solar technology pure play developer,https://www.canadiansolar.com/,"Guelph, Canada",,,,,,,False,Not in Affinity
baa5c3a4-6b2d-4ea6-a38e-5531dd228332,cancrie,Sustainable advanced materials producer,,"Jaipur, India",,,,,,,False,Not in Affinity
b14a0789-ac4a-40da-ac94-da89bfe6cef8,candela,Electric hydrofoil technology company,https://candela.com/,"Stockholm, Sweden",,,,,,,False,Not in Affinity
22250d8b-a7cf-4146-87e0-9a70c398af53,canoo,Offering EVs on a subscription basis,,Southern California,,,,,,,False,Not in Affinity
aabb4386-79cf-4e7b-a4c4-8e5532e2affd,canopus,Geothermal drilling solutions platform,,"The Hague, Netherlands",,,,,,,False,Not in Affinity
6c98a050-8896-408c-8fdc-68eae566ca9e,canvas,Machine learning to install drywall at construction sites,,"San Francisco, CA",,,,,,,False,Not in Affinity
4d09addf-f440-4c7e-843e-830946a2b90b,capagro,Investment firm focused on early-stage agriculture and foodtech,,"Paris, France",,,,,,,False,Not in Affinity
e93c40b9-c4e6-42d7-92cc-1f893598231f,capalo ai,Battery energy storage systems trading optimization company,,"Kuopio, Finland",,,,,,,False,Not in Affinity
bf6d8cfe-da00-47a0-bfcb-399cee5e88e1,capezero,Financial platform for clean energy developers,,"Brooklyn, NY",,,,,,,False,Not in Affinity
db230f60-737b-4779-8254-7b32cb1b8f74,capow,Developer of a power delivery system for robotic fleets,,Israel,,,,,,,False,Not in Affinity
099c28c1-f9ae-4841-9265-df7e5c45c753,capra robotics,Autonomous mobile robots for various industries,,"Viby J, Denmark",,,,,,,False,Not in Affinity
005c3634-dfe3-42f1-9584-bc755cefdab3,captain fresh,Sustainable seafood business,https://captainfresh.com/,"Bengaluru, India",,,,,,,False,Not in Affinity
15eb79d0-b7ac-4bc0-bcaa-63b260650579,captiva containers,Recyclable PET packaging manufacturer,,"Miami, FL",,,,,,,False,Not in Affinity
9e0b6ceb-a3d6-4815-bf85-1b56c80fb4aa,captoplastic,Microplastics capture technology developer,,"Vicálvaro, Spain",,,,,,,False,Not in Affinity
bf64d021-0e22-4fc7-9113-d2f9c00ebc5e,captura,Direct ocean carbon capture startup,https://captura.com/,"Pasadena, CA",,,,,,,False,Not in Affinity
f8788ad8-877e-43e3-92ce-a263675213ad,capture6,Technology that cleans wastewater while removing carbon dioxide,https://www.capture6.com/,"Berkeley, California",,,,,,,False,Not in Affinity
96d5e9be-789a-4707-8473-75d2be7e0cf4,car iq,Autonomous payment solutions for fleet vehicles,,"Oakland, CA",,,,,,,False,Not in Affinity
d9495eae-ab1c-4c2e-95ad-17587f6734dd,carbios,Enzymatic technologies for PET,,"Clermont-ferrand, France",,,,,,,False,Not in Affinity
6cdd692b-3fdc-4b1e-a568-5b26524df4a2,carbmee,Carbon and ESG management software for enterprises,https://www.carbmee.com/,Berlin,,,,,,,False,Not in Affinity
ec65e965-9e03-49d8-919d-e7e1c541e507,carbo culture,Carbon removal startup,, ,,,,,,,False,Not in Affinity
80adecfd-aa78-441b-abaf-690da7431d43,carbogenics,Developer of bio-additives stabilizing anaerobic digestion plant performance,,"Edinburgh, United Kingdom",,,,,,,False,Not in Affinity
537cee47-22e4-4347-9f00-e6c77fc2f812,carbominer,Carbon capture technology platform,,"Kyiv, Ukraine",,,,,,,False,Not in Affinity
043981bd-0b63-40e6-8d6f-fca8c75d4112,carbon america,Carbon capture and sequestration (CCS) developer,https://www.carbonamerica.com/,"Arvada, Colo.",,,,,,,False,Not in Affinity
4e6d8d31-2891-4b94-bf96-44d737ac5f94,carbon capture,Carbon removal startup,https://carboncapture.com/,"Pasadena, CA",,,,,,,False,Not in Affinity
01048af4-c879-4151-bc3f-d42c28ac773d,carbon capture scotland,Company capturing CO2 from organic processes,,"Crocketford, United Kingdom",,,,,,,False,Not in Affinity
b8e4ecfa-0ad1-4da2-85dc-10e2ebb74a36,carbon clean,Carbon capture technology startup,https://carbonclean.com/,UK,,,,,,,False,Not in Affinity
272c060a-466a-4a4a-8f34-19339b8027db,carbon clean solutions,Low cost CO2 capture and separation technology startup,https://carboncleansolutions.com/,"London, UK",,,,,,,False,Not in Affinity
262317f9-58f0-4683-a707-277325dc3f8c,carbon counts,Climate change gaming platform,,"Cambridge, MA",,,,,,,False,Not in Affinity
635384e2-1c7b-4934-82e8-d5af07645936,carbon direct,Carbon management firm,,"New York, NY",,,,,,,False,Not in Affinity
e9c37273-55bf-490a-8ed0-1a013ec4cc9a,carbon equity,Climate venture capital and private equity fund investing platform,https://www.carbonequity.com/,Amsterdam,,,,,,,False,Not in Affinity
c3690e7d-9112-4b84-9e18-18a785c78a94,carbon free energy cloud,Scope 2 emissions measurement and mitigation platform,,"San Francisco, CA",,,,,,,False,Not in Affinity
4b928af9-73f7-4241-939c-db977c8b8ccd,carbon maps,Climate management platform for the food industry,,"Paris, France",,,,,,,False,Not in Affinity
2aa512e9-9b87-4076-9a0e-42af8fa9cfab,carbon neutral club,Incentives platform for workforce-led climate action,,"Toronto, Canada",,,,,,,False,Not in Affinity
c2c6eab3-ce9e-42e0-bf2f-4ebb3eb71c5c,carbon re,AI platform reducing industrial emissions,,UK,,,,,,,False,Not in Affinity
114ba8a3-9fcb-4f76-abcb-57875d5bd671,carbon recycling international,CO2-to-methanol producer,https://carbonrecycling.is/,"Reykjavík, Iceland",,,,,,,False,Not in Affinity
46de1d5a-0e9a-4590-b26a-aadef6df02a7,carbon reform,Indoor air quality and energy efficiency direct air capture technology,,"Newark, DE",,,,,,,False,Not in Affinity
6db87cae-0c18-4bfa-8cd3-ff2ea39f30a7,carbon relay,AI driven solutions to data centers,,"Boston, MA",,,,,,,False,Not in Affinity
a1efefc0-4da5-4e47-98d8-d980fd0e5542,carbon ridge,Develop of modular CCS solutions for maritime industry,,"Los Angeles, CA",,,,,,,False,Not in Affinity
2cd4bfdb-a7b9-4802-8764-716fd87bb171,carbon robotics,AI precision weed control robot maker,https://www.carbonrobotics.com/,"Seattle, WA",,,,,,,False,Not in Affinity
ed1981e8-a1a8-47c1-b962-626961b95910,carbon upcycling technologies,Carbon utilization company producing CO2-embedded cement,,"Calgary, Canada",,,,,,,False,Not in Affinity
0b2d4569-77a7-43bb-9f1f-1f0d4f9bc3eb,carbon13,Climate venture builder,,"Cambridge, United Kingdom",,,,,,,False,Not in Affinity
dc4a2538-0483-4831-8dff-136327eb4c6f,carbonable,Climate-focused investment management platform,,"Paris, France",,,,,,,False,Not in Affinity
4ca55f61-ad52-4549-9616-ab0bf97c4286,carbonaide,Carbon curing technology start-up,,"Joensuu, Finland",,,,,,,False,Not in Affinity
f8628f8e-783d-4491-b758-7618629cccc7,carbonaires,Carbon asset manager,,"London, UK",,,,,,,False,Not in Affinity
810814ed-8775-4ba4-a240-a0ee9958795c,carbonblue,Ocean-based carbon dioxide removal business,,"Tel Aviv, Israel",,,,,,,False,Not in Affinity
1049e44c-864b-4616-bfb3-9eddf941ceb4,carbonbuilt,Carbon dioxide capture tech maker,https://www.carbonbuilt.com/,"Los Angeles, CA",,,,,,,False,Not in Affinity
07f8907b-b41e-433a-ba78-eac913fd9b3a,carboncapture,Modular direct air capture technology platform,https://carboncapture.com/,"Pasadena, CA",,,,,,,False,Not in Affinity
f29e78ef-760d-43e7-a22f-2eed03e1f365,carboncloud,Climate footprinting platform for food supply chains,https://carboncloud.com/,"Göteborg, Sweden",,,,,,,False,Not in Affinity
607cfe1d-09ab-4938-bf32-409dfa58584c,carboncycle,CCS project developer,,"Irving, TX",,,,,,,False,Not in Affinity
d7877e91-0dae-4fb6-865a-e2a3084e673d,carbonethics,Tech-enable climate solutions developer,,"Jakarta, Indonesia",,,,,,,False,Not in Affinity
075eba49-2230-4e1b-8010-564680aac2d5,carbonfact,Emissions-tracking service for the fashion industry,https://carbonfact.org/,Paris,,,,,,,False,Not in Affinity
2c9c79c3-b28b-4406-9801-0474f699bf9c,carbonfuture,Digital infrastructure for carbon removal,https://carbonfuture.earth/,Germany,,,,,,,False,Not in Affinity
f89b3a3d-8791-4190-8db0-95fd2eb93188,carbonhound,Carbon management software for SMEs company,,"Toronto, Canada",,,,,,,False,Not in Affinity
ddb91656-e65d-4e8e-86a9-0a7a71623183,carbonoro,CO2 capture company,,"Nijmegen, Netherlands",,,,,,,False,Not in Affinity
db46eda9-13ee-4537-b990-f25127ec2258,carbonova,Carbon nanofibers from CO2 platform,https://www.carbonova.com/,"Calgary, Canada",,,,,,,False,Not in Affinity
7564d76d-44ac-4f60-8db2-29dc2d457022,carbonplace,Carbon credit transaction network,,"London, UK",,,,,,,False,Not in Affinity
f1540c06-b18a-4867-b3b3-a89bd347177a,carbonquest,Distributed Carbon Capture technology for heavy industry,https://carbonquest.com/,"Spokane, WA",,,,,,,False,Not in Affinity
d70e07f9-ae24-4439-a11c-c67b2a94d00a,carbonrun,Add alkalinity to rivers to deacidify waterways,,"Nova Scotia, U.S.",,,,,,,False,Not in Affinity
c42355f6-35e3-46dd-9676-8915d576e490,carbonscape,Biographite developer,https://www.carbonscape.com/,"Riverlands, New Zealand",,,,,,,False,Not in Affinity
333c840d-ff73-42d4-bf51-8c8fe00bf229,carbonstop,Carbon emissions management software and consulting solutions provider,https://www.carbonstop.com/,China,,,,,,,False,Not in Affinity
0b582658-35ba-4f97-9c7f-29cc4ccab4b3,carbonwave,Developing advanced biomaterials from seaweed,https://www.carbonwave.com/,"Carolina, Puerto Rico",,,,,,,False,Not in Affinity
6c43c068-b662-4a83-880f-4ccb753511d8,carbonx,Build carbon black plants for graphene production,https://carbonx.com/,"Paris, France",,,,,,,False,Not in Affinity
bd03ebdd-1995-4f6b-a0ee-18829feb44de,carbonzero.eco,Biochar production technology developer,,"Los Altos, CA",,,,,,,False,Not in Affinity
9a18ea07-8e36-4831-8e4b-c64f0f9db5a0,carbyon,Direct air capture business,https://carbyon.com/,"Eindhoven, Netherlands",,,,,,,False,Not in Affinity
9d3a73eb-2630-4024-a2db-9f6b3a9fd208,cargoroo,Manufacturer of electric cargo bikes,,Netherlands,,,,,,,False,Not in Affinity
22fe8dbe-6bcb-4207-8ccc-774ed542d93c,cariqa,EV charging marketplace,https://cariqa.com/,"Berlin, Germany",,,,,,,False,Not in Affinity
d0c10edf-6319-4f48-b5f5-a12df423e4f7,carpecarbon,Direct Air Capture (DAC) technology developer,,"Torino, Italy",,,,,,,False,Not in Affinity
2bb7dfbc-7977-441a-802c-04419b2e39e8,carrar,Provider of battery modules and thermal management systems for electric vehicles,,"Sha’ar Hanegev, Israel",,,,,,,False,Not in Affinity
7a40f4a2-d761-464a-add0-878f64f214e4,cartken,AI-powered autonomous robots maker,https://www.cartken.com/,"Oakland, CA",,,,,,,False,Not in Affinity
b2e2efd7-6777-4c3b-bc24-818d795ea941,cascade biocatalysts,Sustainable chemicals platform,https://www.cascadebiocatalysts.com/,"Brooklyn, NY",,,,,,,False,Not in Affinity
40002e05-7e0e-4a20-9c3c-3ba8932b0b39,cast.ai,Cloud management software provider,https://cast.ai/,"Miami, FL",,,,,,,False,Not in Affinity
42a5a396-dab3-4702-b99b-aff1e3d58431,catalera biosolutions,Sustainable pest-control products,,"Vancouver, Canada",,,,,,,False,Not in Affinity
8ad71671-4607-43b8-afdf-f5f2c72fc3c6,catalyst fund,Investments in early-stage climate companies in Africa,,"Nairobi, Kenya",,,,,,,False,Not in Affinity
f199ed65-a3b3-407b-a3cc-037bf8a3b8e1,catalyxx,Bioethanol conversion technology developer,,"Chesterfield, MO",,,,,,,False,Not in Affinity
2e69ba24-6fad-4cca-825b-2ce9f8d6a22a,catchfree,Plant-based seafood alternatives maker,,"Zurich, Switzerland",,,,,,,False,Not in Affinity
b456569d-2dd4-491e-accc-a82689bcb4f9,catchwise,AI-driven predictive analytics for the wild fishery industry,,"Oslo, Norway",,,,,,,False,Not in Affinity
e4bba4fd-988a-4b8f-845e-6fa9c32b775b,category ventures,VC making pre-seed and seed investments,,San Francisco,,,,,,,False,Not in Affinity
62e23674-ef0f-49c0-ab4c-b9a9fc5b9ef7,cauldron,“Fermafacturing” startup for foods and fibers,,"Orange, Australia",,,,,,,False,Not in Affinity
5b794824-5f12-4df2-9ea1-c0474f2ebf17,cauldron ferm,"Sustainable, plant-based proteins",https://cauldronferm.com/,"Orange, Australia",,,,,,,False,Not in Affinity
902f129c-c53f-4b66-95a1-8d9ca43965dc,causal labs,AI weather prediction startup,,,,,,,,,False,Not in Affinity
106e4726-4c2a-416e-8822-18ce19a3e4ed,cavela,Automated product sourcing AI platform for e-commerce companies,https://www.cavela.com/,"San Francisco, Calif.",,,,,,,False,Not in Affinity
5107ee9d-b562-4081-9aff-bb54b59ef88f,caveonix,Compliance and security cloud company,https://www.caveonix.com/,"Falls Church, VA",,,,,,,False,Not in Affinity
48bd05a9-ef40-400f-878b-e2a4982cf51e,cavnue,Autonomous roadways company,https://www.cavnue.com/,Washington D.C.,,,,,,,False,Not in Affinity
85774970-c277-401e-9684-96d494e1832c,cecil,Platform for managing carbon and natural capital assets,,Australia,,,,,,,False,Not in Affinity
a87750e9-95fd-4bfe-bb51-6ffe463a47b1,cedara,Carbon intelligence platform for the media industry,,"Austin, TX",,,,,,,False,Not in Affinity
1aacf07a-9966-4f4d-a7ab-36ae600ab5e5,ceezer,B2B carbon credits marketplace,https://www.ceezer.com/,"Berlin, Germany",,,,,,,False,Not in Affinity
0a2ae96e-cbc5-4e67-980f-2572c1bd20ad,ceibo,Copper extraction technology,https://ceibo.tech/,"Santiago, Chile",,,,,,,False,Not in Affinity
8166d210-0e83-43d7-a8d0-83b59f987f3e,Celadyne,Developer of fuel cells and hydrogen solutions,celadyne.com,"Chicago, Ill.",,,,,,,False,302417092
e134e5ee-cc21-478c-af73-1e3172eefac4,Celest Science,Climate risk assessment platform,celest.science,"Paris, France",,,,,,,False,301461725
dd1b2bc1-f907-48c1-955f-e932b7b34d53,Celestial AI,Creator of the Photonic Fabric optical interconnect technology platform,celestial.ai,"Santa Clara, CA",,,,,,,False,281147992
71591d9c-df20-4cfd-a99d-41d842a49ac4,Celigo,Integration platform as a service,celigo.com,"San Mateo, California",,,,,,,False,1563671
057b2984-6b79-47f9-a22c-f9d79712e855,Celleste Bio,Cell-cultured cocoa ingredients,celleste-bio.com,"Misgav, Israel",9.0,28.57,Seed,4500000.0,SnackFutures Ventures,Michal B. (Chief Executive Officer): https://linkedin.com/in/michal-b-11136130,True,289545538
4d077d28-a68b-465f-802d-e652adc12452,Cellfion,Developing bio-based membranes for energy storage and conversion devices,cellfion.se,Sweden,,,,,,,False,285875682
4ac21b33-3447-4dd8-899f-3b82ab65beff,Cellink,Flexible circuits for clean energy company,cellinktechnologies.com,"San Carlos, California",113.0,-1.74,Series D,250000000.0,"T. Rowe Price Associates, Inc.",Malcolm Brown (Co-founder and VP Engineering): https://linkedin.com/in/malcolm-brown-06986121,True,285051354
cc9f5026-1dd0-46dc-a577-ac16f44c4941,CellMEAT,Alt shrimp maker,thecellmeat.com,South Korea,,,,,,,False,263065102
4ca7c5a0-1c8b-4960-9086-389157093cd9,CellMine,Lithium-ion batteries recycling platform,cellmine.co.uk,"Livingston, UK",,,,,,,False,293836993
885e52cd-4d2b-4d36-bb69-2a7680dc9f84,Cellqua,Cultivated seafood start-up,cellqua.io,"Songnam, South Korea",,,,,,,False,290115764
3c913cd6-3c32-4a1b-8160-005aac38b804,cellva ingredients,Cellular agriculture platform,,"São Paulo, Brazil",,,,,,,False,
70b63629-3b47-4a9a-8aa1-4c46031126f0,CemVision,Sustainable cement production platform,cemvision.se,"Nybro, Sweden",,,,,,,False,280782430
7646292d-bae4-4347-95c6-d9811a990f13,Cemvita Factory Inc.,Biotech startup using microbes to turn carbon dioxide into useful products,cemvitafactory.com,"Houston, TX",,,,,,,False,161878593
18815e72-95bc-46ba-b3fc-4ff4bf1011e5,Certa,Procurement platform with ESG management tools,certa.com,"San Francisco, CA",,,,,,,False,292728352
0193b796-b52f-422d-ba9b-52b91363f3b3,cerv e,Food waste and efficiency platform,,"Göteborg, Sweden",,,,,,,False,
474236f7-c646-42e0-b435-d81c0573bbd8,Cervest,Digitising the global food supply chain,cervest.earth,"London, United Kingdom",3.0,0.0,Series A,30000000.0,Lowercarbon Capital (Chris Sacca),Karan Chopra (Co-Founder & Chief Operating Officer): https://linkedin.com/in/karchopra,True,204034177
673b790a-531e-4bc2-a694-89b8d0ef4e9a,Cervest,Earth science AI company,cervest.com,U.K.,25.0,,,,,Karan Chopra (Co-Founder & Chief Operating Officer): https://linkedin.com/in/karchopra,True,162567805
be3da48e-1d8e-4657-9c4b-d7623f5a7a46,Cetogenix,Developer of organic waste to renewable energy,cetogenix.co.nz,New Zealand,,,,,,,False,285883002
5d7aec5a-9c13-4fa7-89f7-65b646a7345c,CF Pathways,Carbon credits and risk management provider in the energy and environmental markets,cf-pathways.com,UK,,,,,,,False,288499861
4c8fd793-0aeb-49f7-9f97-ecd12bdd419d,CH4 Global,Company using seaweed to reduce methane emissions,ch4global.com,"Henderson, Nev.",,,,,,,False,263365518
7b44c3f5-9c7d-4dc8-97da-e1e74fd5ed9c,Chain.io,Cloud-based supply chain integration platform,chain.io,"Philadelphia, Pennsylvania",32.0,-13.51,Series A,11000000.0,Waybury Capital,Brian Glick (Founder / CEO): https://linkedin.com/in/briansglick,True,197497418
e8b69aec-182c-440a-9bfa-2389474a1a17,ChainCraft,Developing biochemicals from organic waste,chaincraft.nl,Netherlands,,,,,,,False,1765594
fc9076ee-9e18-4267-9a68-eb287cc8a05e,Chainguard,Supply chain software security company,chainguard.dev,"Kirkland, Washington",297.0,102.04,Series D,356000000.0,Kleiner Perkins,Scott Nichols (Founder): https://linkedin.com/in/scott-nichols-8ab333184,True,283604468
809d500c-164f-45e3-bbf2-e93f0b2f572a,Change Foods,Vegan cheese company,changefoods.com,"Palo Alto, CA",,,,,,,False,279419567
940b5a1d-bf84-41b7-8d3e-802ed5fa581e,Chapter,AI-powered operating system for knowledge in sustainable energy,chapter.com,Amsterdam,,,,,,,False,263084757
3ac59d0a-48e0-4b9a-ba46-1e64c1905627,char.gy,To expand its EV charging network,char.gy,London,,,,,,,False,122028741
68bf7b8e-8a51-4a07-b577-8abe0c22ea1d,charbone hydrogen,Green hydrogen producer,,"Brossard, Canada",,,,,,,False,
4c7eb73a-8952-44e8-80c3-cbbce3dd6b9c,charge,Developer of electric charging stations for e-bikes and e-scooters,,"NYC, NY",,,,,,,False,Not in Affinity
7ab8a119-64ab-426e-8459-27d6041086af,charge amps,Green-tech company and maker of EV charging solutions,https://chargeamps.com/,"Solna, Sweden",,,,,,,False,Not in Affinity
0dc08674-fc46-4ba0-93ba-412ddbecc1de,charge zone,Fleet electrification and retail EV charging platform,,"Vadodara, India",,,,,,,False,Not in Affinity
1c95feaf-6d96-4d11-8c54-06334689e3e3,charge+zone,Fleet electrification and retail EV charging company,https://chargezone.com/,"Vadodara, India",,,,,,,False,Not in Affinity
41f88654-fcab-4cda-965d-512c9cf0372d,chargeeuropa,EV charging infrastructure,https://chargeeuropa.com/,"Warsaw, Poland",,,,,,,False,Not in Affinity
9915602c-3fef-4a02-8262-f7e191579fd5,chargelab,Developer of EV charging operating software,https://www.chargelab.co/,"Toronto, Canada",,,,,,,False,Not in Affinity
73fdc249-4237-4ba2-ba49-be95c51c8eb5,chargenet,EV charging startup,,"San Francisco, CA",,,,,,,False,Not in Affinity
e4bcd7c7-0f9b-4aed-99d3-bb40a05caa11,chargepoint,The world’s largest electric car charging network,https://www.chargepoint.com/,"Campbell, CA",,,,,,,False,Not in Affinity
51fcb520-2f1a-4c10-9fba-2f3446c9d3a8,chargerhelp,On-demand repair app for electric vehicle charging stations,https://www.chargerhelp.com/,"Los Angeles, CA",,,,,,,False,Not in Affinity
4c57692a-5fb7-4fc5-b4cf-db2314b062e1,chargerhelp!,Maintenance and workforce development for electric vehicle charging infrastructure,https://www.chargerhelp.com/,"Los Angeles, CA",,,,,,,False,Not in Affinity
e0bcbe89-71f7-4a42-93d4-51b5e93f9425,chargetrip,EV navigation software provider,https://chargetrip.com/,"Amsterdam, Netherlands",,,,,,,False,Not in Affinity
35fe7c05-4627-475e-a116-3c80c9638dc1,chargeup,EV battery swapping network,,India,,,,,,,False,Not in Affinity
0b8b2574-dd28-4b34-96a3-377e4b4fe06b,chargex,EV charging system operator,https://www.chargex.de/,"Munich, Germany",,,,,,,False,Not in Affinity
e01742f9-baa0-442c-b28a-6071382387cd,charm industrial,Carbon removal technology company,https://www.charmindustrial.com/,"San Francisco, CA",,,,,,,False,Not in Affinity
e14cac02-449c-474f-96cd-873a92c701e1,chasm advanced materials,Developer of carbon nanotube hybrids,,"Canton, MA",,,,,,,False,Not in Affinity
18be358c-bbe5-4a49-917e-0863105e38ec,checkerspot,High-performance materials company that designs materials at a molecular level,,"Berkeley, CA",,,,,,,False,Not in Affinity
b3325cec-ad2b-4ee1-b39a-db483228a5aa,checksammy,Waste removal and recycling services provider,,"Dallas, TX",,,,,,,False,Not in Affinity
556c491e-18b1-4467-a279-05ba317cdd55,cheesecake energy,Energy storage startup,,UK,,,,,,,False,Not in Affinity
cb5a0e17-5694-4e64-a946-3d84384cb247,chemix,Use AI to accelerate EV battery innovation,,"Sunnyvale, CA",,,,,,,False,Not in Affinity
8f3c54db-bec3-4d4f-8eca-69c39935d5d3,cherry street energy,Providing solar energy solutions,https://www.cherrystreetenergy.com/,"Atlanta, GA",,,,,,,False,Not in Affinity
1611a07c-10fb-4360-8ac7-3f0e7265c281,chestnut carbon,Carbon removal company,https://www.chestnutcarbon.com/,"New York City, NY",,,,,,,False,Not in Affinity
fbd4272b-3324-4b9b-b238-ef95e0f20d59,chilibeli,Commerce platform for farmers and suppliers,,Indonesia,,,,,,,False,Not in Affinity
d70e09dd-00d4-424d-9f4a-e1bc4fe9ba99,chilye,Startup developing high-voltage battery systems for EVs,,China,,,,,,,False,Not in Affinity
9f63ffab-ae7d-48b7-bdcd-824b7de2f3c4,chooch.ai,Computer vision startup,,"San Francisco, CA",,,,,,,False,Not in Affinity
e4a4f516-bb82-4df3-96bb-c5c5b7d36aac,chooose,SaaS platform enabling enterprise to integrate climate action into customer experiences,https://chooose.today/,Norway,,,,,,,False,Not in Affinity
3338ed0a-a5a4-401d-b00b-875ad3e4f3fe,chopvalue,Company recycling chopsticks into durable materials,https://chopvalue.com/,"Vancouver, Canada",,,,,,,False,Not in Affinity
d75674c9-dfae-4000-82a6-180f1b478834,chopvalue manufacturing,Recycling chopsticks into durable materials,https://www.chopvalue.com/,"Vancouver, Canada",,,,,,,False,Not in Affinity
aaa70c44-efb9-45cf-88aa-3137880e71af,chorus.ai,Sales conversations intelligence platform developer,,"San Francisco, CA",,,,,,,False,Not in Affinity
80dfa753-82b7-444e-ab74-6ea229412405,chroma,Open-source embedding database provider for generative A.I.,https://www.chroma.com/,"San Francisco, CA",,,,,,,False,Not in Affinity
d2f8f81f-645d-4456-b94a-1d90512ebe44,chromologics,Developing natural food colorants from fungal fermentation,,"Søborg, Denmark",,,,,,,False,Not in Affinity
a7a1e058-78fc-4fb1-9352-ffffe8174e93,chronosphere,Cloud-based applications monitoring company,,New York,,,,,,,False,Not in Affinity
3095ee1a-adc2-4982-bf85-1c8f1fff3580,chrysalabs,Soil quality assessment technology developer,,"Montréal, Canada",,,,,,,False,Not in Affinity
53af0d72-93b9-4122-a8f1-82c7e264a9dd,cibus capital,Invest in sustainable food and agriculture companies,,"London, U.K.",,,,,,,False,Not in Affinity
b11beb19-527a-4b05-aae3-8c6f89723417,cim,Property operations decarbonization platform,,Ireland,,,,,,,False,Not in Affinity
9972baad-cd3c-4615-9d9d-e300df743ef5,cimico,Biotechnological wastewater treatment platform,,"Donostia-San Sebastian, Spain",,,,,,,False,Not in Affinity
61dc8156-eccd-4e12-a290-12630b0802ae,cinsoil,AI- and satellite-powered MRV tool for soil carbon,https://cinsoil.com/,"Berlin, Germany",,,,,,,False,Not in Affinity
1552bae4-7f80-41f7-9ed0-40c711a4ae75,cintoo,Reality capture data management platform,https://www.cintoo.com/,"Biot-Sophia Antipolis, France",,,,,,,False,Not in Affinity
a5de0b3d-d7cb-4919-8d8b-8159bcabe553,cirba solutions,Battery management and materials processor,https://www.cirbasolutions.com/,"Charlotte, USA",,,,,,,False,Not in Affinity
d9cb78d5-0ff6-4aab-adb6-7c47ae665b7a,circ,Circular fashion company recycling fashion waste into textiles,,"Berlin, Germany",,,,,,,False,Not in Affinity
d8b62423-d640-4a66-91b2-13346aa315c8,circadian technologies,Energy management system provider,,"Berlin, Germany",,,,,,,False,Not in Affinity
4a54f262-a14d-40c0-8584-92245c09ffb8,circe,Carbon-negative manufacturing company,https://www.circe.com/,"Boston, Mass.",,,,,,,False,Not in Affinity
7df9264c-f681-4655-9e8b-b6af1822d1cf,circonus,Data analytics and monitoring platform for businesses,,"Fulton, MD",,,,,,,False,Not in Affinity
fa3e17ec-a101-49f2-972d-5c2f60c76127,circtec,Tire recycling facilities using pyrolysis technology,https://www.circtec.com/,"London, U.K.",,,,,,,False,Not in Affinity
54de2533-5c3f-4737-8d29-db4bc85e1234,circu li-ion,Battery recycling platform,,"Hesperange, Luxembourg",,,,,,,False,Not in Affinity
9cf0540b-737a-434a-ba96-df03ff51513b,circuit,Electric shuttle service,,UK,,,,,,,False,Not in Affinity
9826e7e3-304b-41a9-9d50-bcf2d58e7829,circuland,Digital Material Passports for construction,,London,,,,,,,False,Not in Affinity
4b39fe7f-5bd9-4c86-942f-a5f1658d3dbc,circular,Circular economy digital tools platform,,"San Francisco, CA",,,,,,,False,Not in Affinity
ac2d45a2-c159-4109-965c-148a1016a677,circular brain,Electronic waste lifecycle management platform,,"Jundiaí, Brazil",,,,,,,False,Not in Affinity
1ff2b26b-b79a-4e11-8a8b-d9fd70694afa,circular.co,Platform for buying and selling post-consumer recycled materials,https://circular.co/,"San Francisco, CA",,,,,,,False,Not in Affinity
d417ec6d-695f-45ef-a736-657990f1ac49,circularise,Blockchain-based plastics recycling tracking platform,,Netherlands,,,,,,,False,Not in Affinity
4ab80c5b-8d1a-4536-828c-527a27d45ab6,circulate capital,VC fund investing in innovations to combat plastic waste,,,,,,,,,False,Not in Affinity
51972995-9d6c-4cc3-80ea-64551f1fd65e,circulor,Supply chain traceability and CO2 tracking,https://www.circulor.com/,London,,,,,,,False,Not in Affinity
f845658e-3243-42b8-b440-48d06ea7a08c,circunomics,Circular battery platform,https://www.circunomics.com/,"Mainz, Germany",,,,,,,False,Not in Affinity
c0fcfd84-6ee9-4a0d-9969-01e40f65b9a8,citrine informatics,Developer of a materials artificial intelligence operating platform,,"Redwood City, California",,,,,,,False,Not in Affinity
9b8f9b6b-494c-4784-a921-345fd0ca183f,citron,Building energy transition company,,"Suresnes, France",,,,,,,False,Not in Affinity
24e13d68-dcf0-4adf-afbd-d4bc6130c953,citroniq,Carbon-negative materials and plastics,,Houston,,,,,,,False,Not in Affinity
30d7e397-c0c6-4d1b-84bb-875d339abfc0,civ,Debut fund for critical infrastructure investments,,"Venice, CA",,,,,,,False,Not in Affinity
bf84ea09-3e53-430e-a5b3-6ce7b54cae5f,civ robotics,Autonomous surveying solution for civil engineering and infrastructure projects,,"San Francisco, CA",,,,,,,False,Not in Affinity
cb5aac0a-4fe3-4b79-b79a-fba7a2a7daa1,clairity technology,Low-cost carbon dioxide removal systems,,"Los Angeles, CA",,,,,,,False,Not in Affinity
38144d15-bd21-40b9-b89d-88577a999049,clarity ai,Platform for determining the social and environmental impacts of portfolios,,"New York, USA",,,,,,,False,Not in Affinity
d5e9abd9-248c-4c35-ad48-cfb54c493f95,clarity movement,Air quality monitoring company,,"Berkeley, CA",,,,,,,False,Not in Affinity
69d263a7-a717-4ba8-b28c-98bb0f743e43,clarke valve,Developer of energy-saving shutter valves,,"North Kingstown, RI",,,,,,,False,Not in Affinity
28dcac91-031f-43ec-b3d3-4ece9d2b5bd6,claros,Provider of a power management platform optimizing energy delivery and consumption at data centers,https://www.claros.com/,"Mclean, VA",,,,,,,False,Not in Affinity
b17f07bb-7981-449a-8acd-8432d1e0360b,claros technologies,Advanced materials company,https://www.clarostech.com/,"St. Paul, Minn.",,,,,,,False,Not in Affinity
65c0dc86-e712-4e78-b2c2-b808d5e1a422,claroty,Industrial cybersecurity platform for highly automated production sites,https://www.claroty.com/,"New York, USA",,,,,,,False,Not in Affinity
76868dda-6208-496d-9ad9-14b5b67b0f72,class8,Manage fleets for trucking companies,,"Toronto, Canada",,,,,,,False,Not in Affinity
0f17913d-a9fc-4d35-88bb-ad6dda8bef4d,clean crop technologies,"Startup using cold plasma technology to increase crop yields, improve food safety, and reduce food waste",https://cleancroptech.com/,"Holyoke, MA",,,,,,,False,Not in Affinity
217b1e85-e7ea-43f4-94a8-1678fb43716e,clean electric,Provider of energy storage solutions,,"Pune, India",,,,,,,False,Not in Affinity
b2d27942-0e5d-42ca-84b4-2eb0e13a847f,clean energy terminals,Offshore wind terminals construction,,"Valencia, CA",,,,,,,False,Not in Affinity
2b1d465a-8915-4323-b404-4c88e93e590c,clean energy ventures,Invest in decarbonization hardware startups,,Boston,,,,,,,False,Not in Affinity
218914e0-3456-45f8-8feb-585e39c1fcde,clean food group,Sustainable oil and fat alternatives,,"London, England",,,,,,,False,Not in Affinity
c33688dc-9423-4e19-af83-73362ef743c4,clean kitchen club,Plant-based restaurant chain,,UK,,,,,,,False,Not in Affinity
249e528a-b3ec-4d59-a638-f2a79e7eff00,cleanarc data centers,Hyperscale data centers,,"Austin, TX",,,,,,,False,Not in Affinity
b553e42c-4d14-4d65-9fb2-62b4633a6907,cleancapital,Invests in and operates solar and energy storage projects,,New York,,,,,,,False,Not in Affinity
73ba2489-ba8c-435a-866d-86d7c241fecd,cleanchoice energy,Clean-tech company,,"Washington, D.C.",,,,,,,False,Not in Affinity
56950a2e-2784-4005-9c5d-e8d91c3475b1,cleanfiber,Provider of carbon-negative building installation from recycled cardboard,https://cleanfiber.com/,"Buffalo, NY",,,,,,,False,Not in Affinity
737d81e3-fc5e-4cd8-82f4-e7e42311af4c,cleanjoule,Sustainable aviation fuel company,,"Salt Lake City, USA",,,,,,,False,Not in Affinity
c8a3de5d-cf6d-42c8-8469-f220e13a7917,cleanlab,A.I. accuracy boosting platform,,"San Francisco, CA",,,,,,,False,Not in Affinity
a15d4268-0f1a-4557-8d37-9416880a197d,cleano2 carbon capture technologies,Carbon capture technology company,,Canada,,,,,,,False,Not in Affinity
87730cd3-0bf7-40b4-94de-cda44e8703bb,cleanrobotics,AI recycling sorting company,,"Longmont, CO",,,,,,,False,Not in Affinity
7aaa16f9-aa38-4fdf-bf86-4f1c622f04d2,clear current,AI-powered virtual energy management platform for enterprises,,"Albuquerque, NM",,,,,,,False,Not in Affinity
6b33f604-b1f0-4807-bbbc-58ccbdeae4cf,clear labs,Maker of a sequencing diagnostics platform,,"San Carlos, CA",,,,,,,False,Not in Affinity
4d4fb09b-9de6-4402-8903-cf0231a92a23,clearcogs,Platform to reduce food waste in kitchens,https://clearcogs.com/,"Chicago, IL",,,,,,,False,Not in Affinity
80a6671b-0975-4700-bdea-58d83ae608ff,clearflame engine technologies,Developer of clean combustion engine technology,,"Woodridge, IL",,,,,,,False,Not in Affinity
faf66396-67e4-4439-a7ca-0a80c735534f,clearflame engines,Powering heavy-duty engines with low-carbon fuels,https://clearflameengines.com/,Illinois,,,,,,,False,Not in Affinity
8acfb4b7-4f11-48da-b2b0-bbd8c076d52b,clearleaf,Agricultural emissions monitoring and analytics platform,https://clearleaf.com/,"San Pedro, Costa Rica",,,,,,,False,Not in Affinity
4502ebc7-8bb5-474b-a875-420632460f64,clearly,EV fleet management software,,London,,,,,,,False,Not in Affinity
932cda20-a6a4-48f7-b7cd-0799b4c0dfc6,clearstory,Change order tool for the construction industry,,"San Francisco, CA",,,,,,,False,Not in Affinity
741c8f12-1646-4285-9680-1c787b80e6ab,cleartrace,Maker of software with automated energy and carbon accounting,,"Austin, TX",,,,,,,False,Not in Affinity
e2052061-0513-44c6-9704-c9d834ca7c73,clevergy,Energy consumption optimization platform,,"Madrid, Spain",,,,,,,False,Not in Affinity
c61c455c-15d3-4886-9e95-66a1e972805a,cleyrop,Turnkey data platform for companies and institutions,https://cleyrop.com/,"Paris, France",,,,,,,False,Not in Affinity
0fc1bce3-e37f-410a-9018-ec5dc7759267,clim8 invest,Investing app focused on combating climate change,,UK,,,,,,,False,Not in Affinity
f9db3d5d-6991-4eac-9610-338326b93ef0,climacell,Weather intelligence platform,https://www.climacell.co/,"Boston, USA",,,,,,,False,Not in Affinity
c1b25e85-d3e7-42fb-bdc9-30c9871de01d,climate alpha,AI-powered climate analytics platform,,"Singapore, Singapore",,,,,,,False,Not in Affinity
efc1f82e-f6b5-48d1-bb7d-6d40fb73d071,climate change crisis real impact i acquisition,SPAC led by Mary Powell and David Crane,,,,,,,,,False,Not in Affinity
2493613c-189b-42a7-b302-5b589d0cd625,climate policy radar,Platform to track climate change policy and law,,"London, U.K.",,,,,,,False,Not in Affinity
d587b888-ba91-45e7-9328-9bab467877f7,climate tech partners,Debut climate startup fund,,"Sydney, Australia",,,,,,,False,Not in Affinity
c5184146-8f2f-4a74-b665-367dc87c2a9b,climate vault solutions,Corporate climate sustainability platform,https://www.climatevault.com/,"Seattle, WA",,,,,,,False,Not in Affinity
0634f227-fafa-45af-869c-3dc655691a51,climate x,Climate risk analytics provider,,UK,,,,,,,False,Not in Affinity
c33c2016-d483-4b68-9ac1-a36e2f18f80d,climateai,Climate risk modelling startup,,"San Francisco, CA",,,,,,,False,Not in Affinity
7e080d25-4c2d-4613-9fa2-d62d8e4330c9,climatealigned,AI-driven sustainable finance platform,,"London, UK",,,,,,,False,Not in Affinity
dd7d60d2-ce23-4ef4-9e17-ad6055d21145,climatecamp,Collaborative platform to reduce Scope 3 emissions,,"Antwerp, Belgium",,,,,,,False,Not in Affinity
4e2cc163-a2c7-4f97-9278-3ddb1cdb4213,climatetrade,Blockchain-enabled marketplace financing certified carbon offsetting,,Spain,,,,,,,False,Not in Affinity
cbce7cc3-9e15-4f61-804c-0c094291d0bc,climateview,Climate transition planning and simulation platform,https://www.climateview.global/,"Stockholm, Sweden",,,,,,,False,Not in Affinity
c1c33532-e72d-4af5-a35d-86aef19ee199,climatiq,API platform tracking companies’ carbon footprints,,Germany,,,,,,,False,Not in Affinity
3657594b-89d1-49fc-aa6e-d5367d4fdbae,climavision,Weather services and intelligence platform,https://climavision.com/,"Louisville, KY",,,,,,,False,Not in Affinity
777ad837-cbf3-462b-a4c3-5e649c9fb68b,climax foods,Plant-based cheese business,,"Berkeley, CA",,,,,,,False,Not in Affinity
e7a83f35-e5a1-484d-aa9f-7fd5a0a7c594,climeco,Management and development of environmental commodities advisors,,"Boyertown, PA",,,,,,,False,Not in Affinity
c072bcdf-63b3-49ef-9f07-9d8f3e2e7936,climes,Brand-based consumer offsetting platform,,India,,,,,,,False,Not in Affinity
3d2e6c06-3ae2-4c9b-b48a-e5cf271e67e6,climeworks,Converting carbon dioxide from the air into a solid state,https://www.climeworks.com/,Switzerland,,,,,,,False,Not in Affinity
d94c9813-bc8b-4c7d-b752-e95b94d01a23,cling systems,Battery marketplace and logistics startup,,Sweden,,,,,,,False,Not in Affinity
bd8f2c22-9619-4fb2-abbd-fbdf9127989c,clip,Bike to e-bike conversion device developer,,"Brooklyn, NY",,,,,,,False,Not in Affinity
e18f44fa-2872-4fa2-a89d-6bf6e75e12a0,clir renewables,Renewable energy software company,,,,,,,,,False,Not in Affinity
732863d1-708a-468b-9cb9-da995ececdad,clobotics wind services,Wind turbine inspection services,,"Esbjerg, Denmark",,,,,,,False,Not in Affinity
2e353dcc-bcfb-46c8-b3ef-e9612545ea28,clockworks analytics,Smart building analytics platform,https://www.clockworksanalytics.com/,"Somerville, MA",,,,,,,False,Not in Affinity
0f77ef30-4aa5-4473-933e-7555e3235111,cloover,Solar software and financing software,,"Stockholm, Sweden",,,,,,,False,Not in Affinity
b5b43fe4-8b00-48b3-a99c-75e885d5a1db,cloud agronomics,Agriculture insights startup,,"Boulder, CO",,,,,,,False,Not in Affinity
bb22a89f-6f57-4fbb-be70-b2065045eef0,cloud paper,Maker of tree-free paper products,https://cloudpaper.co/,"Seattle, WA",,,,,,,False,Not in Affinity
de0aeade-3217-4f83-9bc8-7615ae538221,cloudflare,Cloud infrastructure and security provider,https://www.cloudflare.com/,"San Francisco, CA",,,,,,,False,Not in Affinity
723cc5ce-4138-42a8-8578-8ef215952aed,cloudline,Aerospace startup,,"Cape Town, South Africa",,,,,,,False,Not in Affinity
e5d776bd-178a-498c-869b-2050c3e22ccb,cloudtamer.io,Cloud management software company,,"Fulton, MD",,,,,,,False,Not in Affinity
d9d11246-a364-44ee-891b-11ed938c4fe5,cloudtruth,Cloud configuration management platform,,"Boston, MA",,,,,,,False,Not in Affinity
5304ec3b-10a2-4757-8115-63406a98e81c,cloudzero,Cloud cost intelligence platform,,"Boston, Massachusetts",,,,,,,False,Not in Affinity
a5f86b68-f756-4ff4-be1e-78cbc09dcf95,cloverleaf infrastructure,Clean power data center campus developer,,"Seattle, WA",,,,,,,False,Not in Affinity
cb71cec3-0cf4-4357-959f-48c56513d8c5,cloverly,Developer of APIs for companies to measure and offset carbon emissions,,"Atlanta, GA",,,,,,,False,Not in Affinity
18997d39-9ecb-4d42-8fb2-314f38b58419,clyde hydrogen,Green hydrogen producer,,"Glasgow, Scotland",,,,,,,False,Not in Affinity
ccd5d7b5-7b27-47df-a127-0052a41998f0,cmblu,Organic solid flow batteries developer,,"Alzenau, Germany",,,,,,,False,Not in Affinity
68ba213a-0416-4052-b9fb-71dc84501e0a,CMC Machinery,Sustainable packaging maker,cmcmachinery.com,Italy,,,,,,,False,268022929
5cdc0c89-3d2c-4751-bd7d-31b5943f0e37,CNaught,Carbon credit marketplace,cnaught.com,"San Francisco, California",13.0,44.44,Seed,4500000.0,angel investors,Steven Siger (Cofounder and COO/CLO): https://linkedin.com/in/stevensiger,True,286509271
ebdeeea4-2dc4-4e82-9434-af108970a4c0,co-power,On-site solar and battery systems,,"Munich, Germany",,,,,,,False,
919d7ad0-b2ad-4a1d-adea-ad7cc20de6d0,CO2 AI,Platform where companies can measure their carbon use,co2ai.com,"Paris, France",60.0,13.21,Seed,12000000.0,Unusual Ventures,Charlotte Degot (Founder & Global Leader): https://linkedin.com/in/charlottedegot,True,288600252
f53fd2ac-db6c-49a9-bd9c-5d6079539315,co2 lock,Carbon removal and storage technology developer,,"Vancouver, Canada",,,,,,,False,
a76f576c-91f2-4914-8fc0-2afeffa897cb,Dude Robotics,Zero-emission last-mile delivery robots,cocorobotics.com,"Santa Monica, CA",,,,,,,False,301086137
65f34400-3476-4f04-9356-4ec459f43bb5,COCOLI,Sustainable furniture marketplace,cocoli.com,"Berlin, Germany",23.0,0.0,Seed,3000000.0,Helen Zeitoun,Gemma Comabella Noguero (Co-founder & CEO): https://linkedin.com/in/gemma-comabella-noguero-5043aa4a,True,284234570
01a9b323-76a3-481f-9822-11db0c88df85,cocoon,Decarbonization company for the steel and concrete industries,,"London, England",,,,,,,False,Not in Affinity
b8371eda-9891-4274-a12a-468be7b5ffda,codat,Maker of software for small businesses to share business and financial data,https://codat.io/,"London, UK",,,,,,,False,Not in Affinity
b7520400-e532-445d-8d65-38663c8fed50,codegreen solutions,Provider of energy management and sustainability services,,New York,,,,,,,False,Not in Affinity
a7e7055a-b13f-42dd-8798-e487f1c8efa9,codesandbox,"Startup enabling teams to prototype, build and host web applications",,"Amsterdam, Netherlands",,,,,,,False,Not in Affinity
26468286-7c4b-4552-baf3-82c0f1c708b2,cofactr,Supply chain and logistics management software for electronics,https://www.cofactr.com/,New York,,,,,,,False,Not in Affinity
e6307b30-089c-4b2f-989e-275ec4ddd85f,cognite,Industrial software company,https://www.cognite.com/,Norway,,,,,,,False,Not in Affinity
466226e0-e950-4fd0-925d-bc035681f7e6,coiled,Machine-learning and A.I. data company,https://coiled.io/,New York,,,,,,,False,Not in Affinity
40ec9b17-046e-434c-a88a-dd20a085be0e,coinspect,Food safety startup,https://www.coinspect.com/,"San Francisco, CA",,,,,,,False,Not in Affinity
49b39536-0341-42d0-ac2e-a9069af48ad9,cold,Assess and reduce carbon footprints,https://cold.com/,Minneapolis,,,,,,,False,Not in Affinity
71258615-f740-446f-85dc-0833b903fe7f,collab fund,Prominent investor in climate tech companies,,"New York City, U.S.",,,,,,,False,Not in Affinity
ee52282c-d228-4cef-867c-8965f8f26b9e,collectiv food,Fresh products supply chain company,https://collectivfood.com/,"London, UK",,,,,,,False,Not in Affinity
c95d2c7e-ee84-47a5-ac1a-05d174efc5e7,collectivecrunch,Analytics platform for sustainable forests,,"Espoo, Finland",,,,,,,False,Not in Affinity
fe39dd6d-644b-41ac-8960-8e041ddbfea2,collide,GenAI platform for the energy industry,https://www.collide.com/,"Houston, TX",,,,,,,False,Not in Affinity
d62b9379-5892-4f63-a49f-c2b2dad79e91,colorfix,Organic fabric dyeing company,https://www.colorfix.com/,"Norwich, U.K.",,,,,,,False,Not in Affinity
6c125592-c384-4f41-9685-f859cf2492ac,colorifix,Company removing environmentally hazardous chemicals from the textile dyeing and fixing process,https://www.colorifix.com/,"Norwich, UK",,,,,,,False,Not in Affinity
8e91148f-60d9-4b35-bfeb-eb736b732ace,colossal biosciences,Genetics and biosciences platform bringing back the Dodo and woolly mammoth,,"Austin, TX",,,,,,,False,Not in Affinity
d12834b9-d973-4bb7-915d-8a62ec411161,colossus,Solar software and marketplace model startup,,"Boston, MA",,,,,,,False,Not in Affinity
82f47324-acce-4a87-9eb4-0f8a6b9b4212,columna capital,Invest in food and agriculture,,"London, U.K.",,,,,,,False,Not in Affinity
683457b6-5388-434e-9814-ec3122ebdb89,comet bio,Ingredients created from crop leftovers,,Canada,,,,,,,False,Not in Affinity
c87113d5-ac75-4317-870e-86a5811615b1,common energy,Provider of a SaaS platform to manage distributed generation projects,https://www.commonenergy.us/,New York,,,,,,,False,Not in Affinity
459ea089-cfbb-4283-8fcd-5274e2cab3a2,common heir,Sustainable beauty brand,https://commonheir.com/,"Los Angeles, CA",,,,,,,False,Not in Affinity
c681689e-acab-4282-b3f2-eb930756698f,commonwealth fusion systems,Build compact magnetic confinement fusion power plants,https://cfs.energy/,"Cambridge, Mass.",,,,,,,False,Not in Affinity
58e0c97d-f376-430f-b2b0-05e282db788b,compact membrane systems,Developer of membranes for industrial carbon capture,,"Wilmington, DE",,,,,,,False,Not in Affinity
733b025f-1eb0-4ea2-b6cf-d4f22b64eb4c,compagnie maritime monegasque,Ethanol-powered boats,,"Rio de Janeiro, Brazil",,,,,,,False,Not in Affinity
9c2272f1-53c5-4814-9683-21e30d02ca28,companion.energy,Manage energy use and buy carbon-free electricity,https://www.companion.energy/,"Ghent, Belgium",,,,,,,False,Not in Affinity
64343b28-99e5-4c78-8c57-2362873c89f3,company a,Innovative tech solutions for businesses,,"San Francisco, CA",,,,,,,False,Not in Affinity
fd0229e5-e6bc-4983-a487-831b2da9eb23,company b,Healthcare AI platform improving patient outcomes,,"New York, NY",,,,,,,False,Not in Affinity
e9f1c45e-0633-4e42-ad86-8e9d13d5abcb,company c,Eco-friendly packaging solutions,https://www.companyc.com/,"Los Angeles, CA",,,,,,,False,Not in Affinity
c4ff49f4-3af5-4704-9c82-37a08009f406,company d,Cloud-based financial services,https://www.companyd.com/,"Austin, TX",,,,,,,False,Not in Affinity
edd45f64-00b0-49f0-81a0-92250d6dc825,company e,Blockchain analytics for supply chain,,"Toronto, Canada",,,,,,,False,Not in Affinity
687ba308-26f3-4e82-9cd2-c8104e9170da,company f,Mobile app for home automation,,"Chicago, IL",,,,,,,False,Not in Affinity
9287c57f-3d9d-49b6-bf5a-16d9cbfbc368,company g,Online learning platform for professionals,,"Seattle, WA",,,,,,,False,Not in Affinity
02b22f75-ec13-4d2e-9989-f2a4abea6c8a,company name,Tagline,,Location,,,,,,,False,Not in Affinity
66cc1573-7857-4a03-8302-42339e9607c8,complete solaria,"Solar technology, services, and installation company",https://www.completesolaria.com/,"Fremont, CA",,,,,,,False,Not in Affinity
c4ce40ab-6e09-4aa5-b24e-15fb18944e2e,compound foods,Conserving carbon by producing coffee through molecules rather than beans,,"San Francisco, CA",,,,,,,False,Not in Affinity
3108d10d-f191-474c-80d4-74a41e4c0f2e,concert bio,Optimizing microbial ecosystems for hydroponic systems,,UK,,,,,,,False,Not in Affinity
9122fc08-60cc-4a5f-92fc-31dbdcf23111,concourse labs,Automated cloud governance company,,"New York, NY",,,,,,,False,Not in Affinity
01fd5cb2-3d2b-4799-b2d6-c116b56ff27a,concrete4change,Company that captures CO2 and mineralizes it in concrete,,"Nottingham, U.K.",,,,,,,False,Not in Affinity
212cf9da-464c-4b28-b9e8-f465278c3658,concretene,Developer of concrete alternatives combining graphene and concrete,,"Manchester, U.K.",,,,,,,False,Not in Affinity
6c869cbb-0659-4b05-bbd1-6798c27846fb,condoit,Software for electricians to manage electrical data,,"Birmingham, AL",,,,,,,False,Not in Affinity
942f299a-3c75-4fca-9028-37392084b927,conflux technology,Heat exchangers with additive manufacturer platform,,"Waurn Ponds, Australia",,,,,,,False,Not in Affinity
1cb62d64-2b25-4f37-a773-f1c9615aeb46,congruent ventures,Early-stage climate tech investor,,"San Francisco, CA",,,,,,,False,Not in Affinity
e7670c10-67d2-476b-8692-ce56449712cc,conifer,Electric hub motors free of rare earth elements,,"Sunnyvale, CA",,,,,,,False,Not in Affinity
cb637542-9840-4164-8c11-deb8a16705e8,connect earth,Data platform for sustainable finance,,"London, UK",,,,,,,False,Not in Affinity
d6f44823-bd9a-46c6-be46-c7e06c0bf83f,connect homes,Maker of pre-made homes and models,https://connecthomes.com/,Los Angeles,,,,,,,False,Not in Affinity
eacde3f1-5dfd-44cd-9034-696d17fc1aae,connectder,Meter socket adapters for solar panels and EV chargers,https://www.connectder.com/,Philadelphia,,,,,,,False,Not in Affinity
b4ec6233-e12e-4efb-90b2-a8fbcc6477e3,connected energy,Provider of energy storage systems using retired EV batteries,https://www.connectedenergy.com/,UK,,,,,,,False,Not in Affinity
107aabae-bf78-42fa-bcdd-079b6403fe9b,connecterra,Improving the dairy industry with predictive intelligence,https://www.connecterra.io/,Amsterdam,,,,,,,False,Not in Affinity
69c6e151-5e36-4b62-bd6b-532d920b362b,conry tech,Modular air-conditioning units for commercial buildings,https://conrytech.com/,"Melbourne, Australia",,,,,,,False,Not in Affinity
0667ec74-d9bd-43ce-ab05-41b51c4f8db3,conservation labs,Smart water monitoring technology company,,"Pittsburgh, Pennsylvania",,,,,,,False,Not in Affinity
dcf58c0c-c1a3-4475-8a33-738bab98726f,conservation resources,Impact investments in timberland and farmland,https://www.conservationresources.com/,"Exeter, NH",,,,,,,False,Not in Affinity
c362ea7e-7816-4077-b171-ef479852ef37,constellation energy,Nuclear energy projects maintenance and expansion,https://constellation.com/,"Baltimore, U.S.",,,,,,,False,Not in Affinity
cd394320-3dd8-43bd-8c7d-4132cb31df6c,constellr,Thermal satellite data platform,https://constellr.com/,"Freiburg, Germany",,,,,,,False,Not in Affinity
1cc8302b-a65e-426a-9539-b06bda28c36a,contextual ai,LLM builder for enterprises,,"Palo Alto, CA",,,,,,,False,Not in Affinity
ad05e67f-a6f9-4a59-ba3a-927f790f29bb,continue ai,Sustainability intelligence platform,,New York,,,,,,,False,Not in Affinity
02d04e33-500e-457b-92d6-c89a9351c4ce,continuum,Metal recycling and supply company,,"Los Gatos, CA",,,,,,,False,Not in Affinity
5430b08c-fc46-4fc3-9ab9-4419a72f1a02,continuum ag,Soil health data startup,,"Washington, IA",,,,,,,False,Not in Affinity
c818455f-acaa-4a26-8fe4-e67967f83f3c,continuum green energy,Renewable energy group,,"Mumbai, India",,,,,,,False,Not in Affinity
4dbb09b2-6679-41b7-8626-0be1d062d27a,controlled thermal resources,Direct lithium extraction technology developer,,"Imperial, CA",,,,,,,False,Not in Affinity
ce813866-9ed4-4f54-9df6-16dc07de83be,converge,Construction materials decarbonization startup,,London,,,,,,,False,Not in Affinity
639de273-6568-4bf4-96e2-9286b08dbd96,cooks venture,Heirloom poultry startup,,New York,,,,,,,False,Not in Affinity
0afeed59-7470-4c50-ad9f-3f59f051587a,coolset,Automated decarbonization platform for SMEs,https://coolset.com/,"Amsterdam, The Netherlands",,,,,,,False,Not in Affinity
8ffc9c1c-75c7-4a37-8522-1941acf4f58e,copeland,Provider of climate software and solutions,,"St. Louis, MO",,,,,,,False,Not in Affinity
dda83575-0ba9-4259-8b92-e29290088993,copenhagen infrastructure partners,"Invest in wind farms, solar parks, and grid-connected batteries",,"Copenhagen, Denmark",,,,,,,False,Not in Affinity
c0b04d70-d911-4546-a0b5-c4e7d9922416,coperniq,Workflow software designed for solar and energy contractors,,San Francisco,,,,,,,False,Not in Affinity
a08f326f-4828-4380-af15-58058c97c050,copper labs,Wireless energy management solutions,,"Boulder, CO",,,,,,,False,Not in Affinity
8d1f8770-ce5a-4716-aa34-4c6ad8b92ba8,copperstone technologies,Robotics platform for mine site inspection,,Canada,,,,,,,False,Not in Affinity
0f3d7b2e-5515-4912-9177-d02deb1698f7,coral vita,Focused on coral restoration techniques,,"Freeport, Bahamas",,,,,,,False,Not in Affinity
90911713-6cc6-455d-a87e-2835dc22fb9d,coralogix,ML-powered log analytics solution,https://coralogix.com/,Israel,,,,,,,False,Not in Affinity
210ce611-e08e-49b5-9823-92c0d49e055b,Cord,Annotation automation for computer vision,cord.org,London,,,,,,,False,160431335
7b9243e5-80a0-4235-b4d1-6064f0c37cc8,core-power,Developer of a marine Molten Salt Reactor,,"London, UK",,,,,,,False,
bc924f07-8fc8-4ecf-95b2-f8ae3ed18245,CorePower Magnetics,Magnetic solutions company for electric vehicles and the grid,corepowermagnetics.com,"Pittsburgh, Pennsylvania",15.0,25.0,Other,20000000.0,Advanced Research Projects Agency-Energy,Michael G. Anness (Co-Founder): https://linkedin.com/in/mike-anness,True,263225806
e78472a5-9af5-4284-ab5c-c6009633e7c8,coreshell,Silicon anode battery technology for EVs,,"San Leandro, California",,,,,,,False,
4c57b791-8b2b-46a5-9446-92d5e85ba890,Coreshell Technologies,Developer of nanolayer coating technology for rechargeable batteries,coreshelltech.com,"Berkeley, California",25.0,,Series A,12000000.0,Entrada Ventures,Jonathan Tan (CEO + Co Founder): https://linkedin.com/in/jonathan-tan-89b82653,True,214007128
3663e565-685f-4dc6-8533-a96ad23c73a2,CoreStack,Software-as-a-service provider,corestack.io,"Bellevue, WA",,,,,,,False,1627869
cf1b0912-cda1-45c8-9520-589168161d9a,Corinex,Broadband over power lines solutions,corinex.com,"Vancouver, Canada",59.0,-4.84,Other,30000000.0,Energy Growth Momentum,Peter Sobotka (CEO and Founder): https://linkedin.com/in/peter-sobotka-8a44754,True,1558339
c5b48999-b727-4933-b7c5-16eb34f7d9a1,Cornish Lithium,Lithium exploration and development platform,cornishlithium.com,"Penryn, UK",,,,,,,False,223158888
d9ede0e4-a782-4f08-9231-ab7db96db1e6,CorPower Ocean,Wave energy conversion technology developer,corpowerocean.com,Stockholm,,,,,,,False,1707556
5bb6d41e-167e-4657-b164-095f5afe3c71,Correntics,Climate risk analytics platform,correntics.com,"Zürich, Switzerland",10.0,42.86,Other,1625315.0,Venture Kick,Gaudenz Halter (Co-Founder): https://linkedin.com/in/gaudenz-halter-99428a93,True,283683490
50ec8301-a9f1-4197-aa22-07336c806be9,cortex,Building decarbonization software company,,"Nashville, TN",,,,,,,False,Not in Affinity
64b0c0e2-c08e-4ecf-8e7c-c261e3e80af7,cosmic aerospace,All-electric passenger aircraft developer,https://cosmicaerospace.com/,"Centennial, CO",,,,,,,False,Not in Affinity
6dd60b81-78d2-48ab-97be-743644b4506f,cosmic robotics,AI-powered robot developer for critical infrastructure,,"San Francisco, CA",,,,,,,False,Not in Affinity
bd3a9bfc-5274-4f27-85d2-eff414b5578e,cosmos innovation,Perovskite silicon tandem solar cell technology developer,,"Singapore City, Singapore",,,,,,,False,Not in Affinity
63ab625e-c6ee-437c-b7cb-fec248b3e961,cotierra,Decentralized biochar producer,,"Zürich, Switzerland",,,,,,,False,Not in Affinity
c8215cfe-deca-453e-a91b-554fdb1b540f,cottage,Building additional housing on existing properties,,"San Francisco, CA",,,,,,,False,Not in Affinity
ea501c18-edd3-448e-803b-c4c27e8a99cd,countable,Community management SaaS platform,https://www.countable.us/,"San Francisco, CA",,,,,,,False,Not in Affinity
1dc71aac-d115-4b53-8a2f-a3c2b5a40cb2,cove,Biomaterials and packaging developer,,"Los Angeles, CA",,,,,,,False,Not in Affinity
129d52d3-8dec-4efd-983b-e7d4d1eae332,cove.tool,Startup providing building performance analysis focused on energy efficiency,https://cove.tools/,"Atlanta, GA",,,,,,,False,Not in Affinity
0fd9441c-0f1e-403c-959f-05e711b09481,covercress,Cash cover crop developer,https://covercress.com/,"St. Louis, Missouri",,,,,,,False,Not in Affinity
b8af9b7a-8612-4097-82b8-202d10725fe0,cowboy,Electric-bike maker,https://cowboy.com/,Brussels,,,,,,,False,Not in Affinity
68ce6582-ef1b-4927-8397-9dcde46028e4,cowboy clean fuels,Carbon removal process involving injecting sugar beet waste into coal seams,https://www.cowboycleanfuels.com/,"Denver, CO",,,,,,,False,Not in Affinity
2304fd29-db1e-41cd-9659-70f0a3d91b87,cozero,Carbon management software,https://cozero.com/,"Berlin, Germany",,,,,,,False,Not in Affinity
45c19b2b-97f8-4c12-8e7f-e24292a77594,cradle,AI-powered platform to help scientists design and optimize proteins,,"Amsterdam, Netherlands",,,,,,,False,Not in Affinity
1b994d74-f17c-403f-9498-6b81d2547f19,creandum,Invest in seed through Series A companies,https://creandum.com/,"Stockholm, Sweden",,,,,,,False,Not in Affinity
12260a22-6721-4366-9210-70e6e2affa74,creattura,Carbon credit development and financing platform,,Tokyo,,,,,,,False,Not in Affinity
dc4b9ffe-5c1a-4e49-9878-83a84c4f2cf1,crehana,Reskilling and upskilling tech maker,,"Mexico City, Mexico",,,,,,,False,Not in Affinity
81468450-256a-4650-b553-9dfbfa5af2f5,crew carbon,Carbon mineralization for storage service provider,,Brooklyn,,,,,,,False,Not in Affinity
6f83f50d-a0d5-41ae-bf2e-4002e0c0bc5d,cribl,Data analytics company,https://cribl.io/,"San Francisco, CA",,,,,,,False,Not in Affinity
35c15211-224f-48ca-a628-80e44c6896aa,crisp,Demand forecasting software for the food industry,https://www.crisp.com/,New York,,,,,,,False,Not in Affinity
7328a0bb-d1d1-412c-9a93-03017f36ef32,critical venture partners,Investing in student and recent alumni founders,,"New York, New York",,,,,,,False,Not in Affinity
68e26930-0a02-4e96-98cf-a5c1452b97f2,crobio,Microbes that bolster soil's water retention capabilities,https://crobio.com/,"Macclesfield, U.K.",,,,,,,False,Not in Affinity
1d3bc42a-89e7-4dda-a99b-4713fa03ebcc,crop biome,Agritech startup developing resilient crops through formulating microbes into biological products,https://cropbiome.com/,Ireland,,,,,,,False,Not in Affinity
5a8201dc-0941-4705-86d6-2b4939950cdf,crop enhancement,Sustainable agrochemical startup,,"Cambridge, Massachusetts",,,,,,,False,Not in Affinity
a88502e0-744e-4e12-aeac-ab1c20269a40,crop.zone,Developer of an electric weeding system,,"Aachen, Germany",,,,,,,False,Not in Affinity
012cfe3d-bee1-4b16-bbb4-a0537b0bb8ab,cropx,Agronomic farm management system,https://www.cropx.com/,"Netanya, Israel",,,,,,,False,Not in Affinity
b275e236-48d6-43c1-96eb-cd6b1bd98438,crosstown h2r,Convert natural gas plants to run on hydrogen,,"Baden, Switzerland",,,,,,,False,Not in Affinity
6afdca36-d597-45e0-8ad1-c2ba1a39be07,crstl,No-code electronic data interchange SaaS application,,"San Francisco, CA",,,,,,,False,
12f62b53-4a7f-476b-a2a5-e2414e5ed07c,Crusoe,Developer of AI-optimized efficient data centers,crusoe.ai,"Denver, Colorado",416.0,61.87,Series D,600000000.0,Long Journey Ventures,,True,293598230
95f2f50d-864a-497f-97ee-6002142a6c16,Crusoe Energy Systems,Valorize otherwise wasted natural gas assets while mitigating methane emissions to power data centers,crusoeenergy.com,Denver,238.0,11.0,Series C,350000000.0,KCK Group,Cully Cavness (President and Co-Founder): https://linkedin.com/in/ccavness,True,223159426
818a956b-19ba-4bb7-8990-dacf6c4cb7ed,Crusoe Energy Systems,Flare migration startup converting gas into energy for bitcoin mining,crusoeenergy.com,"Denver, CO",238.0,11.0,Series C,350000000.0,KCK Group,Cully Cavness (President and Co-Founder): https://linkedin.com/in/ccavness,True,223159426
58efaad1-e894-4f56-a16f-8736c464de11,Crux,IRA tax credits marketplace,cruxdata.com,"New York, New York",90.0,-6.25,Series B,50000000.0,Goldman Sachs Asset Management,William Freiberg (Chief Executive Officer): https://linkedin.com/in/william-freiberg-02034850,True,288138979
9a285133-dd42-402c-bd9e-ccc8978da115,Crux OCM,Technology for control room operators,cruxocm.com,"Calgary, Canada",42.0,16.67,Series A,17000000.0,Raven Indigenous Capital Partners,"Vicki Knott, P.Eng (CEO and Co-Founder): https://linkedin.com/in/vicki-knott-p-eng-00b0ab27",True,204069145
1290e714-5d3d-46e4-9083-487744b2bb74,Cruz Foam,Maker of compostable packing foam from discarded shrimp shells,cruzfoam.com,"Santa Cruz, CA",,,,,,,False,136307457
7e844a5f-5324-4c9d-92b3-db56d141b5ae,ctc conductors,Advanced grid conductors developer,,"Irvine, CA",,,,,,,False,
fdd9a0b6-ba7a-4182-8dbf-e8374b67dc16,CTC Global,Conductor cores for high-voltage transmission cables,ctcglobal.com,"Irvine, California",197.0,2.6,Other,,Greenbelt Capital Partners,,True,224850086
3cb54f4b-c299-40fb-a527-00b21f31f95b,CTVC,Climate tech market intelligence platform,ctvc.co.uk,"New York, NY",,,,,,,False,279080359
a66cdfd0-43f9-4dee-8334-914940133b3e,Cube Dev,Open-source company for building business tech tools,cube.dev, ,,,,,,,False,262769096
d8a8e9a2-9048-48f1-afc6-d266854da5c9,Cuberg,Battery manufacturing and mineral processing,cuberg.net,"San Leandro, California",59.0,-70.5,Seed,,,Mauro Pasta (Co-Founder): https://linkedin.com/in/mauropasta,True,1812641
430814a5-5735-46a5-94e5-79d0663aeb59,CubicPV,Solar wafer and perovskite manufacturer,cubicpv.com,"Bedford, MA",,,,,,,False,282712850
24ec8ba8-f003-4a6e-ad8c-c974b598de78,Cultimate Foods,Lab-grown meat,cultimatefoods.com,"Berlin, Germany",,,,,,,False,284964298
d640a79d-e6f9-428e-850e-5e52144a9a1a,Cultivated Biosciences,Yeast-derived cream for alternative dairy products,cultivatedbio.com,"Wädenswil, Switzerland",,,,,,,False,291727756
245afe37-f8d9-460d-b1e6-84a3897efadd,Cultivo,Identifies portfolios of nature-based projects for outside investment,cultivo.land,"Pleasanton, California",61.0,1.67,Series A,14000000.0,MassMutual Ventures,"Manuel Pinuela,  PhD (Co-Founder & CEO): https://linkedin.com/in/manuel-pinuela",True,262531022
6c59d0a2-d8f1-4fad-92f0-b2d1d99a532a,Cumul.io,Analytics platform for SaaS companies,cumul.io,"Leuven, Belgium",60.0,5.0,Series A,10000000.0,Hi Inov-Dentressangle,Haroen Vermylen (Founder): https://linkedin.com/in/haroen-vermylen-2930a241,True,136317361
1913194a-118f-43d0-ad44-7533cf4fb19c,Cumulus Digital Systems,Software for industrial applications,cumulusds.com,"Cambridge, Massachusetts",31.0,-6.06,Other,8000021.0,Castor Ventures,,True,213998938
14e962bb-e624-4685-9823-96651e9f97b6,CUR8,Carbon-removal climate-tech startup,cur8.com,"London, UK",1.0,,,,,Jasmine Jaco (Co-founder and CEO): https://linkedin.com/in/jasmine-jaco-9061727,True,127865167
5ada47c8-e505-4256-99d0-437d736554de,CurbWaste,Software for waste services management,curbwaste.com,"New York City, NY",,,,,,,True,288541969
5c6b1360-ab62-4955-8173-957e0e447440,curio,Closed fuel cycle for nuclear fusion applications,,"Washington, DC",,,,,,,False,Not in Affinity
066ce1d1-3a9f-4d14-bc03-fd1286b27c7a,current foods,Plant-based seafood company,,"San Francisco, CA",,,,,,,False,Not in Affinity
9f30899f-7b2d-432c-9186-61c5f2647a8f,currents,Provider of a recycled EV battery marketplace,,"Portland, OR",,,,,,,False,Not in Affinity
f5df606b-6d73-4fd4-9632-cc3cfb5f9582,curri,Construction material delivery company,https://www.curri.com/,"Los Angeles, CA",,,,,,,False,Not in Affinity
d3264b35-b765-42eb-bd6f-24fd156dec1c,curvepoint capital,Independent investment firm advancing climate finance,,"Los Angeles, U.S.",,,,,,,False,Not in Affinity
2cd1dde9-9cc7-43c7-a3a0-e4599dbcbba5,cuspai,GenAI-driven search for new materials platform,https://cuspai.com/,"Cambridge, England",,,,,,,False,Not in Affinity
8cc37fcb-97b5-458c-b5ba-ac215f47f5ef,cyberfortress,Insuretech startup focused on protecting e-commerce companies,,"San Antonio, TX",,,,,,,False,Not in Affinity
6f6f0187-2d2e-4298-bb93-d4cbee43b893,cybord,Quality assurance for electronic component manufacturers,,Tel Aviv,,,,,,,False,Not in Affinity
4a896e95-4869-4363-9047-20ac81d8d7fe,cybsafe,Cybersecurity awareness platform,https://www.cybsafe.com/,"London, UK",,,,,,,False,Not in Affinity
359fef51-721c-4589-92f5-618d5a3ac5d4,cycle capital management,Venture firm focused on clean-tech startups,,Montreal,,,,,,,False,Not in Affinity
b026e983-5f5f-4637-a619-545f14985483,cyclic materials,Rare earths and critical minerals recycling,,"Kingston, Canada",,,,,,,False,Not in Affinity
88348bf4-95e9-484e-90a6-4493793e5aa9,cyclize,Plasma-based process that turns mixed plastic waste into synthetic gas,https://cyclize.com/,"Stuttgart, Germany",,,,,,,False,Not in Affinity
afefba1e-d891-4a2d-bd0a-27c29ee5962c,cycloid,Sustainable engineering platform provider,https://cycloid.io/,"Paris, France",,,,,,,False,Not in Affinity
8c4f1e25-4eda-4c08-b564-35bd3b8f0b7d,cycode,Software supply chain security company,,Tel-Aviv,,,,,,,False,Not in Affinity
996c124f-3d53-428e-8bc5-49cc96d86d36,cylib,Lithium-ion battery recycling business,,"Aachen, Germany",,,,,,,False,Not in Affinity
1de03299-a973-4222-a201-79074f59f5a2,cyngn,Autonomous and electric industrial vehicles,,"Menlo Park, CA",,,,,,,False,Not in Affinity
4a771e06-cbf9-436e-90ed-f0eb62facc1d,dabbel,Provider of HVAC control automation solutions to cut CO2,,"Dusseldorf, Germany",,,,,,,False,Not in Affinity
885e10ad-f23b-46a8-920b-688255a0e5e2,daedalus,Using AI to build precision parts factories,,"Karlsruhe, Germany",,,,,,,False,Not in Affinity
9045fcc7-bc24-43a1-ab1d-8f850cff9fec,daily,Developer platform for audio and video,, ,,,,,,,False,Not in Affinity
9fe9eb4d-1348-4e6b-b21a-68a0108f4047,daiz,Plant-based meat developer,,"Kumamoto-shi, Japan",,,,,,,False,Not in Affinity
266c7ec9-f601-4bde-904e-dab38c62e356,dalan animal health,Developer of oral vaccines for honeybees,https://dalananimalhealth.com/,"Athens, GA",,,,,,,False,Not in Affinity
8e2b09de-485d-49f3-bac3-97d0901a45b9,damon motors,Developer of electric motorcycles,https://www.damonmotors.com/,Canada,,,,,,,False,Not in Affinity
766c94ec-3563-4f75-a854-bb7969325f1f,Dance,E-bike subscription business,dance.co,"Berlin, Germany",161.0,-1.23,Series A,12000000.0,Bjarke Ingels,Victoria AB (Dance company founder): https://linkedin.com/in/victoria-ab-99452a269,True,263275684
1cf63f57-651f-4f75-b1ad-26712792115a,Dandelion Energy,Home geothermal company,dandelionenergy.com,"Mount Kisco, New York",107.0,-10.08,Series C,40000000.0,New Enterprise Associates (NEA),Callum bolt (Chief Executive Officer): https://linkedin.com/in/callum-bolt-a3a35b207,True,161112927
885dff09-c137-40b2-b447-9d5dab41d723,danimer scientific,Makes biodegradable and compostable biopolymers,,,,,,,,,False,Not in Affinity
56e14145-6c81-4bd7-8663-3d6968941b8f,Daphne Technology,Developer of a sustainable air emissions control system,daphnetech.com,"Saint-Sulpice, Switzerland",60.0,9.0,Other,6000000.0,Venturelab,Juan Mario Michan (CEO & Founder): https://linkedin.com/in/juan-mario-michan,True,293459610
994e7e8a-658e-4dc3-9fda-e603f46f6619,Daphni,Mission-driven investments in climate and energy tech,daphni.com,"Paris, France",51.0,18.6,Investment Fund,215000000.0,,Marie Ekeland (Co Founder): https://linkedin.com/in/marieekeland,True,1787584
fc03523b-2e67-4d2e-89b2-fe2c14111d64,daqus energy,Scale novel TAQ cathode material for lithium-ion batteries,,"Woburn, Massachusetts",,,,,,,False,
b4a48517-29d2-4d83-878b-3029871a7c7b,Daring,Maker of plant-based chicken-meat substitutes,bemoredaring.com,"Los Angeles, CA",,,,,,,False,302837609
94acae61-ccbd-4484-a48e-48af8d85c4fd,Daring Foods,Plant-based chicken producer,daring.com,"Los Angeles, California",,,,,,,False,223308517
7836679b-2a5e-4db8-b4e4-9bd359cc3a44,Darwin Data,Methodologies to measure impact on biodiversity,darwindata.io,"Paris, France",7.0,133.33,Series A,1500000.0,Astérion,,True,296571980
d3350417-0cd4-4a6d-abba-578fe90d1267,DASH Systems,Airdrop deliveries software company,dashshipping.com,"Los Angeles, CA",,,,,,,False,131593468
de46ad40-d8db-413d-80d6-6e3bf957407c,Dat Bike,Maker of electric motorbikes,dat.bike,Vietnam,,,,,,,False,263041802
bb19d3d9-dc86-4f31-aafb-e741c2f17ee0,Databand,Maker of data health monitoring software,databand.ai,"New York, NY",,,,,,,False,224025435
8ad6de4f-d034-4297-8d34-bad7eeb8a6a6,Databutton,Platform for building and sharing AI-powered apps,databutton.io,"Oslo, Norway",,,,,,,False,285068983
b75ba209-029b-473b-83d1-08d70baf4cf4,DataCebo,Developer of synthetic data designed to train enterprise AI and models,datacebo.com,"Boston, Mass.",,,,,,,False,279336185
88ad1e15-b016-4764-9338-e9aea328cd13,Datafold,Data reliability platform that automates tedious parts of data engineering workflows,datafold.com,"San Francisco, CA",,,,,,,False,262880658
a709189c-1ed6-41c4-a7d1-f3583f8fa4fa,DataForm Lab,Software for offsite building manufacturing,dataformlab.com,"London, United Kingdom",7.0,16.67,Seed,1100000.0,Marathon Venture Capital,Eva Magnisali (Founder): https://linkedin.com/in/eva-magnisali-06a21a74,True,278678391
9d3991e7-05bf-477a-82b4-b7003b7450b1,Dataloop,Platform for A.I. data management and annotation,dataloop.mx,"Tel Aviv, Israel",,,,,,,False,284792342
0690471c-c369-4422-9f07-1a5991862ca3,Datamaran,Track and analyze ESG regulations and risks,datamaran.com,"London, United Kingdom",139.0,11.2,Series C,33000000.0,Morgan Stanley Expansion Capital,Marjella Lecourt-Alma (CEO & Co-Founder): https://linkedin.com/in/marjella-lecourt-alma-9486594,True,132900203
d3ea5f9d-e05f-4009-8d70-db3d38667350,Datanomix,Vendor of production intelligence software for industrial manufacturers,datanomix.io,"Nashua, New Hampshire",42.0,-4.55,Other,12000000.0,CEAS Investments,,True,150791096
134fd658-d3c4-4023-a6e1-4365050dd0f8,Datasembly,Data analytics platform for real-life decisions,datasembly.com,"Washington, District of Columbia",70.0,-18.6,Series B,16000000.0,Grotech Ventures,Daniel Gallagher (Co-Founder and CTO): https://linkedin.com/in/daniel-gallagher-a23b343a,True,1797115
10e1b8dc-e2f6-4f47-ab26-6e76d59dd54a,Datch,Voice assistant for industrial markets including power and EV manufacturing,datch.io,"San Francisco, California",46.0,12.2,Series A,15000000.0,Susquehanna Investment Group,Mark Fosdike (CEO): https://linkedin.com/in/markfosdike,True,159037736
16b5836f-3468-49bb-bb0d-123d04a00ce3,Datia,Sustainability calculation fintech,datia.app,"Stockholm, Sweden",17.0,-10.53,Seed,3400000.0,Zenloop’s founder Paul Schwarzenholz,Juan Manuel Serruya (Co-Founder & CEO): https://linkedin.com/in/juan-manuel-serruya-2a55aa10,True,222284074
5ae8c15d-e7c9-4781-884f-a9355746ccbc,Datos Health,Automated remote care platform,datos-health.com,"Tel Aviv, Israel",,,,,,,False,1807104
1e21ab6a-259d-4bd8-b873-43ce35aad156,Daupler,Response management system,daupler.com,"Overland Park, Kansas",47.0,20.51,Series B,15000000.0,Angel Investors,,True,159738337
710dbf36-6c05-4e75-9bd2-6bf26947301b,David Energy,Electricity supplier bundled with DERs platform,david.energy,"Brooklyn, NY",,,,15853728.0,,Ahmed (Samir) Salman (CTO & Co-Founder): https://linkedin.com/in/ahmed-samir-salman-898a7a39,True,212173612
1e272e6c-55e4-4372-951a-87f355aaea3f,Dayrize,Impact assessment for consumer products platform,dayrize.io,"Amsterdam, Netherlands",22.0,-26.67,,4000000.0,Gresham House Ventures’ Thomas Makey,Bart Nollen (Co-Founder | Strategy): https://linkedin.com/in/bart-nollen-a07395,True,292037597
a3eab3a0-187f-4b5c-98f7-0eeef1dbebe1,Daystar Power,Solar energy company,daystar-power.com,Nigeria,,,,,,,False,220243694
4d789808-3f93-4f1c-a205-3ded67630f5d,DC Connected,Vehicle software diagnosis and repair guidance,dc-connected.de,"Nersingen, Germany",21.0,-4.55,Seed,2100000.0,Bloomhaus Ventures,Willian Servigna (CTO & Co-Founder): https://linkedin.com/in/wservigna,True,284101160
43368f69-b010-46b4-9a06-f5a5765b2cd1,dcbel,Producer of smart home energy appliances,dcbel.energy,"Montreal, Canada",79.0,-1.25,Series B,50000000.0,Volvo Cars,Sai Tutors (ceo): https://linkedin.com/in/sai-tutors-1240b020b,True,132105250
14467c5b-dc36-4f90-9211-eef6b609c0c5,dClimate,Decentralized network for climate data,dclimate.net,"New York, New York",26.0,-7.14,Seed,3500000.0,Multicoin Capital,Osho Jha (Chief Executive Officer): https://linkedin.com/in/osho-jha-9a759a80,True,282512338
ee3d43a4-9c48-4944-806f-3a0bfaee5ea4,DCVC,Invest in climate-focused startups,dcvc.com,Palo Alto,83.0,0.0,Investment Fund,234000000.0,,,True,278236429
e9e47111-697d-40a3-81de-e02c41e3cc79,De Novo Foodlabs,Precision fermentation producer,denovofoodlabs.com,"Raleigh, NC",,,,,,,False,291800763
43cf24d4-ec6e-44f3-b4d8-fc4bbc6a85e8,Dealt,Circular economy SaaS platform,dealt.fr,"Paris, France",,,,,,,False,284139269
e452d916-8d6f-4eb7-b3e2-78e7fc6bc521,Debut,Platform developing sustainable active ingredients for cosmetics,debut.careers,"San Diego, CA",,,,,,,False,116943081
6e64e958-d2ee-424b-a21f-ea96e92c4d33,decade energy,Software that helps truck operators transition to electric fleets,,"Paris, France",,,,,,,False,
c1296bc1-70b3-4a0d-b0c5-4505abfce47d,decarbonization partners,Invest in climate tech and energy startups,https://decarbonizationpartners.com/,U.S.,,,,,,,False,
35b7f5ed-64ac-493a-b9ed-8b9d947a56fb,Decarbonization Plus Acquisition,A blank check company targeting global decarbonization,dcrbplus.com,,,,,,,,False,285070448
1ca39683-8aa7-4917-9fed-711555e58d1c,DeCarice,Hydrogen injection and engine technology,decarice.com.au,"Sydney, Australia",,,,,,,False,293015142
479fc32a-0f04-4a64-a9f4-fa8c76e5dbfd,decentral energy managers,Renewable energy developer,,"Johannesburg, South Africa",,,,,,,False,
cc907c35-c9d7-4fee-a81e-717f28fd36d5,Decharge Network,Network of fast EV chargers,decharge.network,"Hyderabad, India",,,,,,,False,300246962
a779d707-47fa-4254-80d6-69f178fb5d1b,Deci AI,Deep learning company,deci.ai,"Tel Aviv-Yafo, Israel",41.0,-58.59,Series B,25000000.0,Samsung Next,Yonatan Geifman (Co-Founder & CEO): https://linkedin.com/in/yonatan-geifman-8a449a3,True,255138460
d435cc7d-655b-4045-bfe2-433a0eadfe60,decibel bio,Crop epigenetic platform for plant traits,,Boston,,,,,,,False,
7ef091b2-7e27-4bfa-8326-e186ba6ddfbf,Deep Fission,Make small modular reactors,deepfission.com,"Berkeley, CA",,,,,,,False,290961410
e4df163c-a1e5-43d5-b730-aa4600dae687,Deep Green,Data center heat repurposing platform,deepgreenvc.com,"London, UK",,,,,,,False,279001513
a63df87e-d4ec-4067-aa26-4e9fb050332a,DEEP SKY MEDIA,Carbon removal project developer,deepsky.com,"Montréal, Canada",,,,,,,False,294170920
de40a221-d5e1-4cd9-b53f-5980b66502e6,Deepcell,Life science using A.I.-powered cell classification,deepcell.com,"Mountain View, CA",,,,,,,False,281368406
5561e503-3025-4845-a5f8-e6a293ebc633,DeepChecks,Continuous machine learning validation platform,deepchecks.com,"Tel Aviv, Israel",,,,,,,False,255155802
54a8f548-2247-40c7-b345-d68f4c38ba63,Deepdrive,Make dual rotor electric motors,deepdrive.com,"Garching bei München, Germany",,,,,,,False,302590849
1f838355-94e1-48ad-92ee-77b0b2f451da,DeepGreen Metals,EV battery metals maker,deep.green,Canada,,,,,,,False,161828288
c3cebad5-55b8-4909-8a44-50dfcb4035c8,Deepki,Carbon management platform for the real estate industry,deepki.com,"Paris, France",370.0,1.09,Series C,150000000.0,Highland Europe,Vincent BRYANT (Cofounder & CEO): https://linkedin.com/in/vincentbryant1,True,36460344
dc36aa63-ef63-422c-99c4-b643acdd53a6,DeepSee,Process automation company,deepsee.ai,"Salt Lake City, UT",,,,,,,False,235745106
d6683f7e-8634-4587-9f86-ff16b99d22f4,Degree Analytics,Optimize performance metrics in colleges,degreeanalytics.com,"Austin, TX",,,,,,,False,143640552
0b7be3d5-8eef-4433-8ec1-fabe1e514604,DeHaat,Agrotech company,agrevolution.in,"New Delhi, India",,,,,,,False,164031105
b9acf942-56fa-4c06-8597-e0eddac01baf,Delft IMP,Developing a nanocoating process to extend battery life,delft-imp.nl,Netherlands,,,,,,,False,1810991
4d12cd39-f8c1-419a-ac81-80effbcc0eb1,Deliverect,Online order management platform,deliverect.com,"Ghent, Belgium",,,,,,,False,159740584
20e8d3b2-97f6-451d-9777-116bb07b4e32,Delos,Aquaculture-tech company,delos.com,Indonesia,107.0,-8.55,PPP Loan,2000000.0,U.S. Small Business Administration.,Paul Scialla (Chief Executive Officer): https://linkedin.com/in/paul-scialla,True,1821392
80080bd0-ce79-4a77-9276-70ebc0390474,Delos Insurance Solutions,Property insurance for catastrophes platform,getdelos.com,"San Francisco, California",22.0,22.22,Series A,9000000.0,angel investors,Shanna McIntyre (Co-Founder and Chief Data Officer): https://linkedin.com/in/shannamcintyre,True,136324078
dac0b64d-6671-4d69-9047-666173eba2b5,Delos Insurance Solutions,Assessing wildfire risks using satellite imagery and AI,getdelos.com,"San Francisco, California",22.0,22.22,Series A,9000000.0,angel investors,Shanna McIntyre (Co-Founder and Chief Data Officer): https://linkedin.com/in/shannamcintyre,True,136324078
62020390-1fab-4ee8-9cd5-05bded16a538,Delta Green,Grid stability software platform,deltagreen.cz,"Prague, Czechia",30.0,20.0,,2200000.0,Tilia Impact Ventures,,True,297205414
87b73485-0ad5-42fc-a052-9dcaf52b3b4b,Deltia,Platform that uses AI and computer vision to monitor manufacturing operations,deltia.ai,"Berlin, Germany",27.0,3.85,Seed,4800000.0,Cavalry Ventures,Dr. Silviu Homoceanu (Founder & CTO): https://linkedin.com/in/dr-silviu-homoceanu-893b7a5,True,289110226
35363adc-ba3a-4d02-a9cc-a6fd29b43ab0,deluxe recycling,Plastics recycling company,,India,,,,,,,False,
511946da-b553-427e-8fe3-9ef0cb7f00da,Demex,Risk transfer technology provider for climate and weather risk,demex.com.au,"Washington, D.C.",,,,,,,False,278660310
29421a65-17e2-4e90-8438-90b6f4d12432,Dendra Systems,Ecology data platform using AI and drones,dendra.io,"Canterbury, United Kingdom",85.0,-10.53,Series B,15700000.0,Aramco Ventures,,True,122502925
1066d36e-feb2-4736-82c0-bfc6ecec4828,DeNexus,Software for industrial cybersecurity risk,denexus.io,"Sausalito, California",50.0,-7.41,Series A,17500000.0,AXA XL,,True,228326902
a3eabe66-6559-440c-8337-045ce74346c3,Density,Space analytics and people counting company,density.io,"San Francisco, CA",,,,,,,False,1718281
41900753-8ccd-46f5-9a14-e7eb7c696cc2,department of science,Funding for AI innovations in electricity grid,,"London, U.K.",,,,,,,False,
d00e7c71-20fa-432e-9aa2-bf5081269cb4,DePoly,Plastics-to-raw-material recycling company,depoly.ch,"Zurich, Switzerland",25.0,,Seed,1464860.0,Tiny VC,Christopher Ireland (Chief Scientific Officer and Co-Founder): https://linkedin.com/in/christopher-ireland-9a368078,True,224638601
e7750f0a-ec07-4aa4-b853-6f0522f6fecf,Descartes Labs,Deep-learning image analysis company,descarteslabs.com,"Santa Fe, New Mexico",23.0,-58.93,Series B,20000000.0,March Capital Partners,,True,1777583
a0aa4aa7-f5f4-491a-9e39-1abe15f3e8fa,Descartes Underwriting,Insurtech focused on climate risk modeling,descartesunderwriting.com,"Paris, France",201.0,5.24,Series B,120000000.0,Serena,Sebastien Piguet (Co-founder and Head of Underwriting): https://linkedin.com/in/s%C3%A9bastien-piguet-31293627,True,220362534
44db3132-b55f-4828-ba98-31df717f7752,Descycle,Recycling metals e-waste,descycle.com,"London, U.K.",,,,,,,False,285898291
4042888f-d3bc-4503-a249-7451dd3c693c,Destinus,Developer of liquid hydrogen-powered aircrafts,destinus.ch,Switzerland,,,,,,,False,282440237
e1c4583e-7966-439a-aab6-2c9f67e508bf,Detect Technologies,A.I.-based SaaS company,detecttechnologies.com,"Chennai, India",,,,,,,False,128365442
6fb252b8-1ac7-4621-a8f6-44026b590c64,DetraPel,Sustainable coatings manufacturer,detrapel.com,"Boston, Mass.",,,,,,,False,161813402
181a7233-c877-4d5f-8d68-a4feac35cd2f,Deus Robotics,Warehouse robotics engineering and software development company,deusrobotics.com,"Kiev, Ukraine",27.0,22.73,Seed,1500000.0,SMRK VC,,True,290349004
370fb78b-22e0-4a22-af98-f23983dc446f,DevEngine,Clean energy project development platform,devengine.dev,"New York, New York",9.0,12.5,,20000000.0,Spring Lane Capital,,True,294296996
c45780d8-ea89-4fcd-94a9-ee8813ce8630,Devtron Labs,Open source internal DevOps platform,devtron.ai,"Gurugram, India",,,,,,,False,265619784
582ca5f9-0376-4379-8926-8c100c7d0b77,DexMat,Climate tech startup,dexmat.com,"Houston, Texas",17.0,-5.56,Seed,3000000.0,Climate Avengers,Dmitri Tsentalovich (Chief Executive Officer): https://linkedin.com/in/dtsentalovich,True,223633753
86963958-f3b5-4cf3-950a-de77c7230eed,dharaksha ecosolutions,Biodegradable packaging material manufacturer,https://dharakshaecosolutions.com/,"New Delhi, India",,,,,,,False,
17d7a54e-0b2a-4c78-b9c8-dfc28ad4802a,DiaGram,First climate tech venture fund,diagram.kz,Montreal,,,,,,,False,138817519
2c4a1b16-672f-4dcb-99f4-eddf2b8c4aa8,Differential Bio,Biomanufacturing software platform,differential.bio,"Munich, Germany",,,,,,,False,299985742
a6b2c3fb-fb08-4db4-a612-b437eeb83e32,Dig,Cloud data security company,digbuffalo.org,"Tel Aviv, Israel",,,,,,,False,1713792
8be5c2d4-7b4c-4085-a477-bc5c4a03b4cb,Digestiva,Protein digestion enzyme technology developer,digestiva.com,"Davis, CA",,,,,,,False,280237164
338e4b46-9775-41f8-9276-fd0e874ee253,Digma,Designed to monitor and analyze code for risks,digma.io,"Santa Clara, California",,,,,,,False,282335244
85d6403e-ded5-40b9-9d41-4ff622023824,dimension energy,Build community solar projects,https://dimensionenergy.com/,Atlanta,,,,,,,False,Not in Affinity
2c86c8b3-f354-4a90-84da-6f899a1c90cd,dioxycle,CO2 to ethylene developer,https://www.dioxycle.com/,"Paris, France",,,,,,,False,Not in Affinity
27fffa82-f9cf-45cb-87af-3a570c5511fc,direct-c,Developing oil leak monitoring technology,,Canada,,,,,,,False,Not in Affinity
687eebbe-0cd8-4eb6-a947-6d4377494bd4,directh2,Develop modular hydrogen systems,,"Houston, Texas",,,,,,,False,Not in Affinity
23746f03-5b0d-4cf7-926e-955fd3a68ecf,discord,Communication platform for gamers,https://discord.com/,"San Francisco, CA",,,,,,,False,Not in Affinity
127e0caa-7d6e-42dc-ae59-c27c28749a15,dishcraft robotics,Cloud dishwashing service,,"San Carlos, CA",,,,,,,False,Not in Affinity
8f70af18-f7fc-4e30-af58-8d00311e9dc6,dispersa,Waste-derived biosurfactants developer,,"Laval, Canada",,,,,,,False,Not in Affinity
572d24d9-cb63-4ad5-8fb1-23d70f64a564,divert,Data-enabled waste diversion platform,,"Concord, MA",,,,,,,False,Not in Affinity
04d7cca5-ebf9-4db1-a130-5eadfc4f7a66,divigas,Startup developing membranes for hydrogen separation,,Singapore,,,,,,,False,Not in Affinity
4866a34d-6e78-4a89-8ef3-2d093a5a8b46,divirod,Flood management and water risk analytics company,,"Boulder, CO",,,,,,,False,Not in Affinity
0c112ce7-e451-4ead-bdce-64badebaaa53,dna script,Enzymatic DNA synthesis technology developer,https://www.dnascript.com/,"Paris, France",,,,,,,False,Not in Affinity
ad1acebb-d379-4cb9-bb9d-a442078b027c,do good foods,Food-waste elimination startup,,"Bedminister, New Jersey",,,,,,,False,Not in Affinity
49dbcff1-445d-4e87-b9af-97aca878f75b,doconomy,Financial technologies for environmental impact tracking,https://doconomy.com/,"Stockholm, Sweden",,,,,,,False,Not in Affinity
371b3ff0-2b81-41be-9a49-179f1c4edb85,domatic,Building power and automation system,,"San Francisco, U.S.",,,,,,,False,Not in Affinity
feb5870f-729c-4456-a9ee-1f2591e8847d,domna,Help landlords implement retrofits and upgrades for energy-inefficient buildings,https://www.domna.com/,London,,,,,,,False,Not in Affinity
5a342736-1e88-48e3-b1b4-4764d3bbfd69,doppler,Data encryption and management platform,https://www.doppler.com/,"San Francisco, CA",,,,,,,False,Not in Affinity
f87de4db-d7e0-43a3-9e16-5f3a087590d1,dops recycling technologies,Direct Carbon Immobilization technology,,"Alkmaar, Netherlands",,,,,,,False,Not in Affinity
13091a21-67dd-4961-8d7e-e8d4f9cbeeb6,dott,Electric bike and scooter startup,https://ridedott.com/,Netherlands,,,,,,,False,Not in Affinity
b44c9935-14f8-4d82-b50f-29251c6bcdc2,downforce technologies,Soil organic carbon measurement business,,"London, U.K.",,,,,,,False,Not in Affinity
7d7207b5-098a-4fdf-a202-e36cf1837646,doxel,Platform for tracking construction site project progress,https://www.doxel.ai/,"Redwood City, CA",,,,,,,False,Not in Affinity
65117873-5959-4dd6-8821-8be2f4915224,dreamfarm,Plant-based cheese developer,https://www.dreamfarm.com/,"Parma, Italy",,,,,,,False,Not in Affinity
59d3605c-2c6e-48df-9a38-37bb35a7af3f,drem,Heat pump installation services platform,https://www.drem.com/,"Stockholm, Sweden",,,,,,,False,Not in Affinity
bca13f1c-a8ef-4f0d-a4f3-a16b61770f8d,drift energy,High-performance sailing vessels for hydrogen production developer,,"Hertford, U.K.",,,,,,,False,Not in Affinity
d1f1f152-7134-4d8a-adb8-e5b854b59f92,drishti technologies,AI-powered video analytics company for factory floors,https://www.drishti.tech/,"Mountain View, USA",,,,,,,False,Not in Affinity
10e12b47-18e1-4159-ae56-d33134a6ffde,driveco,EV charging stations provider,,"Paris, France",,,,,,,False,Not in Affinity
a48abc26-6367-465d-b366-48db104725bb,dronamics,Long-range drone cargo service,https://dronamics.com/,"Sofia, Bulgaria",,,,,,,False,Not in Affinity
9074eccd-779d-4aa9-b4fb-8c7a2eb4c43e,dronebase,Aerial data analytics company,,Germany,,,,,,,False,Not in Affinity
afc448b0-ae60-4aff-9ea7-09973607663c,dronedeploy,Enterprise-grade drone data company,https://www.dronedeploy.com/,"San Francisco, CA",,,,,,,False,Not in Affinity
37ed8cb2-077e-4429-a2e6-ca1117cc5d3c,droneseed,Reforestation startup,https://www.droneseed.com/,"Seattle, WA",,,,,,,False,Not in Affinity
78e247ea-f3ea-463f-97ce-584091e58128,drop mobility,Electric micro-mobility solutions developer,,"Toronto, Canada",,,,,,,False,Not in Affinity
efd4e9bd-e881-4483-a5ac-3d59676eea38,dropzone ai,Autonomous alert investigation platform for security operations,,"Seattle, WA",,,,,,,False,Not in Affinity
0cacd663-364f-4bb8-aa23-33b5892e0342,dryad,Early wildfire detection technologies,https://dryad.com/,"Berlin, Germany",,,,,,,False,Not in Affinity
a04ceeeb-ff79-4c94-946b-69d724eda090,dryad networks,Startup harnessing its large-scale IoT network for ultra-early fire detection,https://www.dryad.net/,"Berlin, Germany",,,,,,,False,Not in Affinity
fdef1ba0-18ba-4704-942d-5a137a78e79f,dunia,AI-driven materials discovery platform,,"Berlin, Germany",,,,,,,False,Not in Affinity
812c7e1b-284c-4fdf-88a5-681c7897c161,dunya analytics,Software for biodiversity risk management,,"Wilmington, DE",,,,,,,False,Not in Affinity
9a66c792-f633-4ade-a563-333b8c031e25,durin,Develops autonomous drilling systems for mining,https://durin.com/,"El Segundo, CA",,,,,,,False,Not in Affinity
88982e27-5a14-4b95-a89a-886ffb2f384e,dusty robotics,Construction robotics company,https://www.dustyrobotics.com/,"San Francisco Bay Area, CA",,,,,,,False,Not in Affinity
5688821b-5170-404f-934b-b5dd01238df3,dvele,Housing technology company offering all-electric modular homes,https://www.dvele.com/,"La Jolla, CA",,,,,,,False,Not in Affinity
ab57b4d7-ebc7-467b-b3ca-faea2d6754f2,dvx,Startup incubator focusing on clean technology,https://dvx.com/,"Boston, MA",,,,,,,False,Not in Affinity
34ff582e-9c3f-4bfb-8608-07f9de82644e,dyna robotics,AI-powered robots developer,,"Redwood City, CA",,,,,,,False,Not in Affinity
030a9609-9019-4db0-a1f9-ad5610a3f9ed,dynamhex,Energy and carbon footprint software startup,,"Baltimore, MD",,,,,,,False,Not in Affinity
00964eec-9718-4716-bd25-c0dfaef279d1,dynamon,Data analytics and simulation tools software company for commercial transport and logistics,,"Southampton, U.K.",,,,,,,False,Not in Affinity
640457ae-3b0c-4f23-8370-d508ad42898d,dynelectro,Solid-oxide electrolysis technologies to make green hydrogen with industrial waste heat,https://dynelectro.com/,"Copenhagen, Denmark",,,,,,,False,Not in Affinity
a7ecfe28-f980-4a07-af89-047cad2b605f,dynolt technologies,Power electronics solutions for fast charging manufacturer,,"Bengaluru, India",,,,,,,False,Not in Affinity
0f1f6047-dec7-4501-bbe3-d35075fbd139,dyper,Maker of eco-conscious diapers,https://dyper.com/,"Scottsdale, AZ",,,,,,,False,Not in Affinity
cb5ca535-848f-4e28-93be-5fe5aa2fd0ec,e daddy,Two-wheel EVs,,UAE,,,,,,,False,Not in Affinity
5237f8fd-161e-4d1e-b68d-fa55ee4772c0,e-mission control,Provider of low-carbon fuel programs for electric fleets,https://e-missioncontrol.com/,"Sacramento, CA",,,,,,,False,Not in Affinity
d3f924db-62b3-4f5d-aa62-04a5041809f1,e-peas,Power management solutions platform,,"Mont-Saint-Guibert, Belgium",,,,,,,False,Not in Affinity
d6c1b365-88bb-4c0b-a515-28b37fe2f9de,e-Zinc,Developer of a zinc air battery for sustainable energy storage,e-zinc.ca,Canada,,,,,,,False,209158445
536d903a-7796-4e0f-b055-2d56d0d9b404,e.GO Mobile,Electric vehicles manufacturer,e-go-mobile.com,"Aachen, Germany",,,,,,,False,124899032
bc902b31-7400-4b64-bff5-0d78b0971376,e2 Companies,Supplies battery and energy management systems to data centers,e2companies.com,"Bonita Springs, FL",,,,,,,False,291697448
f7f8c26d-901d-4184-8ce1-e14b6480f8ea,E3 Lithium,Lithium extraction from oilfields developer,e3lithium.ca,"Calgary, Canada",,,,,,,False,291702859
0a08ce69-e47f-4514-841f-aa861418999a,E3 Metals,Company extracting lithium from old oilfields,e3metalscorp.com,Canada,,,,,,,False,146841757
b964999c-3064-485e-a919-63d64df153fd,e8,Emerging cleantech enterprises,,,,,,,,,False,Not in Affinity
098e98ee-8611-4bfd-9f6f-696141801835,Eagle Genomics,Microbiome R&D sustainability platform,eaglegenomics.com,"Cambridge, United Kingdom",,,,,,,False,1569742
972b8f47-5e35-4569-a58a-6e20ca37ae0c,eAgronom,Online farm management provider developing a carbon credit program,eagronom.com,"Tallinn, Estonia",68.0,-5.56,Series A,10000000.0,SmartCap Green Fund,Ella Käi-Edo (CEO of eAgronom Estonia): https://linkedin.com/in/ellakai,True,152148211
d6e35ba3-c8ba-4dee-9029-7366e9e633bc,EARTH AI,AI-powered clean energy metals discovery and drilling technology,earth-ai.com,"San Mateo, California",23.0,21.05,Series B,20000000.0,Scrum Ventures,Victoria Zapletnyak (Head of the CEO Office): https://linkedin.com/in/victoria-zapletnyak-9b6925189,True,136307727
7f20871e-69ab-4500-9e57-9c0b95bf7a27,Earth Finance,Climate consulting and finance services company,earthfinance.com,"Seattle, Washington",40.0,53.85,Seed,14000000.0,private investors,"Bryan Weeks, CFA (Chief Executive Officer): https://linkedin.com/in/bryan-weeks",True,289540237
c7bc5488-1a7d-484c-ae8d-359b0983ce36,Earth Force,Wildfire prevention company,earthforce.org,"San Francisco, CA",,,,,,,False,279536502
70475440-44be-4f65-959d-a5cd5e049c9d,earthgrid pbc,Plasma boring for grid infrastructure developer,https://earthgrid.com/,"Richmond, CA",,,,,,,False,
8dee5bce-3a8e-449d-8141-2fadf19352bf,Earthly Technologies,SaaS CI/CD platform,earthly.dev,"San Francisco, CA",,,,,,,False,263509415
c7fb8a09-b035-40d2-af27-1bf5d749103c,Earthmover,Climate data company,earthmover.io,"New York, New York",16.0,23.08,Seed,6115032.0,Costanoa Ventures,Ryan Abernathey (Chief Executive Officer): https://linkedin.com/in/ryan-abernathey-32a70652,True,287771644
998ba428-8718-4a74-a023-a4a81bb1082c,earthodic,Producer of bio-based coatings for paper packaging,earthodic.com,"Brisbane City, Australia",12.0,71.43,Seed,4000000.0,Significant Capital Ventures,Fiona Donaghey (Co-Founder): https://linkedin.com/in/fiona-donaghey-06176047,True,287464251
0392389e-6e3e-4d90-ab2f-df982c2dd99b,EarthOptics,Software and sensor technology for soil health measurement,earthoptics.com,"Arlington, Virginia",93.0,6.9,Series B,27600000.0,FHB Ventures,Todd Martin (Chief Commercial Officer & Founder): https://linkedin.com/in/toddlmartin72701,True,263458277
0edd95c8-0e30-4f5e-a282-e6f648a36554,Easy Solar,Pay-as-you-Go solar company,easysolar.org,Sierra Leone,,,,,,,False,262748426
235bdbad-2fc3-4c30-875a-20e1bba09eab,"Eat Just, Inc.",Developing egg and meat alternatives,eatjust.com,"San Francisco, CA",,,,,,,False,291855235
fd7368d3-6ebe-4e84-bbdd-9206d5a5304b,Eat the Change,"Making environmentally friendly, nutrient-dense snacks",eatthechange.com,"Bethesda, MD",,,,,,,False,279596009
43de0c20-675c-4698-8a40-355bf81406ae,eavor,Startup developing closed loop geothermal,https://eavor.com/,"Calgary, Canada",,,,,,,False,
33e086ce-553b-4262-ac91-5f105b951e10,echandia,Batteries for maritime transportation,https://echandia.se/,"Stockholm, Sweden",,,,,,,False,Not in Affinity
af974c9b-755e-4706-a9b7-3f6adea4e6a2,echion technologies,Niobium-based anode materials for lithium-ion batteries,https://echiontech.com/,"Sawston, U.K.",,,,,,,False,Not in Affinity
6c56b7a4-4a03-42a6-9f75-9731c17e78fb,eclipse foods,Provider of plant-based ice cream and dairy products,,"Oakland, CA",,,,,,,False,Not in Affinity
57c54b6a-1efb-45af-8691-b5845a0d4668,eco stor,Repurposing EV batteries,https://www.eco-stor.com/,Norway,,,,,,,False,Not in Affinity
9efc7bb1-512d-4acd-8cba-1700233469a0,eco-movement,EV charging station data provider,,Netherlands,,,,,,,False,Not in Affinity
bdfa963c-4376-4f7a-a45b-007a16d98910,ecoat,Bio-based paint binders used in paint,,"Grasse, France",,,,,,,False,Not in Affinity
0e160406-7531-4ca0-830c-48a57c3af318,ecobean,Sustainable chemicals from coffee beans developer,,"Warsaw, Poland",,,,,,,False,Not in Affinity
225c4a48-6a6f-4379-a37f-dde76bbfcf05,ecocart,Climate and sustainability-focused e-commerce enablement startup,https://www.ecocart.io/,"San Francisco, CA",,,,,,,False,Not in Affinity
9af2c40f-954d-46d6-bae3-549668fd59a5,ecocem,Green cement company,,"Dublin, Ireland",,,,,,,False,Not in Affinity
002e1db9-83f8-4b17-8599-58d31b730a62,ecochain,Lifecycle assessment software provider,,"Amsterdam, Netherlands",,,,,,,False,Not in Affinity
e9f6c0d4-5160-410f-8f88-c30c1381082f,ecodatacenter,Build more sustainable data centers using mass timber and renewable energy,https://www.ecodatacenter.se/,"Falun, Sweden",,,,,,,False,Not in Affinity
4d5d73d7-1788-48e6-a3cb-cd6a33fea2d5,ecoflow,Developer of portable power stations,https://www.ecoflow.com/,"San Francisco, CA",,,,,,,False,Not in Affinity
f3de238c-230a-40b9-8608-66edda4ef683,ecog,EV charging infrastructure software company,,Germany,,,,,,,False,Not in Affinity
04f750e8-254b-458a-973f-bafa82b38ef6,ecohelix,Providing high performing biopolymers,,Sweden,,,,,,,False,Not in Affinity
f7895e92-ffce-4330-b447-b6a3caf43cb7,ecoinno,Developing sustainable alternatives to single-use plastics,,Hong Kong,,,,,,,False,Not in Affinity
26f41d13-ecff-4ce1-97d5-ffef2f977cdb,ecojoule energy,Renewable energy integration platform,,"Loganholme, Australia",,,,,,,False,Not in Affinity
e4a5177a-5c07-45d7-a853-ff63eb226ed8,ecolectro,Green hydrogen electrolysis startup,,"Ithaca, NY",,,,,,,False,Not in Affinity
fe4d866f-1808-492f-ae08-d96d8050f13d,ecolibrium,Real estate energy decarbonization platform,,India,,,,,,,False,Not in Affinity
160e48ce-9039-4a6a-82eb-e0205b38521b,ecoligo,Impact investing platform supporting solar projects,https://www.ecoligo.com/,Germany,,,,,,,False,Not in Affinity
13b3317a-145f-4f2f-ae25-2848f26dee27,ecolocked,Using biochar to produce sustainable construction materials,,Germany,,,,,,,False,Not in Affinity
9c2c6679-2df7-4b8a-99b0-e89285655ff8,ecologi,Carbon-offset startup,https://ecologi.com/,UK,,,,,,,False,Not in Affinity
84b10c98-d2fd-43ba-8ed7-a4695c5f5457,ecolution kwh,E-mobility technology company,,"Naples, FL",,,,,,,False,Not in Affinity
f2594dcb-6086-4ca6-9d3d-92066e26b35e,ecolytiq,Climate education financial services platform,https://www.ecolytiq.com/,Berlin,,,,,,,False,Not in Affinity
763819d7-f18c-4a13-b681-39b9b621e6b3,ecomedes,Platform for finding sustainable building materials,https://www.ecomedes.com/,"San Francisco, CA",,,,,,,False,Not in Affinity
f7816c55-58f4-434a-8975-804fbe270586,ecomid,AI-powered retail returns reduction platform,,"Stockholm, Sweden",,,,,,,False,Not in Affinity
e61d52c5-8956-4013-afab-a672a5f05d19,econcrete,Sustainable concrete for ecologically active infrastructures,,Israel,,,,,,,False,Not in Affinity
5ea02144-c5a9-4ab4-9aef-bd81f6a8eed3,econic,Sustainable heat and energy residential installer,https://www.econic.com/,Netherlands,,,,,,,False,Not in Affinity
c4c22465-8542-4315-b311-e97498b17b8b,econic technologies,Company developing catalysts for polymer manufacturing from carbon dioxide,https://econic-technologies.com/,UK,,,,,,,False,Not in Affinity
50ebf74d-280d-4a77-ac4b-b7ad8dcd0962,ecop,High-tech heat pump manufacturer,https://ecop.com/,"Vienna, Austria",,,,,,,False,Not in Affinity
baa77371-c783-426e-b3c4-176d3175325b,ecoplanet,Energy management software provider,,"Munich, Germany",,,,,,,False,Not in Affinity
eac49b68-c49c-4b72-8ab2-fbc4fe05832f,ecoplant,Software platform to optimize compressed air systems,https://www.ecoplant.com/,Israel,,,,,,,False,Not in Affinity
fb5f3170-768e-43fe-b96d-bb3139221c2a,ecore,Reclaimed rubber materials to products developer,,"Lancaster, PA",,,,,,,False,Not in Affinity
ea76dd11-8aa9-490d-b30d-39591bb44d4e,ecore international,Convert used tires into flooring,,"Lancaster, PA",,,,,,,False,Not in Affinity
615c82fa-b28a-448c-901e-0e1cf56381f0,ecorobotix,Provider of precision farming solutions,https://ecorobotix.com/,Switzerland,,,,,,,False,Not in Affinity
5f136975-1894-4357-a920-9d0c1da1e222,ecosapiens,Carbon-backed collectible company,,"San Francisco, CA",,,,,,,False,Not in Affinity
1d563491-cc4a-4fb8-8d12-5eb15c62a2ed,ecospears,Environmental remediation company,,"Altamonte Springs, FL",,,,,,,False,Not in Affinity
f7660b01-545c-418f-b9a4-390b4bd3bfa7,ecospirits,Low-carbon spirits distribution company,,"Singapore, Singapore",,,,,,,False,Not in Affinity
7af34162-e536-423a-b168-3078c60f1f14,ecosync,Provider of HVAC control solutions for commercial buildings,,UK,,,,,,,False,Not in Affinity
481adfde-ee9b-4146-9237-23aa61803e6b,ecotech,Innovative eco-friendly technologies,https://www.ecotech.com/,"Austin, TX",,,,,,,False,Not in Affinity
da172739-8798-4045-a136-d87e7026b216,ecotransport,Sustainable public transportation solutions,,"Berlin, Germany",,,,,,,False,Not in Affinity
1a8e7a00-bd16-4f87-b92c-42e64f7b137d,ecotree,Developer of a sustainable forestry platform,https://ecotree.fr/,France,,,,,,,False,Not in Affinity
6736f8fb-c88e-4799-b729-9cb8a67a0521,ecovadis,Provider of business sustainability ratings,https://www.ecovadis.com/,"Paris, France",,,,,,,False,Not in Affinity
e3072f78-9bfd-43bc-9edd-258008c1cfcb,ecovative,Mycelium-based bacon alternative,https://ecovative.com/,"Green Island, NY",,,,,,,False,Not in Affinity
606d3848-dab3-465e-ad22-10062772ba86,ecovative design,Provider of mycelium technology,https://ecovative.com/,"Green Island, NY",,,,,,,False,Not in Affinity
14f3002d-72a5-4cc8-9133-715a4240e414,ecowave power,Wave energy technology provider,https://www.ecowavepower.com/,"Tel Aviv, Israel",,,,,,,False,Not in Affinity
949462a3-5c7f-4247-b422-b6855254a5f2,ecoworks,Retrofitting apartment buildings for NetZero standards,,"Berlin, Germany",,,,,,,False,Not in Affinity
c6839c2d-046d-4f7e-96cc-2c8a93a39b85,ecozen,Providing cold chain and irrigation solutions,,India,,,,,,,False,Not in Affinity
42ba0ffe-ee11-4f0b-93d0-2b9cf9774a07,edac labs,DAC technology developer,https://edaclabs.com/,"Baltimore, MD",,,,,,,False,Not in Affinity
9625825f-c11d-41ae-8121-caf6165ad963,edacious,Food verification system developer,https://edacious.com/,"Marlborough, MA",,,,,,,False,Not in Affinity
730d2edc-43b3-4d0e-b41f-c6889d3f51d1,eden brew,Animal-free dairy products developers,,"Sydney, Australia",,,,,,,False,Not in Affinity
9f14c957-2f88-448d-9984-3c7b83460bae,eden geopower,Reservoir stimulation platform,,"Somerville, MA",,,,,,,False,Not in Affinity
97d58277-cf20-4e37-9763-0b4ed18dfaa8,edgegrid,Platform enabling the last-mile delivery of energy,,India,,,,,,,False,Not in Affinity
1ac64579-2106-4aec-a215-800d49a0a60c,edonia,Protein ingredients for alternative meats using microalgae,https://edonia.com/,"Paris, France",,,,,,,False,Not in Affinity
77d07afb-1d14-463b-a398-1fdb036dc83a,edrv,API platform for EV charging,,"San Francisco, CA",,,,,,,False,Not in Affinity
152da17b-f749-40f5-b44b-92f4570219d0,edubirdie,Online academic writing service,https://edubirdie.com/,"Kyiv, Ukraine",,,,,,,False,Not in Affinity
42b2a06c-d9d4-4bb4-9e96-da449c6ddabd,edusmart,Online education platform for skill development,https://www.edusmart.com/,"New York, NY",,,,,,,False,Not in Affinity
6ebbe50c-7fcb-4994-867f-9de3e9fa01b7,eecomobility,Testing and monitoring software for batteries,,"Ontario, Canada",,,,,,,False,Not in Affinity
e4c164f4-e99d-4e35-b6f4-2f2deb908342,eeden,Chemical textile recycling service,,"Münster, Germany",,,,,,,False,Not in Affinity
800cfa5b-3f23-4116-aeab-2b0e3ccb7902,eexion,Using carbon electrodes to develop EV batteries,,Israel,,,,,,,False,Not in Affinity
9f1c780e-ea07-42a3-bee8-346577260a92,ef polymer,Biowaste upcycling service provider,,"Udaipur, India",,,,,,,False,Not in Affinity
57404915-1aa7-437d-adc3-4354f78f2e0c,efficient computer,Less energy-intensive semiconductors,,"Pittsburgh, PA",,,,,,,False,Not in Affinity
2158238a-d3d8-46cc-8ec7-a2654fea3f55,effy,Marketplace for energy renovation,,"Paris, France",,,,,,,False,Not in Affinity
f8fa2ede-c8c6-4f74-8ccb-d47c83efe70e,efishery,Aquaculture technology company,,"Bandung, Indonesia",,,,,,,False,Not in Affinity
bd4cf021-eb68-4c3e-9058-bc5870ccdb49,einhundert energie,Provider of green and digital smart services for tenants,,Germany,,,,,,,False,Not in Affinity
170441dc-6e62-4c8a-9d47-6b04dfe48a04,einhundert energy,Digital service partner for scalable tenant power,,Germany,,,,,,,False,Not in Affinity
5489ed5a-b39c-471c-bc47-aa44a4567294,einride,Developer and provider of electric and autonomous freight tech,https://www.einride.tech/,Sweden,,,,,,,False,Not in Affinity
2792da88-23ac-4b90-bc19-68f7fbaf2f10,eion,Carbon removal company,,"Oakland, CA",,,,,,,False,Not in Affinity
c123cf25-e76c-479e-a26e-fc9b369da5f8,eion carbon,Enhanced rock weathering carbon removal company,,"Princeton, NJ",,,,,,,False,Not in Affinity
6231a85d-f24f-4b47-9eac-889956c5bdb8,eka mobility,Electric vehicle manufacturer,https://ekamobility.com/,"Pune, India",,,,,,,False,Not in Affinity
3d38cfe1-e1e5-411b-a2ac-b922ce258701,ekko,Environmental impact monitoring fintech products,https://ekko.io/,"London, U.K.",,,,,,,False,Not in Affinity
06929022-0a77-442d-a57c-a7d19f6fd0da,ekolution,Hemp-based insulation developer,,"Malmö, Sweden",,,,,,,False,Not in Affinity
c69bceb4-d189-45c8-8fc8-fa7b7a41e995,ekona power,Developer of hydrogen technology,https://ekonapower.com/,"Vancouver, Canada",,,,,,,False,Not in Affinity
4505ae89-8196-4f8d-9175-a6d888d72832,eku energy,Global energy storage developer,https://www.ekuenergy.com/,"London, England",,,,,,,False,Not in Affinity
466522ae-d4ac-43a0-a92a-80d7dfa7c7ec,elaia,Investment firm,,"Paris, France",,,,,,,False,Not in Affinity
bd868a9c-6af2-412b-98b9-f169c7f7e38c,elaniti,Soil analysis technologies,,"Cambridge, U.K.",,,,,,,False,Not in Affinity
6d195c4b-f08b-4208-9f86-0a73bae91d5b,elbow beach,Climate impact fund targeting early-stage British startups,,"London, U.K.",,,,,,,False,Not in Affinity
15ee756c-438b-434c-95fa-08dd59023a50,elcogen,Solid oxide fuel cells developer,https://www.elcogen.com/,"Tallinn, Estonia",,,,,,,False,Not in Affinity
7364718c-ca46-47cf-ab22-472afb1574aa,electra,Uses renewable energy to transform iron ore into 99% pure iron,https://www.electra.fr/,France,,,,,,,False,Not in Affinity
1edc0d47-01f0-4fb7-aec4-b51ac96552b5,electra aero,Hybrid-electric aircraft manufacturer,,"Falls Church, VA",,,,,,,False,Not in Affinity
9a0ce711-6618-4efc-9926-35e863a6650f,electra battery materials,Battery materials refining and recycling platform,https://electrabattery.com/,"Toronto, Canada",,,,,,,False,Not in Affinity
6acd10d3-e6ab-4283-bd67-c14a35314372,electra vehicles,Software solutions provider for battery management,,"Boston, MA",,,,,,,False,Not in Affinity
b2a68443-d661-4e62-9f5e-fe2f87d6d05f,electra.aero,Hybrid-electric plane startup whose vehicles require very short takeoff and landing distances,https://electra.aero/,"Falls Church, VA",,,,,,,False,Not in Affinity
b2e3ce54-51e4-4212-b3a5-ea9bf6c1023f,electralith,Waterless lithium extraction technology,,"Melbourne, Australia",,,,,,,False,Not in Affinity
a8c686f0-c750-4161-bad1-6bc2320b9406,electric era,Climate tech startup,,"Seattle, WA",,,,,,,False,Not in Affinity
d03144d7-92ec-43b6-9315-a6f135404549,electric era technologies,EV fast charging stations,,"Seattle, WA",,,,,,,False,Not in Affinity
7fa61430-35d9-41c2-87f9-68a455115d88,electric hydrogen,Green hydrogen and electrolyzer manufacturing business,,"Natick, MA",,,,,,,False,Not in Affinity
299baf30-1f41-4bb4-8966-71dbd06af230,electric last mile,EV startup focused on commercial delivery networks,https://electriclastmile.com/,,,,,,,,False,Not in Affinity
9610992c-cf10-41b3-b449-5288b226f926,electric power engineers,Energy and power systems engineering and consulting firm,,"Austin, TX",,,,,,,False,Not in Affinity
732387aa-d2b3-425f-80a5-b23046e6d1d6,electric power systems,Battery developer for electric aircraft,,"Logan, UT",,,,,,,False,Not in Affinity
9d8dd3ab-72c7-4480-ab3b-65704c137b36,electricity maps,Quantify carbon intensity and origin of electricity,https://electricitymaps.com/,"Copenhagen, Denmark",,,,,,,False,Not in Affinity
392bd767-45f3-4b88-9976-c76862a05f92,electricpe,EV charging platform,https://electricpe.com/,India,,,,,,,False,Not in Affinity
3cdbff8c-d69b-4da3-9f3d-bdb86c1972cd,electrified thermal solutions,Joule Hive Thermal Battery (JHTB) system,https://www.electrifiedthermal.com/,Boston,,,,,,,False,Not in Affinity
f7a20e28-4818-4faf-a181-9303fa650ce1,electrify america,EV charging network,https://electrifyamerica.com/,"Reston, VA",,,,,,,False,Not in Affinity
2ed89ec5-4e2f-40d2-b019-c71a0058e0d6,electriphi,Provider of software solutions for electric vehicle fleet and energy management,,"San Francisco, CA",,,,,,,False,Not in Affinity
9fbf70d1-2c17-4d96-a9dc-27bc6a538f72,electriq global,Hydrogen powder for storage developer,,"Tirat Karmel, Israel",,,,,,,False,Not in Affinity
d7871531-783b-43ea-ae5c-755d6e09f5a3,electriq power,Residential home energy storage maker,,"San Leandro, California",,,,,,,False,Not in Affinity
0cf55742-cde7-47d5-bafd-f96310559162,electron,Distributed resource energy marketplace,,"London, UK",,,,,,,False,Not in Affinity
7d7f39ab-dcae-4d9d-a48c-0f753d625a46,electroneek,Robotic process automation software platform,,"San Francisco, CA",,,,,,,False,Not in Affinity
bfdf8e93-4d00-4f59-bd3c-16c196cc6328,electronx,Electricity exchange,https://www.electronx.com/,"Chicago, Illinois",,,,,,,False,Not in Affinity
0d9bed2f-2c26-4530-bc35-ef0a36146b60,electrotempo,Planning and intelligence software provider for electric charging networks,,"Arlington, Va.",,,,,,,False,Not in Affinity
4b2ec734-b9f8-49a3-933f-7e8ad63272a6,element analytics,Data hub provider,,"San Francisco, CA",,,,,,,False,Not in Affinity
a2eb086c-11b7-4ec8-ad4c-4256823c82bd,element energy,Developer of advanced battery management technology for energy storage and EV applications,https://www.elementenergy.com/,"Los Altos, CA",,,,,,,False,Not in Affinity
fc9bf48d-09ba-44b7-bc00-09e5b142dc74,element zero,Metal producing platform designed to produce metals with zero carbon emissions,,"Perth, Australia",,,,,,,False,Not in Affinity
f3629275-9d7c-4a93-b27f-d3d717963c09,element3,Critical material extraction technology company,,"Fort Worth, Texas",,,,,,,False,Not in Affinity
b00debab-8eaa-4ccf-9d90-90932e50f9eb,elemental advanced materials,Converting waste plastics into carbon nanomaterials and clean hydrogen,,Houston,,,,,,,False,Not in Affinity
65c25a84-f3f9-4a2f-a6f8-f0e82ca028f9,elephant energy,Home electrification platform,,"Boulder, CO",,,,,,,False,Not in Affinity
22dfc861-3820-4421-91cd-b01890524806,elevarm,Agricultural productivity platform,https://www.elevarm.com/,"Bandung, Indonesia",,,,,,,False,Not in Affinity
11341e39-9069-4b1d-96cf-f881546600ce,elevate renewable energy,Develop battery storage co-located with existing power infrastructure,,,,,,,,,False,Not in Affinity
0180174d-f1da-41df-bf7c-fa0316cb5916,elevated materials,Manufactures lithium thin film technology,,"Santa Clara, CA",,,,,,,False,Not in Affinity
eae38bd6-dcc0-4a40-89fe-efae65bd07f1,elevated signals,Manufacturing logistics software company,https://www.elevatedsignals.com/,"Vancouver, Canada",,,,,,,False,Not in Affinity
6c3f9269-bcbb-461f-b2c3-8a4dd3f59e94,elevation,Fully integrated residential energy solutions company,,"Chandler, AZ",,,,,,,False,Not in Affinity
a4bd648b-33a0-4e34-a1aa-180ab51e0a7a,eli technologies,Software for home electrification incentives,,"Halifax, Canada",,,,,,,False,Not in Affinity
52a1107b-aa36-4f44-afe7-e7852ed2f817,elicit plant,Agtech company focused on reducing the water consumption of crops,,"Vivonne, France",,,,,,,False,Not in Affinity
2638ac32-b3bc-4ae4-936f-a208d636e9ad,ellethermo,Low-energy thermoelectric materials manufacturer,,"Tokyo, Japan",,,,,,,False,Not in Affinity
4e408b21-4d6e-497b-8e7e-a40c630d5c63,elroy air,Hybrid-electric air cargo drone company,https://elroyair.com/,"San Francisco, CA",,,,,,,False,Not in Affinity
b70c2cfd-3abf-4233-92c1-21c7b33151a0,elum energy,Energy management solutions provider for renewable energy systems,,"Paris, France",,,,,,,False,Not in Affinity
939ba9a5-256b-42a4-8942-72c1e58f53ca,elvy,Energy tariffs and assets provider,,"Stockholm, Sweden",,,,,,,False,Not in Affinity
a431c914-ffaf-4d1b-a505-9d27b2f6a392,elyos energy,Energy flexibility and demand response platform,,"London, UK",,,,,,,False,Not in Affinity
f3151f77-b311-432d-8c2a-26b9963ba34f,ember,Electric bus intercity routes,,"Edinburgh, UK",,,,,,,False,Not in Affinity
665ef360-3dae-404a-929a-3a7d2b2deff3,ember infrastructure,Investments in sustainability-focused infrastructure,,New York,,,,,,,False,Not in Affinity
cb2cb2ff-9449-4a73-85c2-eac439b9566f,embotech,Software for autonomous management solutions in industrial logistics,https://www.embotech.com/,"Zurich, Switzerland",,,,,,,False,Not in Affinity
9be7c942-468c-42eb-a1db-3b64f1fa4c7c,embrace,Performance monitoring and analytics platform for mobile apps,,"Culver City, CA",,,,,,,False,Not in Affinity
c9eabbf7-905d-446f-8c84-fb6b95d0151c,embue,"Building intelligence, monitoring, automation, and control solution for multifamily apartment buildings",,"Worcester, MA",,,,,,,False,Not in Affinity
588ecb1b-e111-4101-aebc-4ae88a462161,emidat,Software for calculating environmental impact of building materials,https://emidat.com/,Munich,,,,,,,False,Not in Affinity
1d01a172-1a28-4335-91a3-be0004d72dbf,emitwise,Carbon management platform,,UK,,,,,,,False,Not in Affinity
04f77008-0105-4597-80f2-2aeba227a4fd,emo energy,Electric micromobility components platform,,"Bangalore, India",,,,,,,False,Not in Affinity
e7d9a45a-44fa-4708-ab69-b94e2036ef58,emotorad,Electric bike marketplace,https://www.emotorad.com/,"Pune, India",,,,,,,False,Not in Affinity
ecc44186-4b75-4a7e-acdb-37f625526956,empirical ventures,"Invest in advanced materials, automation, deeptech",,"Bristol, U.K.",,,,,,,False,Not in Affinity
7750326a-69d6-4582-bd71-00ad0e42df73,emrgy,"Modular, scalable hydroelectric solutions company",,"Atlanta, GA",,,,,,,False,Not in Affinity
55f138f2-7408-441f-90c5-2ab44dfe30e9,emvolon,Modular container-sized systems to turn methane into renewable fuels,https://emvolon.com/,"Woburn, MA",,,,,,,False,Not in Affinity
fd67a6fc-1612-45d7-8b39-74576f51fd25,enable,Software solution for rebate management,https://www.enable.com/,"San Francisco, CA",,,,,,,False,Not in Affinity
21c02a99-cfa8-48e8-8e0b-238d995e5c28,ENACT Systems,Solar software development company,enact.solar,"Pleasanton, California",97.0,20.0,Series A,11500000.0,,Deep Chakraborty (Chief Executive Officer): https://linkedin.com/in/deepchakraborty,True,291334737
8029b7ad-b6c1-43a3-91bd-86a2fbe5ff67,Enagas,Natural gas liquefaction and gasification to hydrogen specialist,enagas.es,"Madrid, Spain",,,,,,,False,162596640
54df8067-2fbe-427c-b4b1-906967e86aa1,Enapi,Broker for EV charging transactions,enapi.com,"Berlin, Germany",10.0,11.11,Seed,2500000.0,HelloWorld,,True,295288349
f6dd0259-712c-4ef9-aa3f-8ebb8ea28add,Encamp,"Environmental, health, and safety software platform",encamp.com,"Indianapolis, Indiana",66.0,6.45,Series C,30000000.0,previous investors,Daniel Smedema (Co-Founder & Senior Software Engineer): https://linkedin.com/in/daniel-smedema-3a374491,True,223154386
3f2f863c-b1e1-4e94-9eac-adbcbdf03f45,Encore Renewable Energy,Startup reclaiming undervalued real estate for community-scale solar PV systems,encore.eco,"Burlington, VT",,,,,,,False,285079913
c0543c57-c479-4633-b295-9c8751f34144,Encycle,Developer of HVAC energy management software,encycle.com,"Toronto, Canada",27.0,-3.57,Other,11500000.0,NGEN Partners,Ana-Paula Issa (Chief Executive Officer): https://linkedin.com/in/ana-paula-issa-2759b71,True,1554325
cb4a8550-65ce-496d-bfa1-5cd5f85c9b47,endless food,Alternative chocolate products from upcycled brewery grain,,"Copenhagen, Denmark",,,,,,,False,
9e811ee9-0689-47b2-aa2e-2fe6705b11bb,Endolith,Microbes for sustainable mining platform,endolith.com,"Houston, TX",,,,,,,False,294170931
7e72a121-39fd-4566-beaf-753031aaa053,Endor Labs,Software reuse platform for development and security teams,endorlabs.com,"Palo Alto, CA",,,,,,,False,291882313
acae5b83-d7e6-4cc8-a467-c35e10d58f15,Endua,Green hydrogen generation and storage technologies company,endua.com,"Brisbane, Australia",,,,,,,False,280870853
aa2c8890-323b-47b7-8527-7af77b994889,Enduro Genetics,Genetic tool for precision fermentation,endurogenetics.com,Copenhagen,,,,,,,False,223943308
39a6a824-18d9-41e8-8a09-7355f70ba8ec,EneCoat Technologies,Developer of perovskite solar cells for solar panels,enecoat.com,"Kyoto, Japan",,,,,,,False,224654910
cdd9429c-8514-426d-86b6-8dfa65707bb2,Eneida,Sensors and data analytics software for grid operators,eneida.io,"None, Portugal",73.0,14.06,Series B,10500000.0,Junction Growth Investors,John Comprido (Co-Founder - Product Management): https://linkedin.com/in/jcomprido,True,1643853
4bf7b4d1-c960-441a-a152-4952631d8f58,Enerbrain,Startup using IoT energy retrofit solutions to increase building efficiency,enerbrain.com,Italy,,,,,,,False,111633661
2d28eca0-7f40-4776-96c2-2083a6ed9793,Enerdrape,Prefabricated geothermal panel technology developer,enerdrape.com,"Ecublens, Switzerland",,,,,,,False,263316232
c18a49c1-eacb-4217-a680-2aa9919340e4,energicity corp,Owner and operator of solar microgrid utilities,,Sierra Leone,,,,,,,False,
f04abab7-abcc-4c16-94a0-7dc966caecfe,Energize Capital,Investment firm supporting asset-light climate solutions,energizecapital.co.uk,"Chicago, IL",1.0,0.0,,,,,True,221026513
832abbb0-360b-4408-af56-692c34cf719a,Energy Capital Partners,Invest in energy assets,ecpartners.com,"Summit, NJ",45.0,0.0,Investment Fund,4400000000.0,,,True,1522087
67d9f464-8277-4865-8af9-0006f2fe6a75,Energy Domain,Online marketplace for mineral and royalty rights,energydomain.com,"Fort Worth, TX",,,,,,,False,280555444
5430fbaf-5391-407d-8a06-01e7e4cf808e,Energy Dome,Developer of utility-scale long-duration energy storage,energydome.com,"Lonate Pozzolo, Italy",,,,,,,False,291884754
b5452298-07ab-441c-af9c-5ba76bb43cd0,Energy Exemplar,Provider of energy market simulation software,energyexemplar.com,"Adelaide, Australia",537.0,14.74,,1669096125.0,,Glenn Drayton (Founder): https://linkedin.com/in/glenn-drayton-57aa02122,True,133414751
2947b783-99f8-4a14-b5cd-b8f6a1f7bb83,energy exploration technologies,Lithium extraction technology company,,"Austin, TX",,,,,,,False,
cea65f87-c45b-4cb7-a5c8-1398df3153bc,ENERGY PARK,Smart EV charging solutions platform,energypark.ch,"Harpenden, England",,,,,,,False,290734984
972496db-37fe-4973-829b-08f01361c957,energy source,"Provider of repair, reuse, and recycle services for lithium batteries",,"São Paulo, Brazil",,,,,,,False,Not in Affinity
89bd1831-5c88-4a34-89bf-0c7c8b9842c0,energy vault,Developer of utility-scale battery storage technology,https://www.energyvault.com/,Switzerland,,,,,,,False,Not in Affinity
5e2755d6-9b82-499b-a0a5-767796b559d1,energy x,ESG platform for zero-energy buildings,https://www.energyx.com/,"Seoul, South Korea",,,,,,,False,Not in Affinity
37adedbc-b18c-48e9-b17a-0d6b3d0caab9,energybank,Energy storage startup,https://www.energybank.com/,New Zealand,,,,,,,False,Not in Affinity
3a697f01-f593-4599-909b-55d3909a5a6a,energyhub,Software platform focused on the distribution of clean energy,,"Burlington, Vt.",,,,,,,False,Not in Affinity
fa5ceaac-f7fd-41f6-ab78-fb566aa1057f,energyre,Develop a solar-plus-storage project,https://energyre.com/,"Charleston, SC",,,,,,,False,Not in Affinity
44fed4a0-2bb2-4926-9820-d9880b3ee40b,energysource minerals,Lithium extraction service,,"San Diego, CA",,,,,,,False,Not in Affinity
66f8ab18-523e-4a9b-928b-732ac15b6b9b,energyworx,Energy data management software platform,,Netherlands,,,,,,,False,Not in Affinity
e8c0f2f9-b76b-48f9-b23e-595aab2e72c7,energyx,Technology for sustainable lithium extraction,https://www.energyx.com/,Puerto Rico,,,,,,,False,Not in Affinity
d044b59e-7563-4f7a-b306-c656077f440d,enerkem,Producing renewable fuels and chemicals from waste,https://www.enerkem.com/,Canada,,,,,,,False,Not in Affinity
0545be81-edf2-4e49-be68-7ed69f7df81c,enerpoly,Zinc-ion battery startup,,Sweden,,,,,,,False,Not in Affinity
ed49179b-8882-459c-a515-9f56c4c17a50,enersee,AI-driven energy management software provider,,"Brussels, Belgium",,,,,,,False,Not in Affinity
25751bf8-1567-4a4f-a002-d669e012cda4,enervenue,Renewable energy storage company,,"Fremont, CA",,,,,,,False,Not in Affinity
d47a9f4b-3994-4029-90ed-5a23edaf34c6,eneryield,Software to predict and prevent power outages,,"Gothenburg, Sweden",,,,,,,False,Not in Affinity
bcf70e72-62d0-4753-b007-576fade62032,enfabrica,High-performance networking chips for data centers,,"Mountain View, CA",,,,,,,False,Not in Affinity
b91e02e0-1705-4678-975a-0f391ec231e5,engage mobilize,Cloud-based digital field management platform for oil and gas,,"Denver, CO",,,,,,,False,Not in Affinity
9c2734ae-ad57-4b1a-a576-c743564415ea,engie north america,Portfolio of solar wind assets,https://www.engie.com/,"Houston, U.S.",,,,,,,False,Not in Affinity
2cd4a78f-9500-46e0-8f71-42313389d870,enginzyme,Developing biomanufacturing processes for sustainable manufacturing,https://www.enginzyme.com/,"Stockholm, Sweden",,,,,,,False,Not in Affinity
b36bf870-a284-45d1-b797-27ea69c6c9a7,engrain,Interactive mapping technology and data visualization software,https://engrain.com/,"Denver, CO",,,,,,,False,Not in Affinity
71d5cb07-329f-4977-b27c-d33473d198ed,engrate,Energy data integration platform,,"Stockholm, Sweden",,,,,,,False,Not in Affinity
fc3601e4-6307-420b-9af6-eb76c45231c6,eniac ventures,Invest in sustainability-focused businesses,,"New York, U.S.",,,,,,,False,Not in Affinity
936638c9-3527-4f48-b8be-e66ab4cc7ce3,enifer,Mycelium-based protein using waste food and pulp,https://www.enifer.com/,"Espoo, Finland",,,,,,,False,Not in Affinity
94ea029b-486a-48ee-b8d3-bf5d02b70a7b,eniferbio,Mycoprotein-based protein developer,,"Espoo, Finland",,,,,,,False,Not in Affinity
e1f34650-54c9-484b-9a57-79decc02b1f0,enko,Crop health company,,"Mystic, Conn.",,,,,,,False,Not in Affinity
d782601e-deda-4111-9738-9fa59ed84bd7,enko chem,Uses machine learning to protect crops,,"Boston, MA",,,,,,,False,Not in Affinity
c0b9e372-ee50-4241-b10e-78d7c0fd944b,enmacc,Energy trading platform,,Germany,,,,,,,False,Not in Affinity
168bb84c-7970-46bc-9271-1748c61fd93f,enosi energy,Energy traceability company,,Australia,,,,,,,False,Not in Affinity
6015d427-98aa-4c75-add6-e006f2e8b705,enough,Alternative protein from fungi company,,"Glasgow, United Kingdom",,,,,,,False,Not in Affinity
f07d653f-f42a-49ef-b2ee-c1420329bd6d,enovix,Maker of next-generation lithium-ion batteries,,"Fremont, CA",,,,,,,False,Not in Affinity
8529edf2-aacb-4cc9-95d6-c90f567bcfe2,enpal,Residential solar and heat pump installation platform,https://enpal.com/,Germany,,,,,,,False,Not in Affinity
41d0ea12-210a-4af6-896c-078522cf3c24,enrichag,Soil enrichment platform,,"Vancouver, Canada",,,,,,,False,Not in Affinity
15a06915-f9e2-4ba1-8473-1f7721b7a1af,enriched ag,Grazing and carbon insights platform for farmers,,"Pittsburgh, PA",,,,,,,False,Not in Affinity
0c9eb999-9325-4aaf-aceb-0dd392d12acc,ensol,Household solar energy installations platform,,"Paris, France",,,,,,,False,Not in Affinity
2c310aa6-13a0-4463-976c-e705cb6ce609,enspired,Energy market trading-as-a-service platform,,"Vienna, Austria",,,,,,,False,Not in Affinity
fa7b9ef0-9892-4345-9212-fa5028d1212d,entalpic,New materials for industrial decarbonization,,Paris,,,,,,,False,Not in Affinity
b5f94fc4-a254-4ef7-8d38-cc1214c30d83,enteligent,Startup maximizing solar output,https://www.enteligent.com/,"San Jose, CA",,,,,,,False,Not in Affinity
c229e19d-6eba-404b-8c18-320764d53768,entelligent,Climate risk assessment platform,,"Boulder, CO",,,,,,,False,Not in Affinity
f2609c09-5e8e-4bce-8242-1f7e7b4524bc,enter,Home energy assessment platform,,"Berlin, Germany",,,,,,,False,Not in Affinity
6ae6bf74-9701-45a0-8af5-f226773c0a56,entocycle,Insect farming tech company,,"London, UK",,,,,,,False,Not in Affinity
28c7b345-4615-41d3-87db-d4913bb9c979,entoprotech,"Climate change, sustainability and biotech startup",,Israel,,,,,,,False,Not in Affinity
fb2792f9-8091-431e-ab52-0d06631067d0,entosystem,Build more production capacity for black soldier fly larvae proteins,https://entosystem.com/,"Sherbrooke, Canada",,,,,,,False,Not in Affinity
f3670d02-0775-485a-a3a8-8b950a6da7a4,entroview,Analytic tools to improve battery diagnostics,https://entroview.com/,"Saint-Martin-d'Hères, France",,,,,,,False,Not in Affinity
bd2367d8-c453-46e8-a615-a2d889dce51d,env0,Self-service cloud environments,https://www.env0.com/,"San Francisco, CA",,,,,,,False,Not in Affinity
5acbf206-492b-4d3d-8f5d-43d64fdf89dc,envana,Methane monitoring,,Houston,,,,,,,False,Not in Affinity
601984d5-64ac-431e-8d14-fc59d81bd24e,enverid,Developer of HVAC Load Reduction® technology,,"Westwood, MA",,,,,,,False,Not in Affinity
cb302eac-f5bc-4869-aed3-b18f36d8a8fb,enverid systems,Maker of HVAC load reduction technology,,"Boston, USA",,,,,,,False,Not in Affinity
c1f2712a-d1d0-4849-b2d0-a35337a81bcd,envgo,Electric hydrofoil boats developer,https://www.envgo.com/,"Waterloo, Canada",,,,,,,False,Not in Affinity
df8413d5-fe49-4356-babd-05225c659f18,enviria,Deploying solar capacity on roofs and buildings,,Germany,,,,,,,False,Not in Affinity
cf7251c9-bb01-49d5-b623-74f4bb24afa2,envirospark,EV charging installation and services platform,https://www.envirospark.com/,"Atlanta, GA",,,,,,,False,Not in Affinity
229b017b-4aba-4111-b00a-47ee3ce39552,envoria,ESG reporting and compliance software company,,Germany,,,,,,,False,Not in Affinity
c5f993e4-eae7-4903-bf8b-d9d3c5e6e489,envoy technologies,Provider of electric vehicle-sharing services,https://www.envoytechnologies.com/,"Culver City, CA",,,,,,,False,Not in Affinity
b9b843f7-858d-4915-a613-f3d5b87cfb41,enzinc,Advanced zinc battery developer,,"Richmond, CA",,,,,,,False,Not in Affinity
7d2860d4-5fea-4d1d-8171-55f636e280b1,enzinc inc,Zinc battery developer,,"Richmond, CA",,,,,,,False,Not in Affinity
4a6c5a8f-a351-450c-be6c-9639a9068bca,eo charging,Provider of EV charging solutions for fleets,https://www.eocharging.com/,"Stowmarket, UK",,,,,,,False,Not in Affinity
85fadf98-69de-4d83-9c28-98feeb2d9dca,eocycle technologies,Production of smaller wind turbines,,"Montreal, Canada",,,,,,,False,Not in Affinity
cb362c28-4f1d-4c5b-8f39-9236440ed069,eos,Energy storage developer,,"Edison, NJ",,,,,,,False,Not in Affinity
f47072d1-5911-4772-a87b-dd0dfca42ca8,eos energy enterprises,Energy storage,https://eosenergystorage.com/,"Edison, NJ",,,,,,,False,Not in Affinity
970222ab-de58-42e9-90e9-a268ad16a582,eos energy storage llc,Manufacturer of zinc hybrid cathode battery energy storage systems,,"Edison, NJ",,,,,,,False,Not in Affinity
6116ef14-f915-4f38-b0ba-1adfd7527e6a,epic cleantec,Onsite wastewater treatment and reuse company,,"San Francisco, CA",,,,,,,False,Not in Affinity
c8d5c35f-e61a-46ab-aa60-8674d0e98b2c,epilot,Help grid operators digitize their operations and accelerate renewable energy adoption,https://epilot.cloud/,"Cologne, Germany",,,,,,,False,Not in Affinity
fa4777e1-c058-4b6b-8b96-4dab4f66ed48,epirus,"Solid-state, software-defined directed energy systems developer",https://www.epirus.com/,"Redondo Beach, CA",,,,,,,False,Not in Affinity
9a64bd55-f10f-4106-ab23-59bd4815cd82,eplane,Electric flying taxi startup,,India,,,,,,,False,Not in Affinity
87f687fe-acab-4ff4-bb2d-8fa260538333,epoch biodesign,Enzymes breaking down hard-to-recycle plastics,,London,,,,,,,False,Not in Affinity
a050b958-0042-426e-98bd-54127b5d9dee,epower,EV charging installer,,"Cork, Ireland",,,,,,,False,Not in Affinity
fe1b3fe0-45ca-4cc6-8a1f-476f4b051d05,epyr,Develops thermal energy storage solutions,,Paris,,,,,,,False,Not in Affinity
a239b14c-d09b-412b-a775-b0048be5f428,eqt,"Long-hold impact fund for climate, nature, and health projects",https://www.eqtgroup.com/,"Stockholm, Sweden",,,,,,,False,Not in Affinity
5398342c-2ca8-4da4-80a6-f56651e9d647,eqt corporation,Acquires upstream and midstream assets of Olympus Energy,,Pittsburgh,,,,,,,False,Not in Affinity
9d1b6332-ff15-406d-b4a7-f8660af3fb3c,equal ventures,Second seed fund,,"New York City, NY",,,,,,,False,Not in Affinity
741a4f5f-d593-4464-ac4f-e909f854396f,equatic,Company combining carbon removal and carbon-negative hydrogen generation,,"Los Angeles, CA",,,,,,,False,Not in Affinity
28f53740-e05a-4318-b7f0-b398f7e875e9,equator,Focused on climate tech startups in sub-Saharan Africa,,"Nairobi, Kenya and London",,,,,,,False,Not in Affinity
c72bdb6a-5a54-4878-ae92-17b66814fe34,equilibrium energy,Grid power storage optimization services provider,https://www.equilibriumenergy.com/,San Francisco,,,,,,,False,Not in Affinity
0676573c-2592-401a-8334-634165d99067,equinom,Plant nutrition company,,Israel,,,,,,,False,Not in Affinity
0e5f6f22-5a95-4339-95cc-09b8d42d50cc,equinor,Energy company,https://www.equinor.com/,"Stavanger, Norway",,,,,,,False,Not in Affinity
32734e8e-d76c-43dc-a52e-3b74a59478ab,equipmentshare,Maker of equipment-tracking tech for the construction industry,https://www.equipmentshare.com/,"Columbia, MO",,,,,,,False,Not in Affinity
2304f590-b6e4-48fd-bb71-911aa4dd78c9,equium,Producer of acoustic heat pumps,,France,,,,,,,False,Not in Affinity
7925ae1b-bdba-422b-92f3-d9053baca6f9,eratani,Digital platform for smallholder rice farmers,,"South Jakarta, Indonesia",,,,,,,False,Not in Affinity
e678d8c3-ca6f-4758-8972-376ca37bd7f0,erguvan,Carbon credits and RECs marketplace,,"Sarıyer, Turkey",,,,,,,False,Not in Affinity
02731d23-6c7f-4026-8e71-2ca99e45ca59,ers (ecosystem restoration standard),Carbon certification platform for nature-based projects,,Paris,,,,,,,False,Not in Affinity
6f34c741-5717-4e55-a524-7b1b46c17eb2,erthos,Solar mount technology provider,https://erthos.com/,"Tempe, AZ",,,,,,,False,Not in Affinity
25439406-fae5-4ee6-a0da-2b0a4735bb9a,esg book,Sustainability data and technology platform,,"London, England",,,,,,,False,Not in Affinity
63398c7c-98aa-4961-b499-fb47172e6be1,esg flo,"ESG platform for industrial, manufacturing, and infrastructure companies",https://www.esgflo.com/,"Houston, Texas",,,,,,,False,Not in Affinity
cb39dfbb-0977-4d29-b59f-2219206b0b74,esmito,Battery swapping company,,India,,,,,,,False,Not in Affinity
75ab5f7a-06c3-4de0-be1a-c50d3b1ef4d5,esper,Hyperspectral satellite imaging services,,"Melbourne, Australia",,,,,,,False,Not in Affinity
f30a93f5-9383-4f0c-b6a5-301dc9d58150,ess,Developer of long-duration iron flow batteries,,,,,,,,,False,Not in Affinity
a2682888-18ca-40e0-8ddc-e529ca60c7b6,ess inc.,Manufacturer of energy storage systems,,"Wilsonville, Ore.",,,,,,,False,Not in Affinity
fb59ff69-65b1-40d5-9e53-c44ca042c353,ess tech,Manufacturer of iron flow batteries,,"Wilsonville, OR",,,,,,,False,Not in Affinity
76412abb-bac0-45d8-bccb-baca6289ab5b,est-floattech,Battery systems designed for maritime applications,,"Badhoevedorp, Netherlands",,,,,,,False,Not in Affinity
6a4907b8-5b95-4d21-945d-e57d7d825217,estuaire,For its flight data platform focused on reducing aviation emissions,,"Paris, France",,,,,,,False,Not in Affinity
637ebb79-5573-4fe4-996b-6f503f805a62,esvolta,Utility-scale energy storage project developer,https://esvolta.com/,"Newport Beach, CA",,,,,,,False,Not in Affinity
361ba6d7-9da5-4d93-8824-dd05f65133a9,etalytics,AI-powered energy management solutions,https://etalytics.com/,"Darmstadt, Germany",,,,,,,False,Not in Affinity
8194b9be-242b-4dbb-afa5-5cf25fcef1a3,etch,Hydrogen from methane decomposition developer,,"Chevy Chase, MD",,,,,,,False,Not in Affinity
4b2d600e-5786-4d61-a060-f42a83f787c8,etf partners,Software-focused climate tech companies,,"London, U.K.",,,,,,,False,Not in Affinity
dc62bcca-0eb6-4ced-8553-90e596f950a4,ethernovia,Ethernet system for electric vehicles,https://ethernovia.com/,"San Jose, CA",,,,,,,False,Not in Affinity
5bde7503-3024-4e8e-8972-ee879b70402e,ethic,Sustainable investing fintech platform,https://ethic.org/,"New York, NY",,,,,,,False,Not in Affinity
162a74ba-cbf6-4d43-8f4e-be2e94a6a626,ethonai,AI-powered manufacturing analytics platform,,"Zürich, Switzerland",,,,,,,False,Not in Affinity
88994fa3-bf1f-48bb-8259-f6d6bcb23526,ethos engineering,Provider of mechanical and electrical designs for sustainable buildings,,"Dublin, Ireland",,,,,,,False,Not in Affinity
b72b4c60-0767-41c3-83ce-92ea9aead6ef,etpa,Short-term electricity market and spot-trading markets,https://www.etpa.com/,Amsterdam,,,,,,,False,Not in Affinity
64aef061-5f11-4401-852f-91aaa256ab22,ettitude,Direct-to-consumer startup making sustainable bedding and sleepwear,https://www.ettitude.com/,"Los Angeles, CA",,,,,,,False,Not in Affinity
faa48c44-15d0-4ad3-952c-65927b0be751,eturnity,Sales software platform for renewables deployment,https://www.eturnity.com/,"Chur, Switzerland",,,,,,,False,Not in Affinity
855550e1-e41b-4e10-b712-48c80f563f89,eturnity ag,"Renewables evaluation, design, and sales software provider",https://www.eturnity.com/,"Chur, Switzerland",,,,,,,False,Not in Affinity
bc136e80-3c3d-45c9-bc6f-a943c3bb62c1,euler motors,Electric three-wheelers designed to carry cargo,https://eulermotors.com/,India,,,,,,,False,Not in Affinity
fcfb5cdc-1669-4334-ae2f-c9f132874aba,eureciclo,Recycling logistics company,https://eureciclo.com.br/,Brazil,,,,,,,False,Not in Affinity
449b8433-00dd-4a88-a017-facd190381b9,ev biotech,Company developing bio-based chemical feedstock,,"Groningen, The Netherlands",,,,,,,False,Not in Affinity
f9ce3c35-e15a-430a-9b6f-7053660466b6,ev life,EV financing marketplace,,"Folsom, CA",,,,,,,False,Not in Affinity
76f67604-ac1f-49b4-8e78-86c8b09a0bf7,ev realty,Develop EV chargers for commercial vehicles,,"San Francisco, CA",,,,,,,False,Not in Affinity
0042ff85-01f3-4625-af2c-f6bf32b7a530,ev.energy,Electric vehicle charging software provider,https://ev.energy/,"London, U.K.",,,,,,,False,Not in Affinity
27e62364-3c54-4b27-bd80-7adb82bc07c6,evage,All-electric commercial vehicle startup,,India,,,,,,,False,Not in Affinity
be0ef60f-72b9-4da3-b010-8596cbac9429,evari,Producer of efficient heat pump compressors,,"Peterborough, NH",,,,,,,False,Not in Affinity
9e10d21e-69b7-4b69-9e9f-2d831b5bb651,evbox,Provider of EV charging solutions,https://evbox.com/,,,,,,,,False,Not in Affinity
ceff4c03-8ca8-4c73-b161-86e660ca360b,evcs,Electric vehicle charging network operator,https://www.evcs.com/,"Arcadia, CA",,,,,,,False,Not in Affinity
78a1fbf7-c9ec-43e5-b95b-5aa363e796b2,eve air mobility,Electric vertical take-off and landing aircraft (eVTOL) for urban air transportation,https://www.eveairmobility.com/,"Melbourne, FL",,,,,,,False,Not in Affinity
85ba0945-e896-426e-9b7a-f08c5ece14cf,ever after foods,Cultivated meat bioreactor platform,https://everafterfoods.com/,"Haifa, Israel",,,,,,,False,Not in Affinity
fd7c24cc-b306-42ca-8de1-66d28c5a1c2d,ever dye,Sustainable dyes,,"Paris, France",,,,,,,False,Not in Affinity
5f434a45-e6ca-4c7b-8bce-e7b1e69d8375,evera,EV leasing solutions provider,https://evera.com/,"New Delhi, India",,,,,,,False,Not in Affinity
aa2ac80d-50b4-48f5-9674-60b281b421d8,everactive,"Maker of battery-free, industrial monitoring solutions",https://www.everactive.com/,"Santa Clara, CA",,,,,,,False,Not in Affinity
2dd8d4fe-6479-48e2-a553-88af1913cd6c,evercloak,Membrane-based HVAC technology,https://www.evercloak.com/,"Waterloo, Canada",,,,,,,False,Not in Affinity
207c88b8-26c8-4557-9a10-8a1d132276b0,everest fleet,EV fleet management platform,https://everestfleet.com/,"Mumbai, India",,,,,,,False,Not in Affinity
4a5b8e90-70f2-456b-80b9-67d35969358a,everestlabs,Utilizing AI to facilitate recycling,,"Fremont, CA",,,,,,,False,Not in Affinity
2ea92c08-2e57-4ecb-bc98-3c44618f5f55,evergen,Software platform enabling distributed energy assets,,Australia,,,,,,,False,Not in Affinity
603f02e9-6f4a-489b-af4f-b00650268035,evergrow,Focused on carbon offsetting projects,,"San Francisco, CA",,,,,,,False,Not in Affinity
65c80c3a-0050-4540-bc7f-3550d17d9806,everimpact,"Carbon tracking platform for cities, ships, ports, and industrial sites",,France,,,,,,,False,Not in Affinity
10848d7f-8ef3-457d-ad5e-317415a497a7,everledger,Creates a secure and permanent digital record of an asset’s origin,,U.K.,,,,,,,False,Not in Affinity
ca84fa39-64a4-4d26-b791-b43277c583d1,everseen,Computer vision and business automation solutions,,"Cork, Ireland",,,,,,,False,Not in Affinity
3158353c-b8a1-43ba-9396-84277ec9d5c5,eversource energy,Residential energy provider,,"Boston, MA",,,,,,,False,Not in Affinity
5465d400-02d6-473a-93d4-77e71ef88c54,everstar,Nuclear transformer developer,,"New York City, NY",,,,,,,False,Not in Affinity
895f07af-6c9f-48b3-9d0c-e360fbae00be,everstream analytics,Supply chain visibility and risk platform,,"San Marcos, CA",,,,,,,False,Not in Affinity
91b76612-d682-473b-9238-077cc5c91282,everyone energy,Renewable energy consultancy,,"Berlin, Germany",,,,,,,False,Not in Affinity
26df7a1a-051d-4afa-b884-1fd39d0706e3,EVgo,Operator of EV charging stations,evgo.com,"Houston, Texas",324.0,4.52,Public Markets,1250000000.0,U.S. Department of Energy,Cathy Zoi (CEO): https://linkedin.com/in/cathy-zoi-60016a60,True,1750837
8fa55ada-8d9a-4216-a574-8f8b0b712662,EVident Battery,EV battery inspection technology provider,batteryevidence.com,"New Haven, Connecticut",11.0,120.0,,3339225.0,,,True,293776703
ffb02f9d-ac7d-402f-8768-e5465f9c5792,EVIOS,Home EV charger installation business,myevios.com,"Stewartby, U.K.",,,,,,,False,285706119
0afb2d60-4317-4129-8ed6-2ee83a1034c6,Evoco,"Low-carbon, plant-based materials start-up",evocoltd.com,"Toronto, Canada",29.0,-9.38,Series B,8885016.0,Forage Capital,Jason Robinson (CEO): https://linkedin.com/in/jjrevoco,True,255222028
affcf54d-3528-40fd-a691-bcc2c8b34d6f,evodiobio,Sustainable aromas for nonalcoholic beverages,,"Copenhagen, Denmark",,,,,,,False,
116310b3-d783-474b-a059-a3dbcef67901,Evolectric,Provider of circular EV solutions,evolectricnow.com,"Long Beach, CA",,,,,,,False,281212120
5807c770-69a3-4184-9a8c-e5ebcc4b1834,EvolOH,Manufacturer of electrolyzer stacks for green hydrogen,evoloh.com,"Santa Clara, CA",,,,,,,False,283655418
d9494df6-867b-4d37-8b24-05bcf765305d,Evolved By Nature,Uses Activated Silk technology to create high-performance molecules,evolvedbynature.com,"Needham, Massachusetts",81.0,-2.41,Series C,120000000.0,Roy Disney,Aaloka Kotwal (Co-Founder of the DEI Committee): https://linkedin.com/in/aalokakotwal,True,221901476
254394ee-4c66-4004-aa7d-1126a03a9fbd,EVOS Energy,EV fleet management and charging platform,evos.energy,"Brisbane, Australia",,,,,,,False,283733964
1cc1eea3-b7a4-49bc-91b0-4c323ef2c096,Evrnu,Sustainable textiles startup,evrnu.com,"Seattle, Washington",16.0,-5.88,Series B,15000000.0,PDS Multinational Fashions' venture tech portfolio,Christopher Stanev (Co-Founder & President ): https://linkedin.com/in/christopherstanev,True,156978403
dddf6a77-9da0-4b42-be71-9cad3d073a5a,EX-Fusion,Laser-based nuclear fusion developer,ex-fusion.com,"Osaka, Japan",,,,,,,False,286826862
23e7ccd0-9a16-49a9-a3c0-a4d5178ebd1d,Exasun,Solar roof manufacturer,exasun.com,Netherlands,,,,,,,False,157663869
f6c896d5-2548-4093-95c4-441f3184c00f,Excarta,AI weather prediction company,excarta.io,"San Francisco, California",5.0,-16.67,Seed,2500000.0,Converge VC,"Vivek Ramavajjala (Founder, CEO): https://linkedin.com/in/vivek-ramavajjala-14926a5",True,288419924
6e9f97a8-bd43-4aa8-9822-d3b710f2661d,Excelsior Energy Capital,Renewable Energy Investment Fund,excelsiorcapital.com,"Excelsior, MN",28.0,21.74,Investment Fund,1000000000.0,The Development Bank of Japan,Anne Marie Denman (Co-Founder and Partner): https://linkedin.com/in/anne-marie-denman-530419b,True,279596873
8a58a07f-7e79-4114-977e-65b49ed396cb,Excess Materials Exchange,Online marketplace for materials platform,excessmaterialsexchange.com,"Amsterdam, Netherlands",9.0,0.0,Series A,5000000.0,Wa’ed Ventures,Christian van Maaren (Founder): https://linkedin.com/in/cvanmaaren,True,220004421
e27c2945-72ea-4f9f-9bb1-eeff73be3084,Exeger Sweden AB,Manufacturer of a carbon positive material that converts light energy to electrical energy,exeger.com,"Stockholm, Stockholms Lan, Sweden",,,,,,,False,1561476
9b8b430f-2859-4456-b3e4-7e5a57b274a2,Exergo,District heating and cooling startup using captured CO2,exergo.com,Switzerland,,,,,,,False,287545944
17f22507-9a68-47f2-8331-5b14de12bc79,Exergyn,Solid-state technology developer for waste heat recovery,exergyn.com,Dublin,,,,,,,False,1674596
bf57e873-816b-486e-82e8-e53fcf3e1083,Exodigo,AI-powered underground mapping technology,exodigo.com,"Palo Alto, California",233.0,30.17,Series A,105000000.0,National Grid Partners (NGP),Jeremy Suard (Co-Founder & CEO): https://linkedin.com/in/jeremy-suard-4737b118a,True,285067291
7b89c848-82b5-46e1-bcc9-cdf7bcfa97f3,exoes,Advanced thermal system developer,,"Gradignan, France",,,,,,,False,
5fc41097-84d4-4b22-a7d8-605d46fb07ae,ExoFlare,Biosecurity risk management & software platform,exoflare.io,"Sydney, Australia",,,,,,,False,283277343
6d1daecf-99d5-4f45-91a2-03f0fdf514b3,Exowatt,Deploy modular and transportable solar thermal energy units,exowatt.com,"Miami, Florida",34.0,112.5,Seed,20000000.0,a16z,,True,296387607
d49787cc-a53c-4e28-b336-4af1bb192551,Explorium,Data science platform developer,explorium.ai,"San Mateo, CA",,,,,,,False,219924242
70764fc4-0d48-4f2d-a21d-47e37e86ee75,Exponent Energy,Developer of fast-charging battery technology,exponent.energy,"Bengaluru, India",207.0,6.15,Series B,26400000.0,AdvantEdge VC,Sanjay Byalal Jagannath (Co-Founder): https://linkedin.com/in/sanjay-byalal,True,281372924
71d16b25-5da7-440f-b872-efa55ae90681,Extantia Capital,Invest in early-stage climate startups,extantia.com,"Berlin, Germany",35.0,29.63,Investment Fund,215885040.0,Invest-NL,Sebastian Heitmann (Co-Founder): https://linkedin.com/in/sebastian-heitmann-3259ab45,True,282618789
802cd1bf-9a61-4bbe-aa8d-2ec926359e31,Exterra,Carbon removal company,exterra.com,"Montreal, Canada",,,,,,,False,297168686
9f49f77d-21a8-4be1-bfb9-957dbebb08c0,Exus Renewables North America,Solar and battery storage project,exus.us,"Pittsburgh, PA",,,,,,,False,303448132
adebbaca-2eea-4afc-b39b-240625e70c47,ExxonMobil,Expand plastic recycling operations,exxonmobil.com,"Houston, TX",49191.0,-0.56,Public Markets,9500000000.0,,,True,1530550
0cb07ef0-e819-4f3d-b88d-10537a5b888d,EyeROV (IROV Technologies Pvt. Ltd.),Underwater robotics technologies,eyerov.com,"Kochi, India",,,,,,,False,136311872
72ff1a5a-84bd-4dec-865b-f803b081d575,Eyrus,Jobsite intelligence platform for construction and oil and gas industries,eyrus.com,"Washington, DC",,,,,,,False,136986563
a3bde686-09a3-4173-af94-75be0ceb1e55,Fa Bio,Sustainable agriculture bio-products developer,fa-bio.net,"Harpenden, UK",,,,,,,False,283993816
0e9a0ebf-bb98-42ae-8851-6b4c8ed6a3ad,faarms,Agri-tech marketplace,,India,,,,,,,False,
98b8b757-603e-4c62-bc91-10f29047e949,fable food,Startup making mushroom-based meat alternatives,,Australia,,,,,,,False,
853d138e-3e10-43d7-8d53-a815e5275fc7,Fabric8Labs,Electrochemical additive manufacturing company,fabric8labs.com,"San Diego, California",71.0,5.97,Series B,50000000.0,Lam Capital,Jeff Herman (Founder & CEO): https://linkedin.com/in/jwherman,True,112073039
eb39501f-4cd2-40ee-88e5-4ea70e5042b5,FabricNano,Developing a fossil-free biomanufacturing method for producing chemicals,fabricnano.com,UK,,,,,,,False,223142393
de275ea9-a123-42d9-9698-8a5bd3759db4,factorial energy,Developer of solid-state batteries for e-vehicles,https://factorialenergy.com/,"Woburn, MA",,,,,,,False,
363eaa99-ec1c-4ef4-bb1e-f7dded9b2837,Fairbrics,Startup making carbon-neutral fabrics,fairbrics.co,"Villebon-sur-Yvette, France",29.0,31.82,Series A,22000000.0,European Union’s Horizon 2020 Research & Innovation Programme,Tawfiq Nasr Allah (Co-founder and CTO): https://linkedin.com/in/tawfiq-nasr-allah-3a8aa280,True,262785772
55bbbac4-1730-4de1-b928-c73475f15985,FairCraft,Lab-grown leather developer,faircraft.bio,"San Francisco, CA",,,,,,,False,279596050
17994d6c-c6d1-4cbe-bb62-75265c45b87d,FAIRLY MADE®,Fashion sustainability solutions provider,fairlymade.com,"Paris, France",80.0,6.67,,15000000.0,ETF Partners,Camille Le Gal (Co-Founder): https://linkedin.com/in/camille-le-gal000,True,262505784
0c9d359a-4efb-43d1-b1e5-a8bd997aaf5a,Fairmat,Advanced carbon composite recycling technology,fairmat.com,"Paris, France",,,,,,,False,119674029
70a56edc-2245-41c8-acdf-087babf37766,FairSupply,ESG data provider and consulting company,fairsupply.com.au,Australia,,,,,,,False,278676663
894dbf04-f8dd-487f-8421-8b97f3de0e28,Faradai,Net zero intelligence platform,faradai.ai,"London, United Kingdom",33.0,-15.38,Series A,2400000.0,Turkiye angel investors,Utku Simitli (Co-founder & Head of Product): https://linkedin.com/in/utkusimitli,True,282228406
d4abc6cc-4490-4d96-8edc-90419eebc10b,Faraday Future,Electric sports cars developer,faradayfuture.com,"Gardena, CA",,,,,,,False,291970761
251ad61d-362a-4386-8e61-afef48ba23f2,Farasis Energy,Electric vehicle lithium-ion battery maker,farasis.com,China,,,,,,,False,144907009
2e66dd44-b6b5-424e-b6f6-eb9b6537880c,farm-ng,Modular off-road ag robotics manufacturer,farm-ng.com,"Watsonville, California",26.0,-3.7,Series A,10000000.0,Acre Venture Partners,Ethan Rublee (Founder): https://linkedin.com/in/ethan-rublee-06a8b515,True,263799955
09ec061f-709e-4381-9831-db6c4501ce3e,farMart,SaaS-based food supply chain platform,farmart.co,"Gurgaon, India",,,,,,,False,120607502
4cb9f0c8-77fb-4558-ac3f-4dc5513625cc,Farmblox,Farming automation and agricultural monitoring technologies,farmblox.ag,"Boston, U.S.",,,,,,,False,286246778
e87771d2-5ae8-4598-b36b-5c14883ae981,FarmBot,IoT platform for farmers to monitor resources,farm.bot,"Sydney, Australia",,,,,,,False,281345611
f935484a-c8ff-4709-a68b-a460e87d8d90,Farmers Business Network,Agriculture technology platform,fbn.com,"San Carlos, CA",,,,,,,False,1674514
71b6b44e-d6dd-40be-9a6c-e7ac95a07af5,farmer’s business network,Helps farmers share data and information,,"San Carlos, CA",,,,,,,False,
7431af21-450c-4e07-bc33-972ef20c0180,FarmInsect,Alternative source for animal feed developer,farminsect.eu,"Bergkirchen, Germany",,,,,,,False,262864331
a72a48e0-958f-430a-b9f7-652015492255,Farmless,Alternative protein food ingredients developer,farmless.com,"Amsterdam, Netherlands",22.0,46.67,Other,1050780.0,Ron Shigeta,Adnan Oner (Founder): https://linkedin.com/in/adnanoner,True,289364459
19be7f77-b803-4d94-add7-2d3cba13d76d,farmwise,Builds autonomous farming robots,,"San Francisco, CA",,,,,,,False,Not in Affinity
d94a8f8a-29be-4ff6-8b64-1114edfed072,fasal,Smart farming technology company,,"Bengaluru, India",,,,,,,False,Not in Affinity
730da063-81f7-434e-91cc-dc7037899063,fashionnova,Fast fashion retail platform,https://www.fashionnova.com/,"Los Angeles, CA",,,,,,,False,Not in Affinity
2d1d4460-1e5d-4639-a3d2-3b29371ade2d,fashol,Retail network for agriculture,,"Dhaka, Bangladesh",,,,,,,False,Not in Affinity
8e38f869-68bd-46ae-a673-9960237b070f,fathom fund,Deep-tech investments across technologies,,"Houston, TX",,,,,,,False,Not in Affinity
a2587cc6-6d1d-4042-9eb7-807d1e890428,fazla gida,Food surplus startup,,Turkey,,,,,,,False,Not in Affinity
81b0fe1d-f7a7-4b90-8e28-a7d92894ac1a,fazla gıda,Food waste tech company,https://fazlagida.com/,"Istanbul, Turkey",,,,,,,False,Not in Affinity
d8933d08-f039-448f-974d-6f63fe2ef359,featureform,MLOps feature store for building AI and ML systems,https://featureform.com/,"San Francisco, Calif.",,,,,,,False,Not in Affinity
13fe87c7-3d1a-4a16-a5bb-c5cac8a7c6b4,feld.energy,Help farmers install solar panels,https://www.feld.energy/,"Munich, Germany",,,,,,,False,Not in Affinity
1e1ffe3b-a63b-4781-8afe-f80f39d76385,feon energy,To create new electrolyte formulations for advanced battery chemistries,https://feonenergy.com/,"Woburn, MA",,,,,,,False,Not in Affinity
c6f3cabb-4a5e-4ae3-8a04-5fe0752274d7,fermata,Computer vision startup and autonomous crop management system,,Tel Aviv,,,,,,,False,Not in Affinity
254aa483-cc69-42a2-ab0e-649d06d12111,fermata energy,Vehicle-to-everything (V2X) technology services provider,https://fermataenergy.com/,"Charlottesville, VA",,,,,,,False,Not in Affinity
ab474f10-a0a8-4500-b442-69d7099d636c,ferment,Venture studio for synthetic biology startups,https://ferment.com/,"Santa Monica, CA",,,,,,,False,Not in Affinity
a275682e-c360-4015-9a78-449256b43a77,fermify,Animal-free cheese developer,,"Gerasdorf Bei Wien, Austria",,,,,,,False,Not in Affinity
fc4eb2fa-8424-428b-a4b9-828949afecb2,fermyon,WebAssembly applications deployment and management platform,https://www.fermyon.com/,"Longmont, CO",,,,,,,False,Not in Affinity
ebf325e0-389e-44ae-b52d-b617154b3bf7,fernride,Electric autonomous trucks and operating systems,https://fernride.com/,"Munich, Germany",,,,,,,False,Not in Affinity
c9adbe04-c546-48b8-9a5b-c4be72903bfa,fero labs,Manufacturing process optimization software company,https://www.ferolabs.com/,New York,,,,,,,False,Not in Affinity
afa7ccbb-63d0-49a2-9a66-c8376325664d,ferry,EV subscription startup,,"Austin, TX",,,,,,,False,Not in Affinity
751351f9-a980-4afa-91f3-4d99804368ad,fervo,Develop 400 MW Cape Station project,https://fervoenergy.com/,"Houston, TX",,,,,,,False,Not in Affinity
a48cc91f-8078-4bcd-922e-6675e4053656,fervo energy,Enhanced geothermal energy solutions and technologies,https://www.fervoenergy.com/,"Houston, TX",,,,,,,False,Not in Affinity
659c4d8c-f8df-4202-b985-6a07c0490e8a,fever,API-based platform for distributed energy resources,https://www.fever.com/,"Stockholm, Sweden",,,,,,,False,Not in Affinity
343397d2-af37-4585-aecd-cce1b03a7a89,fiberdom,Sustainable wood fiber manufacturer,https://fiberdom.com/,"Vantaa, Finland",,,,,,,False,Not in Affinity
baff0cc2-ffe5-41a3-8601-88acf3faf9ba,fibersail,Using data-driven shape sensing tech to improve wind turbines efficiency,,Portugal,,,,,,,False,Not in Affinity
387d16ca-b46c-411d-b081-570849d45a02,fiberwood,Sustainable packaging materials,https://www.fiberwood.fi/,"Järvenpää, Finland",,,,,,,False,Not in Affinity
2164e94b-2ad4-4cca-9110-828208726329,fibmold packaging,"Eco-friendly, molded fiber packaging developer",https://www.fibmold.com/,"Mumbai, India",,,,,,,False,Not in Affinity
6e2c65ec-4ba6-4e48-a06c-1e508df78fb7,fibracast,Water and wastewater treatment developer,https://www.fibracast.com/,"Hamilton, Canada",,,,,,,False,Not in Affinity
4740ef69-a122-4ec0-b93e-c366d72021b5,fibrecoat,Aluminum-coated fibers for protection against radiation and heat,https://www.fibrecoat.com/,"Aachen, Germany",,,,,,,False,Not in Affinity
9d1fc56f-5bee-4fb1-8f40-68db26fbdd1c,fiddler labs,Provider of an explainable AI engine,https://www.fiddler.ai/,"Mountain View, CA",,,,,,,False,Not in Affinity
701c7eb7-5dd8-42f8-bf82-cba9e9c19cf0,field,Battery energy storage project developer,,"London, England",,,,,,,False,Not in Affinity
54b1f9a5-99bf-43bb-bc44-f922e37fd9cb,field materials,Procurement platform for contractors,https://fieldmaterials.com/,"San Jose, CA",,,,,,,False,Not in Affinity
1991fdcd-d162-43c7-81f4-f7d0ba03cebf,fieldin,Provider of a farm management platform,,"Fresno, CA",,,,,,,False,Not in Affinity
c57d34a1-3aed-41f4-820d-d130b476ece3,fieldless farms,Developing indoor farming technology,,Canada,,,,,,,False,Not in Affinity
56c40dfb-263d-47de-be93-4f46811bd6e2,fieldwire,Field management solution for the construction industry,https://www.fieldwire.com/,"San Francisco, CA",,,,,,,False,Not in Affinity
9de47924-aaaf-4a17-953e-fba8759f1f41,fifteen,Shared e-bike services startup,,France,,,,,,,False,Not in Affinity
12f11b57-e897-4f0f-a75c-c8a6d99bdb2a,fifth wall,Flagship Fund for real estate and technology,,"Los Angeles, New York",,,,,,,False,Not in Affinity
4dfece56-91cf-4db7-9df2-605b097072fb,figbytes,ESG insights company,https://figbytes.com/,"Ottawa, Canada",,,,,,,False,Not in Affinity
2e2722e0-87f9-4dd7-895e-ced1c61d80af,figma,Collaborative interface design platform,https://www.figma.com/,"San Francisco, CA",,,,,,,False,Not in Affinity
99680dbb-e22c-47d2-b43f-aebf67b4e819,figorr,"Real-time, cold-chain solutions company",https://figorr.com/,"Lagos, Nigeria",,,,,,,False,Not in Affinity
f1fecc11-ce63-4bff-9b7b-ac73c9cf79cf,fin,Sustainable logistics provider,,"London, UK",,,,,,,False,Not in Affinity
04748b4a-3e48-4628-8c4d-82bd349d000e,finite carbon,Carbon offset developer,,,,,,,,,False,Not in Affinity
5a072489-7de1-4804-a5a4-b245fb903b28,finite state,Supply chain and IoT security firm,,"Columbus, OH",,,,,,,False,Not in Affinity
a7d34234-760e-4493-86ca-5b329e7cbf25,finless foods,Cell-cultured seafood company,https://finlessfoods.com/,"Emeryville, CA",,,,,,,False,Not in Affinity
dfcf88b4-3312-4fd2-a862-56d91d476689,finserve,Financial technology solutions,,"New York, NY",,,,,,,False,Not in Affinity
73d9de5a-b3d5-4c17-b8e8-0df0d00b9156,fintech nexus,Streamlining financial services with technology,,"Austin, TX",,,,,,,False,Not in Affinity
40ed7361-1541-4242-a0ba-4a1e1c2991b8,firedome,Autonomous cannons to help put out wildfires,,"Tel Aviv, Israel",,,,,,,False,Not in Affinity
280bf874-037e-498b-9991-f97610ae551f,firehydrant,Incident response and management platform,https://firehydrant.io/,New York,,,,,,,False,Not in Affinity
68de3a72-1309-4e08-b2a2-481edaeb10bd,firemaps,Wildfire management startup,,San Francisco,,,,,,,False,Not in Affinity
ffb9e3a2-80ab-47ba-9faa-e2667878b2d5,first momentum,Invests in pre-seed deep tech startups,,"Karlsruhe, Germany",,,,,,,False,Not in Affinity
a568e90c-c839-4927-b5ec-6ee37580918b,first resonance,Manufacturing software platform for factory operations,,"Los Angeles, CA",,,,,,,False,Not in Affinity
134255e6-8e8f-4cc2-9446-049033882ff5,first street,Help customers navigate their climate risk exposure,https://www.firststreet.org/,"New York, U.S.",,,,,,,False,Not in Affinity
09ae47a3-7152-489e-b021-67353997f18a,first water,Sustainable salmon farming,,"Kópavogur, Iceland",,,,,,,False,Not in Affinity
1bc683fd-ebaf-470b-a64c-37f885c98c28,firstelement fuel,Hydrogen refueling network,https://firstelementfuel.com/,"Newport Beach, CA",,,,,,,False,Not in Affinity
bfc9005c-39d3-4312-89a7-a69d303455fd,fisker,EV manufacturer,,"Los Angeles, CA",,,,,,,False,Not in Affinity
0a4afc54-62f1-4b60-875e-8d97c2c82e77,fitsol,Supply chain sustainability solutions provider,,"New Delhi, India",,,,,,,False,Not in Affinity
9de0709b-0ea4-475e-a781-c8bef7ea9334,flagship pioneering,"Create 25 impact-driven companies in human health, sustainability, and artificial intelligence",https://www.flagshippioneering.com/,"Cambridge, MA, U.S.",,,,,,,False,Not in Affinity
300262ca-228e-42f3-8b5b-ec032b6d4e4c,flair,Smart vent developer,,"San Francisco, CA",,,,,,,False,Not in Affinity
fc74fbeb-d973-4cad-9a9c-afb2bb462de6,flash forest,Aerial reforestation platform,https://www.flashforest.ca/,"Toronto, Canada",,,,,,,False,Not in Affinity
c614600c-439b-4402-aa3d-0014f2088640,flashfood,Mobile grocery marketplace for expiring food,https://www.flashfood.com/,Canada,,,,,,,False,Not in Affinity
19fdc37a-e4e2-4598-b81a-6f8fc6a1ce16,flashtract,Cloud-based software for billing and payments for construction projects,,"Atlanta, GA",,,,,,,False,Not in Affinity
275722dc-72d0-4f91-9caf-ea194dc42d04,flatfile,Data onboarding software,,"Denver, CO",,,,,,,False,Not in Affinity
219f55f8-2028-4b43-8f57-0a142aae2f46,fleet,Manage employee commuter programs,,"San Francisco, CA",,,,,,,False,Not in Affinity
a4866ee9-dc6f-411e-9394-4f87f86e8b5f,fleet space technologies,Build technologies to expand satellite-based mineral exploration,https://fleetspace.com/,"Beverley, South Australia",,,,,,,False,Not in Affinity
77a75b19-b440-482b-a98b-ec099d9e08fb,fleetops,AI-based freight marketplace that matches shipments with drivers,https://www.fleetops.com/,"Toronto, Canada",,,,,,,False,Not in Affinity
63ff195d-b347-4cb5-8265-c3502c132aee,fleetzero,Startup building battery-electric cargo ships,,"New Orleans, LA",,,,,,,False,Not in Affinity
a034bdbd-ffce-407a-b292-fb95329bb690,flexcharging,EV charging company,,"Bellevue, WA",,,,,,,False,Not in Affinity
213460d4-b47d-485d-8445-948bee74e034,flexecharge,EV load and management solutions developer,,"Copenhagen, Denmark",,,,,,,False,Not in Affinity
9ca559e2-3ef1-46ef-984d-35c28362e0d6,flexgen,Energy management software platform,https://www.flexgen.com/,"Durham, NC",,,,,,,False,Not in Affinity
f085ee99-b50a-4e55-b899-242b70ac79a7,flexgen power systems,Provider of services and software to energy storage companies,,"Durham, NC",,,,,,,False,Not in Affinity
73c8cdae-1d8c-4d44-9dfd-205b4eb01ae7,flexidao,24/7 carbon-free energy platform,,Spain,,,,,,,False,Not in Affinity
35f79424-2484-4b72-83aa-70758f1d666b,flexnode,Data centers with liquid-cooling tech,flexnode.com,"Bethesda, MD",,,,,,,False,284680017
6bd5bce6-a448-4f39-a2d3-3f9f4596b367,Flexport,Global logistics platform,flexport.com,"San Francisco, California",2244.0,-5.52,Late Stage,935000000.0,DST,,True,1707527
344e0799-2315-4ac3-ae4b-9c907ce015bf,FlexSea,Seaweed-derived biomaterial for packaging platform,flex-sea.com,"London, U.K. and Berlin, Germany",,,,,,,False,283245876
e3df64f5-c8c1-4e43-b5b4-a11b98a2d6d7,Flint,Make cellulose-based paper batteries,flint.com,Singapore,,,,,,,False,1589285
b1297aff-5de3-4827-b689-317b50577e80,Flipturn,EV charger and fleet management platform,getflipturn.com,"New York, New York",18.0,50.0,Series A,11000000.0,CRV,Katie Siegel (CEO / co-founder): https://linkedin.com/in/katie-siegel-912a7758,True,286605966
40bcad76-6449-482b-b9db-2eb07b38d382,FLO,EV charging network operator,flo.com,"Quebec City, Canada",323.0,-27.58,Late Stage,98787408.0,the Business Development Bank of Canada,Louis Tremblay (President and Chief Executive Officer): https://linkedin.com/in/louis-tremblay-4841834,True,220452984
013547d7-d027-4aff-bd49-83f508ecaf10,Flocean Green,Desalination technology developer,flocean.green,"Oslo, Norway",,,,,,,False,294171792
f95110ac-405c-4fa3-8034-a24cc2c62f7a,Flock Mobility,B2B platform to improve fleet efficiency,flockmobility.com,"Edinburgh, Scotland",,,,,,,False,283364144
e9849ad0-8958-4f0b-b644-4a9c86b7e5b6,floLIVE,Maker of a way to create private 5G networks,flolive.net,"London, United Kingdom",149.0,-0.67,Series C,47000000.0,Golden Sunflower Capital,Boris Shagalov (Co-Founder and VP Global Business Development BSS): https://linkedin.com/in/boris-shagalov-aa023aa,True,119673304
ff3c48e3-bc71-45ee-a0db-d1fbdfa75d2c,Floodbase,Uses satellite imagery and AI to track floods globally,floodbase.com,"None, None",25.0,,Other,,,Bessie Schwarz (Co-founder & CEO): https://linkedin.com/in/bessie-schwarz-3314b725a,True,289755338
0bb91f62-1ff2-4845-8656-b2c1d42347f6,FloodFlash,Flood insurance technology company,floodflash.co,"London, United Kingdom",21.0,-46.15,Series A,15000000.0,Sony Financial Ventures/Global Brain,Adam Rimmer (Co-founder): https://linkedin.com/in/adam-rimmer-671aba29,True,131592755
775e3de2-4506-49f5-9bf3-fae0aac47013,FloodMapp,Flood forecast startup,floodmapp.com,"Brisbane City, Australia",30.0,-3.23,Seed,6000000.0,Climate X,Ryan Prosser (Co-founder and Chief Technology Officer): https://linkedin.com/in/ryan-prosser-19a829118,True,152148220
6b3cdf1a-c0d6-4c03-abf0-108e50b3ff8c,FloorFound,Oversized retail recommerce platform,floorfound.com,"Austin, TX",,,,,,,False,264980914
d749e464-924d-46ee-a9a8-0bbc4fe39cf1,Flora,Sustainable brand marketplace,florabrands.com,"San Francisco, California",25.0,19.05,Seed,9000000.0,Gokul Rajaram,Ugur Kaya (Co-Founder): https://linkedin.com/in/ougurkaya,True,281745323
be84cbdc-dadc-4d82-b55d-338b1d8ad1d1,flora ventures,Investment firm for food and agricultural start-ups,,"Tel Aviv, Israel",,,,,,,False,
c897574d-528a-4a65-afde-371358c7f6e0,Floreon,Bioplastics developer,floreon.com,"City of Kingston upon Hull, UK",,,,,,,False,2886065
6a469812-84d8-40e7-b5f9-ac85b9b7f769,florrent,High-energy density ultracapacitor technology,florrent.com,"Amherst, MA",,,,,,,False,285482663
3ce47df9-82d1-4159-bc2d-e1f89e7b4bf5,FlowCarbon,Crypto platform building an on-chain carbon market,flowcarbon.com,"New York, New York",24.0,-25.0,Series A,70000000.0,Samsung Next,Phil Fogel (Co-Founder & Chief Crypto Guy): https://linkedin.com/in/phil-fogel-b03b149,True,290241228
7d9737f6-4c54-4630-9557-f38d767c4be2,flower,Software to integrate intermittent renewables into power grids,https://flower.com/,Stockholm,,,,,,,False,Not in Affinity
6cf9de98-7ca3-4e19-8b38-5f22213a4ae9,fluence,Energy storage technology provider,,,,,,,,,False,Not in Affinity
a4837e84-51d7-4d33-8299-b8376d8c9258,fluence analytics,Polymer reaction monitoring and control company,,"Houston, TX",,,,,,,False,Not in Affinity
68caf974-0ab2-4ca1-9f0e-afcbb03a26e7,fluence energy,Grid-scale batteries for Ukraine,,Virginia,,,,,,,False,Not in Affinity
437bb46a-4123-436e-8a34-664c2ad642b8,flume,Residential water use monitoring platform,,"San Luis Obispo, CA",,,,,,,False,Not in Affinity
0fe8e987-5b12-4380-9907-da17a662f8ca,fluorok,Make less environmentally harmful fluorochemicals,,"Oxford, U.K.",,,,,,,False,Not in Affinity
ee4fa0c0-88ae-43ac-a8c1-2dc9f8a42469,fluree,Graph ledger database and data pipeline toolset developer,,"Winston-Salem, N.C.",,,,,,,False,Not in Affinity
e560f20b-0ecd-4a49-baac-ae154ce56283,flux marine,Electric boating startup,https://fluxmarine.com/,"Providence, RI",,,,,,,False,Not in Affinity
ce6c8334-1a5d-40fa-a0f0-ac601df33617,flyby robotics,Drone automation and delivery company,https://flybyrobotics.com/,"Los Angeles, CA",,,,,,,False,Not in Affinity
0d77af3f-cb07-4c57-ae21-206b85df61c6,flyfeed,Insect farming company producing high-nutrient protein,,Estonia,,,,,,,False,Not in Affinity
ef6df0ba-28e7-4a69-9621-d7c635c87ed7,flyoro,Modular SAF blending technology platform,,"Singapore, Singapore",,,,,,,False,Not in Affinity
85eed371-62a9-4021-904c-d61e6022bdec,flyscan,Energy infrastructure remote sensing platform,https://www.flyscan.com/,"Quebec, Canada",,,,,,,False,Not in Affinity
a55b32d8-c4b6-4d49-921f-198d688f7187,fm capital,Investments in automotive and transportation startups,,Boulder,,,,,,,False,Not in Affinity
4e611503-695d-4758-b901-3d3677dbf62b,focus energy,Laser fusion startup focused on alternative energy,,"Germany, Texas",,,,,,,False,Not in Affinity
523e6ce9-6091-4df6-bca8-dc221e873d9a,focused energy,Laser nuclear fusion developer,,"Austin, TX",,,,,,,False,Not in Affinity
7689c24f-ed8e-4cca-90e6-d213a71816f4,fokker,Aerospace company,,"Amsterdam, Netherlands",,,,,,,False,Not in Affinity
28c44645-6f0f-488f-b597-e9cba2d06c12,food brewer,Sustainable cacao and coffee alternatives,https://foodbrewer.com/,"Horgen, Switzerland",,,,,,,False,Not in Affinity
f1390514-396b-499a-a050-2c7e193b3ac3,foodforecast,Develop prediction software to reduce waste from retail supply chains,https://www.foodforecast.com/,"Cologne, Germany",,,,,,,False,Not in Affinity
5e48590c-c45a-479b-9de0-bc99866fa83c,foodiq,Food processing equipment manufacturer,,"Järvenpää, Finland",,,,,,,False,Not in Affinity
3d6041e8-a5af-42b2-99dc-8e35395ca562,foodsi,Marketplace for surplus food to reduce food waste,,"Lubin, Poland",,,,,,,False,Not in Affinity
011f89ac-7477-4066-ab65-4e5a64d6781d,foodsteps,Food sustainability platform,,"London, UK",,,,,,,False,Not in Affinity
584e1f4c-3dfd-4ade-a30b-27c73e807734,foray bioscience,To build biomanufacturing tools without extracting them from ecosystems,,"Cambridge, MA",,,,,,,False,Not in Affinity
c35c1034-f897-4cc5-8cc1-2f91130a9ff4,forbion bioeconomy fund i,Invest in biotech-enabled solutions,,"Naarden, Netherlands",,,,,,,False,Not in Affinity
7f3989a4-38f9-435f-b9a8-e6abd4d0a99f,foreverland,"Make a more sustainable, carob-based chocolate alternative",https://www.foreverland.com/,"Bari, Italy",,,,,,,False,Not in Affinity
dae375f4-6523-4ccc-a819-c6aef6fb17b8,forge nano,Provider of nano-coating technology for lithium-ion batteries,https://forgenano.com/,"Louisville, CO",,,,,,,False,Not in Affinity
ed75f6db-0abc-4fab-a4b7-76385298a02f,form energy,Iron-air batteries designed for long-duration energy storage,https://www.formenergy.com/,"Somerville, MA",,,,,,,False,Not in Affinity
0871c951-63ac-4b44-a58f-3e48b4fbc5eb,formic,For its robot-as-a-service offering for manufacturing companies,https://www.formic.co/,Chicago,,,,,,,False,Not in Affinity
c31e3997-b05a-459b-b655-081f098a89cc,formo,Fermentation processes for dairy-free cheese alternatives,https://formo.de/,"Berlin, Germany",,,,,,,False,Not in Affinity
c70c9b80-2156-4ae0-ae12-2f6397f0ad8b,forsea foods,Growing cultivated eel meat,,Israel,,,,,,,False,Not in Affinity
8c2f1649-94b6-4270-9bcb-63438b258b11,FORT Robotics,Communications and control company for smart machines,fortrobotics.com,"Philadelphia, PA",,,,,,,False,223151623
b0e7256b-5b17-4ad5-b61c-4cc2c801ccef,FortePhest,Biotech startup focused on crop protection,fortephest.com,"Ness Ziona, Israel",1.0,0.0,Series B,,Sherpa InnoVentures,,True,221984720
954970cb-4183-43fa-8fee-cce0237ba1a9,Fortius Metals,Additive metals manufacturing business,fortiusmetals.com,"Lafayette, CO",,,,,,,False,282842846
bad87f6f-e483-4c53-91da-670f18b6be0f,Forum Mobility,Zero-emission fleet and infrastructure provider,forummobility.com,"Oakland, California",25.0,19.05,Series A,15000000.0,Overture VC,Matt LeDucq (Chief Executive Officer): https://linkedin.com/in/leducq,True,283535281
b78c51dd-40ad-4595-bae6-ebd64165708f,forward earth,AI-powered carbon management platform for businesses,forward-earth.com,"Berlin, Germany",26.0,100.0,Seed,4500000.0,Mosaic Ventures,,True,293045243
4185647a-08e3-48ea-b57d-566da4e3ade4,Forward Networks,Network assurance and verification,forwardnetworks.com,"Palo Alto, California",198.0,12.5,Series D,50000000.0,Threshold Ventures (previously DFJ Venture),Peyman Kazemian (Co-Founder): https://linkedin.com/in/peyman-kazemian-3a5326a,True,1736050
6e1db159-4077-48dd-9b39-4199c77bbb12,FOSSA,Open source management company,fossa.com,"San Francisco, California",71.0,-7.79,Series B,23200000.0,Canvas Ventures,Kevin (Xi Zhao) Wang (Founder & CEO -- We're Hiring!): https://linkedin.com/in/kevinxizhao,True,118759853
a0ed7ba0-d45f-4fa6-b1f3-21ae52186c2b,Fotokite,Autonomous tethered drones for firefighting,fotokite.com,"Zürich, Switzerland",,,,,,,False,1792754
420d517f-9fb1-4984-820d-9ffda525a243,found energy,Developer of aluminum-thermal power system for carbon-free industrial heat and hydrogen,,"Boston, Massachusetts",,,,,,,False,
e2e9368e-ea83-49d8-9619-52df6d2079e4,Founderful,Invest in pre-seed startups,founderful.com,"Zürich, Switzerland",67.0,24.0,Investment Fund,140000000.0,Not mentioned,,True,294824717
a8ae8747-e3f9-41c3-8f84-f91f4e47305d,Four Growers,Harvesting robots developer,fourgrowers.co,"Pittsburgh, PA",,,,,,,False,164006969
82c1b044-f698-4d9c-bed6-b5eeec2071e6,Fourier,"Modular, on-site hydrogen production startup",fourier.earth,"Palo Alto, California",16.0,0.0,Series A,18500000.0,GSBackers,"Siva Yellamraju (Co-Founder, CEO): https://linkedin.com/in/siva-yellamraju-a416b07",True,289455871
94e8f6f6-4a0a-44c3-b2ea-717ad6ab0b28,Fox Robotics,Autonomous forklift company,foxrobotics.com,"Austin, TX",,,,,,,False,258478832
91882d85-c7a5-405a-b833-7322317ae392,FPR Energy,'Concentrated Solar Thermal' technology,fprenergy.com.au,"Newcastle, Australia",,,,,,,False,300183664
8e473a01-9f0e-4ccd-8ee6-7e451243721c,Franklin Templeton Investments,Climate impact fund,franklintempleton.com,"San Mateo, CA",1570.0,0.0,,,,,True,1518499
17ad6fa7-f3a3-4e88-b9ec-afc55452b16c,FranklinWH,Developer of home battery storage systems,franklinwh.com,"San Jose, CA",,,,,,,False,284328071
124961ca-261a-4394-9f66-2682b098356c,Freebee,Electric ride-hailing company,ridefreebee.com,"Miami, Florida",56.0,0.0,Series A,8000000.0,bp ventures,Kris Kimball (Co-Founder & Managing Partner): https://linkedin.com/in/kris-kimball-6a402b88,True,214736882
c2fd73c1-7aa3-4bb8-b69a-49c57867e7f6,Freedom Robotics,Provider of software for monitoring and management of robots,freedomrobotics.ai,"San Francisco, California",28.0,0.0,Seed,6600000.0,Justin Kan,Joshua Wilson (Co-founder & CEO): https://linkedin.com/in/joshua-wilson-919a5a1,True,222170785
8145ec51-a4d2-4600-842c-d6ccbcb389dd,freeflow ventures,Invest in human and planetary health challenges,,"Pasadena, CA",,,,,,,False,
83150faf-b23c-4722-a4f6-4222aee2f25d,FreeWire Technologies,Makes chargers that include embedded batteries for energy storage,freewiretech.com,"Newark, New Jersey",67.0,-58.9,Series D,125000000.0,Spike Ventures,Jawann Swislow (Co-Founder): https://linkedin.com/in/jawanns,True,1719566
cdf9d929-151b-4da3-9b66-8654b9c7399c,FreezeM,Breeding-as-a-service insect protein technologies,freezem.com,"Nahshonim, Israel",,,,,,,False,297735277
d8cfa8e0-c0ae-4c7e-9d33-03a7a41dee04,Frequenz.io,Provider of DER asset management and optimization,frequenz.com,"Berlin, Germany",47.0,2.17,Series A,13000000.0,SET Ventures,Tom N. (Co-Founder): https://linkedin.com/in/thomasnicolai2,True,223379252
1660d8c5-e227-4f13-a213-cd754782b067,Freshbus,Provider of an electric bus service in India,freshbus.com,"Hyderabad, India",,,,,,,False,278641311
f01c0c8c-fafa-4593-8458-365de2aa822f,freshflowai,AI-powered food supply chain software,freshflow.ai,"Berlin, Germany",20.0,17.65,Series A,6500000.0,Venture Stars,Carmine Paolino (Co-Founder and CTO): https://linkedin.com/in/carminepaolino,True,282208135
576b2647-0996-4ed0-b8e4-6fcbb91e2c8b,Freterium,Transport management software provider,freterium.com,"Casablanca, Morocco",,,,,,,False,221901736
50cc8238-08a5-4077-b6af-48aa796a33e7,FREYA CULTIVATION SYSTEMS,Automated greenhouse systems,freyacultivation.com,"Kaunas, Lithuania",,,,,,,False,293275290
586302d7-52d0-4120-99b0-1116a08977b1,freyr battery,Solar panel assembly facility purchase,,"Newnan, GA",,,,,,,False,
eeefe426-f28b-48e8-80b4-d93271ca67be,Friendlier,Reusable packaging company,friendlier.ca,"Toronto, Canada",,,,,,,False,284007466
7a006d68-d5dd-4e50-bd61-d5dbe9e7247f,Front Range Biosciences,Technology provider for breeding and production of new plant varieties,frontrangebio.com,"Lafayette, CO",,,,,,,False,111631983
997502b6-b2d1-4d08-a352-ff48be7a2548,frontier,Facilitates carbon removal agreements,,,,,,,,,False,Not in Affinity
554a48a5-2181-44e7-a74c-e3078e00212a,Frontline Wildfire Defense System,Wildfire defense company,wildfire.world,"San Francisco, California",,,,,,,False,271672027
c721311b-7e4b-4491-8938-51febca17fe4,Frore Systems,Solid-state chips that provide active device cooling,froresystems.com,"San Jose, California",53.0,-3.64,Series C,80000000.0,Stepstone Group,Seshu Madhavapeddy (Founder & CEO): https://linkedin.com/in/seshumadhavapeddy,True,225080762
3b2ae70b-1d57-4c97-8e6b-1e2772c87e9a,Automated Fruit Scouting Inc.,Agtech software maker,fruitscout.ai,"Yakima, WA",,,,,,,False,281833465
f417cc36-92c2-4934-bbc9-63fd19594140,Frumtak Ventures,"Invest in startups across ocean tech, energy, climate, and more",frumtak.is,Iceland,,,,,,,False,78841651
0872847d-1bd8-4747-8b08-213ba9e8e801,fseq,"Maker of electric, driverless fleets",,"South San Francisco, CA",,,,,,,False,
563b3d18-5e1b-4137-b45d-81eba43f6b3b,FSN Capital Partners,'Compass Fund' for purpose-driven companies,fsncapital.com,"Oslo, Norway",127.0,1.6,Investment Fund,433892000.0,,Frode Strand-Nielsen (Founder & Managing Partner): https://linkedin.com/in/frode-strand-nielsen-a53a1912,True,1630515
1d01d3b4-17db-4fb3-8be0-00a4074db946,Fuchs & Eule,Energy efficiency consulting platform,fuchs-eule.de,"Hoppegarten, Germany",89.0,0.0,Series A,,SET Ventures,Steffen Biallas (Co-Founder & Chief Financial Officer): https://linkedin.com/in/steffenbiallas,True,292423966
bb6c2a76-cee2-4dec-ad4f-c04d6f7c3b48,FuelCell Energy,Integrated hydrogen fuel cell developer,fuelcellenergy.com,"Danbury, Connecticut",425.0,-9.57,Public Markets,6500000.0,Liberty Bank,,True,1562433
c14f853f-e579-4706-8a20-8235c9bb7618,FuelFWD,AI-powered platform for renewable fuel compliance,fuelfwd.io,"Rotterdam, Netherlands",,,,,,,False,295924726
5f4d0651-ab2c-4310-849c-35dfc6ec9355,FUERGY,Provider of energy storage and management solutions,fuergy.com,"Bratislava, Slovakia",34.0,0.0,Series C,16000000.0,Pro Partners Holding,Rastislav Kuba (Co-founder & CTO): https://linkedin.com/in/rastislav-kuba-103348171,True,220369881
695152d7-8399-41c7-9ca6-e7fd927283fb,fugu carbon,CO2 capture technology made from mass-manufactured parts,https://fugucarbon.com/,"Sydney, Australia",,,,,,,False,
67ea40a8-0cbd-439b-8dd6-167fe2592b26,Fulcrum Bioenergy,Renewable transportation fuels from landfill waste,fulcrum-bioenergy.com,"Pleasanton, CA",,,,,,,False,1531696
e9895fab-e521-4db3-8037-a795a47c92be,Full Harvest,Online marketplace connecting farmers with commercial produce buyers,fullharvest.com,"San Francisco, California",49.0,0.0,Series B,5000000.0,Citi Impact,Christine Moseley (Founder + CEO): https://linkedin.com/in/christinemoseley,True,3586653
463723c9-1c8c-4c6f-a553-691aed58bb02,FUNGA,Fungal-based carbon removal company,forestfunga.com,"Austin, TX",,,,,,,False,283780998
0b118984-161e-4a5e-91a3-b6b86e6cf037,Fungu'it,Filamentous fungi fermentation technology for transforming agricultural products,funguit.fr,France,,,,,,,False,299315439
50b36ebf-e280-40fd-8d81-dcfafb342816,Furbnow,Energy efficiency and retrofit platform,furbnow.com,"Birmingham, United Kingdom",10.0,-9.09,Seed,950000.0,Nesta/Founders Factory Mission Studio,Becky Lane (Co-Founder and CEO): https://linkedin.com/in/becky-lane-30b65876,True,289363055
a337faf9-9886-4fd2-a693-7bfb672c4998,furno,Producer of carbon-neutral cement manufacturing technology,https://www.furno.com/,"Mountain View, Calif.",,,,,,,False,
97c12c58-2b88-4ba2-8195-60b311055347,Furno Materials,Retrofittable oxyfuel in cement plants platform,furno.com,"Palo Alto, CA",,,,,,,False,294648049
b7cbf562-f8cc-402f-9f4d-29a038fab463,Fuse Energy,Build a decentralized renewable energy network,fuseenergy.com,"London, United Kingdom",87.0,81.25,,12000000.0,Ribbit Capital,,True,278505761
f64f9e70-d486-4246-aebd-fe6867f5d930,fuse energy technologies,Fusion technology development,https://www.fuseenergy.com/,"San Leandro, CA",,,,,,,False,
c882d7cd-add3-4b99-af3d-8dbd08cb2aa7,Fusebox,Energy management system for utilities,fusebox.com,"Tallinn, Estonia",,,,,,,False,1539600
3f504141-bf60-4005-abaa-c7242bb1080b,fusebox energy,Energy management software,,"Tallinn, Estonia",,,,,,,False,
7934da59-efbc-43f8-ae99-efe74160e5c3,Futraheat,High-temperature heat pumps provider,futraheat.com,"Surbiton, United Kingdom",,,,,,,False,283914183
3adf3aa5-8cb6-41a5-9739-89dcae7c0a38,Future,Debit-card company providing cash incentives for carbon footprint reductions,futureplc.com,"Silver Springs, Maryland",,,,,,,False,1604094
e8702346-db46-4d58-a7df-55baeb85336c,Future Energy Ventures,Venture capital platform created by E.ON investing in the energy landscape,fev.vc,,19.0,5.56,Investment Fund,65109000.0,The European Investment Fund,"Parsia Tayyebi 🌿 (Co-Founder, Senior Consultant): https://linkedin.com/in/parsiatayebi",True,263706745
7cc50ce2-1b5d-4dc8-a6b0-03a32e66eb80,Future Farm,Alternative protein producer,futurefarmtech.com,Brazil,,,,,,,False,148155329
fddb5613-98ab-4baf-9759-9c1f5334a2ee,Future Fields,Protein biomanufacturing using fruit flies,futurefields.io,"Edmonton, Canada",36.0,-2.7,Seed,11200000.0,Milad Alucozai of BoxOne Ventures,Matt Anderson-Baron (Chief Executive Officer): https://linkedin.com/in/mattandersonbaron,True,223816829
ffdc84ef-554e-490b-a5de-fdc081a3bedc,Future Meat Technologies,Plant-based meat producer,future-meat.com,Israel,,,,,,,False,152819982
78a9fca4-ac1e-45ea-b0bf-447c4c311be1,FutureProof Technologies,Climate risk analytics platform,futureprooftechnologies.net,"San Diego, CA",,,,,,,False,291870310
45bf714f-8123-4a43-aa81-06773e59a906,Fuuse,EV charging operating software company,fuuse.io,"Lancaster, United Kingdom",84.0,25.37,Series A,8700000.0,YFM Equity Partners,Michael Gibson (CEO): https://linkedin.com/in/michaelgibsonmiralis,True,283684906
d31d351e-e4bd-4404-bbe8-d3a6cc9aeaf1,fyto,Aquatic plant science automation,https://www.fyto.com/,"Bay Area, CA",,,,,,,False,Not in Affinity
cc0d77ef-b168-47c4-955c-ad897ee04813,g2 reverse logistics,Reverse logistics technologies,,"Pittsburgh, U.S.",,,,,,,False,Not in Affinity
5d356906-31ed-4c5d-ba7d-ff066b3f787d,ga drilling,Ultra-deep plasma geothermal drilling company,https://gadrilling.com/,"Trnava, Slovakia",,,,,,,False,Not in Affinity
9641ce03-51ee-451d-b454-54602eedb544,gable.ai,Collaboration platform for software and data developers,,"Seattle, Wash.",,,,,,,False,Not in Affinity
9bb5c92e-8746-421f-abfb-2ae4261816da,gaeastar,Reusable clay cup producer,https://gaeastar.com/,"Berlin, Germany",,,,,,,False,Not in Affinity
01166829-9dfc-436b-8ece-6d53ae097e8a,gaia biomaterials,Bioplastics developer,,"Helsingborg, Sweden",,,,,,,False,Not in Affinity
0ef35275-d4de-4f4d-af43-ba1baac10396,gaiascope,Wholesale electricity price forecasting startup,,"Boston, MA",,,,,,,False,Not in Affinity
10a81e0e-7f40-47fa-8d5f-66eecd12ec7b,galatea technologies,Waste management logistics software for the oil and gas industry,,Calgary,,,,,,,False,Not in Affinity
0acf3378-19dc-4d11-8a3b-07bec9c4e721,galley solutions,Foodtech software platform,,San Diego,,,,,,,False,Not in Affinity
8e856cb7-d8b5-449b-b538-aa42ab9392bf,galttec,Solid oxide fuel cells for portable energy,https://www.galttec.com/,"Tartu, Estonia",,,,,,,False,Not in Affinity
1ebe1cd7-826c-439f-bee8-d33db000d195,galvanick,Industrial infrastructure cybersecurity,https://galvanick.com/,"Los Angeles, CA",,,,,,,False,Not in Affinity
32a2d8b7-a0eb-4f95-a522-c2c0f4dfe85c,galway sustainable capital,Sustainable infrastructure investment firm,,"Washington, D.C.",,,,,,,False,Not in Affinity
63031e39-0e98-4534-af23-19f5260d7369,galy,Make cultivated cotton from plant cells,https://galy.com/,"Boston, MA",,,,,,,False,Not in Affinity
da63f79e-e63f-40a2-9cd1-fb1efd3e5812,gamaya,Agricultural tech company,https://www.gamaya.com/,Switzerland,,,,,,,False,Not in Affinity
5a107551-3df6-4c29-b6ac-53f563e3c800,garden,Open-sourced development automation platform,,"Berlin, Germany",,,,,,,False,Not in Affinity
786c4582-b8b4-4db3-b1f4-8f6d43880ddb,gardyn,Way to grow food indoors and at home,,"Washington, D.C.",,,,,,,False,Not in Affinity
c9dd05a0-b5ae-4e94-9a99-791e50f9852f,garuda aerospace,Drone-as-a-solution startup aimed at increasing efficiency in production,,India,,,,,,,False,Not in Affinity
3f4b9bd3-367b-4a45-ae04-6e93c5596a5e,gather ai,Developer of computer vision and AI-powered warehouse inventory technology,https://www.gather.ai/,Pittsburgh,,,,,,,False,Not in Affinity
7741637a-05ae-481c-84da-f46579ed3a24,gatik,Making autonomous vehicles for business-to-business short-haul logistics,https://gatik.ai/,"Mountain View, CA",,,,,,,False,Not in Affinity
dea74bcc-9240-4328-acfc-c1ace54a0c9c,gaussion,Battery technology company,,"London, United Kingdom",,,,,,,False,Not in Affinity
03301d63-95ab-48bf-a706-79d484fc8c7b,gavan,Make sustainable plant-based butter alternatives,,"Acre, Israel",,,,,,,False,Not in Affinity
1a601c97-051d-4f49-9d81-bebc9252ded2,gazelle wind power,Make floating platforms for offshore wind turbines,https://www.gazellewindpower.com/,"Dublin, Ireland",,,,,,,False,Not in Affinity
45a99e5d-eab4-476a-9902-99ed0e01995b,gdi,Developer of silicon anodes for lithium-ion batteries,,"Rochester, NY",,,,,,,False,Not in Affinity
ca6f25b8-cb65-46a9-84a8-46b89d58c105,gecko robotics,Robots and software for infrastructure inspection,https://www.geckorobotics.com/,Pittsburgh,,,,,,,False,Not in Affinity
1e6cff0d-78fb-4261-a804-061579e8045f,gef capital,Private equity focused on climate investment,https://gefcapital.com/,"Washington, D.C.",,,,,,,False,Not in Affinity
8c36c144-1fbc-47c6-b54a-7d81e9073286,geltor,Bio design startup making animal-free proteins,,"San Leandro, CA",,,,,,,False,Not in Affinity
1da803f8-1fe3-4f22-9676-006e5c81e645,genecis,Startup developing compostable plastic from waste,,Canada,,,,,,,False,Not in Affinity
49167964-1adf-4afc-9330-7b4e066f5af4,genecis bioindustries,Turning food waste into compostable plastics,,"Ottawa, Canada",,,,,,,False,Not in Affinity
c723f470-7901-40b1-8b58-48e005ea90f1,genemod,Workspace collaboration software platform for biopharma research,https://www.genemod.com/,"Seattle, WA",,,,,,,False,Not in Affinity
1f853931-f9d3-42bc-ba20-389656593a8d,general catalyst,Exploring an IPO to become the first U.S. venture capital firm to go public,,"San Francisco, CA",,,,,,,False,Not in Affinity
dc451c1a-5837-4a4d-ba87-91d1b8f57b18,general fusion,Magnetized Target Fusion (MTF) nuclear energy developer,,"Richmond, Canada",,,,,,,False,Not in Affinity
72baef3b-b769-477d-b3c0-ace4b7bfba3e,general galactic,Capture CO2 from the air and make synthetic methane,,"El Segundo, Calif.",,,,,,,False,Not in Affinity
10548cbf-125c-4a75-baf4-ec767ba4c006,general matter,Producing high-assay low-enriched uranium fuel,https://generalmatter.com/,"San Francisco, CA",,,,,,,False,Not in Affinity
5ddfe109-e491-42f4-8101-114c970040da,generate capital,Credit facility for cleaner energy assets,https://generatecapital.com/,"San Francisco, CA",,,,,,,False,Not in Affinity
b4988173-c6b8-47cf-90f7-7b159c4e3061,generative engineering,Developer of software for modeling and testing designs,,"London, U.K.",,,,,,,False,Not in Affinity
001b8210-40a2-4519-92ca-272d5a17de44,genia bioenergy,Biogas projects company,,"Valencia, Spain",,,,,,,False,Not in Affinity
19edca06-d2c6-4027-9957-2d6e441094a3,genial care,Autism care company,,"São Paulo, Brazil",,,,,,,False,Not in Affinity
d5067b2c-316a-4507-bdbe-c4b0a1e3a5f8,genlogs,Helps freight and logistics operators analyze data,,"Washington, D.C.",,,,,,,False,Not in Affinity
bfa59dd9-0c25-4bc0-ba30-75ad8e58e899,genomatica,Maker of sustainable materials,,"San Diego, CA",,,,,,,False,Not in Affinity
37f09acd-343d-4760-8c52-e878e339fa72,gently,Second-hand clothing platform,,"San Francisco, CA",,,,,,,False,Not in Affinity
39c47631-016e-4100-ba8e-7fa543898213,genus power infrastructure,Smart meter solutions provider,,"Jaipur, India",,,,,,,False,Not in Affinity
457265fc-f726-4517-aba1-83f6e62388aa,geologicai,Rock and resource digitization services,,"Calgary, Canada",,,,,,,False,Not in Affinity
fcf78598-4042-4566-b166-55c841dc8962,geopura,Producer of hydrogen-based zero emission fuels,https://geopura.com/,"Nottinghamshire, U.K.",,,,,,,False,Not in Affinity
5661aa19-8668-4a84-9b80-82b20cebb8af,geothermal engineering limited,Geothermal plants operator and developer,https://www.geothermalengineering.co.uk/,"Cornwall, U.K.",,,,,,,False,Not in Affinity
2b031811-9040-4657-be58-eb1e3c08d929,geox,Analyze climate-related real estate risks,https://www.geox.com/,"Givatayim, Israel",,,,,,,False,Not in Affinity
1b051201-be77-4ace-9888-352df999edca,gethenry,Provider of electric last-mile delivery bikes,,Germany,,,,,,,False,Not in Affinity
15f0d01a-70e4-4af4-9786-29c016f1cc06,getmobil,Refurbished and recycled electronics marketplace,https://www.getmobil.com/,"Sisil, Turkey",,,,,,,False,Not in Affinity
8c05b33f-98c5-4a64-8610-7202fe3ee76f,ghgsat,Satellite-based emissions monitoring platform,https://ghgsat.com/,"Montreal, Canada",,,,,,,False,Not in Affinity
826555da-2d88-436d-8a52-37f44ed82b57,giga storage,Large-scale energy storage developer,giga-storage.com,"Santo André, Brazil",,,,,,,False,Not in Affinity
42f6484e-06cd-4bc2-9be5-f42d75626ba7,gigacrop,Photosynthesis advancement company,https://www.gigacrop.com/,"Berkeley, CA",,,,,,,False,Not in Affinity
5b3a46ca-070f-4a26-a98b-6cc3b47a1dfa,giraffe financial,IRA tax credits platform,,"Brooklyn, NY",,,,,,,False,Not in Affinity
aece5d41-e50e-4d39-8a6e-28c89044640b,girasole energies,Independent producer of photovoltaic electricity,,"Boulogne-billancourt, France",,,,,,,False,Not in Affinity
49978896-3bd1-488d-bccb-1632eb766016,gireve,Connects mobility stakeholders with EV charging stations,https://gireve.com/,"Léchère, France",,,,,,,False,Not in Affinity
e11f6bb0-0d5a-4348-976b-d20f2eb45c15,gitlab,Remote web-based development operations company,,,,,,,,,False,Not in Affinity
d6388c33-6e52-4b1d-81dc-3c2019b6266d,glacier,AI-powered robots to automate the sorting of recyclables,,"San Francisco, CA",,,,,,,False,Not in Affinity
a8995454-77f9-4d27-9399-916a03534264,glassdome,Regulatory compliance and emissions tracking platform for manufacturers,,"Camas, WA",,,,,,,False,Not in Affinity
8e00e7e8-86de-4605-937d-7d5d6fa607ec,glasspoint,Solar thermal provider for industrial decarbonization,https://www.glasspoint.com/,"New York, NY",,,,,,,False,Not in Affinity
023a496d-e9f0-49bc-b4b2-1fd87cf22152,glimpse,Battery quality monitoring solutions,,"Somerville, MA",,,,,,,False,Not in Affinity
45bd529a-45e2-4d4e-b95a-e34ac90d54c2,glint solar,Software for assessing sites for solar energy projects,https://glintsolar.com/,Norway,,,,,,,False,Not in Affinity
3813832f-cfba-4e0b-a7df-cea45b516299,global sea mineral resources,Deep sea mineral exploration company,,"Zwijndrecht, Belgium",,,,,,,False,Not in Affinity
3a974dd2-56d9-4d2b-9d08-d8e47f7f3d4e,global surface intelligence,Utilizing satellite data to provide forestry analytics,,UK,,,,,,,False,Not in Affinity
bde2ff1c-a2d6-45ce-b409-d57fec74a090,global thermostat,Direct air capture company,,"Commerce City, CO",,,,,,,False,Not in Affinity
e2830985-ad6c-4160-a33e-0b8baa6426f2,glowb,Residential solar startup,,"London, UK",,,,,,,False,Not in Affinity
0861c104-fe7a-400a-a0b0-589db4a86e28,gnt,Invests in plant-based food challenges,,Netherlands,,,,,,,False,Not in Affinity
8b43df82-24c4-46c9-815e-3468f2508e02,go eve,Rapid EV charging provider,,"London, UK",,,,,,,False,Not in Affinity
4e884325-69d3-4c2a-905b-c0ed08a55326,go to-u,EV digital experience platform,,"Los Angeles, CA",,,,,,,False,Not in Affinity
ab27678c-6365-43ed-a435-acb9d9955d48,gobolt,Sustainable supply chain network developer,,"Toronto, Canada",,,,,,,False,Not in Affinity
655144e9-c476-4dfc-9fce-1c5cd393259b,goegonetwork,EV charging infrastructure solution provider,,India,,,,,,,False,Not in Affinity
c9e64d32-5ca8-4f2a-97ba-729e8d2d90a4,goexpedi,Supply chain and analytics for industrials and energy,https://www.goexpedi.com/,"Houston, TX",,,,,,,False,Not in Affinity
dddfc803-7b13-4220-a0bf-fd5c969eb4e1,gogoro,Electric scooters and battery swapping platform,https://www.gogoro.com/,"Taoyuan, Taiwan",,,,,,,False,Not in Affinity
f7de591a-a9b6-4b45-b740-2a9a10f0c1b3,gomboc.ai,Cloud infrastructure remediation platform,,"New York, NY",,,,,,,False,Not in Affinity
92e18291-98db-41aa-bfc1-d97b9936cdb4,gometro,Fleet management optimization software developer,https://www.gometro.com/,"Durban, South Africa",,,,,,,False,Not in Affinity
04cffdb6-0626-4f35-b63b-7aeb894204f2,goodcarbon,Platform to help corporates build carbon credit portfolios,https://goodcarbon.com/,"Berlin, Germany",,,,,,,False,Not in Affinity
f6fc1d3f-8fa5-48b5-b9f7-23f32c2756b6,goodleap,Solar financing company,https://www.goodleap.com/,"Bay Area, CA",,,,,,,False,Not in Affinity
b1edbca4-ba03-4c40-9cfd-6611cf0ffe02,goodr,Surplus food management platform,,"Atlanta, GA",,,,,,,False,Not in Affinity
31c9bd5d-1551-4e2f-8f7d-99f09f7c8255,goodsam foods,High-quality cocoa products from Colombia,https://goodsamfoods.com/,North Carolina,,,,,,,False,Not in Affinity
685844fb-83e7-48d7-ba44-35a9e094fdf8,goodship,Platform for freight network orchestration and procurement,,"Nashville, TN",,,,,,,False,Not in Affinity
c0c3f6d8-8021-4198-8cdf-3da791de682e,goodwings,Sustainability tool for travel platform,https://www.goodwings.com/,"Copenhagen, Denmark",,,,,,,False,Not in Affinity
bc5b46c0-aef6-4cbd-8c73-f4c5afb0233c,gopeer,Educational technology pairing college students with K-12 students,,"Boston, MA",,,,,,,False,Not in Affinity
a8a54c46-0a73-4389-99ac-37042ad01c24,gorilla,Cloud-based platform for energy providers,,"Antwerp, Belgium",,,,,,,False,Not in Affinity
e160b974-c166-4f9d-877d-3667c1513eb5,gosu.ai,Developer of an AI-driven video coach,,Lithuania,,,,,,,False,Not in Affinity
f9e75d7b-660b-4997-b20c-ad5b75dd9f42,gotham greens,Operator of tech-enabled greenhouses,,"New York, NY",,,,,,,False,Not in Affinity
12bbf9fe-6a0f-478a-8a80-797d3671fea7,goto global,Vehicle sharing tech platform,https://www.gotoglobal.com/,Israel,,,,,,,False,Not in Affinity
519ccbb3-4361-4cf2-9d69-b55253c33faa,gouach,Manufacturer of eco-designed batteries,,France,,,,,,,False,Not in Affinity
7a2990a5-7621-49de-a8e1-91c773876e69,gourmey,Cultivated meat company,,France,,,,,,,False,Not in Affinity
d89ff5c9-5915-471c-807c-2791bc67a8ca,gozen bioworks,Lab-grown leather developer,,"Beşiktaş, Turkey",,,,,,,False,Not in Affinity
6b6aca90-ba84-460c-9f1b-89952ec29214,gps renewables,Waste to energy tech company,,India,,,,,,,False,Not in Affinity
e9247d27-fb19-4c70-b970-dda877ac2197,gr3n,Recycling company,,Switzerland,,,,,,,False,Not in Affinity
fd568f8a-d197-49de-a957-06adadc47258,gradiant,Water and wastewater treatment solutions provider,,"Woburn, Mass.",,,,,,,False,Not in Affinity
6ad4b994-be30-4ce4-bbd5-110775d32974,gradient,Climate-friendly air conditioner with heat pump developer,https://gradient.com/,"San Francisco, California",,,,,,,False,Not in Affinity
f40b5f4d-da2e-495e-a417-319101952ac9,gradient comfort,HVAC solutions provider,https://gradientcomfort.com/,"San Francisco, CA",,,,,,,False,Not in Affinity
4f2384ee-9e61-4ed3-a83f-db83b40a4881,gradyent,AI-powered digital twin platform for heating and cooling networks,,Netherlands,,,,,,,False,Not in Affinity
9230a875-7845-474d-8ea6-f258a41bb323,grafana labs,Maker of an operational dashboard,https://grafana.com/,"New York City, NY",,,,,,,False,Not in Affinity
684664d6-cf86-40cc-98c5-2ff424a94625,grafbase,Data platform for developers,https://www.grafbase.com/,"Stockholm, Sweden",,,,,,,False,Not in Affinity
73d4178b-5ce9-47e8-88f6-b4fdc6ac0cc0,grainchain,Software platform for blockchain and IoT innovations for agriculture,,"McAllen, Texas",,,,,,,False,Not in Affinity
eab56a63-95b7-4f09-8115-8dcd3aa6126d,granite source power,Battery energy storage developer,,"Middleton, DE",,,,,,,False,Not in Affinity
0f47e1c0-8610-4138-9b1b-47a20818f6b5,granta autonomy,Developer of autonomous unmanned aerial vehicles for intelligence and surveillance,https://grantaautonomy.com/,"Vilnius, Lithuania",,,,,,,False,Not in Affinity
9d353a78-f006-4a8d-a2b3-d9b44a9d9c51,granular energy,Helping companies match energy consumption with zero-carbon power around the clock,,"Paris, France",,,,,,,False,Not in Affinity
7ed926eb-212a-4ee9-9545-de2b33d4df94,granulate,Optimize infrastructure performance and costs through AI,,"Tel Aviv, Israel",,,,,,,False,Not in Affinity
094f9177-9a61-407c-9ef0-78a355da225c,graphenergytech,Highly conductive graphene electrodes developer,https://graphenergytech.com/,"Lausanne, Switzerland",,,,,,,False,Not in Affinity
4f2df2c1-3442-4650-802e-90ea25535167,graphite innovation & technologies,Green marine coating systems company,,"Halifax, Canada",,,,,,,False,Not in Affinity
5d7a988a-337d-4a46-b86e-0d7073d7cee5,graphyte carbon removal,Permanent carbon removal platform,https://www.graphyte.com/,"Pine Bluff, AR",,,,,,,False,Not in Affinity
a3dddb93-b40f-430d-9f2d-6cd9c04f0887,grassa,Extract protein from grasses,,Netherlands,,,,,,,False,Not in Affinity
b04906d9-a4f5-4c38-b5d1-c6e7a39cdea2,gravithy,Low-carbon iron production using hydrogen,,"Marseille, France",,,,,,,False,Not in Affinity
4dd9c583-e65f-4703-9348-06f4289a06bd,gravity,Provider of electric vehicle chargers and other EV infrastructure,https://www.gravity.com/,"San Francisco, CA",,,,,,,False,Not in Affinity
5e4c8bf5-b2e7-4209-88db-5e6ed7dd60f8,green badger,SaaS developer for managing sustainable construction,,"Savannah, GA",,,,,,,False,Not in Affinity
c541345b-e6f4-4671-a62e-234e97bd4499,green eagle solutions,Automation software developer for the renewables sector,,"Madrid, Spain",,,,,,,False,Not in Affinity
37f46c19-11de-4d45-bad2-209226d5d4d5,green energy park,Hydrogen and hydrogen derivatives production plant,,"São Paulo, Brazil",,,,,,,False,Not in Affinity
810c34f0-2b1c-470c-bb37-2cb893282561,green flexibility,Large-scale battery storage systems,,"Kempten, Germany",,,,,,,False,Not in Affinity
a11b04fe-766c-4244-98f4-9885ed58e388,green fusion,Software for optimizing apartment-building heating systems,,"Berlin, Germany",,,,,,,False,Not in Affinity
3d1f5abd-0b0a-476b-b1c6-d7c6ec50dd90,green graphite technologies,Lithium-ion battery grade graphite developer,,"Montréal, Canada",,,,,,,False,Not in Affinity
7197445d-320f-4de2-8d98-7792db0f318f,green gravity,Energy storage systems using mining shafts,https://www.greengravity.com/,Australia,,,,,,,False,Not in Affinity
519f7dbd-dcc8-40ef-82b9-f0efe122a11f,green li-ion,Provider of battery recycling technology,,"Singapore, Singapore",,,,,,,False,Not in Affinity
5f7a8a58-46d3-4ae2-864a-e65a25b7ba78,green monday holdings,Plant-based food company,,Hong Kong,,,,,,,False,Not in Affinity
3f37f96e-4543-4dc4-8973-5edf0d77f5c0,green-got,Green banking service,,"Paris, France",,,,,,,False,Not in Affinity
8d881faa-74ce-402c-afbf-1224a7719f7c,green14,Turns industrial waste into high-purity materials,https://www.green14.com/,Stockholm,,,,,,,False,Not in Affinity
718c0c30-1450-4ad4-848d-80e1abea4341,greenbird,Maker of smart meter software,,"Oslo, Norway",,,,,,,False,Not in Affinity
fd0a0ab9-5058-475c-be67-d63e5db7fcb1,greencells group,Solar power plant developer,,"Saarbrücken, Germany",,,,,,,False,Not in Affinity
e8e4585c-2ff1-4765-ac2d-2a0104970d79,greencode ventures,Investment firm focused on European startups accelerating the green transition,,"Helsinki, Finland",,,,,,,False,Not in Affinity
4388cea6-9da9-4a69-a03e-e2a92eb772f2,greencollar,Environmental markets platform,,Australia,,,,,,,False,Not in Affinity
d3d4db08-65e5-48c5-a79e-e4d48170348b,greencom networks,Energy information brokerage platform,,"Munich, Germany",,,,,,,False,Not in Affinity
498cf450-b043-49fe-9298-3587c6119073,greenely,Residential energy management software,https://greenely.com/,"Stockholm, Sweden",,,,,,,False,Not in Affinity
535a4d1c-87bd-42c5-a176-76a36a3512cf,greener power solutions,Provider of clean mobile battery energy storage solutions,,Netherlands,,,,,,,False,Not in Affinity
d7aa7be1-827d-4e76-83f4-0c10a71b5620,greeneye technology,AI precision spraying technology for ag applications,https://www.greeneye.ag/,"Tel Aviv, Israel",,,,,,,False,Not in Affinity
58b6c7c6-8138-4b6d-b48a-2ecf8557bca9,greeniron,Fossil free mining developer,https://greeniron.se/,"Stockholm, Sweden",,,,,,,False,Not in Affinity
ddc71804-4fbf-4937-b552-53c5bd2e9bef,greenlabs,Agriculture value chain platform,,"Seoul, South Korea",,,,,,,False,Not in Affinity
21f601a9-e658-48d6-bfb8-77c39df05341,greenlane,EV truck charging site deployment,https://greenlane.com/,U.S.,,,,,,,False,Not in Affinity
beb3e5e9-094b-42f1-ada6-641be9aadead,greenlight biosciences,RNA-based sustainable agriculture technology developer,https://greenlightbiosciences.com/,Boston,,,,,,,False,Not in Affinity
49befcbe-bc7f-403b-ad16-5baee45737ba,greenlight planet,Provider of solar-powered home energy products,,sub-Saharan Africa and South Asia,,,,,,,False,Not in Affinity
f3b0499d-9f2a-4eb1-ad34-6a185ddda584,greenlite,Platform designed to accelerate the permit approval process for construction,https://www.greenlite.com/,"Austin, Texas",,,,,,,False,Not in Affinity
daa064db-2c45-4e05-bbba-4f2e4da110bd,greenly,Carbon emissions tracking and reduction solutions platform for SMEs,https://greenly.earth/,France,,,,,,,False,Not in Affinity
bc86aa51-bcb0-4494-93ca-c740beb65dc9,greenlyte carbon technologies,Low temperature Direct Air Capture developer,,"Dedham, United Kingdom",,,,,,,False,Not in Affinity
53179cea-ad87-4368-856e-ea72afda5f9d,greenplaces,Climate platform,,"Raleigh, N.C.",,,,,,,False,Not in Affinity
12f952d3-f138-40dc-b48b-b3b6664c2bdd,greenpod labs,Agri-biotech company focused on food waste,,India,,,,,,,False,Not in Affinity
c1c458d2-e0fd-4b9d-bd67-3c8cda289555,Greenspark,Software platform for the metal recycling industry,greenspark.fr,"New York, NY",,,,,,,False,224921327
6b99475f-82cd-4910-a9de-abfef215579f,GreenStitch,Sustainability solutions for textiles service provider,greenstitch.io,"London, England",,,,,,,False,290596180
0ccb12dc-144b-4eee-ab36-a8b4318ce561,GreenStruxure,Leading energy supply and services company,greenstruxure.com,"San Francisco, California",65.0,-4.41,,15651900.0,,Jose Lorenzo (Chief Executive Officer): https://linkedin.com/in/jose-lorenzo-270a6174,True,281962992
83e18c39-04b2-47d8-8812-c2abe63d5e39,Greentech Alliance,Renewable energy solutions provider,greentech.earth,"Berlin, Germany",150.0,1.35,,,,,True,278672339
bdf44081-7d29-4202-a812-04354741c26c,Greentown Labs,Climate tech incubator,greentownlabs.com,"Somerville, Massachusetts",91.0,-17.27,PPP Loan,350000.0,U.S. Small Business Administration.,,True,1586101
b53abbac-02c1-4bd4-9e47-9b692a25550a,GreenTrade,Blockchain-based carbon credit and impact claims marketplace,greentrade.tech,Germany,,,,,,,False,284760074
19f31bea-9390-4660-87a9-89a39f6df048,Greenwood-Power,Medium voltage power grid sensors developer,greenwood-power.at,"Brunn am Gebirge, Austria",,,Series A,5100000.0,tecnet equity,Norbert Juschicz -  Sensors for Smart Grids (CEO and Co-founder): https://linkedin.com/in/norbert-juschicz-sensors-for-smart-grids-504143123,True,224626777
d61dfe25-43f8-45da-a287-e6eb00a4f566,Greenwork,Placing workers in energy jobs,joingreenwork.com,"San Francisco, California",11.0,0.0,Other,2248800.0,,Sam Steyer (Co-Founder and CEO): https://linkedin.com/in/sam-steyer-a9162a36,True,283015701
a6cd5798-3c10-4054-887e-f0704501b009,Greyparrot,AI-powered analytics platform for the waste industry,greyparrot.ai,"London, United Kingdom",54.0,5.88,Other,,TI Capital,Marco Paladini (Co-Founder and Senior Engineer): https://linkedin.com/in/marco-paladini,True,220926482
1ead2bbd-5af7-4960-8618-bd50cfd78d22,Greyter,Provider of water reuse systems,greyter.com,"Mississauga, Canada",,,,,,,False,163301881
ccd973bc-fbc1-4489-94a0-2852a515b598,Grid Edge,AI platform for energy use reduction,gridedge.ai,"Birmingham, U.K.",,,,,,,False,129729953
1bbb11a6-1741-49d1-9fc4-b257d7a453fc,Grid Status,Electric grid data and analytics platform,gridstatus.io,"Chicago, Illinois",11.0,175.0,,8000000.0,Evergreen Climate Innovations,Connor Waldoch (Head of Product and Founder): https://linkedin.com/in/connorwaldoch,True,291173443
68f3aece-fd91-4ced-ac21-6753a11bb0fc,GridBeyond,Energy management software for large businesses,gridbeyond.com,"Saggart, Ireland",158.0,2.6,Series C,52000000.0,Total Carbon Neutrality Ventures,Richard O' Loughlin (Deputy CEO): https://linkedin.com/in/richard-o-loughlin-50060714,True,1740501
8f9cdb38-77fa-4c94-bf2a-290382e1fdd9,gridbeyond storage,Battery energy storage project development,https://gridbeyond.com/,"Dublin, Ireland",,,,,,,False,
f17f5493-a501-45f5-aa9f-b5a391151ea1,GridCARE,Software for detecting underutilized energy assets,gridcare.ai,"Redwood City, California",,,,14079825.0,,,True,299989573
385b4720-8b45-439a-863d-d7b12c573885,Gridcog,"Distributed energy simulation, optimization, and tracking software",gridcog.com,"London, United Kingdom",33.0,50.0,Series A,3300000.0,AlbionVC,Fabian Le Gay Brereton (Co-Founder and CEO): https://linkedin.com/in/fabianb,True,289267799
a8cb82a2-02ee-48ba-87e5-55ff68ef5dca,GridFree AI ,AI platform for data center optimization,gridfree.ai,"Houston, Texas",,,,5000000.0,Amplo,Craig Simpson (Founder and Director): https://linkedin.com/in/craigasimpson,True,303547466
d45628eb-b87c-488a-9ba7-e0b0f2b58a89,GridIO,Software platform for smarter EV charging,gridio.io,"Tallinn, Estonia",11.0,10.0,Seed,2400000.0,Encevo,Konrad Hanschmidt (Cofounder and CEO): https://linkedin.com/in/konradhanschmidt,True,224116078
935f72e2-45d2-42a0-bdef-a407c639763e,Gridium,Decarbonization software for commercial real estate,gridium.com,"Menlo Park, California",40.0,-9.09,Series A,14000000.0,"Mitsubishi HC Capital America, Inc.","Adam Stein (VP of Product, co-founder): https://linkedin.com/in/adamstein",True,1621793
0a89dd07-2a67-422b-b71a-c1e6a8d1b99f,GridMatrix,Traffic analytics solutions company,gridmatrix.com,"San Francisco, CA",,,,,,,False,281340667
ae10e700-add4-4437-a957-044a46c13821,GridPoint,Provider of energy management systems for commercial buildings,gridpoint.com,"Reston, Virginia",174.0,-13.86,Other,45000000.0,Shell Ventures,Mark Danzenbaker (CEO): https://linkedin.com/in/markdanzenbaker,True,1515788
a0c010b7-7e1d-4110-8edf-73e1ff1089ae,Grid Raven,Grid transmission using dynamic line rating (DLR) developer,gridraven.com,"Tallinn, Estonia",8.0,60.0,Series A,4000000.0,Icebreaker.vc,Henri Manninen (Co-Founder and CTO): https://linkedin.com/in/henri-manninen-0b683a13b,True,294742047
092112cc-130a-4332-b170-413f6e3640d9,Gridsight,AI-powered grid insights platform,gridsight.ai,"Wollongong, Australia",37.0,32.14,,5060475.0,,Hugh Chan (Co-Founder and Technology Lead): https://linkedin.com/in/hugh-chan-0995b370,True,279382861
f3928b89-8621-4c64-871d-91640077d3d4,Gridtential Energy,Lead battery developer,gridtential.com,"Santa Clara, CA",,,,,,,False,1610148
035f165d-7829-4424-9ba2-2d1a5c00bfd6,Gridware,Startup focused on protecting electric grids from wildfires,gridware.io,"San Francisco, California",62.0,14.81,Series A,26400000.0,Lowercarbon,Hall Chen (Co-Founder & Director of Engineering): https://linkedin.com/in/hallchen,True,264980343
d7379486-27d5-49e2-bd2d-1a2d3929d9fa,GridX,Enterprise rate platform provider for utilities and energy tech companies,gridx.com,"Milpitas, California",93.0,10.71,Series C,40000000.0,Moore Strategic Ventures (MSV),Chris Black (Chief Executive Officer): https://linkedin.com/in/chrisblackco,True,1619823
0af503e0-dc44-4738-8a06-b7e49f345b5b,Gripp,Agricultural equipment operation,gripp.co,"West Lafayette, Indiana",,,,,,,False,39079780
3c3ffab0-ae3c-470e-aef3-6289e4bca201,gro intelligence,Agricultural data platform,,"New York, NY",,,,,,,False,Not in Affinity
cea627a1-03a4-4771-b813-347e4968c695,groguru,Water management platform for farmers,,"San Diego, CA",,,,,,,False,Not in Affinity
68bbfda1-c5b7-40a5-ae08-76f40c1d62da,gropyus,Using robots to build homes faster and more sustainably,https://gropyus.com/,"Vienna, Austria",,,,,,,False,Not in Affinity
f3331045-4618-4d93-a0be-52d0c732d312,gross-wen technologies,Using algae to clean wastewater,,"Slater, IA",,,,,,,False,Not in Affinity
6a26534a-7e19-4a2d-af7f-0e4d2f0327e1,grounded,Smart and modular electric camper vans,https://grounded.com/,Detroit,,,,,,,False,Not in Affinity
59f47bb1-9ca5-49f3-bc1b-a86afd267376,grounded foods,Maker of dairy cheese alternatives,,"Los Angeles, CA",,,,,,,False,Not in Affinity
8bc13147-80ba-4f37-897e-881975b72bc4,groundley,Construction logistics management platform,,"Copenhagen, Denmark",,,,,,,False,Not in Affinity
01a20319-40a9-4f75-9134-44ef85494d1b,groundlight,Computer vision accessibility platform,https://groundlight.com/,"Seattle, WA",,,,,,,False,Not in Affinity
2fcde5e0-4fe2-417e-8725-e6fef0f538c6,groundwork bioag,Developing crop-enhancing mycorrhizal inoculants,,"Mazor, Israel",,,,,,,False,Not in Affinity
9bb72baa-c46b-4939-a932-6b0585a0c0b2,group14 technologies,Provider of lithium-ion battery materials,https://www.group14.technology/,"Woodinville, WA",,,,,,,False,Not in Affinity
89bd33a9-81fe-4c2d-8c9c-20af6d9d880a,grover,Circular consumer electronics subscription platform,https://www.grover.com/,Germany,,,,,,,False,Not in Affinity
d8f6fd8b-7f78-4004-aec2-af1b6636d694,grow indigo,JV between Indigo Ag and Mahyco Grow developing biological fertilizers and pest management,,India,,,,,,,False,Not in Affinity
2393f16d-c6f7-4353-a251-294c89c04e42,growcer,Vertical farming business,,"Ottawa, Canada",,,,,,,False,Not in Affinity
7b55f427-3683-4bdf-8475-f146f17d4957,growers edge,Fintech startup focused on agriculture,https://growersedge.com/,"Johnston, Iowa",,,,,,,False,Not in Affinity
0cb77e34-5676-4a58-8c60-fda164068e45,growup farms,Vertical farms company,,"Bristol, UK",,,,,,,False,Not in Affinity
d16eca00-bb70-41fb-afa9-d3c283cb2ddc,grubbly farms,Producer of insect-based feed for backyard chickens,https://www.grubblyfarms.com/,"Atlanta, GA",,,,,,,False,Not in Affinity
8cd4dd6e-6102-42ef-b2c9-beab3b2fa9c5,grunfin,Sustainable investing platform,,Estonia,,,,,,,False,Not in Affinity
8e0ec8a4-dc9d-4899-bd55-2bf0804a60ae,gryd energy,Subscription service for solar panels and battery systems,,London,,,,,,,False,Not in Affinity
3ad74396-06ba-4482-b961-34c2f5793fff,gryps,Robotic process automation startup,https://www.gryps.com/,"New York, USA",,,,,,,False,Not in Affinity
be7078af-0222-4b14-8f86-19fd8d24c833,grünfin,Sustainable investing platform,,"Tallinn, Estonia",,,,,,,False,Not in Affinity
25c861e2-f05e-4af7-b04d-b814f09b536b,gs power partners,Develop independent power production projects,,"Stamford, Connecticut and New York",,,,,,,False,Not in Affinity
4d3737b8-c926-44ca-a95e-04fcd836f051,gt green technologies,Wind propulsion systems for the maritime industry,,"Birkenhead, U.K.",,,,,,,False,Not in Affinity
747dee85-a75f-4cd9-ba0f-2f99923568fd,guangdong gaojing solar energy technology,Solar energy technology company,,China,,,,,,,False,Not in Affinity
b95aba58-1039-4112-b476-eac6fa94b25e,guardian agriculture,Electric vertical take-off and landing systems developer for sustainable farming,,"Woburn, Mass.",,,,,,,False,Not in Affinity
37bd509b-ee72-4cd4-b4e8-1ca52f003604,guided energy,Electric fleet charging management platform,,"Paris, France",,,,,,,False,Not in Affinity
49f66baf-57a5-48c1-9282-02cda2d28d7b,guidewheel,Industrial IoT efficiency SaaS platform,https://www.guidewheel.com/,"San Francisco, CA",,,,,,,False,Not in Affinity
1ba781b7-6119-4e11-ad00-210bcf29dfb3,h cycle,Low-carbon hydrogen developer,,"Mountain View, CA",,,,,,,False,Not in Affinity
87a16483-45e0-473a-8e5a-5f10d7819dac,h2,Vanadium flow batteries,https://www.h2.com/,"Daejeon, South Korea",,,,,,,False,Not in Affinity
745feb7c-348e-42bc-a8f8-09d39f4b7017,h2 green steel,Decarbonized steel production manufacturer,,"Stockholm, Sweden",,,,,,,False,Not in Affinity
8a2ded14-50d1-41c7-ad94-fe72ef126876,h2o.ai,A.I. cloud company,https://h2o.ai/,"Mountain View, CA",,,,,,,False,Not in Affinity
4ef579a6-7887-4654-8395-7a1ce3c978c8,h2pro,Green hydrogen production company,https://www.h2pro.co/,Israel,,,,,,,False,Not in Affinity
43521b43-a3d2-4def-929b-78fc27b8be21,h2scan,Provider of hydrogen sensors for electricity utilities and industrial markets,,"Valencia, Calif.",,,,,,,False,Not in Affinity
f7efdfdb-9bf4-43a3-843c-a2d06757e8b9,h2site,On-site hydrogen production and purification,https://www.h2site.eu/,"Bilbao, Spain",,,,,,,False,Not in Affinity
a0086879-fed6-4412-a240-af0a52fa6659,h2u technologies,Hydrogen catalyst discovery platform,,"Pasadena, CA",,,,,,,False,Not in Affinity
76bac018-b6d1-4263-993f-ca4c2e3c38de,h3 dynamics,Aerial decarbonization company,https://h3dynamics.com/,Singapore,,,,,,,False,Not in Affinity
d22a3138-d4e6-44d0-88f9-fe5576e20139,h3x,Make electric motors,,"Denver, CO",,,,,,,False,Not in Affinity
ceca6f76-5e01-4196-89ae-2d54661dc6d7,h3x technologies,High power density electric motors manufacturer,,"Louisville, CO",,,,,,,False,Not in Affinity
4a5723a2-cc78-430e-a95b-be4b6b9c72d7,h55,Developing electric aviation propulsion solutions and battery systems,https://www.h55.ch/,Switzerland,,,,,,,False,Not in Affinity
79891cdd-cece-492b-b836-9649136dc3d8,haast,AI-powered compliance platform,https://www.haast.com.au/,"Sydney, Australia",,,,,,,False,Not in Affinity
bca8d468-c394-415b-9f7e-9b4dcc245030,haaven,Platform for environmentally-friendly construction,,"Amsterdam, Netherlands",,,,,,,False,Not in Affinity
4b6bc81e-9882-4224-91a6-f569a2f84180,haber,AI-powered automation services for manufacturers,,"Pune, India",,,,,,,False,Not in Affinity
bd66590f-0b71-4a21-a34b-caa777a97a8b,habiterre,Environment systems models for agricultural productivity,,"Champaign, IL",,,,,,,False,Not in Affinity
f7b6e117-170c-4db9-a666-db5c148b7b6c,hai,Maker of smart showerheads,https://www.hai.com/,"Los Angeles, CA",,,,,,,False,Not in Affinity
8bce4510-af94-4429-bd13-67559312b32a,halcyon,Data intelligence and AI-powered search service for energy transition,https://www.halcyon.io/,"San Francisco, CA",,,,,,,False,Not in Affinity
3a0bf034-80dd-4b1d-adfb-c7b3ed882f4d,happy plant protein,Make plant-based proteins,https://www.happyplantprotein.com/,"Sundsberg, Finland",,,,,,,False,Not in Affinity
2dab7043-aa64-41c3-97f1-5e4a05896a5e,happyvore,Plant-based meat company,https://www.happyvore.com/,France,,,,,,,False,Not in Affinity
8b6081ee-561e-4246-91b4-238c123518cf,harbinger,Startup specializing in electric medium-duty trucks,,"Garden Grove, CA",,,,,,,False,Not in Affinity
02c7859d-fcee-4776-bcf8-2c3143886273,harbor,Emergency preparedness platform,,"Los Angeles, CA",,,,,,,False,Not in Affinity
9c5e0520-6327-44c9-b956-e983a677415d,hardt hyperloop,Hyperloop network,https://hardt.global/,"Delft, The Netherlands",,,,,,,False,Not in Affinity
d519ba3b-549d-4213-99d9-88bd95efbf34,harpe bioherbicide solutions,Sustainable weed-management solutions startup,,"Raleigh, NC",,,,,,,False,Not in Affinity
52363e34-2185-4d6c-80cb-6f0581d7ae35,harvest thermal,Smart thermal battery heating system developer,,"Berkeley, California",,,,,,,False,Not in Affinity
399f9963-68a3-4d7b-b6e8-d9388cee0653,hauler hero,Waste management operations optimization software,,"San Diego, CA",,,,,,,False,Not in Affinity
f79759ef-6a9e-4f80-933c-3ab70888f08c,haven energy,Home battery system provider,https://www.havenenergy.com/,"Austin, TX",,,,,,,False,Not in Affinity
f25ab631-e500-4ac1-bff7-79cecc7f203a,hawkeye 360,Radio frequency-focused earth observation company,, ,,,,,,,False,Not in Affinity
44aec20d-c4f2-4410-85d9-01a4cf3f8b77,hayden ai,Geospatial analytics and data platform,https://hayden.ai/,"San Francisco, CA",,,,,,,False,Not in Affinity
6e07f276-8683-4419-a07c-05aaa428ed42,hazel technologies,Agricultural technology company focused on food waste,https://www.hazeltechnologies.com/,"Chicago, IL",,,,,,,False,Not in Affinity
5fbc13b8-bc16-481f-89aa-2daf05b15ab1,hazer group,Methane pyrolysis technology developer,,"Perth, Australia",,,,,,,False,Not in Affinity
26d18bba-5012-4059-ae34-e6da94d6bef0,hcvc,Investment firm,,"Paris, France",,,,,,,False,Not in Affinity
bd4d083b-ebf4-4ef0-9fc2-2ea92167789e,hdata,"Developer of AI technology designed to help the U.S. energy industry file, explore, analyze, and leverage regulatory data",,"Birmingham, Ala.",,,,,,,False,Not in Affinity
1ee5d935-e887-4210-a591-70b77941cc9f,healthmate,Wearable health monitoring devices,https://www.healthmate.com/,"Boston, MA",,,,,,,False,Not in Affinity
1fe4bff9-cadb-4870-a785-8b02ebbfd2f1,healthsync,Digital health engagement platform,https://www.healthsync.com/,"Toronto, Canada",,,,,,,False,Not in Affinity
28e8c988-289e-45f8-aaf3-257a3f51e8ca,heart aerospace,Electric regional airliner,https://heartaerospace.com/,Sweden,,,,,,,False,Not in Affinity
779366b2-57e4-43f0-ac2f-6ffeb428e9b4,heartcore capital,Invests in startups across various areas,,Copenhagen,,,,,,,False,Not in Affinity
062324b8-142b-4b27-8d83-1f540d338cde,heat geek,Digital platform for HVAC engineers,https://www.heatgeek.com/,"London, U.K.",,,,,,,False,Not in Affinity
fcef0c08-84b4-4370-b1ac-511becc60812,heaten,Developer of a high-temperature heat pump for industrial use,https://heaten.com/,Norway,,,,,,,False,Not in Affinity
fe8c8bfc-26f9-4813-88c2-111b1f136fd5,heatio,For its residential energy management and VPP platform,https://heatio.com/,"Liverpool, U.K.",,,,,,,False,Not in Affinity
2141ce56-23e6-4874-8516-3b3c6f898975,heattransformers,Heat pump installation platform,https://heattransformers.com/,"Woerden, Netherlands",,,,,,,False,Not in Affinity
faa0947d-59eb-45b0-9fa9-ffda4bbf500e,heavyfinance,Investment marketplace for sustainable agriculture,https://heavyfinance.com/,"Vilnius, Lithuania",,,,,,,False,Not in Affinity
12ec2ee7-3495-4e3c-bf83-d5f8e3f63a65,hectare,Software provider for agriculture supply chains,,"Rowlands Castle, UK",,,,,,,False,Not in Affinity
e74e8bda-fdf1-4a4d-87f8-c3f1a406f23c,hedera-22,Biomolecule for bio-pesticide development,https://www.hedera22.com/,"Liege, Belgium",,,,,,,False,Not in Affinity
dfd30c02-e566-4243-914b-719acbc6e2c2,hedosophia,Dedicated secondaries fund for growth-stage companies,,London,,,,,,,False,Not in Affinity
43c2e7e1-8462-4acf-803d-c8f95fb976bf,heila technologies,Modular energy platform which connects and optimizes distributed energy resources,https://heilatechnologies.com/,"Somerville, MA",,,,,,,False,Not in Affinity
e286c89f-ad46-498f-9def-1d8bce70c436,heimdall power,Power grid monitoring company,https://heimdallpower.com/,"Houston, TX",,,,,,,False,Not in Affinity
adf0bd57-13aa-4065-ad33-f01b04db4b76,heirloom,Direct air capture leveraging limestone to remove carbon dioxide,https://www.heirloomcarbon.com/,"Brisbane, CA",,,,,,,False,Not in Affinity
3a5c93fe-87a9-4734-9e51-8a814eadf86c,heirloom carbon technologies,Carbon removal startup,https://www.heirloomcarbon.com/,"San Francisco, CA",,,,,,,False,Not in Affinity
5c1eecee-83da-4de0-a154-6ed96e00481d,helaina,Uses precision fermentation to recreate immune-equivalent proteins,,"New York, NY",,,,,,,False,Not in Affinity
827a10d4-160f-4618-8241-3c3a2bfdee20,helical fusion,High-Temperature Superconducting (HTS) cable technology manufacturer,https://helicalfusion.com/,"Tokyo, Japan",,,,,,,False,Not in Affinity
d0fbbebb-77ea-429a-8556-a22cb0a181ed,heliene,Solar PV module manufacturer,https://heliene.com/,"Sault Sainte Marie, Canada",,,,,,,False,Not in Affinity
fda790d0-a271-4b46-90f7-6d8f4ca03bf8,heliogen,Renewable energy tech company,,"Pasadena, CA",,,,,,,False,Not in Affinity
4b64e52b-1180-499d-8e90-934d3bcaf152,helion energy,Fusion energy startup focused on a magnetic confinement approach,https://helionenergy.com/,"Seattle, WA",,,,,,,False,Not in Affinity
0df099ba-1ba2-40af-aaf0-06f5700892cf,helios,Developer of low-carbon steel production solutions,,"Tel Aviv, Israel",,,,,,,False,Not in Affinity
9657a6a0-0027-4499-a7bb-41b5b6267eea,helix earth technologies,Make more efficient commercial A/C systems,https://www.helixearth.com/,Houston,,,,,,,False,Not in Affinity
d5067d0d-06c6-4e17-8ed6-fea76552211e,helixintel,HVAC management platform,https://www.helixintel.com/,"Buffalo, NY",,,,,,,False,Not in Affinity
0a916fcf-cff1-4562-8c1b-b410e6ff947f,hellas direct,Climate risk-based insurance platform,,"Athens, Greece",,,,,,,False,Not in Affinity
ec9f2758-bb0d-4cf5-afb9-75937ff4efce,hemav,Agricultural platform aiming to reduce input costs,https://hemav.com/,Barcelona,,,,,,,False,Not in Affinity
1fc5cfaf-8f45-4045-b001-bbf7b1cd7f97,hen nozzles,Better nozzles for firefighting,https://www.hennozzles.com/,"Hayward, CA",,,,,,,False,Not in Affinity
c0eb37f6-174b-47fe-8664-691d8e7bf1f1,herb&co,Plant-based food company,,"Los Angeles, CA",,,,,,,False,Not in Affinity
42671b0f-5216-41f7-b885-407c3f223bfd,heritable agriculture,Plant breeding and biotech startup,,"Mountain View, CA",,,,,,,False,Not in Affinity
feaeb9a1-adb1-4af9-bdab-dfbd547e1079,hero future energies,Clean tech company,,India,,,,,,,False,Not in Affinity
0c0cdc59-b55d-483a-930c-13d8b80344ab,heura foods,Alternative protein developer,https://heurafoods.com/,"Barcelona, Spain",,,,,,,False,Not in Affinity
be92969d-67f7-49d5-b55a-52cbc2e3341a,hexafarms,"AI-powered software designed to monitor, control, and optimize greenhouses and vertical indoor farms",,"Berlin, Germany",,,,,,,False,Not in Affinity
69c9fbb5-c9c8-4b41-b248-9ec513f226c1,hexium,Laser-based technology to separate lithium isotopes,,"Austin, TX",,,,,,,False,Not in Affinity
3bca2c70-0180-4abe-acde-407381caed14,heycharge,Provider of underground charging solutions,,Germany,,,,,,,False,Not in Affinity
493005f6-23d7-4af6-b9a2-4022f25ce243,hgen,Providing green hydrogen for decarbonization efforts,https://hgen.com/,"Los Angeles, CA",,,,,,,False,Not in Affinity
e869e2bd-900e-46eb-9d4a-e7471d30d1e7,hiddenlayer,Security platform for machine learning models,,"Austin, TX",,,,,,,False,Not in Affinity
a35ce8c5-42c3-401a-9287-a36eb96721dc,hif global,E-fuel project developer,https://hifglobal.com/,"Houston, TX",,,,,,,False,Not in Affinity
810d61b9-0029-4c10-963d-9326292f70e8,higharc,"Homebuilding platform for design, sales, and construction",https://www.higharc.com/,"New York, NY",,,,,,,False,Not in Affinity
261a6cdd-a493-45cd-a6bb-087855934a01,highland electric transportation,Electric school bus maker,,"Hamilton, MA",,,,,,,False,Not in Affinity
899dd20a-8880-46a0-913c-b620c231d51b,highview power,Liquid air energy storage developer,https://www.highviewpower.com/,"London, England",,,,,,,False,Not in Affinity
505f4e7e-5c5d-4d85-8137-70030772e56f,highwood emissions management,Emissions management software and services firm,https://www.highwoodemissions.com/,"Calgary, Canada",,,,,,,False,Not in Affinity
1e541690-d447-4745-b99e-d3699903913e,hippo harvest,Sustainable agriculture company,,"Half Moon Bay, CA",,,,,,,False,Not in Affinity
f512f896-24ca-4d73-b59b-2bc44889046f,hitachi ventures,Corporate venture fund,https://www.hitachi.com/,Tokyo,,,,,,,False,Not in Affinity
cac5f27f-fc20-4805-aa8a-3b129433b4c4,hithium,Lithium-ion battery manufacturer,https://hithium.com/,China,,,,,,,False,Not in Affinity
43f5a859-bb35-4b5e-9943-971755723684,hive,Collaboration and productivity platform,https://www.hive.com/,"San Francisco, CA",,,,,,,False,Not in Affinity
989bacc9-a1b4-4cbf-87d4-28af8c11d94a,hive technologies,EV leasing platform,,"Los Angeles, CA",,,,,,,False,Not in Affinity
08390eeb-78f3-4ef1-9aa0-e4e9098489ce,hived,AI-powered parcel delivery solution,,"London, England",,,,,,,False,Not in Affinity
19b2ef18-e626-4894-bbbf-f37d983571e6,hohm energy,Residential solar startup,,"Sandton, South Africa",,,,,,,False,Not in Affinity
527b8540-a365-4700-8890-6ca68f8715ce,hohonu,24/7 water level monitoring start-up,,"Honolulu, HI",,,,,,,False,Not in Affinity
b5cfe26f-a678-4fa9-b7c7-0010d6059c17,holy grail,Startup prototyping a small and modular direct air carbon capture device,,"Mountain View, CA",,,,,,,False,Not in Affinity
25152182-3ad6-43f2-b37b-73d4339c06e9,homeboost,Home energy platform,https://www.homeboost.com/,"San Francisco, CA",,,,,,,False,Not in Affinity
31ecd7c8-dc44-4197-89a4-0ab610ffc6ae,hometree,Renewable energy system home maintenance platform,,"London, England",,,,,,,False,Not in Affinity
f4e0ffb0-9d14-42af-920a-9e593ee51cfe,hometree group,Home energy services company,,"London, UK",,,,,,,False,Not in Affinity
f1444d30-801a-4333-bdd9-7d5e4c514849,honeycomb,Engineering observability platform,https://www.honeycomb.io/,"San Francisco, CA",,,,,,,False,Not in Affinity
a1503195-203f-4e52-ae1c-36c9b40e661a,hoofprint biome,Enzymes developer to reduce cows’ methane emissions,https://hoofprintbiome.com/,"Raleigh, USA",,,,,,,False,Not in Affinity
2cde7831-baca-4e07-9eea-3db8dc9a8d22,hooray foods,Plant-based meat producer,,"San Francisco, CA",,,,,,,False,Not in Affinity
6c89ec27-ba8f-486a-b36a-4d2ab5350861,hors normes,Food waste startup,,France,,,,,,,False,Not in Affinity
168929d1-9a64-44b6-bf1a-cb793342de20,hort innovation,VC fund for early-stage startups in sustainability,,Australia,,,,,,,False,Not in Affinity
2568630b-6e1d-4e9e-8925-5da227dddfe4,howgood,Sustainability data startup for consumer packaged goods and food products,https://www.howgood.com/,"Brooklyn, NY",,,,,,,False,Not in Affinity
f1125a83-b702-45e3-8c07-675aa3811dda,hoxton farms,Producing cell-based animal fats,,UK,,,,,,,False,Not in Affinity
9827dc79-9b00-4348-af9b-899febef532d,hozon,Intelligent EV startup,,China,,,,,,,False,Not in Affinity
1d17a358-55a8-4a85-9189-b49d1f937b8e,ht materials science,Developer of smarter heat transfer fluids for HVAC,https://htmaterialsscience.com/,"Dublin, Ireland",,,,,,,False,Not in Affinity
dc2d0cda-87d5-422f-ad22-59a2fcb20d35,hubcycle,"Affordable, sustainable food ingredients",,"Avignon, France",,,,,,,False,Not in Affinity
2e0fa39a-c995-4cc5-be2e-a73a379f1e64,hula earth,Provide real-time biodiversity data,,Munich,,,,,,,False,Not in Affinity
2d3ee97d-62f4-4074-aebb-66edee337cf2,humanforest,E-bike service platform,https://www.humanforest.co.uk/,"London, UK",,,,,,,False,Not in Affinity
b14e12fc-41fb-46dd-8e30-bf443515693f,humble bee bio,Using synthetic biology derived from bees to make bioplastics,,New Zealand,,,,,,,False,Not in Affinity
b0ca5bc1-16da-4a49-a204-b3f9d4266c32,humming homes,Home management software company,,"New York City, NY",,,,,,,False,Not in Affinity
15c84348-d689-49dc-8e74-72ab9620e102,hummingbird technologies,Tech platform that evaluates condition of agricultural fields,,"London, United Kingdom",,,,,,,False,Not in Affinity
cd07e893-3ffa-4c52-87e6-a0cc5ea43ff9,hungry planet,Plant-based meat company,,"St. Louis, MO",,,,,,,False,Not in Affinity
a6036032-ec01-4066-95cb-59671c7d81d0,huue,Bio-based dyes company,,"Berkeley, CA",,,,,,,False,Not in Affinity
38dacd82-2b3d-4c30-b390-5d5e1a99d2ab,hy2gen,Green hydrogen producer,https://www.hy2gen.com/,Germany,,,,,,,False,Not in Affinity
e27a488f-c1e9-4d95-b312-ad59e02b20a7,hyaxiom,Hydrogen fuel cells developer,https://hyaxiom.com/,"East Hartford, CT",,,,,,,False,Not in Affinity
14f68a53-9bd8-44ac-8e05-288f11327d83,hybar,Scrap metal recycling developer,https://hybar.com/,"Osceola, AR",,,,,,,False,Not in Affinity
e2f8d6b3-5b73-406d-90f0-d536e98f6d97,hybrid energy,Monitoring electricity usage for energy efficiency,,Denmark,,,,,,,False,Not in Affinity
6515c218-d6b7-42e7-af6f-868593b005f3,hycamite,Lower-carbon hydrogen from methane,https://www.hycamite.com/,"Kokkola, Finland",,,,,,,False,Not in Affinity
01e7ee53-6039-47a0-be04-7165257c90b5,hydgene,Producer of hydrogen using synthetic biology,https://www.hydgene.com/,"North Parramatta, Australia",,,,,,,False,Not in Affinity
0751e054-a050-47a9-9a6b-381d679745f2,hydregen,Developer of bio-based catalysts,,"Oxford, United Kingdom",,,,,,,False,Not in Affinity
2fd70e11-0e3e-404a-8355-1c78be21196f,hydrogen mem-tech,Hydrogen separation membrane provider,,"Trondheim, Norway",,,,,,,False,Not in Affinity
82f7a288-3e7b-4561-985e-97272acb4201,hydrogenera,Developing hydrogen electrolyzers,https://hydrogenera.com/,Bulgaria,,,,,,,False,Not in Affinity
52ed63ad-4e7c-423c-b356-fe2ba818563e,hydrogenious,Hydrogen storage startup,https://hydrogenious.net/,Germany,,,,,,,False,Not in Affinity
604ce655-9cbb-499e-a707-8cc002ea199a,hydrogenpro,Hydrogen electrolyzers developer,https://www.hydrogen-pro.com/,"Porsgrunn, Norway",,,,,,,False,Not in Affinity
671161f3-d97e-4c41-8488-66e35c359645,hydrogrid,Software startup for planning and dispatch of hydropower plants,,Austria,,,,,,,False,Not in Affinity
be186123-0d9d-40f0-a930-41bfe6acb682,hydroleap,Wastewater treatment developer,,"Singapore, Singapore",,,,,,,False,Not in Affinity
6650cd26-c6c4-4f61-8fe4-e6d15804a303,hydrosat,Satellite startup measuring ground temperature data,https://hydrosat.com/,Washington DC,,,,,,,False,Not in Affinity
432ab758-0254-464c-9e28-69670c78930c,hydrostor,Developer of advanced compressed air energy storage projects,https://hydrostor.ca/,Canada,,,,,,,False,Not in Affinity
dab627ca-f2c4-48da-a5f5-175873c69f39,hygenco,Green hydrogen and green ammonia developer,,"Gurgaon, India",,,,,,,False,Not in Affinity
23eed794-60e9-436e-a50f-99d810ffe347,hylane,Hydrogen truck leasing company,,"Cologne, Germany",,,,,,,False,Not in Affinity
311dbb66-ad87-4f0f-8240-526195d18cdd,hyliion,Linear generator for naval ships,,"Austin, TX",,,,,,,False,Not in Affinity
ae50072e-09f1-41f7-928e-fe9833188c22,hyme,Startup developing technology to store energy in molten salt,,Denmark,,,,,,,False,Not in Affinity
a4118614-8759-4457-80b1-17a1a47ba681,hymeth,High-efficiency alkaline electrolysis technology,https://hymeth.com/,Denmark,,,,,,,False,Not in Affinity
ca710678-a45d-4ec9-a3f3-f9b93ad1957a,hypercraft,Hybrid and electric powertrains for various vehicles,https://www.hypercraft.com/,"Provo, UT",,,,,,,False,Not in Affinity
3031c6de-4255-42a8-a1c6-ad59548a9149,hyperheat,Electric heaters to replace natural gas burners,,"Offenburg, Germany",,,,,,,False,Not in Affinity
3b853f51-afaf-407a-abcb-8e834a89d69a,hyperion robotics,3D printing sustainable concrete,,Finland,,,,,,,False,Not in Affinity
5c851d27-43d6-48a6-88d8-bce4b0e02ef2,hypermine,AI-powered hyperspectral sensing technology for mining,,Finland,,,,,,,False,Not in Affinity
5585bf44-7fe5-4f8d-965e-778b0e8daae9,hypermotive,EV and fuel cell integrator,,UK,,,,,,,False,Not in Affinity
845a66d0-99eb-4321-94c4-cb9f24b58a5b,hyperproof,Continuous compliance SaaS platform,,"Bellevue, WA",,,,,,,False,Not in Affinity
3cd35d3f-c321-496c-9de5-c82c5299220e,hypervolt,EV charging company,,UK,,,,,,,False,Not in Affinity
398ebd21-9a16-4a6d-b2b8-0accf9b0b8c3,hysata,Hydrogen electrolyser technology company,https://www.hysata.com/,"Wollongong, Australia",,,,,,,False,Not in Affinity
e663139b-0ab4-46e8-af28-6d3ce200a2df,hysetco,Network of hydrogen distribution stations and provider of hydrogen vehicle rentals,https://www.hysetco.com/,"Paris, France",,,,,,,False,Not in Affinity
d1cb34b0-aef8-4584-aabd-d287b71c70c8,hysilabs,Liquid hydrogen carrier,,"Aix-en-provence, France",,,,,,,False,Not in Affinity
70a29ed2-9cb0-4bc7-86bb-a1d79f5c3d62,hystar,PEM electrolyzer developer,https://www.hystar.no/,"Oslo, Norway",,,,,,,False,Not in Affinity
61df9e36-6447-4dd6-9972-1f162fb568af,hyting,Hydrogen-powered heating technology provider,,"Wiesbaden, Germany",,,,,,,False,Not in Affinity
147b688f-24c8-48be-9ae5-6e9b9c7addae,hyzon motors,Maker of hydrogen fuel cell powered commercial vehicles,https://hyzonmotors.com/,"Rochester, NY",,,,,,,False,Not in Affinity
90b2bee6-4627-42ca-9906-2cc91545110b,i-rox,Developing pulsed power applications for mining,,France,,,,,,,False,Not in Affinity
4b7fb586-41a5-4a31-9f83-d49255927e02,i-tes,Developer of thermal storage batteries using phase change materials (PCMs) and thermochemical materials,,"Turin, Italy",,,,,,,False,Not in Affinity
841b578a-3956-4eea-944c-a3a98b3fc460,ibi-ag,Developer of environmentally friendly biological pest control solutions,,Israeli,,,,,,,False,Not in Affinity
b66fbd8c-eb62-43f7-81ae-58bfc6b22f00,ibisa,Agricultural microinsurance startup,,UK,,,,,,,False,Not in Affinity
5350c386-04e9-4b48-a7fa-fba2db71c4f1,iceberg data lab,Environmental data startup designed to serve financial institutions,,"Paris, France",,,,,,,False,Not in Affinity
6d6116b8-9ae1-4ed5-a7a1-988fd8c96973,iceye,Microsatellite manufacturing and Earth-observation solutions,https://www.iceye.com/,"Espoo, Finland",,,,,,,False,Not in Affinity
ab7113bb-2309-4cea-956c-e564f2653036,icon,"3D prints resilient, energy-efficient homes",https://www.iconbuild.com/,"Austin, TX",,,,,,,False,Not in Affinity
82bcd236-b308-4e53-bc69-1f1376f3525e,ictyos,Fashion company using recycled fish skins,,"Rhone-Alpes, France",,,,,,,False,Not in Affinity
60807553-0f71-4002-9418-e7a146d24f0e,ideal semiconductor,Energy-efficient electronics components company,https://idealsemi.com/,"Bethlehem, PA",,,,,,,False,Not in Affinity
50686808-bd15-442a-9701-fa94b9117b23,idelic,Provider of operations and safety software to the transportation industry,,"Pittsburgh, PA",,,,,,,False,Not in Affinity
3c0f869a-9903-4e3c-a9ce-30efe77fdfe4,ideon technologies,Developing subsurface imaging solutions for mining,,Canada,,,,,,,False,Not in Affinity
f1c851e6-364e-4b76-8f35-e480f830196a,ienai,Electric propulsion systems for satellites,,"Madrid, Spain",,,,,,,False,Not in Affinity
e75446a5-73c8-4775-812f-e287a257995f,ieqsy,Optimizing energy efficiency,,Spain,,,,,,,False,Not in Affinity
dfd53213-0320-4634-8383-5e8318cbd1a3,ifarm,Vertical farming technology provider,https://ifarm.fi/,"Helsinki, Finland",,,,,,,False,Not in Affinity
f56f7a47-ec4a-44e3-979d-4e0fec3d996c,ifoodds,Food safety and quality management solutions,,"Seattle, WA",,,,,,,False,Not in Affinity
14ecf861-1a8e-4efb-b2d5-92afbb0d9ed5,ilectra motor group,Electric motorbikes developer,,"Jakarta, Indonesia",,,,,,,False,Not in Affinity
fbae6018-3051-47aa-8f16-2ced007c5d05,illinois institute of technology,Propane from carbon dioxide technology,https://iit.edu/,U.S.,,,,,,,False,Not in Affinity
2d26136b-bfd6-4cd8-8332-ebd489f878df,illumine industries,Sustainable power and construction engineering,,"Chennai, India",,,,,,,False,Not in Affinity
45534666-7e59-4c83-be17-c5d71be3a502,immaterial,Advanced materials platform,,"Cambridge, UK",,,,,,,False,Not in Affinity
3876e9ab-e8f1-4301-a3e5-e7e44fe038de,immobazyme,To scale its precision fermentation-derived proteins for cultivated meat,https://immobazyme.com/,"Stellenbosch, South Africa",,,,,,,False,Not in Affinity
a12ecb71-ca73-4ada-843d-ee85b181f446,imove,EV subscription service,,Norway,,,,,,,False,Not in Affinity
62416dfc-87d2-434b-bb01-4e371ec75875,impact bioenergy,Converting food waste into renewable natural gas,,"Seattle, WA",,,,,,,False,Not in Affinity
094f1407-99f5-480d-9f5e-49bd11a5d4d1,impact recycling,Developer of innovative plastic recycling technology,,UK,,,,,,,False,Not in Affinity
7a50b1c3-8501-4de0-b83a-0a4d29a1dfcc,impact+,Carbon measurement for advertising campaigns platform,,"Paris, France",,,,,,,False,Not in Affinity
6e092a86-4953-4db7-b96a-6dd256d5d8fa,impactalpha,Sustainable finance news and data platform,,"Berkeley, CA",,,,,,,False,Not in Affinity
6d7c4923-075a-4d51-87fb-81660aa3d597,imperfect foods,Online food marketplace focused on reducing food waste,https://www.imperfectfoods.com/,"San Francisco, CA",,,,,,,False,Not in Affinity
265cb83d-71c5-4a19-87a2-ec0fd75afd5c,impossible foods,Producing plant-based meat substitutes,,"Redwood City, CA",,,,,,,False,Not in Affinity
c46b935e-ae25-4c9e-a57a-de0552f4adc0,impossible materials,Start-up formulating cellulose-based ingredients,,"Hamburg, Germany",,,,,,,False,Not in Affinity
85bcfab9-3fc4-4001-af58-7432f29ccdb0,impossible mining,Developing technology for seabed mining and refining,https://impossiblemining.com/,"San Jose, CA",,,,,,,False,Not in Affinity
9510f893-8862-4bb9-8edd-f64af3eecbab,improvin',Agri-food emissions monitoring company,,"Stockholm, Sweden",,,,,,,False,Not in Affinity
946f2609-eba9-4674-8c2f-5d53056890d3,impulse,Carbon reduction home appliances,,"San Francisco, CA",,,,,,,False,Not in Affinity
34c8bbd9-e113-45d3-8a6c-5c8d60174c65,imubit,A.I. for refiners and chemical operators,,"Houston, TX",,,,,,,False,Not in Affinity
df1d48eb-6bdc-498e-adfc-ed6f3dfda9da,in bold print,Carbon accounting business,,Chicago,,,,,,,False,Not in Affinity
9569268d-0785-480b-83a1-0a7941c99986,in ovo,Startup with screening tech that helps produce ‘cull-free chicks’,https://www.inovo.nl/,Netherlands,,,,,,,False,Not in Affinity
544b42d1-6a21-4ee7-b8af-9ce18396cc35,inari,"Biotechnology company developing personalized, gene-edited crops",,"Cambridge, MA",,,,,,,False,Not in Affinity
b9ea8091-7b40-442a-9072-9399a05ec3f6,inarix,Crop analysis platform,,"Paris, France",,,,,,,False,Not in Affinity
cbe8d4bd-f9bc-406a-9175-a132697a1a79,indigo ag,Sustainable agriculture solutions provider,https://www.indigoag.com/,"Boston, MA",,,,,,,False,Not in Affinity
d83dc9de-91a1-4cdd-98c1-733429989d9c,indigo technologies,New mobility tech developer,https://indigotech.com/,"Woburn, MA",,,,,,,False,Not in Affinity
3439ef8a-0897-4b3f-b00c-9757b0a61414,indra systems,Decentralized wastewater treatment platform,,"Mumbai, India",,,,,,,False,Not in Affinity
28ad5478-b264-480a-9259-b6e64e8b5b14,indus.ai,Construction software company using computer vision,,"San Francisco, CA",,,,,,,False,Not in Affinity
6d8a3ad5-455f-4e4b-9274-0b864da70781,industrial sun,Solar project developer and energy company,,"Austin, USA",,,,,,,False,Not in Affinity
8bfce46e-4e59-420c-9f70-a747f50ae395,ineratec,Producer of low-carbon synthetic fuels,https://ineratec.com/,"Karlsruhe, Germany",,,,,,,False,Not in Affinity
a9466080-f658-4e3e-a18e-ca97b163a625,ineratec gmbh,Producer of sustainable e-kerosene made from carbon dioxide and green hydrogen,https://ineratec.com/,Germany,,,,,,,False,Not in Affinity
9dc0757b-f316-4a92-9a11-c71d962cde7b,infarm,Indoor farming startup,,"Berlin, Germany",,,,,,,False,Not in Affinity
61b0090c-26e3-4c2e-8b88-3af8c9cce657,infinite cooling,Cooling startup reducing water consumption,,"Somerville, MA",,,,,,,False,Not in Affinity
6de2f6ea-8262-4b69-8ec9-0294fe8863e0,infinite machine,Electric scooters,https://infinitemachine.com/,New York,,,,,,,False,Not in Affinity
8de124f3-7928-45e5-8698-c7d824753eae,infinite roots,Mycelium-based food technology platform,,"Hamburg, Germany",,,,,,,False,Not in Affinity
68d09f3b-13d7-4c03-a1da-9d80d80bb89d,infinite uptime,Predictive maintenance and energy efficiency solutions provider for process industries,,"Alpharetta, GA",,,,,,,False,Not in Affinity
0bbcb454-69f9-437f-b88b-d81f487ece18,infinitum,Creator of a sustainable air-core motor,,"Austin, TX",,,,,,,False,Not in Affinity
e7eb9d8c-121c-4164-8eec-8cf5d601adee,infinitum electric,IoT-enabled electric motors,,"Austin, TX",,,,,,,False,Not in Affinity
bed46dcb-976f-42a3-b41a-0c0b48c33625,infinity recycling,Investment firm that invests in advanced plastic recycling,,"Rotterdam, Netherlands",,,,,,,False,Not in Affinity
5d1b1693-8ffd-4062-a631-82eb7c7ab416,infinium,Synthetic fuels and sustainable aviation fuel company,,Location not specified,,,,,,,False,Not in Affinity
5c2d36e0-976f-4b72-91f7-a53a94cdbe57,infiot,Infrastructure for remote users and IoT devices,,"San Francisco, CA",,,,,,,False,Not in Affinity
b13f0357-f0cf-46ae-bbae-eb488caf3035,influxdata,Time series data platform provider,https://www.influxdata.com/,"San Francisco, CA",,,,,,,False,Not in Affinity
acc43a1f-b21f-4e99-bd1b-36ce0fb15bc2,infogrid,AI-powered smart energy and smart cleaning products for buildings,https://infogrid.io/,"London, UK",,,,,,,False,Not in Affinity
333da0cd-2adf-49e0-85c5-926dbbdfba91,inform ag,Agricultural data and sensor technology,,"Mapleton, Australia",,,,,,,False,Not in Affinity
2aac6aa6-676b-4d89-b3f4-aa3e9dd63fec,infrakit,Construction data software platform,,"Espoo, Finland",,,,,,,False,Not in Affinity
81e091ee-0ba4-4cc3-8011-214704177856,infrascreen,Nanotech solutions provider for climate control,https://www.infrascreen.com/,"Neuchâtel, Switzerland",,,,,,,False,Not in Affinity
93ed3a5a-36aa-4424-bae2-858b74a46637,infravision,Drones and software to automate power line construction,https://infravision.com/,"Sydney, Australia",,,,,,,False,Not in Affinity
e81770be-55b9-42cd-b307-bf5ffb346815,infyos,Battery supply chain visibility platform,,"London, UK",,,,,,,False,Not in Affinity
e43e0886-8fa0-4dd6-bda7-2f5894d9ed20,inigo,GraphQL API management platform,https://www.inigo.com/,"Palo Alto, CA",,,,,,,False,Not in Affinity
5be9564f-6fbd-4c58-9488-86ebc273e2d5,inkbit,Additive manufacturing business,,"Medford, MA",,,,,,,False,Not in Affinity
096e9686-e19b-4008-b949-d6330a91e656,innerplant,Genetically engineered crops that emit signals to farmers when stressed,,"San Francisco, CA",,,,,,,False,Not in Affinity
f87c5ebc-7e9a-48a3-a422-d14a710f023e,innocent meat,Cultured meat production company,,"Mecklenburg-Vorpommern, Germany",,,,,,,False,Not in Affinity
71c1a8b0-6820-480a-9d54-46face34d4fc,innovatium,Developer of commercial equipment and processes which reduce the carbon intensity of existing energy processes,,UK,,,,,,,False,Not in Affinity
64ffcbc4-fecc-45e6-a3ca-c4117b65c0c7,innovopro,Chickpea protein startup,,Israel,,,,,,,False,Not in Affinity
d6ea8bca-8a6c-4c45-abca-a86f7f972c9a,inobat,Make batteries for automotive and other transport applications,,"Bratislava, Slovakia",,,,,,,False,Not in Affinity
e4b2d1f3-7f3b-42a4-b2a7-a6d8fa188504,insectta,Biomaterials from insects developer,,"Bukit Merah, Singapore",,,,,,,False,Not in Affinity
cfb1cc99-382b-4992-8994-b3b5cad4d480,insight m,Aircraft-based methane leak detection technology,,,,,,,,,False,Not in Affinity
849b5dc3-bc70-4543-a033-01fb8549ed8e,insoil,Sustainable agriculture microfinance platform,,"Vilnius, Lithuania",,,,,,,False,Not in Affinity
6d4a904d-1c19-4cb1-b8ae-5c01db1b1547,insolare,"Solar engineering, procurement, and construction services",,"Bangalore Urban, India",,,,,,,False,Not in Affinity
ddbb512a-47d5-4462-bbf2-4913bbb7da73,insolight,Agrivoltaic installer,,Switzerland,,,,,,,False,Not in Affinity
ab8dcb8d-bcb6-4155-992c-bf269f0066da,inspirafarms,Developer of off-grid solar-powered food refrigeration,https://www.inspirafarms.com/,"London, UK",,,,,,,False,Not in Affinity
4c23cac9-dd1f-48de-af20-c68d6117deff,inspiration mobility,Maker of EV fleet management software,,"Washington, DC",,,,,,,False,Not in Affinity
95bae58e-8c79-4ab4-907f-5697e79e2829,inspired capital,Investing in pre-seed to Series A startups,https://www.inspiredcapital.com/,"New York, U.S.",,,,,,,False,Not in Affinity
9b537b7d-77ea-4408-a3be-b29a2b1f2744,instadeep,AI-powered decision-making platform,https://www.instadeep.com/,"London, UK",,,,,,,False,Not in Affinity
148d8d71-3f8e-473b-83f6-ee91e0c01d33,instagrid,Portable battery storage startup,,Germany,,,,,,,False,Not in Affinity
c8b183d2-58ef-49fa-8f98-6dcd88290ca5,installer,Matching companies with skilled installers,https://www.installer.com/,Oslo,,,,,,,False,Not in Affinity
32ddb82e-9ea9-4351-ab8a-4d8d1b37ea84,installion,Installation service provider for utilities undergoing energy transitions,,Germany,,,,,,,False,Not in Affinity
72868ebb-e308-4013-92b5-ab97e33de07c,instrumental,Manufacturing optimization software platform,,"Palo Alto, CA",,,,,,,False,Not in Affinity
9674909c-dee1-4c71-9c46-b2aecc50a9ff,intake,Yeast-based precision fermentation platform,,South Korea,,,,,,,False,Not in Affinity
2ccd544f-505d-41f4-8746-4ce75ef5030d,integrated projects,Digitization services provider for building owners and design professionals,https://www.integratedprojects.com/,"New York, NY",,,,,,,False,Not in Affinity
db4a60ef-a95b-494c-ac38-c006dfa39e88,integriculture,Cell-based meat startup,,Japan,,,,,,,False,Not in Affinity
edff868f-cf6c-46fd-8506-db01a42e60ee,integrity municipal systems,Water and wastewater process solutions developer,,"Poway, CA",,,,,,,False,Not in Affinity
6e11957a-9508-436d-bf07-b64447550086,integritynext,Supply chain sustainability and ESG platform,https://www.integritynext.com/,"Munich, Germany",,,,,,,False,Not in Affinity
38e1c65d-d940-4e63-96bf-0da882e0bf0d,intelliculture,Farm management software platform,https://www.intelliculture.ca/,"Kitchener, Canada",,,,,,,False,Not in Affinity
908e2561-d187-4838-ba8c-94f9222a0903,intelligent city,Urban housing design company,,"Vancouver, Canada",,,,,,,False,Not in Affinity
cd2b11ca-da9d-4cad-8086-3d966f500e08,intelligent energy,PEM fuel cell manufacturer,https://www.intelligent-energy.com/,"Jerichow, Germany",,,,,,,False,Not in Affinity
85805ddf-396a-43f4-a725-358cc189913a,intelligent fluids,Manufacturer of non-toxic and biodegradable cleaning fluids,,"Leipzig, Germany",,,,,,,False,Not in Affinity
0d833baa-aa3a-4018-8370-b804ec4940b4,intellihot,Tankless water heating system manufacturer,https://www.intellihot.com/,"Galesburg, IL",,,,,,,False,Not in Affinity
15f19ed5-de96-46af-b74c-894fcccb24fb,intello labs,Software startup using computer vision and AI to grade food quality,,India,,,,,,,False,Not in Affinity
5e62fb78-cf75-4b64-8314-70acd8f76551,intelmatix,Provider of AI-powered decision intelligence software,,"Riyadh, Saudi Arabia",,,,,,,False,Not in Affinity
b6ec6cc5-439c-46c8-aa09-3f3fc3ae54b7,intercontinental energy,Green hydrogen company,https://intercontinentalenergy.com/,"Singapore, Singapore",,,,,,,False,Not in Affinity
c9c2cb29-fc8e-4b00-b297-ec720fb131c6,interearth,CO2 removal service using trees,,"West Perth, Australia",,,,,,,False,Not in Affinity
2abaeff7-166d-4f70-ae49-16aaef09d5a5,interface polymers,Developer of high-performance additives for plastics,,"Loughborough, United Kingdom",,,,,,,False,Not in Affinity
0dfd686a-7258-4d2c-88d3-1a85887e8696,international battery company,Prismatic Li-ion battery manufacturer,,"Sunnyvale, CA",,,,,,,False,Not in Affinity
f7913f5a-5024-4645-8c36-200c684a6b77,interos,Supply chain risk management tech company,,"Arlington, Va.",,,,,,,False,Not in Affinity
02d09599-1b4a-49d3-a1d8-912414695db7,intersect power,Solar energy project developer,,"Beaverton, Ore.",,,,,,,False,Not in Affinity
c90ed560-3276-4136-ac48-0a8b32317fde,interstellar lab,Developing controlled-environment pods for crop cultivation on Earth and life-support in Space,https://interstellarlab.com/,"Los Angeles, CA and Paris",,,,,,,False,Not in Affinity
897adf16-2983-4c53-b784-8f5c6f88e3d0,intramotev,Battery-powered autonomous railcars,https://www.intramotev.com/,"St. Louis, MO",,,,,,,False,Not in Affinity
ad2f589b-990b-451e-965d-97089f30a7fb,intudo ventures,Invest in renewable energy and natural resources development,,"Jakarta, Indonesia",,,,,,,False,Not in Affinity
550f2c35-2f84-45df-9caf-516d9de1bf4c,inurba mobility,Urban micromobility developer,,"Barcelona, Spain",,,,,,,False,Not in Affinity
7f8db51d-87ed-4f0d-82ff-db11fc783314,inventwood,Advanced wood-based materials for sustainable building,https://www.inventwood.com/,"Frederick, MD",,,,,,,False,Not in Affinity
7e2c7704-0a8f-4b6a-a1e5-b89eec2c402f,inversion,Space-to-Earth cargo delivery service provider,,"Los Angeles, CA",,,,,,,False,Not in Affinity
26856e63-9b74-4838-afcd-d4a6b902453a,involve,Stratospheric balloons,,"Lipomo, Italy",,,,,,,False,Not in Affinity
598d1d56-e552-448b-bfaf-133d5681cd68,involve space,Stratospheric monitoring systems platform,,"Lipomo, Italy",,,,,,,False,Not in Affinity
71e7b15e-7f2f-4ef7-95f6-acc6ba639852,iobeya,Provider of enterprise visual management software,https://www.iobeya.com/,France,,,,,,,False,Not in Affinity
a9040c5c-b030-4c98-99af-8da15d810a1b,ion clean energy,Liquid amine CO2 capture tech developer,https://ioncleanenergy.com/,"Boulder, CO",,,,,,,False,Not in Affinity
9f0ae332-246a-4683-a0fb-ebd168c21749,ion energy,Developer of battery management and analytics software,,India,,,,,,,False,Not in Affinity
8738ff06-2d22-4aa6-996c-4ee1b236d1cc,ion mobility,Electric motorbike maker,https://www.ionmobility.com/,Singapore,,,,,,,False,Not in Affinity
0e6b4bbe-e3b6-49a0-9346-4d7582afbf1d,ion storage systems,Maker of solid state lithium metal batteries,,"Beltsville, MD",,,,,,,False,Not in Affinity
b77cdb91-a075-4b48-a576-e70f5ea39be1,ionate,Control technology for power systems startup,,UK,,,,,,,False,Not in Affinity
b43a4424-8bcb-4d61-aa63-b2d19b3070c3,ionblox,Producer of a lithium-ion battery with a silicon dominant anode,,"Fremont, CA",,,,,,,False,Not in Affinity
5a049c23-4346-4767-a6d1-b312d4cef492,ioniqa technologies,Upcycling plastics,,Netherlands,,,,,,,False,Not in Affinity
f1d77bad-6eea-45cf-8bdd-54e5f023600f,ionkraft,Sustainable coatings for packaging,https://ionkraft.com/,"Aachen, Germany",,,,,,,False,Not in Affinity
e7d96969-91bd-4da5-8ca4-651ba2363d30,ionna,EV charging solutions platform,,"Torrance, CA",,,,,,,False,Not in Affinity
646c8774-4d88-4443-87c9-2d27fdfe7053,ionobell,Silicon-based batteries maker,,"San Jose, CA",,,,,,,False,Not in Affinity
f0fc2c6d-6d66-46ee-8a5d-047d3c98f02e,ionomr innovations,Developer of ion-exchange membranes,https://ionomr.com/,Canada,,,,,,,False,Not in Affinity
a1ff9750-90b8-496c-adc1-0bdde83a1a6e,iontra,Battery technologies for extending battery life,,"Denver, CO",,,,,,,False,Not in Affinity
1dc08b4c-541f-43d2-bd7f-130dc9202c8d,iotech,EV charging company,,"Piscataway, NJ",,,,,,,False,Not in Affinity
8d3c761e-199a-418b-87c1-75b38c25e166,ip group australia,Supports university-originated deep tech startups,,"Melbourne, Australia",,,,,,,False,Not in Affinity
dc2eaa16-db61-4109-ad3e-9bcb76ed910f,ipronics,Optical switches that improve data center speed,,"Valencia, Spain",,,,,,,False,Not in Affinity
d9ef2bd4-901b-4f25-834b-e6dc857871f8,iqm quantum computers,Developer of superconducting quantum computers,,"Espoo, Finland",,,,,,,False,Not in Affinity
977dcdd8-1c0f-453a-941a-43d0f566cce5,iris light technologies,Developer of silicon photonics technology,,"Chicago, IL",,,,,,,False,Not in Affinity
c5e2ed5f-25b6-4cb3-b308-34f667798c22,iron ox,Sustainability-focused agtech robotics maker,,"San Carlos, CA",,,,,,,False,Not in Affinity
83a48be4-9ccf-4681-b1a0-702c1a56a716,iron sheepdog,Short-haul trucking optimization software,,"Williamsburg, VA",,,,,,,False,Not in Affinity
220811be-57bd-485e-ae79-d75d71a49c8b,ironic biotech,Make plant-based proteins to help customers with anemia,,"Lund, Sweden",,,,,,,False,Not in Affinity
f3c63fb6-1543-49e7-a939-f9253106911a,ironspring ventures,To invest in the industrial revolution,,"Austin, TX",,,,,,,False,Not in Affinity
607b208c-2c65-4c3f-8695-3d53237770bc,irp systems,Electric powertrain products provider,https://www.irpsystems.com/,"Tel Aviv, Israel",,,,,,,False,Not in Affinity
68595397-13d8-41ea-bd43-02b2598b8e3e,irrigreen,AI-powered sprinkler system technology,https://www.irrigreen.com/,"Edina, MN",,,,,,,False,Not in Affinity
789466b4-5dcf-4a90-a8c5-bf3ac3f222cc,isometric,Carbon removal registry and science platform,,"London, UK and New York, NY",,,,,,,False,Not in Affinity
3f06e8eb-12cf-4fd1-9e5b-7f343c2a00a4,isovalent,Cloud-native networking company,https://isovalent.com/,"Mountain View, CA",,,,,,,False,Not in Affinity
604307c3-f267-48b0-8855-6bb68b2bcf7b,isptech,Propulsion systems for spacecraft using environmentally friendly fuels,https://isptech.com/,"Hardthausen, Germany",,,,,,,False,Not in Affinity
76a6c9d8-6b7b-41c6-ba7a-6b008a67b6a5,it's fresh!,Food waste technology company,https://itsfresh.com/,"Burntwood, United Kingdom",,,,,,,False,Not in Affinity
10a04682-daa1-42fb-933d-db75d962a065,itpipes,Pipeline inspection software,,"Seattle, WA",,,,,,,False,Not in Affinity
b2a994a7-f252-4d49-8386-666cfb914e3d,itselectric,Producer of electric vehicle chargers designed for cities,,"Brooklyn, NY",,,,,,,False,Not in Affinity
2030d699-d867-4775-b745-20f97815f667,iunu,AI and machine vision technology developer for agriculture,https://iunu.com/,"Seattle, WA",,,,,,,False,Not in Affinity
2fc7c702-8bf8-4873-bec7-fc7b95d92452,ivy energy,Simplify solar billing for multifamily properties,https://ivy.energy/,"San Diego, CA",,,,,,,False,Not in Affinity
4a64bdd1-0d68-499b-b9a1-029d549df3e5,iwell,Harmonizing clean energy developer,https://www.iwell.eu/,"Utrecht, Netherlands",,,,,,,False,Not in Affinity
74956995-16bd-4cec-9da1-bdc5d1e74832,iyris,Heat-blocking technology designed to boost crop yields,https://iyris.com/,UAE,,,,,,,False,Not in Affinity
84794f0d-9181-4c18-88a9-fb2ac2c1f005,jedlix b.v.,Smart charging services platform provider,https://jedlix.com/,Netherlands,,,,,,,False,Not in Affinity
8811df99-7d6c-4533-bd8e-0615b8159441,jejakin,Indonesian carbon accounting and monitoring service,https://jejakin.com/,"Kota Administrasi Jakarta Barat, Indonesia",,,,,,,False,Not in Affinity
001b3ad0-401e-4a2f-98f8-36a9d6d8b310,jellatech,Animal-free proteins developer,https://www.jellatech.com/,"Raleigh, NC",,,,,,,False,Not in Affinity
4bdf234d-0189-4306-abc1-78524a93d819,jet charge,EV charging company with a charging as a service model,https://www.jetcharge.com.au/,Australia,,,,,,,False,Not in Affinity
3e0057d0-6233-43b9-a61d-503e8be97d04,jetcool,Direct-to-chip liquid cooling manufacturer,https://jetcool.com/,"Littleton Common, MA",,,,,,,False,Not in Affinity
93ba7200-001f-480f-84d6-6722ab7d6a4e,jetson,eVTOLs developer,https://www.jetson.com/,"Brooklyn, New York",,,,,,,False,Not in Affinity
3f0239c3-6b88-4270-b5ae-0dc0c21d771c,jetti resources,Developer of copper extraction technology,https://www.jettiresources.com/,"Boulder, CO",,,,,,,False,Not in Affinity
a160d108-12ab-4f51-a358-fd85abd482e0,jetzero,More efficient blended-wing aircraft,,"Long Beach, CA",,,,,,,False,Not in Affinity
3cf7d36c-29ea-4630-b52c-817d6e0311c7,joby aviation,Develop and build electric vertical takeoff and landing (eVTOL) aircraft,https://www.jobyaviation.com/,"Santa Cruz, CA",,,,,,,False,Not in Affinity
9b7becf6-b630-4f3b-a8ba-b5b186c418da,jolt,Electric vehicle charging stations provider,,"Sydney, Australia",,,,,,,False,Not in Affinity
78d138ae-7765-4e57-a652-768c645fb858,jolt energy,Developer of an urban ultra-fast charging network,,"Munich, Germany",,,,,,,False,Not in Affinity
2b143480-7173-42c4-908a-ef34dd300402,jooules,Use gaseous fermentation and microbe strains to turn CO2 into protein,https://jooules.com/,"Wellington, New Zealand",,,,,,,False,Not in Affinity
c4487314-a6be-4d5c-9c9f-cad19db79c34,joro,Platform tracking and reducing users’ climate footprints,,"Oakland, CA",,,,,,,False,Not in Affinity
982ebcb6-0423-4bfd-ad82-50c1479417a4,joywell foods,Food technology company developing a sweet protein portfolio,,"David, CA",,,,,,,False,Not in Affinity
9dcd145f-b555-406a-8235-86f65426c753,jua,AI weather and climate forecasting platform,,"Freienbach, Switzerland",,,,,,,False,Not in Affinity
e34c6253-5905-472f-8b2a-4d1480e707f2,juganu,Smart city lighting solutions,https://juganu.com/,Israeli,,,,,,,False,Not in Affinity
7d5752eb-b426-457c-ad86-8b11c509583c,juicy marbles,Plant-based steak company,https://juicymarbles.com/,Slovenia,,,,,,,False,Not in Affinity
26f5f613-1e16-4a39-a7dc-3b176ecfc135,juna.ai,AI agents for energy consumption in factories,https://juna.ai/,"Berlin, Germany",,,,,,,False,Not in Affinity
df75fe43-623d-4749-aece-f7ea338dec14,juno,Proptech startup building sustainable apartment buildings,,"San Francisco, CA",,,,,,,False,Not in Affinity
17340210-d3dc-4e8c-9fd7-20b739f27479,jupiter intelligence,Extreme weather and climate risk management firm,,"San Mateo, CA",,,,,,,False,Not in Affinity
ba0c3b60-0dcc-402d-8e54-f55aef3e6a38,jupiter ionics,Electrochemical green ammonia technology,https://jupiterionics.com/,"Melbourne, Australia",,,,,,,False,Not in Affinity
cc7aae52-50c4-4df0-af46-98a5c8517ce4,just climate,Investment firm backing businesses focused on land-use transformation,https://justclimate.com/,"London, UK",,,,,,,False,Not in Affinity
eb37420e-96ca-4188-8c6b-8b8a92a9d7a7,kabira mobility,Electric bike startup,,"Verna, India",,,,,,,False,Not in Affinity
4e85b342-a87a-4644-aad8-fc434c72aeb3,kaiko systems,AI-powered maritime operations platform,https://www.kaiko.com/,"Berlin, Germany",,,,,,,False,Not in Affinity
fa348d6a-614e-4824-938c-4f12f9e5ead5,kairos aerospace,High-frequency aerial methane leak detection technologies,,"Mountain View, CA",,,,,,,False,Not in Affinity
11ff33b2-f400-42d5-b39f-cac23e026351,kairos power,Novel advanced reactor technology platform,https://www.kairospower.com/,"Alameda, CA",,,,,,,False,Not in Affinity
962685d1-1da2-43f4-ab9d-516b2f29c114,Kaiyo,Marketplace for used furniture,kaiyo.com,"New York, NY",,,,,,,False,1793094
aa01a420-3f66-4d4a-9ad8-e4d5400b6735,Kaltani,Clean-tech plastic recycling and waste management company,kaltani.com,Nigeria,,,,,,,False,278295879
c3b13383-5169-486b-8560-e1aa708c9266,Kamma,Property analysis for environmental compliance platform,kammadata.com,"London, United Kingdom",33.0,-19.51,Series C,4200000.0,Conduit EIS Impact Fund,Alex Schembri (Chief Data and Innovation Officer & Co-Founder): https://linkedin.com/in/schrembot,True,117395503
8069f6e3-3a4e-488d-a9b8-359013b61bc8,Kanpla,Cafeteria-management software to reduce food waste,kanpla.dk,"Aarhus, Denmark",,,,,,,False,278831269
6d35da0d-c706-430c-8e77-dc6d408dd87c,Kapta Space,Spaceborne radar technology developer,kaptaspace.com,"Seattle, WA",,,,,,,False,294649664
60719fe3-aa83-411b-92b2-bafacc3c5a0e,Karana,Plant-based meat producer,eatkarana.com,Singapore,,,,,,,False,224198389
1220bff6-f687-4a12-b16e-bdaa0de0b64b,Karma Automotive,Hybrid luxury car manufacturer,karmaautomotive.com,"Hangzhou, China",,,,,,,False,1519008
cf01ccbd-4a86-4375-8f5c-50aaf18363e7,Karman Industries,Electric industrial thermal energy technology developer,karmanindustries.com,"Long Beach, CA",,,,,,,False,298608672
48d8d8ea-bfd7-45d2-b790-1cb30f27e185,Karomia,Double materiality assessment and CSRD reporting software provider,karomia.eu,"Gent, Belgium",,,,,,,False,296129443
3e98c7ca-3b22-4e0f-9acc-2117b24e4638,Katana MRP,Manufacturing ERP software company,katanamrp.com,"Tallinn, Estonia",141.0,-4.08,Series B,35000000.0,Kairi Pauskar,Hannes Kert (Co-founder / COO): https://linkedin.com/in/hanneskert,True,128867377
dec95564-2dec-4d92-a802-489705141a14,Kate,Developer of electric micro-cars,17thavenuedesigns.com,"Cerizay, France",,,,,,,False,203289468
ccbcb984-cd40-4601-bc3d-0caff564d497,Kate Farms,Producer of plant-based nutrition,katefarms.com,"Santa Barbara, CA",,,,,,,False,161877004
7e88aa17-1323-4b9b-820b-dadcc9006b7c,Kateri,Custom regenerative ranching programs platform,katericarbon.com,"San Francisco, CA",,,,,,,False,292799570
6d2516e8-8a0b-43b1-b4b2-5be0a37c2f87,KAYA AI,Advanced construction supply chain intelligence platform,mykaya.ai,"Columbus, OH",,,,,,,False,304638756
7b804414-4932-47f2-9937-c0abcf37a288,Kayrros,Climate and energy data analytics company,kayrros.com,"Paris, France",112.0,3.7,Other,44147200.0,European Investment Bank,Antoine H. (Chief Analyst and Co-founder): https://linkedin.com/in/antoine-h-5067824,True,116494323
0e030663-c6b4-4da6-aeff-a42829aac4cf,Kazam,EV charging management software provider,kazam.in,"Bengaluru, India",131.0,16.0,Series A,8000000.0,Vertex Ventures Southeast Asia and India,Akshay Shekhar (Co-Founder): https://linkedin.com/in/akshayshekhar,True,279921477
7f07875b-76a7-46d7-bf75-9d6b9a6b2fae,Kebony,Environmentally friendly modified wood producer,kebony.com,Norway,,,,,,,False,1623325
1da38986-d598-43d5-aa56-08eaa78d11d4,Kebotix,Platform for AI-discovered chemicals and materials,kebotix.com,"Cambridge, Massachusetts",9.0,-18.18,Series A,11400000.0,Flybridge Ventures,Dr. Jill S. Becker (CEO): https://linkedin.com/in/dr-jill-s-becker,True,162558779
445e1500-4abf-43c1-b2cf-fbac56ef8692,Keelvar,Sourcing software company,keelvar.com,Ireland,,,,,,,False,1588900
5f31b30d-4179-4b1c-975d-8ea0479e90b3,Keey Aerogel,Green aerogel from construction waste,keey-aerogel.com,"Habsheim, France",,,,,,,False,278716185
0d4455a7-8164-4261-9860-b6348d4b678a,kelpi,Seaweed-based packaging for food & CPG products,kelpi.net,"Bristol, U.K.",,,,,,,False,279213591
13a8c2ff-26a7-401c-9ab8-b7513152e244,kelvin,Decarbonized HVAC solutions provider for legacy buildings,https://www.radiatorlabs.com/,"Brooklyn, NY",,,,,,,False,Not in Affinity
73f020e3-4bdc-4ec5-872e-adb4bb087c95,kensa group,Ground-source heat pump developer,https://www.kensagroup.com/,"Truro, United Kingdom",,,,,,,False,Not in Affinity
dcc62e74-e684-42f2-98c6-48c3350ed1af,ketos,"Technology designed to measure, manage, and forecast water quality and efficiency",,"Milpitas, CA",,,,,,,False,Not in Affinity
da8c7c0c-aa44-45e0-96aa-f9fca208346e,kettle,Reinsurance startup focused on climate change,,"San Francisco, CA",,,,,,,False,Not in Affinity
a5c7bcb9-06df-4ec8-87cb-4a04c3f1fabe,kevala,Energy data and analytics company,https://www.kevala.com/,"San Francisco, CA",,,,,,,False,Not in Affinity
cf820f5e-896c-4168-bbb9-e9e8c83c7b47,kilimo,Help pay farmers to save water,,"Cordoba, Argentina",,,,,,,False,Not in Affinity
6244848a-0930-4059-b82e-7292fd661850,kilter,Ultra-high precision weeding robot for vegetables,,"Langhus, Norway",,,,,,,False,Not in Affinity
cf4c599a-0871-4f9a-af79-336d2baa908d,kind designs,Company developing 3D printing for seawalls,https://kinddesigns.com/,"Miami, FL",,,,,,,False,Not in Affinity
08198870-da94-4b13-8507-65e513ca8c66,kinetic green,Micro-mobility vehicle manufacturer,,"Pune, India",,,,,,,False,Not in Affinity
c82706ef-4549-4b57-9e2f-e10ed23b8a16,king energy,Build portfolio of solar on commercial buildings,https://www.kingenergy.com/,"Durango, CO",,,,,,,False,Not in Affinity
78172d6e-6a4a-4776-9fc4-ea4fda681841,kisanhub,Provider of agri-food supply chain solutions,,UK,,,,,,,False,Not in Affinity
da13c1ed-892c-4dec-ab3e-453b1ee41882,kita,Insurance provider for carbon markets,,"Worcester, U.K.",,,,,,,False,Not in Affinity
d39a970f-5c9e-4206-b9d5-bfb372091aaa,kite magnetics,Advanced magnetic materials developer,,"Clayton, Australia",,,,,,,False,Not in Affinity
7ba32ca7-cdf0-445e-8f6e-50e61d524dcc,kite mobility,EV ridesharing platform,,"Thornhill, Canada",,,,,,,False,Not in Affinity
83051b92-69d6-46d3-b966-827d2e1e6f39,kitekraft,Producer of flying wind turbines,,Germany,,,,,,,False,Not in Affinity
01885a6b-192d-4874-b986-1c8ea9afd0ee,kitepower,Developer of airborne wind energy systems,https://kitepower.nl/,Netherlands,,,,,,,False,Not in Affinity
a06e62c9-05c6-45ab-889e-4070cfa408e2,kkr,Investment firm,https://www.kkr.com/,"New York, NY",,,,,,,False,Not in Affinity
d334b7dd-92d8-4b7f-a0c0-a0c2c89830e0,kkr global climate fund,Climate infrastructure fund,,,,,,,,,False,Not in Affinity
5100ecb6-00c9-4fa7-93b0-005ac6779b94,klim,Platform facilitating farmers’ transition to regenerative agriculture,https://www.klim.com/,"Berlin, Germany",,,,,,,False,Not in Affinity
cb36240e-27a1-42c4-a6cb-14b46f0ffc27,klima,App that calculates carbon footprints,https://klima.com/,"Berlin, Germany",,,,,,,False,Not in Affinity
8f61fdc3-9c31-41f0-b577-b0e4990650c9,kloopify,Sustainable procurement analytics platform,,"Pittsburgh, PA",,,,,,,False,Not in Affinity
5bcf9cbe-2bc2-4852-8e1d-20969536f432,koa,Upcycled cocoa fruit products developer,,"Zürich, Switzerland",,,,,,,False,Not in Affinity
e5afab61-49e2-4890-a8d4-b98aaa93a089,kobold metals,Algorithmic approach to identifying critical mineral deposits,https://www.koboldmetals.com/,"Berkeley, CA",,,,,,,False,Not in Affinity
05a70dd7-7f5e-43d3-bc34-19e5a88c4bb2,kode labs,Building optimization analytics platform,https://www.kodelabs.com/,"Dover, DE",,,,,,,False,Not in Affinity
b031fcff-de24-4440-8f66-54232b0d28e0,kodiak,Autonomous freight truck company,https://kodiak.ai/,"Mountain View, CA",,,,,,,False,Not in Affinity
3483690b-fedc-4ff1-ae11-edf746b637e6,kodiak robotics,Autonomous truck company,https://www.kodiakrobotics.com/,California,,,,,,,False,Not in Affinity
9b6afc35-5acb-4aa9-908e-82798458ba02,kofa,Electric motorcycles and battery swapping company,,"Accra, Ghana",,,,,,,False,Not in Affinity
898c6a7a-6b05-4572-9d35-4cd4af610198,kojo,Materials management platform,,"San Francisco, CA",,,,,,,False,Not in Affinity
a6b8c065-14fb-463e-b5bf-fb715e3aafa6,kokomodo,Cell-based cocoa and chocolate,,Israel,,,,,,,False,Not in Affinity
0f922e49-c9d6-4bb8-b934-c5601e6695b5,koloma,Geologic hydrogen exploration and identification platform,,Denver,,,,,,,False,Not in Affinity
eb79cee4-f4d9-419d-a69c-5eff1536f25f,kolum,Regulatory compliance platform targeted at the EU’s Carbon Border Adjustment Mechanism,,"Berlin, Germany",,,,,,,False,Not in Affinity
a27b31d0-6851-4e1f-8802-41611abe6933,komaza,Company focused on sustainable forestry,https://www.komaza.com/,Kenya,,,,,,,False,Not in Affinity
bfa134d2-18a2-4cd1-9746-80dadcb7e203,kompas,Invests in industrial technology across Europe and the U.S.,,Copenhagen,,,,,,,False,Not in Affinity
664876a9-ced5-4059-b83b-35f73d1c3045,komunidad,Environmental risk platform,,Philippines,,,,,,,False,Not in Affinity
af714870-db5b-4577-aa77-c912a6aa318f,koo,Social media platform in multiple languages,,"Bangalore, India",,,,,,,False,Not in Affinity
ce10ec7b-9146-4382-bb9c-e5a10b86a8bf,koolbooks,Scaling solar refrigeration across Africa,,France,,,,,,,False,Not in Affinity
daefbc5c-6302-4398-87ab-ed818c931f29,kopperfield,EV charger installation company,,"Seattle, WA",,,,,,,False,Not in Affinity
61f0ad6b-5d03-47b6-ba1c-a75140482703,kore power,Lithium-ion battery manufacturer,https://korepower.com/,"Coeur D’alene, ID",,,,,,,False,Not in Affinity
f756b3bd-838d-40fa-842b-2ad0704d399c,kos,Plant-based protein and supplements company,,"Santa Barbara, CA",,,,,,,False,Not in Affinity
e2d8c272-dda7-4855-8fe3-1ee83060986f,kubecost,Cost monitoring platform,https://kubecost.com/,"San Francisco, CA",,,,,,,False,Not in Affinity
9a35bef2-1b2a-4cbf-8a38-a60d0ebdec7a,kubik,Turn plastic waste into building materials,,"Nairobi, Ethiopia",,,,,,,False,Not in Affinity
f721c481-15b9-4793-81a6-1df435f134d9,kula bio,Sustainable nitrogen fertilizers,https://www.kulabio.com/,"Boston, MA",,,,,,,False,Not in Affinity
caaecb47-b75a-4c83-87e2-e0fd98911ce8,kuleana,Maker of plant-based tuna,,"San Francisco, CA",,,,,,,False,Not in Affinity
8abd097f-fd2d-4ccb-a38d-d16c29920933,kumulus water,Developing technology that generates water from the air,,France,,,,,,,False,Not in Affinity
252dc920-8933-4039-b1b1-b365b06afdaa,kusari,Security platform for supply chain vulnerabilities,,"Ridgefield, CT",,,,,,,False,Not in Affinity
e92eef13-1eee-4291-9329-b5c67aa1d35b,kuva space,Earth observation technology developer,https://www.kuvaspace.com/,"Espoo, Finland",,,,,,,False,Not in Affinity
a4888e62-f5f5-4f59-aa6f-c9e14adbe132,kuva systems,Methane monitoring and quantification platform,https://www.kuvasystems.com/,"Cambridge, MA",,,,,,,False,Not in Affinity
b1b8ca74-ef10-48d2-9a96-4de054ae4677,kvasir technologies,Biomass-to-fuel conversion technology developer,,"Gladsaxe Municipality, Denmark",,,,,,,False,Not in Affinity
35350f97-0d49-49b2-bbde-274df91726a9,kvist,Environmental certification platform for construction,https://www.kvist.com/,Oslo,,,,,,,False,Not in Affinity
ebf0fcf2-a36e-4314-9189-728f4885e6e3,kwetta,Electric vehicle charging solutions developer,https://www.kwetta.com/,"Napier, New Zealand",,,,,,,False,Not in Affinity
68c03023-775c-455b-bb31-1403902e888d,kwh analytics,Climate insurance startup tailoring insurance policies for renewable energy installations,,"San Francisco, CA",,,,,,,False,Not in Affinity
efa656ce-192d-4619-abcb-62af7eadef7f,kwota,Digital validation and trading services for recycled material CO₂ emissions,,Estonia,,,,,,,False,Not in Affinity
25ba3277-cf54-4170-9896-46fc29e324d2,kynda,Biotech sustainable proteins producer,,"Jelmstorf, Germany",,,,,,,False,Not in Affinity
976cefbb-ba4f-4191-b93a-b1dfe057c779,kyoto fusioneering,Nuclear fusion technology company,https://kyotofusioneering.com/,"Tokyo, Japan",,,,,,,False,Not in Affinity
f501b928-e2bb-4edf-b60c-1c6037e03723,la solive,Career training for energy renovation professionals,,"Paris, France",,,,,,,False,Not in Affinity
3e9f7f1b-4342-4b9b-9a4c-dac5f96fa070,la vie,"Plant-based meat products, like vegan meatballs",,Paris,,,,,,,False,Not in Affinity
a089360d-c360-45b5-951e-d281f3ec7071,lactips,"Biodegradable, water-soluble polymers for packing",https://www.lactips.com/,"Saint-Paul-en-Jarez, France",,,,,,,False,Not in Affinity
131a508a-9a3d-439f-b935-c8dde9590a4a,Lacuna Technologies,Provider of urban transportation management software,lacuna.ai,"Palo Alto, CA",,,,,,,False,223434910
c34452fa-ea5b-40ef-ac86-0778cfce9b58,LAIIER.IO,Liquid leak detection service,laiier.io,"London, United Kingdom",18.0,0.0,,4176900.0,,Matt Johnson (CEO and Co-Founder): https://linkedin.com/in/mattmullinsjohnson,True,283010826
9b1224e2-d5ff-4183-b99d-cabc5381b5ec,Laird Superfood,Creator of plant-based superfood products,lairdsuperfood.com,Oregon,,,,,,,False,119216715
e21a883c-662c-4a28-9102-9019c465818a,Lancium Technologies,Startup using renewable energy to power bitcoin mining,lancium.com,"Houston, Texas",53.0,-5.36,,150000000.0,other strategic energy investors,Prashant Gupta (Co-Founder and Board Member): https://linkedin.com/in/pgupta241,True,161108674
0e0c7163-b2bf-4c9a-9115-896424329ea7,Lancium Technologies,Power orchestration and management solutions platform,lancium.com,"Houston, Texas",53.0,-5.36,,150000000.0,other strategic energy investors,Prashant Gupta (Co-Founder and Board Member): https://linkedin.com/in/pgupta241,True,161108674
bcc0c5c7-2d66-428b-a634-6cbccb2d0d66,LAND,Producer of an electric two-wheeler,landinc.ca,"Cleveland, OH",,,,,,,False,224947115
1d67f3df-3e5c-4bc9-b87a-c816b7260f2c,LandGate,Marketplace and data provider for commercial land,landgate.com,"Denver, Colorado",43.0,0.0,Series B,10000000.0,"NextEra Energy Resources, LLC",Yoann Hispa (CEO): https://linkedin.com/in/yoann-hispa-652a994,True,266626238
28490344-6658-43a1-bcb0-2ae46173f16a,LanzaJet,Sustainable aviation fuel production facility,lanzajet.com,"Deerfield, Illinois",135.0,14.41,Other,,Mitsubishi UFJ Financial Group,Jimmy Samartzis (Chief Executive Officer and Board Director): https://linkedin.com/in/jimmysamartzis,True,263507746
a3401ee9-57c6-4a91-a2ba-4758d45ddc61,LanzaTech,Sustainable fuels and chemicals platform,lanzatech.com,"Skokie, Illinois",340.0,-9.33,Public Markets,30000000.0,CICC Growth Capital Fund I,Sean Simpson (Founder and Chief Scientific Officer): https://linkedin.com/in/sean-simpson-75008b20b,True,1538094
f9e94393-dfd8-4535-9534-fb50cb23119c,lanzatech nz,Bio-processing platform for improving waste carbon treatment,,"Skokie, IL",,,,,,,False,
a8a2d0bf-2752-46a4-9d76-5b9abc0074e5,larger funding rounds,Lithium-ion battery cell manufacturing,,"Cambridge, MA",,,,,,,False,
78d7e0c6-e2dc-4671-b3d3-fcc4280c52fe,Last Energy,20 MW modular nuclear reactors,open-100.com,"Washington, D.C.",,,,,,,False,255150493
f404a718-9420-43a5-bb59-9a9e20038dc1,lat water,Developer of sustainable wastewater treatment solutions,,"Berkshire, UK",,,,,,,False,
0a2e0f26-5ce5-401e-a7ad-3aab8c931984,Latitude Media,Climate research and news platform,latitude.media,"Boston, MA",11.0,,,,,,True,294170924
47762fad-3952-42d0-b647-d6c794e5e2c7,LAXEY,Land-based salmon farming producer,laxey.is,"Vestmannaeyjar, Iceland",,,,,,,False,293018294
14cde22c-ecd7-4828-a87c-1eab8e8ebd48,LD Carbon,Develops eco-friendly materials from old tires,ldcarbon.co.kr,"Seoul, South Korea",,,,,,,False,289947241
7e9aede6-1027-45bb-8e0f-65879bc046bf,Le Fourgon,Returnable beverage products delivery network,lefourgon.com,"Lille, France",136.0,-7.48,Series A,10000000.0,La Poste Ventures fund,Maxime Tharin (CO-FOUNDER & COO): https://linkedin.com/in/maximetharincofondateurlefourgon,True,282357617
740d455e-a104-4d53-a75e-a67ef745d315,Lead Ventures,Early-stage fund for Central and Eastern European startups,leadventures.eu,"Budapest, Hungary",14.0,0.0,Series A,100000000.0,No investors mentioned,Balazs Haszonics (CEO): https://linkedin.com/in/balazs-haszonics-21a22519,True,147495664
7872e94f-eb10-4299-b91b-918816cb7208,leaf,Data infrastructure startup focused on food and agriculture market,,"San Francisco, CA",,,,,,,False,Not in Affinity
98ff3472-827b-4273-9704-25da26a8243b,leaf agriculture,Technology-first approach to farm data company,https://www.leafagriculture.com/,"New York, U.S.",,,,,,,False,Not in Affinity
7129b8c2-719c-4eef-832c-c75dd30e1513,leaft foods,Plant based protein startup,https://www.leaftfoods.com/,New Zealand,,,,,,,False,Not in Affinity
6a8e8678-6624-4798-91bd-24914a9ab0d5,leakzon,AI-powered water management platform,,"Kfar Saba, Israel",,,,,,,False,Not in Affinity
d4b71aab-bd7e-4aab-948b-540faaf019ea,leap,Universal distributed energy marketplace,https://www.leap.energy/,"San Francisco, CA",,,,,,,False,Not in Affinity
4c66f1eb-4da1-49fe-8e87-d66ce086ccc0,leap24,Facilitating a charging network for electric vans and trucks,,Netherlands,,,,,,,False,Not in Affinity
6d270e1a-f2da-4545-9270-8a470ce53a11,legume technology,Biostimulants for smallholder farmers,,"East Bridgford, U.K.",,,,,,,False,Not in Affinity
2b87d84a-b178-442c-830f-872dc028b301,leko labs,Carbon negative construction company,https://lekolabs.com/,Luxembourg,,,,,,,False,Not in Affinity
37acd9f4-bb92-413f-945b-b0bbbad23400,lemon energy,Digital clean energy provider,,Brazil,,,,,,,False,Not in Affinity
6f41b392-7f67-457b-b8ad-3380e84dcb78,lens consortium,Develop sodium-ion batteries,,,,,,,,,False,Not in Affinity
d3733cd1-17ee-40e7-840b-7fe66a1ab2b8,leoparda electric,Electric motorcycles and batteries,,"São Paulo, Brazil",,,,,,,False,Not in Affinity
95f90915-5387-4564-83cb-77c574a82ed5,leta,Efficient logistics tech developer,https://leta.com/,Kenya,,,,,,,False,Not in Affinity
2df156c5-29b5-4acc-8fdb-b87bfa447411,letstransport,EV last-mile delivery network,https://letstransport.in/,"Bangalore, India",,,,,,,False,Not in Affinity
15dca5be-a966-4267-8c3c-4831385a0767,levelten energy,Carbon-free energy marketplace,https://leveltenenergy.com/,"Seattle, WA",,,,,,,False,Not in Affinity
338cb5f5-16f8-4805-85d9-932252df12e3,lever vc,Seed-stage venture fund focused on funding plant-based and cell-cultivated protein startups,https://levervc.com/,New York City,,,,,,,False,Not in Affinity
58162419-684b-4a8b-87af-dd9d385faa72,levidian,Decarbonizing methane by cracking it into graphene and hydrogen,https://www.levidian.com/,England,,,,,,,False,Not in Affinity
50867d1b-83c3-41c7-b0a6-648ed2ea63d3,leydenjar,EV battery startup,,Netherlands,,,,,,,False,Not in Affinity
e5635278-a549-4430-b57a-9888a49fa20b,li auto,Chinese maker of electric SUVs,https://www.lixiang.com/,,,,,,,,False,Not in Affinity
0218ba52-9ce0-4c7f-8f72-b408253f1e6f,li industries,Lithium-ion battery recycling company,https://li-industries.com/,"Blacksburg, VA",,,,,,,False,Not in Affinity
b088fdb7-17cd-4683-b15c-f0f8c6bece68,li-cycle,Lithium-ion battery recycling service provider,https://li-cycle.com/,Canada,,,,,,,False,Not in Affinity
79c40b80-3249-429f-a826-d596447ae531,libattion,To upcycle used EV batteries into stationary energy storage,https://libattion.com/,"Opfikon, Switzerland",,,,,,,False,Not in Affinity
42ac1448-5f86-433a-b515-ac0942482fb7,liberate foods,Plant protein and meat substitute company,,India,,,,,,,False,Not in Affinity
688b4c9b-b141-427a-be7d-cf7cd1d9b98b,liberation labs,Providing precision fermentation platform for alternative proteins,https://liberationlabs.com/,"Richmond, IN",,,,,,,False,Not in Affinity
f4f00fd9-4564-40ab-ab60-e13959b51e61,librec,Li-ion battery recycling company,,Switzerland,,,,,,,False,Not in Affinity
375e184f-f973-40a3-8334-4b041b94f38c,lidwave,LiDAR chips for various applications,https://www.lidwave.com/,Jerusalem,,,,,,,False,Not in Affinity
26b46ad6-9139-4ec8-a0e6-0b5f14e981b9,liefergrün,Zero-emissions delivery startup,,Germany,,,,,,,False,Not in Affinity
8a278818-4370-4a99-80a9-4aabc1ac0874,lifelabs,Producer of thermally-efficient lifestyle apparel,https://lifelabs.com/,"Sunnyvale, CA",,,,,,,False,Not in Affinity
456504d7-4fc2-40d7-b6b8-8c4d145dcf1c,liftwerx,Maintenance services for onshore wind,,"Cambridge, Canada",,,,,,,False,Not in Affinity
74b99c51-addc-41e7-8807-8aee4f7d7f98,light bridge,Hydrogen electrolysis systems manufacturer,,"Hwaseong-si, South Korea",,,,,,,False,Not in Affinity
e4aeee19-2b50-425c-80b7-38b6af3800fa,lightdash,Remote-based open-source business intelligence platform,https://lightdash.com/, ,,,,,,,False,Not in Affinity
91053fe5-451c-4906-9932-c426dbb6ae6d,lightlytics,Cloud deployment SaaS platform,https://lightlytics.com/,"Tel Aviv, Israel",,,,,,,False,Not in Affinity
21d8e7c1-014e-48c8-9dfb-46fdaa32133c,lightning emotors,Electrifying commercial vehicle fleets,,,,,,,,,False,Not in Affinity
3087d6aa-c2de-4a3f-8f48-038ff503dd83,lightshift energy,Owner and operator of utility-scale battery storage projects,,"Arlington, VA",,,,,,,False,Not in Affinity
a9b17dc3-6322-4dc0-9efe-f63c84654bcb,lightship rv,Maker of electric RVs,,"San Francisco, CA",,,,,,,False,Not in Affinity
4b6c3cd6-b03b-4af8-89bf-8f38e2df998e,lightsource bp,Solar power developer,https://www.lightsourcebp.com/,"London, UK",,,,,,,False,Not in Affinity
9f3c07e3-c6d6-4baa-806f-97ac2b1bf726,lightyear,Solar electric car company developing an automotive platform,https://lightyear.one/,Netherlands,,,,,,,False,Not in Affinity
1dc7946b-1493-407e-876d-5c769ca5dd7f,ligna energy,Provider of wood-based batteries,,Sweden,,,,,,,False,Not in Affinity
cf78f8d8-7c2b-4975-a6fc-abe8d11e2c97,lignovations,Biomass-derived ingredient innovation developer,,"Klosterneuburg, Austria",,,,,,,False,Not in Affinity
407ae3f4-311c-40b7-8d0c-53f303e297f1,lilac solutions,Lithium mining technology company,https://www.lilacsolutions.com/,"Oakland, CA",,,,,,,False,Not in Affinity
d2f1f594-04e4-43f2-b2f7-a1fea59270e4,lilium,Designing jet powered transition aircraft,,"Weßling, Germany",,,,,,,False,Not in Affinity
10b05435-963b-4b33-b2a4-6e71723c237f,lime,Electric scooter rental startup,,"San Francisco, CA",,,,,,,False,Not in Affinity
3dbe0580-5687-4786-94be-8d6d7a6d20f1,liminal,Advanced inspection systems for battery cells,,"Emeryville, CA",,,,,,,False,Not in Affinity
feeb3869-8fda-4ab6-9512-c5f88bb0a734,lina energy,Solid-state sodium battery company,,"Lancaster, England",,,,,,,False,Not in Affinity
dcbdbcbe-6aa3-4be6-8d91-2802e7f21084,linear labs,Maker of energy-efficient electric motors,https://linear-labs.com/,"Fort Worth, Texas",,,,,,,False,Not in Affinity
64649b65-15cd-4984-89ef-201a01929aa6,lineat composites,Using reclaimed carbon fiber to manufacture new composite components,,UK,,,,,,,False,Not in Affinity
6adcc764-4431-435c-bab0-c61d371dc578,linevision,Provider of non-contact overhead power line sensors,https://linevision.com/,"Somerville, MA",,,,,,,False,Not in Affinity
34fd6b1f-48cc-4bed-a4f9-822d27f3fb28,lingrove,Sustainable composite materials company,https://www.lingrove.com/,"San Rafael, California",,,,,,,False,Not in Affinity
4e7817f5-b07c-4e24-91ad-977cca05423a,linova,High-energy polymer battery technology maker,,"Monrovia, CA",,,,,,,False,Not in Affinity
8348ca71-ffd3-46d2-bf66-4bb98b3773b4,linova energy,Polymer cathodes for batteries,https://linovaenergy.com/,"Monrovia, CA",,,,,,,False,Not in Affinity
a872eb8c-01ab-41f7-aaad-b76ecf110500,liquid wind,eFuel production facilities developer,https://www.liquidwind.se/,"Gothenburg, Sweden",,,,,,,False,Not in Affinity
cf12ff0d-67ad-4112-a2c1-f2bf2e3c6d2b,liquidonate,Manage returns and promote circularity,,San Francisco,,,,,,,False,Not in Affinity
4e7b8414-8ba2-458d-b8fa-c4cd3d83b45b,liquidstack,Develop advanced cooling solutions for data centers,https://www.liquidstack.com/,"Carrollton, TX",,,,,,,False,Not in Affinity
27067a66-1965-4cee-a676-3a69f20bd986,lis technologies,Laser-based technologies for enriching uranium,,"Oak Ridge, TN",,,,,,,False,Not in Affinity
7aec89bb-30b5-43ce-9176-cebc607102fb,lithion recycling,Battery recycling technology provider,,"Montreal, CA",,,,,,,False,Not in Affinity
11bab5ff-76ae-4c31-a081-acf17d07427f,lithium americas,Lithium mining service provider,,"Vancouver, Canada",,,,,,,False,Not in Affinity
ca316ebd-03cc-49a5-acfc-40a6640168d7,litlingo,A.I. risk monitoring platform,,"Austin, TX",,,,,,,False,Not in Affinity
a9a106e0-9f5b-4c1f-b379-049c3c8203c4,little leaf,Sustainable packaged lettuce brand,https://littleleaffarms.com/,"Devens, Mass.",,,,,,,False,Not in Affinity
21bad3d5-f25f-41cd-a063-6c081f482ef4,liveeo,Uses satellite and AI data to detect climate risks to critical infrastructure,https://liveeo.de/,"Berlin, Germany",,,,,,,False,Not in Affinity
eed4b05d-41aa-4a95-82d7-282ae3324335,livekindly,Collective of plant based food brands,https://livekindly.co/,"Los Angeles, CA",,,,,,,False,Not in Affinity
7c0e8788-a0f8-4e17-b941-7589fb002288,livekindly collective,Portfolio of plant-based food brands,https://www.livekindly.co/,"Los Angeles, CA",,,,,,,False,Not in Affinity
230d1b49-774d-4e7b-8b8c-a8ce0abd1a79,livin farms,Alternative protein company utilizing insect larvae,https://www.livinfarms.com/,Vienna,,,,,,,False,Not in Affinity
5d92095b-91c1-47cd-9c84-c5e533ef942e,living carbon,Plant-based carbon capture and storage company,https://www.livingcarbon.com/,"San Francisco, CA",,,,,,,False,Not in Affinity
e39ecb3d-304a-492e-a592-4b6b4eff58f2,living security,Cybersecurity company bringing awareness,https://www.livingsecurity.com/,"Austin, TX",,,,,,,False,Not in Affinity
012421ae-5ab3-43dc-9936-84d7f660e359,livnsense,Industrial AI platform solutions company,,"Bengaluru, India",,,,,,,False,Not in Affinity
5eabc35c-0e89-45eb-8b24-f982c8034f16,lleaf,Developer of luminescent technology for greenhouses,,Australia,,,,,,,False,Not in Affinity
14639b7b-78f9-48ec-a373-813e34a229cb,lo3 energy,Provider of digital tools to utilities for distributed resources,,"Portland, OR",,,,,,,False,Not in Affinity
5f9683e4-b899-4de8-97c2-229f50a96759,loadar,Online transport optimization service provider,https://www.loadar.com/,"Belfast, Northern Ireland",,,,,,,False,Not in Affinity
0f18b2e1-54bf-4cc6-a508-bee6ff168722,loamist,Biomass feedstock collection platform,,"Berkeley, CA",,,,,,,False,Not in Affinity
9570cf4e-b70b-44c4-a133-f10b574f7e46,loanpal,Lender for residential solar installations,,,,,,,,,False,Not in Affinity
7741bc34-0c33-463f-9963-3e018d514565,locus fermentation solutions,Produces biological alternatives to chemicals,,"Solon, OH",,,,,,,False,Not in Affinity
d649f2d0-0dce-466e-b899-099302651e77,locusview,Platform for managing infrastructure capital projects,https://www.locusview.com/,"Tel Aviv, Israel",,,,,,,False,Not in Affinity
105cd3e1-9b9b-4736-8c99-8775e7779431,log 9 materials,Battery manufacturing platform,,"Bengaluru, India",,,,,,,False,Not in Affinity
794c3190-f6f0-458c-bd75-e8a5a13584e6,logan energy,Engineering solutions company focused on hydrogen technologies,https://loganenergy.com/,"Edinburgh, UK",,,,,,,False,Not in Affinity
f02e4f1c-bea1-4d06-8833-7857f0916c4c,logical buildings,Smart building and virtual power plant software and solutions provider,https://www.logicalbuildings.com/,"Livingston, NJ",,,,,,,False,Not in Affinity
3de3b51a-0b67-4542-ba83-e92e10e0130a,logicladder,Sustainability management platform,https://www.logicladder.com/,"Gurgaon, India",,,,,,,False,Not in Affinity
3fd029d8-040f-467c-a0bc-8a507110ff3e,logicstar,Autonomous software maintenance company,,"Zurich, Switzerland",,,,,,,False,Not in Affinity
eb7e0eb0-305e-4aae-8376-50a5be6f28ee,lohum,Lithium-ion battery recycling platform,https://www.lohum.com/,"Greater Noida, India",,,,,,,False,Not in Affinity
5b5cb2d8-cf02-4c5a-829b-8451893d2e7a,lohum cleantech,Battery recycling and repurposing business,,"Noida, India",,,,,,,False,Not in Affinity
bc5924a8-1874-4526-9dcd-d7fc82e19a54,loliware,Making seaweed-based materials to replace plastics,https://www.loliware.com/,"San Jose, CA",,,,,,,False,Not in Affinity
eeb49c0b-b540-42c3-9947-df863825c4bc,london electric vehicle company (levc),Electric taxi manufacturer,,"Coventry, UK",,,,,,,False,Not in Affinity
911e48b6-aa15-4e97-bfa7-f9194a4b4fc4,long journey ventures,Generalist VC targeting climate and energy tech,,"San Francisco, California",,,,,,,False,Not in Affinity
c53d2ab5-4122-4a28-aa73-7ce1b2247e06,longroad energy,Renewable energy developer,https://www.longroadenergy.com/,"Boston, USA",,,,,,,False,Not in Affinity
b32a0be5-4489-489e-a3fb-4e5f99515a1e,loop,Electric vehicle charging infrastructure company,,"El Segundo, CA",,,,,,,False,Not in Affinity
d260f654-29f5-48e7-b81e-6062216e3ad8,loop energy,Fuel cell company,,"Vancouver, Canada",,,,,,,False,Not in Affinity
0d9b8ec4-00e0-43a5-b9e6-0eaa8ebc4484,loopworm,Insect biotech startup,,India,,,,,,,False,Not in Affinity
1eba0f11-92ea-4292-bcf2-c4c80fcca2fd,looq ai,Survey platform for digitizing critical infrastructure,https://www.looq.ai/,"San Diego, CA",,,,,,,False,Not in Affinity
2c4e9137-901e-44d0-9234-f642f27644fd,lord of the trees,Restoring damaged ecosystems using drones,,Australia,,,,,,,False,Not in Affinity
f0be2c46-a185-4682-9dbf-b0abca040acb,lordstown motors,EV-truck manufacturer,,"Lordstown, OH",,,,,,,False,Not in Affinity
5ebc52c5-fcf1-4673-b99a-569c0a3b5745,low carbon,Renewables investing and asset management company,https://lowcarbon.com/,"London, UK",,,,,,,False,Not in Affinity
88b88188-2c44-4d4d-909c-a15d41acced3,ls power,"Renewable, gas generation, and other energy projects",https://lspower.com/,"New York, NY",,,,,,,False,Not in Affinity
8c0f2324-540b-4623-a05f-21320c5f83ce,lucid,,https://www.lucidmotors.com/,"Newark, CA",,,,,,,False,Not in Affinity
26ada2bb-a925-4a3d-ab59-e594f8066d41,lucid motors,Electric vehicle manufacturing business,https://www.lucidmotors.com/,"Newark, CA",,,,,,,False,Not in Affinity
a8058e1b-1974-466b-a5c1-490322ca65e1,lumen energy,Clean energy technology provider,,"San Francisco, CA",,,,,,,False,Not in Affinity
a7b48ca2-fee2-4fb1-99d0-b7a833e77553,lumen orbit,Space-based data centers for large AI models,https://lumenorbit.com/,"Redmond, WA",,,,,,,False,Not in Affinity
b5c17433-2c93-4593-be64-795e44fac0c3,lumenaza,SaaS platform for green utilities,https://www.lumenaza.de/,Berlin,,,,,,,False,Not in Affinity
b377e032-f1d9-4a97-82a1-83e1088f5b8e,lumi ai,Supply chain data analytics platform,,"Toronto, Canada",,,,,,,False,Not in Affinity
72eebb3c-ec77-48dc-9a0f-c634f4818b73,lumian,ioT-based energy management company,,"Beşiktaş, Turkey",,,,,,,False,Not in Affinity
281389d7-9428-4847-8bfd-a9161c1c83b7,luminescent,Developing a heat engine for waste heat upcycling,,Israel,,,,,,,False,Not in Affinity
c6569750-c2ae-4d20-898e-9d7e1afb56e6,lumio,Solar energy company,https://www.lumio.com/,"Lehi, Utah",,,,,,,False,Not in Affinity
f67a1535-0634-4d9d-ba2a-7f63b5de2112,lumo,Smart irrigation system that enables users to save water and costs,,"Santa Rose, CA",,,,,,,False,Not in Affinity
d5821af8-0f31-4970-9421-05cae8e84411,LUMO labs,Invest in impact-driven European startups,lumolabs.io,"Eindhoven, Netherlands",,,,,,,False,113833344
75c04456-a8da-46ea-b103-6b2325ac4164,luna financial,Online financial planning platform,,"New York, NY",,,,,,,False,
49b344bc-3a8a-43f8-8a42-a003e41cfab6,Lunar Energy,Home electrification startup,lunarenergy.com,"Mountain View, California",220.0,-9.09,Other,300000000.0,SK Group,,True,282145678
c1f38b93-3ab4-45a3-99e9-7275e8844e37,Lune.xyz,Startup helping businesses integrate climate impact into their customer experiences,lune.xyz,UK,,,,,,,False,278772050
04066363-878b-4f30-a632-6dfa706a6872,LUUP,E-scooters and e-bikes provider,luup.com,"Tokyo, Japan",,,,,,,False,78842229
b325b0b8-ac1a-4725-bab9-25ccadf71c35,Lynkwell,EV managed charging platform,lynkwell.com,"Albany, NY",,,,,,,False,289169179
b5017c91-89a4-4b8a-acf6-5f77b0103708,"lynq technologies, inc.",Deep-tech startup connecting people and devices,,"New York, USA",,,,,,,False,
98d2c1c2-aed5-4b1d-91cd-75f8834a4cc4,Lyteflo,Consumer-facing SaaS EV sales platform,lyteflo.com,"Toronto, Canada",7.0,,Seed,3000000.0,Diagram,,True,300267528
a5ac5a0e-978d-4b53-9211-6f5d5c68317f,LytEn,Manufacturer of materials used in lithium-sulfur batteries,lyten.com,"San Jose, California",259.0,1.57,Series B,200000000.0,FedEx Corporation,"Dan Cook (CEO, Co-founder, & Investor, Lyten Inc): https://linkedin.com/in/dan-cook-1b10ba12",True,262780551
6f8c8306-2a3a-4a66-89dd-2d81fae97d88,M2I Life Sciences,Producer of pheromones to replace chemical pesticides,m2i-lifesciences.com,France,,,,,,,False,125396698
656e61c0-60ec-4847-8fac-c5f036a16a2d,Macro Oceans,Turning seaweed into sustainable biochemicals,macro-oceans.com,"Sacramento and San Francisco, CA",,,,,,,False,268358179
173716f0-f3ce-4fbf-b57d-17ae17fb1aac,MacroCycle Technologies,Transforms plastic waste into reusable plastic,macrocycle.tech,"Cambridge, Massachusetts",11.0,10.0,Seed,6500000.0,Clean Energy Ventures,Stwart Peña Feliz (Co-Founder & CEO): https://linkedin.com/in/stwart-pena-feliz,True,293044127
6ee176d9-f515-4eaa-b0a8-79d854b29d02,Mad Capital,Loan money to farmers for regenerative farming,madcapital.com,"Boulder, CO",,,,,,,False,285797031
19c56d17-f451-4a95-b8bc-244902a55cc4,made of air GmbH,Climate tech startup,madeofair.com,"Berlin, Germany",,,,,,,False,42465604
75f21c01-e475-4787-af4e-683ac23aa74b,Maderight,Fungi-based sustainable packaging developer,maderight.com,"Rehovot, Israel",,,,,,,False,1796698
13e668b3-a852-4698-9732-31d426ba002e,Magenta Mobility,Electric mobility solutions provider,magentamobility.com,"Bangalore, India",,,,,,,False,291753181
a0feab5e-3635-4622-9c09-74706859aa1a,magical mushroom company,Develops biodegradable packaging using mycelium technology,,UK,,,,,,,False,
f4bb5803-d897-4842-8216-23c2492158e7,Magna Imperio Systems,Water treatment company,magnaimperiosystems.com,"Houston, TX",,,,,,,False,223169186
dfd2d1fa-ea1f-41cf-8b52-5445de693876,Magnotherm Solutions,Sustainable cooling systems developer,magnotherm.com,"Darmstadt, Germany",,,,,,,False,263319967
48908264-602a-4ed9-8e2b-4269406b03b1,"Magnus Metal Works, LLC",Efficient industrial metal castings,magnusmetalsusa.com,"Tel Aviv, Israel",,,,,,,False,295417871
6b1cf255-3a1d-41d4-92f0-f11baff28780,Magrathea,Carbon-neutral metal production company,magrathea.ai,"San Francisco, CA",,,,,,,False,285210601
f9dd07ce-a1c3-4a28-8bbc-eba397cb3783,MagREEsource,Recycling rare-earth magnets,reefine.jimdosite.com,"Grenoble, France",,,,,,,False,301207493
9834ba5b-5767-40fc-a814-69832d13ae54,Maia Farms,Make protein with mycelium,maiafarms.com,"Vancouver, Canada",,,,,,,False,303621721
c48192a7-0eb1-4e08-8a43-449437d3e3de,Mainspring Energy,Linear generators using clean fuels,mainspringenergy.com,"Menlo Park, California",430.0,15.59,Late Stage,258000000.0,Lineage Ventures,Adam Simpson (CPO and Founder): https://linkedin.com/in/adam-simpson-24a4265,True,163285532
d74c0df4-3079-4c55-a15c-abe33324f6ff,Mainstream Renewable Power,Renewable energy company,mainstreamrp.com,"Dublin, Ireland",342.0,-16.99,Other,631000000.0,SMBC,,True,1535364
c95d503e-a49d-40eb-a47f-fd051a60178d,MAISA,Agentic AI chain-of-work technology developer,gomaisa.org,"San Francisco, USA / Valencia, Spain",,,,,,,False,275354957
5838a19d-69e7-4538-986a-46412d2d4d86,Maiven,AI-driven climate policy platform,maiven.app,"London, UK",,,,,,,False,263042686
0455a4f4-a292-4045-8fcd-9b5c36f04c34,MAKA MOTORS,Electric motorcycles manufacturer,maka-motors.com,"Jakarta, Indonesia",,,,,,,False,291336209
f9498e0f-ce5e-4d65-84f0-a75040155a2b,Makersite,Providing data management software for sustainable product development,makersite.io,"Stuttgart, Germany",104.0,42.47,Series A,18000000.0,Hitachi Ventures,Neil Dsouza (CEO): https://linkedin.com/in/neil-dsouza-b514a6183,True,223154205
b7f522ce-fce6-4fce-9add-e01ecde68f0c,maki,Invest in Nordic and Northern Europe deep tech startups,,"Helsinki, Finland",,,,,,,False,Not in Affinity
0c84bdb2-e0e5-48e4-b157-f631c57b5a09,malk organics,Alt-milk products,https://malkorganics.com/,"Austin, TX",,,,,,,False,Not in Affinity
dfb71bbf-a69b-4e57-9b00-464541ea795d,malta,Pumped heat energy storage developer,https://www.maltainc.com/,"Cambridge, MA",,,,,,,False,Not in Affinity
1259932e-24a7-4541-84ae-77c76fb9e8f9,manex ai,AI-driven manufacturing optimization platform,https://manex.ai/,"Rothenberg, Germany",,,,,,,False,Not in Affinity
ccad85ee-b1af-4a97-8487-88783bc6104d,mangata networks,Satellite-enabled telecommunication services,https://www.mangatanetworks.com/,"Phoenix, Ariz.",,,,,,,False,Not in Affinity
4cf5343c-d63b-439f-abbd-88d9bf383add,mangoboost,Data center energy efficiency software developer,,"Bellevue, WA",,,,,,,False,Not in Affinity
f7c555ba-03c6-4c73-88e6-411482f349ca,mangrove lithium,Lithium refining company,https://www.mangrovelithium.com/,Canada,,,,,,,False,Not in Affinity
f0da3515-fa0a-420e-af52-4a4ec9953080,manifest climate,Cleantech software startup,https://www.manifestclimate.com/,"Toronto, Canada",,,,,,,False,Not in Affinity
a615fffe-b7f6-4308-ae02-8d9a73165fcf,manifest cyber,Software supply chain risk reduction platform,https://www.manifestcyber.com/,"Westport, CT",,,,,,,False,Not in Affinity
0e32e403-2809-494a-8f31-de6fe265b42b,maniv,Invest in mobility and energy,,"Tel Aviv, Israel",,,,,,,False,Not in Affinity
47573422-e2ac-4d7a-8ad7-87bea64402d8,manocap energy,Renewable energy investment vehicle,,"Accra, Ghana",,,,,,,False,Not in Affinity
42edec3f-a851-4c75-bc1b-0f06a6e5b7b0,mantel,Molten salt-based carbon capture technology developer,https://www.mantel.com/,"Cambridge, MA",,,,,,,False,Not in Affinity
04227104-81ba-4b1c-88b7-73502772ec80,mantel capture,Molten salt-based carbon capture technology business,,Boston,,,,,,,False,Not in Affinity
1901d368-2390-4d4e-b0b3-46a5257ecceb,mantis robotics,Human-robot collaboration technology developer,,"Pleasanton, CA",,,,,,,False,Not in Affinity
8400c972-0780-4d4f-b9bb-14548e23fbfd,mantle8,Develops AI tools for hydrogen deposits,https://www.mantle8.com/,San Francisco,,,,,,,False,Not in Affinity
cf0903f0-e59a-4301-a153-ee3dcaf70991,manufacture 2030,Decarbonization platform for suppliers,,"Oxford, United Kingdom",,,,,,,False,Not in Affinity
c7f8a18b-e66a-4dbd-91ed-556b1534468f,mapon,Fleet management software platform,https://www.mapon.com/,"Riga, Latvia",,,,,,,False,Not in Affinity
87f1e205-cc9c-42cc-a723-7df5227391f6,marathon fusion,Fusion power technology developer,,"San Francisco, CA",,,,,,,False,Not in Affinity
dd9705b3-dfba-4e31-b220-2660b600c26c,marcely,Residential solar business,,"Hannover, Germany",,,,,,,False,Not in Affinity
c1566de4-66ec-4fbf-b344-897db7c7313b,marinelabs,Real-time weather and ocean condition monitoring,https://marinelabs.io/,"Victoria, Canada",,,,,,,False,Not in Affinity
20f9ce96-5258-4141-a813-2372deba3c2b,marvel fusion,Inertial confinement and laser-based fusion technology,https://marvelfusion.com/,"Munich, Germany",,,,,,,False,Not in Affinity
73a90a8f-e423-4d7d-a521-c47bea16ec2e,masdar,Producer of independent renewable energy power,,"Abu Dhabi, UAE",,,,,,,False,Not in Affinity
e969cb86-9afb-4803-bf5c-f14c9a94806f,mast reforestation,Wildfire forest restoration company,,"Seattle, WA",,,,,,,False,Not in Affinity
d3c58309-2fdc-4d69-bb3b-c590081078c7,matereal,Polyurethane plastic alternative made from bio-based feedstocks,,"Vaulx-en-Velin, France",,,,,,,False,Not in Affinity
dacba672-5c96-4cc8-9fe4-67877c395580,material evolution,Sustainable cement producer from industrial waste streams,https://materialevolution.com/,"Middlesbrough, U.K.",,,,,,,False,Not in Affinity
5c5993f9-d2f0-49ad-addc-43cddd4a8f2c,materials nexus,Net-zero materials platform,,"Cambridge, United Kingdom",,,,,,,False,Not in Affinity
1dcff380-f93d-4615-9725-a04e624b2d65,materra,Producer of climate-resilient cotton,,"London, UK",,,,,,,False,Not in Affinity
30a17e23-3f37-4c0b-8f61-ed960712946b,mati carbon,Carbon removal approach using crushed basalt rock,,"Houston, TX",,,,,,,False,Not in Affinity
c2741570-7803-44d7-90d4-b826ab290ed5,matoha,Portable material identification devices manufacturer,,"London, England",,,,,,,False,Not in Affinity
cf609351-0ce6-4ac5-8a43-ee04d699bef2,matr foods,Sustainable meat alternatives from mycelium and upcycled vegetables,,"Copenhagen, Denmark",,,,,,,False,Not in Affinity
ca8f71b8-06bd-412b-969c-de24fb765481,matrixspace,Collaborative sensing solutions company,https://matrixspace.com/,"Burlington, MA",,,,,,,False,Not in Affinity
d9d1b077-23cc-4cf1-a092-78dd18976f09,matteco,Green hydrogen production tech,https://matteco.com/,"Valencia, Spain",,,,,,,False,Not in Affinity
8846e600-ca82-436d-b43f-2e6816a8464e,matter,Microplastic technology and innovation company,,UK,,,,,,,False,Not in Affinity
c6a91c03-3004-4f89-9e3d-5031e3bd4307,matter intelligence,Sensors for Earth imaging purposes,,Los Angeles,,,,,,,False,Not in Affinity
4725c346-be01-403a-90ae-001b7069d830,matter motors,Electric bikes manufacturer,,"Ahmedabad, India",,,,,,,False,Not in Affinity
07840d4e-39a4-4f46-8397-171d12f9f2b5,mattiq,Sustainable materials discovery and testing platform,,"Chicago, IL",,,,,,,False,Not in Affinity
2302719a-05a3-4a99-bfb7-38ecf8f41dc4,matx,High-throughput chips for large language models,https://matx.ai/,"Mountain View, CA",,,,,,,False,Not in Affinity
d6cf0f61-d237-4f6d-8175-a540aaf9e79d,mavarick,Sustainable manufacturing software,,"Limerick, Ireland",,,,,,,False,Not in Affinity
a7b645a1-d727-43db-a388-576f2de9d639,maverick metals,Advanced metal extraction and minerals processing technologies,https://maverickmetals.com/,"San Antonio, TX",,,,,,,False,Not in Affinity
601d4538-570a-4114-9ff0-ae6abba5001b,maxem,B2B charging and energy management platform,https://maxem.com/,"Amsterdam, Netherlands",,,,,,,False,Not in Affinity
77e1828b-86b2-4315-b9d2-3ef3f726c291,maxterial,More sustainable chemicals and advanced coatings,https://maxterial.com/,"Pleasanton, CA, U.S.",,,,,,,False,Not in Affinity
6d3d264a-967d-4067-a8ba-5dee329ce13a,may mobility,Autonomous Transportation-as-a-Service (TaaS) provider,https://maymobility.com/,"Auburn Hills, MI",,,,,,,False,Not in Affinity
b6ef1e27-10fb-4cb2-9d6d-a58173309c2b,maya climate,Project platform for nature-based solutions,,"Bellevue, WA",,,,,,,False,Not in Affinity
c554ab4f-43d2-4950-a60c-bda047596ac8,maymaan research,Clean combustion engines company,,"Hollywood, LA",,,,,,,False,Not in Affinity
1a808e42-5e96-4371-86d9-02b3d747b743,mci carbon,Carbon utilization and storage technology provider,,"Mayfield West, Australia",,,,,,,False,Not in Affinity
54e69630-53ff-4f49-8b23-97058f44931e,measurabl,ESG and emissions reporting platform for real estate,https://www.measurabl.com/,"San Diego, CA",,,,,,,False,Not in Affinity
00d624a9-12ae-4299-b35c-71d98a84aedc,measurable.energy,"Developing smart, power sockets to eliminate ghost energy",https://measurable.energy/,UK,,,,,,,False,Not in Affinity
66acd646-c9a2-4e28-9d05-107cb99a8872,meatable,Cultivated meat platform,https://meatable.com/,"Amsterdam, Netherlands",,,,,,,False,Not in Affinity
9adcf176-06a2-4c40-95c0-ab8338350fb2,meati,Startup producing fungi-based meat,https://meati.com/,"Boulder, CO",,,,,,,False,Not in Affinity
bd73085b-182f-414c-9c1a-5a25aaf65dff,meati foods,Mushroom-based meat alternatives,https://meati.com/,"Boulder, CO",,,,,,,False,Not in Affinity
b1701a89-9638-44a3-a54b-722352f4fd78,mediconnect,Telemedicine platform for remote consultations,,"Toronto, Canada",,,,,,,False,Not in Affinity
61774994-c9a3-4c71-a474-20855881b9e1,mediterranean food lab,Fermentation-based flavor solutions developer,https://medfoodlab.com/,"Tel Aviv, Israel",,,,,,,False,Not in Affinity
5645c678-e869-4b81-a929-988d24c0719d,medusoil,Sustainable construction materials manufacturing,https://www.medusoil.com/,"Lausanne, Switzerland",,,,,,,False,Not in Affinity
b8d0b83f-86b3-4c9c-8824-e9bf65baa9d5,melonfrost,Microbe production platform,,"Brooklyn, New York",,,,,,,False,Not in Affinity
1a6f44c4-30d9-46b6-9f18-1b5d9b5168b8,meloon,Membranes for carbon capture and removal,,"Berlin, Germany",,,,,,,False,Not in Affinity
277f6e3c-4d90-44d9-acb5-22e7c8a2d2c2,membion,Innovative membrane bioreactor technology developer,https://membion.com/,"Roetgen, Germany",,,,,,,False,Not in Affinity
79d73517-0570-428e-bbef-f931b39fd6bf,membrion,Membrane technology for wastewater treatment developer,https://membrion.com/,"Seattle, WA",,,,,,,False,Not in Affinity
8fba51a8-8aba-405a-8b0f-2ac1d10b6ee5,memfault,Cloud-based platform for connected device monitoring,,"San Francisco, CA",,,,,,,False,Not in Affinity
6de3cc43-cdf4-45db-aaa1-b811d1fde211,menlo microsystems,Electromechanical switch developer for battery chargers and electric cars,https://www.menlomicro.com/,"Irvine, CA",,,,,,,False,Not in Affinity
bd2b64bc-86b4-40c8-8a6c-e04063ed7bd0,merlin labs,Autonomous flight technology developer for fixed-wing aircrafts,https://merlinlabs.com/,"Boston, MA",,,,,,,False,Not in Affinity
44f345f8-802e-483b-a5af-682cc23cf2e9,merlin solar,Solar renewable energy technology developer,,"San Jose, CA",,,,,,,False,Not in Affinity
a420b319-7035-444c-b07e-85fefedb0e71,mermade seafoods,Developer of cell-based scallops,,Israel,,,,,,,False,Not in Affinity
4e575615-283e-45e0-a277-766a77390bcd,meroxa,Data pipeline platform,https://www.meroxa.com/,"San Francisco, CA",,,,,,,False,Not in Affinity
98931703-f2db-46fe-b721-59d9b06ea579,metafin,Solar financing platform,,"Haryana, India",,,,,,,False,Not in Affinity
644ca03e-2934-4d04-b4eb-c902f3cc3b50,metafuels,Catalyst for sustainable aviation fuel,,"Adliswil, Switzerland",,,,,,,False,Not in Affinity
114e63df-2a20-465d-817c-6c00331e5845,metaspectral,Computer vision software company,,"Vancouver, Canada",,,,,,,False,Not in Affinity
05f8c778-37ef-44f3-855f-8e474243db60,metastable materials,Li-ion battery recycling start-up,,"Bengaluru, India",,,,,,,False,Not in Affinity
fad1547a-092a-4d5f-863b-0faf31fd6ea9,meteomatics,Weather forecast intelligence company,,"St. Gallen, Switzerland",,,,,,,False,Not in Affinity
0b8da17a-120e-4716-9c8a-483c4df575a5,metergrid,Tenant electricity platform,,"Stuttgart, Germany",,,,,,,False,Not in Affinity
8ac7c1e3-15f6-4e63-96c5-4d8adb73df9e,methanex,Acquisition of OCI Global’s methanol business,,Canada,,,,,,,False,Not in Affinity
4175fa01-80e5-496b-a80e-933409f69f15,metox,High-temperature superconducting (HTS) electricity transmission,https://www.metox.com/,"Houston, TX",,,,,,,False,Not in Affinity
57aaac2c-02c8-409b-8c5b-162c592d4cc3,metris,Platform designed to help property owners evaluate solar potential,,"London, U.K.",,,,,,,False,Not in Affinity
648f96f3-2bd4-446c-bae7-66117a70637f,metron,Collect and analyze energy data for efficiency,https://www.metronlab.com/,"Paris, France",,,,,,,False,Not in Affinity
640ab5ad-4435-43cf-b1a8-897e3df6d332,metycle,Digital platform for international secondary metal trade,https://metycle.com/,"Köln, Germany",,,,,,,False,Not in Affinity
07f48fc6-42a1-4806-9519-fe9e75f08e88,mga thermal,Startup focused on thermal energy storage,https://mgathermal.com/,"Tomago, Australia",,,,,,,False,Not in Affinity
672ae9e7-606b-471d-9dbf-353581943db1,mi terro,"Using ag waste for plastic replacement, animal feed, and more",,"City of Industry, CA",,,,,,,False,Not in Affinity
f29ee0ce-6c2f-4a0c-ad70-ac0258d3267d,mialgae,Microalgae production technology platform,https://www.mialgae.com/,"Edinburgh, Scotland",,,,,,,False,Not in Affinity
3d33553b-024b-4a4e-843c-e72d352ec3a8,michroma,Company producing fungal biofactories for natural ingredients,,"Rosario, Argentina",,,,,,,False,Not in Affinity
e151b150-c87a-4a6c-bb9e-c73788f671ad,microcaps,Advanced microencapsulation technology for cosmetics packaging,,"Wagistrasse, Switzerland",,,,,,,False,Not in Affinity
7c91d07c-cc8e-4129-83d1-596508a79e1a,microgen biotech,Ag-tech developer focused on reducing heavy metals in food and increasing soil health,https://microgenbiotech.com/,Ireland,,,,,,,False,Not in Affinity
91fd3374-6bb1-47ba-949f-6d2e4555e0cc,microharvest,Producer of alternative proteins through fermentation,,"Hamburg, Germany",,,,,,,False,Not in Affinity
86004adc-bbb5-45da-8213-05f7d7b77d30,micronic technologies,Maker of clean water technologies,,"Richmond, VA",,,,,,,False,Not in Affinity
7075f14a-eae8-483c-a6aa-3b0048bbc1d0,micropep,Developer of micropeptide technology for sustainable agriculture,https://www.micropep.com/,"Auzeville-Tolosane, France",,,,,,,False,Not in Affinity
095786a7-dffd-4c2d-b6bb-85b49f46284a,microshare,Provider of Smart building data solutions to multinationals and public institutions,,"Philadelphia, PA",,,,,,,False,Not in Affinity
eab8995d-d5aa-4459-9bd4-d233b62ce7b7,microverse,Online school for software developers,,"San Francisco, CA",,,,,,,False,Not in Affinity
7058a196-43c1-4d7b-9b8f-26f7dd223941,mighty buildings,"Homebuilding startup using 3D printing, robotics and automation",https://mightybuildings.com/,"Oakland, CA",,,,,,,False,Not in Affinity
eae78d73-bbc4-4d92-914a-5136db4cdcf4,millow,Mycelium-based alternative meats,,"Västra Frölunda, Sweden",,,,,,,False,Not in Affinity
c78ed931-bf02-42ae-9f8e-902ba853afa2,minesto,Tidal and ocean current energy technology developer,https://www.minesto.com/,"Kriebitzsch, Germany",,,,,,,False,Not in Affinity
9c4da1f4-b867-47a1-9216-53daedbfdc9f,minimum,Apps to calculate personal carbon emissions,,"London, UK",,,,,,,False,Not in Affinity
bb7bc0c9-aa08-4ec6-9dc5-2fd7288093b4,mining giants bhp and rio tinto,Australian carbon credit fund,,Australia,,,,,,,False,Not in Affinity
e1ba76ef-582d-44be-8590-73e7a6aa79f1,minus global,Food waste recycling technology company,,Canada,,,,,,,False,Not in Affinity
c11116b4-efcb-4253-b30e-ea2270c5a8d8,minus works,Sustainable packaging manufacturer,,"Long Island, N.Y.",,,,,,,False,Not in Affinity
fae69d0e-9ec9-4d98-95b4-fadec41d1e52,minut,Smart home security startup,https://minut.com/,Sweden,,,,,,,False,Not in Affinity
91aaf04d-0394-416f-b4ff-69003883d55c,minviro,LCA assessment SaaS platform,,"London, UK",,,,,,,False,Not in Affinity
c1447296-aed6-42dc-bf11-79bb00884171,miresso,Nuclear fusion startup for securing minerals,,"Misawa City, Japan",,,,,,,False,Not in Affinity
eeae1a36-c7c3-4b49-b2ba-72b945900533,mirico,Maker of laser-based methane gas sensing tools,https://www.mirico.co.uk/,"Didcot, England",,,,,,,False,Not in Affinity
232c811c-20bc-4788-a086-e657e4ecdd96,mirsense,Quantum laser tech toxic gas sensors,https://mirsense.com/,"Orsay, France",,,,,,,False,Not in Affinity
e4ba6185-0225-4fe4-8ffc-c76d45b62bab,miru smart technologies,Electrochromic window technology to enhance energy efficiency,,Vancouver,,,,,,,False,Not in Affinity
ba1b7c90-e5af-4b9e-8856-25f07779a894,miruku,Programming plants to grow dairy proteins and fats,,"Palmerston North, New Zealand",,,,,,,False,Not in Affinity
2a71d59b-ae42-4124-8ae7-778763d52777,misfits market,Subscription service for “ugly” produce,https://www.misfitsmarket.com/,"Philadelphia, PA",,,,,,,False,Not in Affinity
44e2927d-512f-4666-926a-79cabe9bd5a1,mission control,B2B SaaS platform for recreational league esports,,"St. Louis, MO",,,,,,,False,Not in Affinity
8b361492-1a27-4bfc-a6a9-c93d6b700b9a,mission zero,Direct air capture (DAC) technology platform,https://missionzero.tech/,"London, England",,,,,,,False,Not in Affinity
d8ab58a1-c830-42f1-b973-6baa30e51b6c,mission zero technologies,Direct air capture technology startup,,"London, UK",,,,,,,False,Not in Affinity
2404fd4c-3051-4217-9d9b-96f14cefc40e,mitico,Granulated metal carbonate sorption technology capturing carbon,https://www.mitico.com/,"Los Angeles, CA",,,,,,,False,Not in Affinity
5632eac7-5882-4f02-be00-c57fe7607eb2,mitiga solutions,Climate tech company,https://www.mitigasolutions.com/,"Barcelona, Spain",,,,,,,False,Not in Affinity
bd693fa2-1cd7-4f02-9f65-55b105e3d5a8,mito material solutions,Developer of additives that enhance product performance,https://mitomaterials.com/,"Indianapolis, IN",,,,,,,False,Not in Affinity
6d002c13-68f1-4123-96ad-1c8b7de2198f,mitra chem,Lithium-iron-phosphate battery technology,https://www.mitrachem.com/,"Mountain View, CA",,,,,,,False,Not in Affinity
e82521c2-4137-49ce-96d8-ceb08877973e,mitra future technologies,Iron-based cathodes for lithium-ion batteries,,"Mountain View, CA, U.S.",,,,,,,False,Not in Affinity
d5ec6bc2-3172-4de6-88ae-7c33c11009d5,mitti labs,AI-led rice monitoring services provider,,"Mumbai, India",,,,,,,False,Not in Affinity
11a4554f-e785-4b9d-9a60-fced1b984547,mixergy ltd,Hot water tanks and heat pumps start-up,,"Cassington, United Kingdom",,,,,,,False,Not in Affinity
5ae134bf-fb1b-4602-9604-ee7b98ae9e41,mkb,Investment firm focused on energy transition,,"Québec, Canada",,,,,,,False,Not in Affinity
c529a051-9b2f-4097-907e-28815cf47c36,mmi,Electric and hydrogen-powered buses,,"Zbyszewo, Poland",,,,,,,False,Not in Affinity
fba33a37-4f6b-4879-9b01-46b213986a36,mn8 energy,"Solar, storage, and EV charging development business",,"New York City, NY",,,,,,,False,Not in Affinity
bbb8e298-1798-43ed-9b36-4a95c99f794f,moa foodtech,To upcycle ag waste into fermented proteins,https://moafoodtech.com/,"Noain, Spain",,,,,,,False,Not in Affinity
3dbaa1c0-79b2-4c6c-b38d-5f15560f96a2,moa technology,Ag biotech startup tackling herbicide resistance,,UK,,,,,,,False,Not in Affinity
beb461f2-3829-41a2-ae66-f1b41d7b1670,mobile power,Pay-per use battery sharing platform,,Nigeria,,,,,,,False,Not in Affinity
2dfd6e8a-b3d7-46e8-a73e-0deb235bc2fb,mobilityplus,Real-time data insights and energy management for EV charging,,"Ghent, Belgium",,,,,,,False,Not in Affinity
7e899e14-b509-4038-8c36-c90c075ddc73,mocean energy,Wave energy convertors developer,,"City of Edinburgh, UK",,,,,,,False,Not in Affinity
7dbd4ba5-9099-44f3-a6af-9d542a4cbdf5,mode,AI assistant for factories and construction sites,,"San Mateo, CA",,,,,,,False,Not in Affinity
69103061-a4ed-4f55-9cf3-532b25ec90b5,modern electron,Hydrogen-based home heating startup,,"Bothell, WA",,,,,,,False,Not in Affinity
e85910dd-97c5-4d8a-925b-5f0f6067cb84,modern hydrogen,Distributed hydrogen production system developer,,"Woodinville, WA",,,,,,,False,Not in Affinity
f758c459-e6d0-4adf-bc18-44e9aa5f4c10,modern meadow,Producer of biofabricated textiles,https://modernmeadow.com/,"New York, NY",,,,,,,False,Not in Affinity
6259e1b9-3d14-42df-82ee-1364450e1ba4,modern milkman,Providing return and reuse grocery services,,UK,,,,,,,False,Not in Affinity
9c21fa07-32d2-45c6-a822-801f4b0e5143,modern synthesis,Creates sustainable textiles from nanocellulose,https://www.modernsynthesis.com/,London,,,,,,,False,Not in Affinity
04d32c2c-84fe-4bad-b796-b704a5d76127,modo energy,Data analytics platform for energy storage systems,https://www.modo.energy/,"London, U.K.",,,,,,,False,Not in Affinity
2a505357-b072-4e3c-8e52-84f67b5054d7,modulous,Design and construction startup to speed up homebuilding,https://modulous.com/,United Kingdom,,,,,,,False,Not in Affinity
05abad7b-6a66-49fd-8fba-1b889d21bc01,modulus labs,Monitor AI accountability,,"Stanford, Calif.",,,,,,,False,Not in Affinity
a975989d-31dc-4640-8d96-abadaffbea15,modvion,Sustainable wood technology company,https://modvion.com/,Sweden,,,,,,,False,Not in Affinity
85d95453-8c65-4c66-bf35-6b8b7a1cb5b9,moeving,EV and infrastructure maker,,India,,,,,,,False,Not in Affinity
b3c2d776-0462-4468-8b27-4acb681e51a4,moeving urban technologies,Operator of electric mobility technology platform,,India,,,,,,,False,Not in Affinity
1f4055f8-96ba-4cd1-94d1-9520ad82206a,mof technologies,Carbon capture company reducing industrial emissions,https://moftechnologies.com/,UK,,,,,,,False,Not in Affinity
ffcf61a7-b81c-4410-9aa4-194558b7d21a,moixa,Energy storage management platform,https://www.moixa.com/,UK,,,,,,,False,Not in Affinity
24224567-aa10-4f1d-a230-8888d3bbf809,mojave,Liquid desiccant air conditioning provider,,"Palo Alto, CA",,,,,,,False,Not in Affinity
4b62acc0-b61e-411e-bf9b-c5c97e02e7ea,moleaer,Developer of nanobubble technology enabling industries to reduce their footprint,https://moleaer.com/,"Carson, CA",,,,,,,False,Not in Affinity
bcd5724d-c646-4d70-82f5-783eaf689b8c,molg,Robotic disassembling factories,https://molg.com/,"Sterling, VA",,,,,,,False,Not in Affinity
ab48383f-9a22-44dc-80a5-9f61cbac935b,molten industries,Make graphite and hydrogen via methane pyrolysis,https://moltenindustries.com/,"Oakland, CA, U.S.",,,,,,,False,Not in Affinity
45be5c61-bbe6-4f89-a7fe-ff9c6be04c40,molten salt solutions,Technologies to produce enriched lithium for nuclear applications,,"Santa Fe, NM",,,,,,,False,Not in Affinity
449362a2-ecd4-4ffd-9d6e-f7a0d52a9e13,molyon,Advanced lithium-sulfur batteries,https://molyon.com/,"Cambridge, U.K.",,,,,,,False,Not in Affinity
453d189e-3394-411a-aa08-66e79149a715,mombak,Reforestation-based carbon removal service,,"São Paulo, Brazil",,,,,,,False,Not in Affinity
e00529a2-54ca-44d2-b8a2-b85449785646,moment energy,Energy storage company for electric vehicles,https://momentenergy.com/,"Coquitlam, Canada",,,,,,,False,Not in Affinity
37354b16-e5eb-402e-80b5-ce6bf15f878a,momentick,Emissions data platform,,"Tel Aviv, Israel",,,,,,,False,Not in Affinity
bc6cb9fb-afab-4bee-8e7a-9859f7d1808a,momentum technologies,Lithium-ion battery and rare earth permanent magnet recycling company,,"Dallas, Texas",,,,,,,False,Not in Affinity
a585865c-3650-4db5-b7ad-7040d70255e6,mona lee,Residential solar installation platform,,"Boston, MA",,,,,,,False,Not in Affinity
5f8cc322-ce57-49fc-b1fc-15c286cd1662,monaire,Platform that uses AI to predict maintenance needs and provide energy management to HVAC and refrigeration systems,,"Boston, MA",,,,,,,False,Not in Affinity
3d895736-66a7-4601-938b-efef79d83238,monalee,Solar and battery sales software,,"Boston, MA",,,,,,,False,Not in Affinity
3253822b-b1ec-4f78-a1c8-8036f7bd5d7f,monarch,Autonomous tractor company,https://www.monarchtractor.com/,"San Francisco Bay Area, CA",,,,,,,False,Not in Affinity
26c85b01-1414-4cce-9763-3566dde94b96,monarch tractor,Developer of a fully electric smart tractor and farm management platform,https://www.monarchtractor.com/,"Livermore, CA",,,,,,,False,Not in Affinity
2dc721a4-d7e1-4cd0-8c98-318f86c73991,mondra,SaaS platform to track food supply-chain emissions,https://www.mondra.com/,"Richmond, U.K.",,,,,,,False,Not in Affinity
6a11c005-f6be-4ee8-b705-a82d42ab6eec,monogoto,Software-defined connectivity and IoT solutions,https://www.monogoto.com/,"Palo Alto, CA",,,,,,,False,Not in Affinity
0bccce48-366e-47db-974e-d0d1c7b29d51,monolith,Green hydrogen producer,,"Lincoln, Neb.",,,,,,,False,Not in Affinity
7949b67a-310f-454e-b571-040b1fe6005e,monta,EV charging startup,https://monta.app/,Denmark,,,,,,,False,Not in Affinity
0b1587ef-91e9-4bd8-b141-fc079714d79a,montamo,Install heat pumps for manufacturers,https://montamo.com/,"Munich, Germany",,,,,,,False,Not in Affinity
024932fe-0e7e-4c16-aa41-a54d76428344,montauk climate,Climate tech startup incubator,https://montaukclimate.com/,U.S.,,,,,,,False,Not in Affinity
9a3ae37a-3072-4c85-aa0f-7fdd83f85ad6,monterra,Software for automating EV charging installations,,"San Francisco, CA",,,,,,,False,Not in Affinity
ae96bf5e-fefc-498c-80e0-6a9a439bb5af,montinutra,Bio-based chemicals manufacturer,,"Kuhmo, Finland",,,,,,,False,Not in Affinity
7fec7df4-ac23-406d-98f1-8fe85fc1657a,monumo,Electric motor for EVs developer,,"Cambridge, UK",,,,,,,False,Not in Affinity
5e97a392-d790-43bf-9f69-5a06477333d1,moolec science,Molecular farming developer,,"Warwick, UK",,,,,,,False,Not in Affinity
9d0fc38e-0a67-41d9-a69f-72ee5001622b,moonrider,Make electric tractors,,"Bangalore, India",,,,,,,False,Not in Affinity
b231e70f-a7e1-445b-8e26-b94553ea44f8,moonwatt,Advanced energy storage systems using sodium-ion technology,https://www.moonwatt.com/,Amsterdam,,,,,,,False,Not in Affinity
9d5fc07d-bc47-48e9-9f11-4356a7d005ff,moove,Mobility financing business,,"Amsterdam, Netherlands",,,,,,,False,Not in Affinity
d01b8e0f-ab9c-4944-a1c0-3bd9a9c26789,morgan stanley infrastructure partners,Global infrastructure fund,,"New York, New York",,,,,,,False,Not in Affinity
403183cf-2936-4f8e-a505-303d8c474de1,morgan stanley investment management,Climate-focused growth fund,https://www.morganstanley.com/,New York,,,,,,,False,Not in Affinity
25187088-6964-4bf4-a086-55db931e0703,mori,Using silkworm cocoons as food preservatives,https://www.mori.com/,"Boston, MA",,,,,,,False,Not in Affinity
be2e82dd-6f64-4633-8cf6-6733a6f525ae,morrow batteries,Battery energy storage system developer,https://morrowbatteries.com/,"Oslo, Norway",,,,,,,False,Not in Affinity
73026cd9-d0e6-4d06-b143-4ab64cf79ec9,mosa meat,Creator of the world’s first cell-based beef burger,https://www.mosameat.com/,"Maastricht, Netherlands",,,,,,,False,Not in Affinity
9f90a4ba-2705-4c7b-9baf-fc10724dc5a0,mosaic,Loans for residential solar projects,https://www.mosaic.com/,"Oakland, CA",,,,,,,False,Not in Affinity
123d25c2-d29e-486e-8d4f-140fd118f93d,mosaic building group,Construction tech platform for residential development industry,,"Phoenix, AZ",,,,,,,False,Not in Affinity
6764d0ba-ee03-4bc3-a6e3-ec4b818be21d,moss.earth,Carbon credit marketplace focused on preserving the Amazon,,Brazil,,,,,,,False,Not in Affinity
a1c8968c-2b9a-4d08-bebd-72b35a87b30c,mote hydrogen,Bioenergy-to-hydrogen developer,https://motehydrogen.com/,"Los Angeles, CA",,,,,,,False,Not in Affinity
f5cd1ef2-7a1b-4dcb-98ef-9744b867147b,motion ventures,Maritime tech fund,,Singapore,,,,,,,False,Not in Affinity
a74dd939-849b-4909-b949-69f382ef616f,motiv power systems,Provider of all-electric medium-duty chassis for buses and trucks,,"Foster City, CA",,,,,,,False,Not in Affinity
c7effaf2-f318-46a5-9bd3-8343772a89c7,motivo,AI-powered design solutions for chip design,https://www.motivo.ai/,"Palo Alto, CA",,,,,,,False,Not in Affinity
7781131b-208c-45cd-b993-249f5e0d3dbb,motor,Consumer EV subscription service,,"Arlington, VA",,,,,,,False,Not in Affinity
3d3794e4-0a72-4ea3-bd19-f7c450f49bad,move energy,Invest in accelerating energy transition,,"Amsterdam, Netherlands",,,,,,,False,Not in Affinity
56d02dd7-c29a-4cdc-b6ec-4b8bba950764,movener,Hybrid vehicle retrofitting company,,"Santiago, Chile",,,,,,,False,Not in Affinity
47a3325c-8b0d-4f23-8397-89c65692cece,movopack,Circular and sustainable packaging materials for e-commerce,https://movopack.com/,"Milan, Italy",,,,,,,False,Not in Affinity
077b4bd1-dcbf-43ef-9cc9-c7dc045bfefe,moxion power,Mobile energy storage systems,,"Richmond, CA",,,,,,,False,Not in Affinity
c7de0ea7-f2e9-40e5-8a56-f260bff98a86,moxxie ventures,Third fund in climate tech,,"San Francisco, U.S.",,,,,,,False,Not in Affinity
231b4106-341f-4a10-b461-678d687cd351,moxy,Building materials from forestry and agricultural waste,,"Las Vegas, NV",,,,,,,False,Not in Affinity
e22e70c1-6f79-46bd-94b6-61fbf44118f9,mp materials,Rare earth magnet manufacturing facility,,"Las Vegas, NV",,,,,,,False,Not in Affinity
7cd1e504-965f-445a-8188-6372e2b00b87,mpower technology,Advanced solar technology developer,,"Albuquerque, NM",,,,,,,False,Not in Affinity
c6d3bed3-ece4-4965-ab7c-35e82af7b18a,mpower ventures,Emerging markets solar financing and distribution,,"Zürich, Switzerland",,,,,,,False,Not in Affinity
10f65044-c1b8-4fff-8eab-86fbe31de7ca,mta e-mobility,Electric mobility company,,India,,,,,,,False,Not in Affinity
3e566a42-3c8c-440a-9fc0-2b0c819eeedd,muddy machines,Robotics company automating crop harvesting,,UK,,,,,,,False,Not in Affinity
1a934bec-b3db-4261-9c1d-093f45d7f705,muffin green finance,EV financing platform,,"New Delhi, India",,,,,,,False,Not in Affinity
a60b1606-9c82-479c-8363-0f3d2a2da051,mufin green,Climate financing solutions platform,,"New Delhi, India",,,,,,,False,Not in Affinity
9af5de22-d8be-4231-9c06-771e044c5e00,muir ai,Track emissions data and provide sustainability insights,https://www.muir.ai/,"Seattle, WA",,,,,,,False,Not in Affinity
0a48acde-4de3-4c78-bf47-ce2554c8c279,multus,Cellular agriculture manufacturing platform,,"London, UK",,,,,,,False,Not in Affinity
5f470107-da2f-4624-a2e0-f218632920cc,mundi ventures,Kembara Fund I FCR to invest in growth-stage deeptech and climate companies,,"Madrid, Spain",,,,,,,False,Not in Affinity
98bfedb4-889b-4292-babe-7b6eca71abe6,munro vehicles,Electric SUV maker,,"Scotland, UK",,,,,,,False,Not in Affinity
7953b484-8440-4220-8ffb-419ab7c28455,muon space,"Design, build, and operate satellite constellations optimized for providing new data",https://muonspace.com/,"Mountain View, CA",,,,,,,False,Not in Affinity
3473175d-b3d9-48ae-a838-1c840c3c3866,mural,Digital collaboration software startup,https://www.mural.co/, ,,,,,,,False,Not in Affinity
9a549c18-536f-4ba9-bcd2-1e06a1a86af1,mush foods,Blended meats developer,https://mushfoods.com/,"Tel Aviv, Israel",,,,,,,False,Not in Affinity
656c7977-fcf7-4586-9fdc-f5913ee9a266,musubi,AI-powered content moderation platform,,"Santa Barbara, CA",,,,,,,False,Not in Affinity
19c7c634-337f-49e2-b3b8-d314e70011a2,mycel,Startup making fungi-based biomaterials,,South Korea,,,,,,,False,Not in Affinity
73489e9b-5456-4651-b8be-a37971414d46,mycocycle,Using fungi to convert waste into reusable materials,https://mycocycle.com/,"Bolingbrook, IL",,,,,,,False,Not in Affinity
3d76dcd9-66c1-44b0-9018-50def0dd7700,mycotechnology,Food tech startup focused on mushrooms,,"Denver, CO",,,,,,,False,Not in Affinity
6b510fe7-0819-4dde-b0e5-17de6642517d,mycoworks,Producer of a mushroom-based leather alternative,https://www.mycoworks.com/,"Emeryville, CA",,,,,,,False,Not in Affinity
0739c032-44f7-4b70-b6b6-8a39f0c0c1ec,myenergi,Eco-smart home management platform,https://myenergi.com/,"Market Rasen, UK",,,,,,,False,Not in Affinity
7145856a-bdaa-48b1-ab7f-14cc6a41cc1b,myforest foods,Developer of plant-based meat from mycelium,https://www.myforestfoods.com/,"Green Island, N.Y.",,,,,,,False,Not in Affinity
f2d045ac-e616-4b42-a80f-fd862b601ad5,myjoulebox,Solar distributor and operator for Africa,,France,,,,,,,False,Not in Affinity
50ef8d1f-995b-4d60-87e5-a133e241f1db,mylight150,Provider of solar panels and other clean energy solutions,https://www.mylight150.com/,"Lyon, France",,,,,,,False,Not in Affinity
b7d2da98-abca-4142-ae9f-2f9550a84c38,myodenovo,Cultivated meat scaffolding technology start-up,,"Durham, NC",,,,,,,False,Not in Affinity
394e82f0-f2d2-45c3-ab37-07b024692097,myoworks,Cultivated meat startup,,India,,,,,,,False,Not in Affinity
b610c0b3-64f4-4777-80b0-91cc4ec4c1bf,myriota,Satellite connectivity for IoT,https://myriota.com/,"Adelaide, Australia",,,,,,,False,Not in Affinity
a2268eaa-e0ad-4cbb-962b-785c9ff6809f,myst ai,Using A.I. to forecast electricity supply and demand,https://www.myst.ai/,"San Francisco, CA",,,,,,,False,Not in Affinity
b97192fb-a60b-4bb0-89fc-ac8413262ba0,n8n,Workflow automation platform for technical teams,https://n8n.io/,"Berlin, Germany",,,,,,,False,Not in Affinity
bc93fe61-a3d0-404a-894a-b18880920eb8,nace.ai,Precision enterprise AI models developer,https://nace.ai/,"Palo Alto, CA",,,,,,,False,Not in Affinity
967c74f4-f630-44db-8dad-0e3912386a9b,naco technologies,Nano-coatings and materials for hydrogen systems,,Riga,,,,,,,False,Not in Affinity
e5aac519-2346-4435-bcb6-d28087bcc4a0,nafas,Air quality technology developer,,"Jakarta, Indonesia",,,,,,,False,Not in Affinity
07ae0840-8639-4d70-8ca8-ca01b2af50df,naked energy,Solar thermal collector,https://nakedenergy.co.uk/,"Crawley, UK",,,,,,,False,Not in Affinity
80607a59-3a65-42aa-939a-211f61938af9,nala earth,Corporate nature and biodiversity management software,,Berlin,,,,,,,False,Not in Affinity
3c223caa-0fd8-4cc8-ac1e-a7719c6e2de6,nano nuclear energy,Advanced nuclear microreactors manufacturer,,"New York City, NY",,,,,,,False,Not in Affinity
532a97bc-70f2-4918-9f03-e19c53838704,nanoramic laboratories,Electrode technology platform for battery development,https://www.nanoramic.com/,"Boston, MA",,,,,,,False,Not in Affinity
e6d59445-58b7-4ec2-9f9e-6e5761d68de2,nanotech energy,Manufacturer of graphene-based batteries,,"Los Angeles, CA",,,,,,,False,Not in Affinity
3ec40234-f6be-4eca-8c26-2e4bfa0ad102,natcap,Nature risk management solutions platform,,"London, UK",,,,,,,False,Not in Affinity
75a1f3dc-f490-44d5-ac6f-b9add728c7d4,natel energy,Hydroelectric equipment manufacturer and developer,https://www.natelenergy.com/,,,,,,,,False,Not in Affinity
68535cf0-9f42-4606-a4b2-a5d6bb5adf74,national grid partners,Invest in AI-focused startups for electric grid efficiency,,"Los Gatos, California",,,,,,,False,Not in Affinity
35139471-3839-4079-9c8f-df58195212f0,natrion,Solid state battery developer,,"Binghamton, NY",,,,,,,False,Not in Affinity
0565ff7d-4fe4-4541-b192-af63c23bc2af,natron energy,Energy storage company manufacturing sodium-ion battery solutions,https://natron.energy/,"Santa Clara, CA",,,,,,,False,Not in Affinity
891edf3a-9676-4a53-9858-9c12b43d1c0b,natrx,Nature-based adaptive infrastructure company,,"Raleigh, NC",,,,,,,False,Not in Affinity
c5d7424f-114a-4606-a8c3-cbc5d3cace10,natural capital research limited,Understanding nature-related risks and opportunities,,London,,,,,,,False,Not in Affinity
b72c4bc3-aa35-4548-807c-e96b368d35ff,natural fiber welding,Producing plant-based alternatives to leather and plastics,https://www.naturalfiberwelding.com/,"Peoria, IL",,,,,,,False,Not in Affinity
2c62142e-a4e0-4e74-8fed-fb1b1d2e12aa,naturbeads,Biodegradable cellulose ingredients manufacturer,https://www.naturbeads.com/,"Bath, U.K.",,,,,,,False,Not in Affinity
425fcb80-78c9-467c-9ef7-f79b54046667,naturemetrics,Developer of biodiversity monitoring products,https://www.naturemetrics.co.uk/,"Surrey, U.K.",,,,,,,False,Not in Affinity
44245aed-5ba2-4163-9a77-d3ae6c90ae8c,nature’s fynd,Food tech company producing a protein from microbes,https://naturesfynd.com/,"Chicago, IL",,,,,,,False,Not in Affinity
2b5a1038-0de0-4151-857c-18351834c32e,nautilus data technologies,Developer of commercial-scale water-cooled data centers,,"Pleasanton, CA",,,,,,,False,Not in Affinity
bdc658f5-557a-4e44-9efe-de3232f1e50a,nautilus labs,Marine logistics software platform for ocean commerce,,"New York, USA",,,,,,,False,Not in Affinity
4de8eeb6-c19c-4f0f-bf28-52667198a938,navier,Developing electric speedboats at relatively affordable prices,https://www.navier.com/,"San Francisco, CA",,,,,,,False,Not in Affinity
6097455c-74d1-4308-9446-8db663473c50,navitas solar,Solar module manufacturer,,"Surat, India",,,,,,,False,Not in Affinity
8a2df944-13a1-42f7-a5c1-56d2ee91d375,ncx,Carbon marketplace,,"San Francisco, CA",,,,,,,False,Not in Affinity
314826ca-e608-42d8-8c3a-638eaaea2e84,ncx (formerly silviaterra),Data-driven forest carbon marketplace,,"San Francisco, CA",,,,,,,False,Not in Affinity
b5569f77-32e5-4510-a30c-d50fb24e66f0,ndustrial,Platform designed to optimize energy usage in industrial facilities,,"Raleigh, N.C.",,,,,,,False,Not in Affinity
fa2a9e57-3460-47d5-bb5b-35a8540aee6d,neara,Power line design software,,Sydney,,,,,,,False,Not in Affinity
171a7002-a448-4de3-b825-a5200229606f,neatleaf,Developer of an autonomous robot designed to manage agricultural crops,,"San Francisco, CA",,,,,,,False,Not in Affinity
e0be67fb-9c41-4657-bbf7-c16ddd6bd3c4,necture,Transition to electric vehicle fleets,https://necture.com/,"Vienna, Austria",,,,,,,False,Not in Affinity
49a360cf-ca2c-4c88-b08a-43849873c317,needenergy,AI-powered virtual power plant platform,,"Bulawayo, Zimbabwe",,,,,,,False,Not in Affinity
54513a71-802e-43d8-aa51-e963316faf33,neo4j,Graph tech maker,https://neo4j.com/,"San Francisco, CA",,,,,,,False,Not in Affinity
0c12adfa-6a9c-49d5-a899-1185ae3e5af3,neocarbon,Carbon capture startup developing retrofitting cooling towers,,Germany,,,,,,,False,Not in Affinity
d7c7cc2e-4dcb-4771-8ea1-55c7d9c42ece,neoplants,Producer of genetically modified houseplants to absorb air pollutants,,"Paris, France",,,,,,,False,Not in Affinity
c9fbab6e-9ab0-471d-987d-9689456e95f7,neos partners,Energy transition infrastructure fund,https://neospartners.com/,"San Diego, CA",,,,,,,False,Not in Affinity
2edf28d2-4018-4d0c-99d4-be3924cb63bd,neptune robotics,Robotics-based hull inspector,,"Kowloon Tong, Hong Kong",,,,,,,False,Not in Affinity
267c448b-3271-4746-976f-b571199509e6,net purpose,Sustainable investing platform,https://netpurpose.com/,UK,,,,,,,False,Not in Affinity
72312830-7613-40c9-b7c4-0d7947881f01,net zero company,To create a carbon removal token hosted on a blockchain,https://netzerocompany.com/,Stockholm,,,,,,,False,Not in Affinity
bbecd3ee-d812-495d-9e20-25c60ef154ac,netzero,,,Paris,,,,,,,False,Not in Affinity
58ffa3cc-e82e-4d4a-b0b0-b9d62b0d9fc7,netzeronitrogen,Producer of alternative synthetic nitrogen fertilizer,,"Nottingham, United Kingdom",,,,,,,False,Not in Affinity
0ddb9ca1-299d-4177-ac26-6e79caf4befb,neu battery materials,Lithium-ion battery recycling platform,,"Singapore, Singapore",,,,,,,False,Not in Affinity
980d8a24-9cff-478f-addd-6f729189b01a,neura robotics,A.I. and robotics startup,,"Metzingen, Germany",,,,,,,False,Not in Affinity
325bce4a-0990-44ff-aa87-83d18f28d555,neural concept,Software that helps engineers optimize designs for products,https://www.neuralconcept.com/,"Lausanne, Switzerland",,,,,,,False,Not in Affinity
301ea326-e508-47cc-bbf1-f63994f1e3ad,NEURON ENERGY,Developer of EV batteries for micromobility vehicles,neuronenergy.in,"Mumbai, India",,,,,,,False,285675962
b5f6df48-af31-4d4c-9a7a-e920299edb24,Neustark ag,Developer of CO2 mineralization in aggregate,neustark.com,"Bern, Switzerland",,,,,,,False,279423174
45f771f9-f157-46c6-b078-714afa3224e1,Neutral,Carbon-neutral food company,tryneutral.com,"Portland, OR",,,,,,,False,262372737
af96b3e0-b8f8-417d-a3c2-7e44ebc2ab44,"NEUTRAL FOODS, INC.",Carbon-neutral food company,neutralfoods.co.uk,"Portland, OR",,,,,,,False,295839331
8dc61688-c258-4792-90e7-b45d0ca21648,Neverwaste,Maker of building panels from waste cardboard,neverwaste.world,"Esbjerg, Denmark",,,,,,,False,289121096
715eee34-6234-402f-a8f7-60bb7bd2eda5,Nevoya,Zero-emissions technology and trucking platform,nevoya.com,"San Francisco, California",6.0,0.0,Seed,3000000.0,Third Sphere,Sami Khan (Chief Executive Officer): https://linkedin.com/in/sami-khan-21674633,True,289195907
035cb4be-519d-4850-9caa-8a30910a399f,New Age Meats,Cultivated pork startup,newagemeats.com,"Berkeley, California",3.0,0.0,Series A,25000000.0,"RXBAR Founder, Peter Rahal",,True,161818355
54d5a96f-e040-43c8-b9b7-8bf5028baeeb,New Culture,Maker of animal-free dairy cheese,newculture.com,"San Francisco, CA",,,,,,,False,285572914
6261acd4-d075-4ef3-8b1d-372985d36cc1,New Frontier Aerospace,Manufacture advanced rocket engines for sustainable aviation,nfaero.com,"Tukwila, WA",,,,,,,False,141753369
2fa20bf0-6060-4983-8712-ef614298fa4f,new green power,Solar development and operations business,,"Taipei, Taiwan",,,,,,,False,
60a21a7b-256c-4b48-b3d0-bb7991a830d1,New Leaf Energy,Renewable energy and energy storage projects developer,newleafenergy.com,"Lowell, Mass.",193.0,5.46,,,Energy Capital Partners,Dan Berwick (Chief Executive Officer): https://linkedin.com/in/dan-berwick-2aa7315,True,286780897
28bdbe9c-3a45-49f6-a842-1948ee5fcb0e,New School Foods,Maker of plant-based seafood,newschoolfoods.co,"Toronto, Canada",,,,,,,False,283117874
7b80f5c9-5ae5-493a-b44c-17abca2d5444,New Wave Foods,Maker of a shrimp alternative,newwavefoods.com,"New York City, NY",,,,,,,False,2166032
ec55683d-712d-4058-bacd-66c8550bf39a,newcleo,Developer of small-modular nuclear reactors,newcleo.com,"Paris, France",,,,,,,False,283275221
2fcc1524-a3d3-42ab-afe0-5727dd873f27,newleaf symbiotics,Bio agriculture company,,"St. Louis, Missouri",,,,,,,False,Not in Affinity
5e5a99c6-4d25-413a-8d8c-528b5305edc7,newlight technologies,CO2 utilization platform using natural microorganisms to make biomaterials,https://newlight.com/,"Irvine, CA",,,,,,,False,Not in Affinity
df4b015d-0a16-4981-907c-dafbca5002e1,newtrace,Green hydrogen electrolyzer,,India,,,,,,,False,Not in Affinity
4824b58f-c529-42b9-9363-ec71affac6ca,nexamp,Community solar development and operations,https://www.nexamp.com/,"New York, U.S.",,,,,,,False,Not in Affinity
366f694c-d45e-4509-8b41-f516a8b2e30d,nexeon,Lithium battery manufacturer,https://www.nexeon.co.uk/,UK,,,,,,,False,Not in Affinity
04fc2936-e13f-42dc-ba58-f377f97fcd96,nexii,Sustainable construction technology company,https://nexii.com/,"Vancouver, Canada",,,,,,,False,Not in Affinity
7a26edf2-4025-4153-86c1-a8b0ab463700,nexii building solutions,Building tech company,,Canada,,,,,,,False,Not in Affinity
3a4e7bd2-ccc7-4dea-813a-9d6a355564de,nexla,Data operations company,,"San Mateo, CA",,,,,,,False,Not in Affinity
22e8133b-1b10-4063-a645-607541aa4690,next energy technologies,Maker of transparent photovoltaic coatings for windows,https://nextenergytech.com/,"Santa Barbara, CA",,,,,,,False,Not in Affinity
6df5ea48-20bd-45e3-990c-1552133b7279,next gen,Maker of plant-based poultry,,Singapore,,,,,,,False,Not in Affinity
09379efb-d283-4401-9b7c-711bd309e73b,next gen foods,Plant-based chicken alternatives,,Singapore,,,,,,,False,Not in Affinity
a04b42f6-ea14-4a39-82b2-8ae31e80a2aa,next generation robotics,Fleet management solutions for automated warehouse,,"Pisa, Italy",,,,,,,False,Not in Affinity
b78ee48a-6be3-47f4-b4b1-d0914ada9146,next hydrogen,Hydrogen electrolyzer manufacturer,,"Mississauga, Canada",,,,,,,False,Not in Affinity
82280495-f501-4193-b7fd-cb6ddbb70c74,next level burger,Plant-based burger chain,https://nextlevelburger.com/,"Bend, OR",,,,,,,False,Not in Affinity
b9595a72-1684-4a23-8bac-086f0487e039,next matter,Automation platform for operations,https://nextmatter.com/,"Berlin, Germany",,,,,,,False,Not in Affinity
7cea1cf3-a80c-4a4e-9f40-dc9dbb9ce909,next sense,Real estate decarbonization solutions platform,,"Amsterdam, Netherlands",,,,,,,False,Not in Affinity
3a3ada8e-8394-47a9-af0d-0a4f9b60386d,nextmol,Software focused on sustainable chemicals,,Barcelona,,,,,,,False,Not in Affinity
a25d7b3d-9538-4df9-883f-5d4e600e0fbe,nextmv,Provider of decision making models for logistics operations,,"Philadelphia, PA",,,,,,,False,Not in Affinity
3e603926-e01a-4fe9-9392-b89e49bb36cd,nextprotein,Insect protein producer,,"Paris, France",,,,,,,False,Not in Affinity
9e5723d1-7fb2-488c-b304-c0824b4f840c,nextron,Connecting residents and businesses with subscription-based renewable energy,,"Sāo Paulo, Brazil",,,,,,,False,Not in Affinity
f660d65e-5338-4029-88d1-d9d9d9124241,nextvivo,Immune organoid technology development platform,,"Palo Alto, CA",,,,,,,False,Not in Affinity
6843fc90-f92a-420d-8918-dc0289acaadb,nexus circular,Advanced plastic recycling company,https://nexuscircular.com/,"Atlanta, GA",,,,,,,False,Not in Affinity
37797fb1-62c5-4621-9d9e-6492af8aff5f,nexus pmg,Waste-to-value project consulting provider,,"Dallas, TX",,,,,,,False,Not in Affinity
d99c30d0-18c8-4b03-b051-072eb68426ba,nexus w2v,Build a renewable natural gas plant and waste-to-fuel development,,"Greenville, SC",,,,,,,False,Not in Affinity
1d336776-72d6-45a1-bfce-ab77f1ea645c,neye systems,Optical switches for data transmission,,Berkeley,,,,,,,False,Not in Affinity
628cc5be-f001-4e7a-a533-e2f569aed930,nfinite nanotech,Sustainable coatings to reduce plastic waste,,"Waterloo, U.K.",,,,,,,False,Not in Affinity
589ef43e-9f31-4109-a6ba-4905b9df6a05,ngp,NGP Sustainable Real Assets fund,,"Dallas, U.S.",,,,,,,False,Not in Affinity
4470a4e0-cc36-417a-a698-d28b8c81a0ff,niche mobility,Digital transmission systems,,"Girona, Spain",,,,,,,False,Not in Affinity
ecdaf3ee-000b-4ae2-b9cd-fe5ed0ecc54d,niko,Residential solar installation business,https://niko.com/,"Mexico City, Mexico",,,,,,,False,Not in Affinity
97800530-2731-4a8b-9167-1d35be89e6f1,nikola,Heavy-duty EV manufacturer,,"Phoenix, AZ",,,,,,,False,Not in Affinity
a436bd41-427e-4a43-a0fa-ea2bfd91b390,nikola motors,Electric vehicle startup,,,,,,,,,False,Not in Affinity
d2ed6e70-15dd-4611-ad61-13454abc59e4,nimbus power systems,Zero-emission fuel cell systems developer,,"Groton, CT",,,,,,,False,Not in Affinity
900f93a7-a5ba-4605-8b97-5a0cd75ccf41,nine realms,Invest in early-stage technology companies focused on supply chain decarbonization,,"Copenhagen, Denmark",,,,,,,False,Not in Affinity
5a306e4b-ffc0-4f6a-a75c-082e8204af61,ninedot energy,Energy storage developer,https://ninedot.energy/,"Brooklyn, NY",,,,,,,False,Not in Affinity
c1cd10f3-ce94-486e-80d2-b0c1a522045b,nio,EV car manufacturer & battery swapping platform,https://www.nio.com/,"Shanghai, China",,,,,,,False,Not in Affinity
e6d7e473-3c12-4870-938c-ca4b8a359ee0,niron magnetics,Rare earth-free magnets for EVs manufacturer,https://www.nironmagnetics.com/,"Minneapolis, MN",,,,,,,False,Not in Affinity
cac0d962-5296-4ae3-b278-711cd608c54e,nitricity,Renewable nitrogen fertilizer developer,,"Fremont, CA",,,,,,,False,Not in Affinity
486a5dcf-d99d-43a9-bd02-b79b2f32829d,nitrofix,Green ammonia company,,"Petah Tikva, Israel",,,,,,,False,Not in Affinity
0bb3cc10-53f0-4810-ab92-f86bb7ce3886,nitrovolt,"Machine that makes ammonia from air, water, and electricity",https://nitrovolt.com/,"Copenhagen, Denmark",,,,,,,False,Not in Affinity
d0e622c2-f644-4cec-9e4b-400bd1b0d5f9,nium,Developer of on-site green ammonia,,"Harwell, United Kingdom",,,,,,,False,Not in Affinity
9b779290-b968-4763-ae15-aaee8d9bbbdc,no meat factory,Plant-based protein producer for third-party customers,https://nomeatfactory.com/,Canada,,,,,,,False,Not in Affinity
5d052e4f-e362-46e5-a49f-60b4e1ac7390,nobell foods,Maker of plant-based cheeses,https://nobellfoods.com/,"San Francisco, CA",,,,,,,False,Not in Affinity
546003f1-6703-4770-a815-d8b0f406d808,noble gas systems,Developer and manufacturer of hydrogen gas storage tanks,https://noblegassystems.com/,"Novi, MI",,,,,,,False,Not in Affinity
fa7fe436-4786-4c2d-94bb-6cd658c64307,nobleai,Use AI to accelerate novel chemical and material development,,"San Francisco, CA",,,,,,,False,Not in Affinity
79398056-26ea-4b1a-af23-ed8549865224,nodal power,Renewables developer using landfill gas to power datacenters,,"Salt Lake City, UT",,,,,,,False,Not in Affinity
94062543-3298-4896-8123-c15114c101c4,node.energy,Energy management SaaS solution for renewable energy systems,https://node.energy/,"Frankfurt, Germany",,,,,,,False,Not in Affinity
eca14e9f-841c-43dc-96ff-25d2fcdec237,nodes & links,AI-powered construction projects platform,https://nodesandlinks.com/,"London, UK",,,,,,,False,Not in Affinity
4d8e06ff-f241-4134-8c74-b9e967db6663,nohbo,Sustainable beauty and personal care technology,,"Melbourne, Florida",,,,,,,False,Not in Affinity
8b5ee2d1-ef8b-45e2-929d-64f9d6895fbf,noissue,Sustainable packaging company,https://noissue.co/,New Zealand,,,,,,,False,Not in Affinity
28f9f552-71da-4867-b76a-183becd610d2,nomad atomics,Quantum sensor startup,https://nomadatomics.com/,"Canberra, Australia",,,,,,,False,Not in Affinity
8679474e-2826-4709-ab60-d6d47bd4d4d0,nomad solar energy,Mobile solar generators manufacturer,https://nomadsolarenergy.com/,"Madrid, Spain",,,,,,,False,Not in Affinity
872c781d-aaac-4789-89dc-8a2ed713a1cb,nomagic,AI-powered robotic systems for repetitive warehouse tasks,https://nomagic.ai/,"Warsaw, Poland",,,,,,,False,Not in Affinity
5fc92bd2-579d-48c2-91fd-7ad298af7904,nominal,Software for systems testing and monitoring,,Los Angeles,,,,,,,False,Not in Affinity
049dc4eb-933f-4225-a51c-eee27880245f,nomos,Energy plans developer,,"Berlin, Germany",,,,,,,False,Not in Affinity
8b773333-5fcc-4c94-a1f6-28d6c2f21ade,noodoe,EV charging solutions provider,,"Walnut, CA",,,,,,,False,Not in Affinity
1a4e1360-86f8-4aa5-aba3-2fb0e468a801,noon energy,"Creator of a low cost, long-duration, energy-dense battery",,"Palo Alto, California",,,,,,,False,Not in Affinity
d68ce46e-016e-4020-8773-67cf79519191,nopalm ingredients,Scale production of its alternative palm oil made from yeast,,"Wageningen, Netherlands",,,,,,,False,Not in Affinity
c09146df-09a0-4a27-acad-eb81a041ca38,nordetect,Building portable water and soil testing solutions,https://www.nordetect.com/,Denmark,,,,,,,False,Not in Affinity
4d818487-b6bb-4a30-8467-d4cef952c0e4,nordic foodtech vc,Back early-stage B2B agrifoodtech startups,,Helsinki,,,,,,,False,Not in Affinity
3e581493-4404-4367-8c75-fdf1ff8f014c,nordic science investments,Invest growth capital in deep-tech companies,,"Helsinki, Finland",,,,,,,False,Not in Affinity
0781cc7b-d49e-445d-8233-caefe8f08e2d,nordic seafarm,Seaweed cultivation and products producer,,"Göteborg, Sweden",,,,,,,False,Not in Affinity
ea4bcb5c-26b8-4506-839e-a734579fca9b,nordsense,Provider of smart waste management solutions,,Denmark,,,,,,,False,Not in Affinity
61fc42cc-145e-483b-a6a0-c6e57b09515d,nori,Marketplace for carbon removals,https://nori.com/,Seattle,,,,,,,False,Not in Affinity
0a5063dc-bf47-41c4-96ff-4894b3ac6eb5,noriker power,Utility-scale energy storage developer,,"Cheltenham, England",,,,,,,False,Not in Affinity
d28581e5-60ca-4ede-a2c2-2db3e79930ea,normative,Emissions accounting engine tracking supply chain emissions,,Sweden,,,,,,,False,Not in Affinity
34ef7b8a-30ed-4c52-a5e9-2e61cdd40b68,norrsken vc,Invest in impact-focused startups,,"Stockholm, Sweden",,,,,,,False,Not in Affinity
98a62005-46ed-47a7-8fa9-d6def4f00e74,norsepower oy,Provider of rotor sail technology for maritime transport,https://www.norsepower.com/,"Helsinki, Finland",,,,,,,False,Not in Affinity
f176c295-9b11-4f0f-b180-8f409ee551d5,north sky capital,Clean Growth VI impact secondaries fund,https://northskycapital.com/,"Wayzata, MN, U.S.",,,,,,,False,Not in Affinity
65549396-58e6-44b2-b38c-0867dec7e631,northern genesis acquisition,SPAC aimed at supporting environmentally-sustainable businesses,,,,,,,,,False,Not in Affinity
3d4c8bb6-2cee-4b69-822f-b5cf24265847,northern gritstone,Supporting university spin-outs,,"Manchester, U.K.",,,,,,,False,Not in Affinity
0b468d4d-5c81-4f47-89c0-9d0c44f470c6,northvolt,Lithium-ion batteries from recycled materials producer,https://northvolt.com/,"Stockholm, Sweden",,,,,,,False,Not in Affinity
9d2e9a9e-faeb-4cc2-987e-6ed8669807f1,northwind climate,Business intelligence solutions provider for the climate economy,https://northwindclimate.com/,"Boston, MA",,,,,,,False,Not in Affinity
a9956f78-7548-4068-a488-a4f4f8004846,nosh,Company making alternative protein from fungi biomass,,"Berlin, Germany",,,,,,,False,Not in Affinity
d3894c05-4d44-41e0-978d-3382594e758a,notco,Producer of plant-based milk and meat alternatives,https://www.notco.com/,"Santiago, Chile",,,,,,,False,Not in Affinity
82576a91-5771-4fdf-b896-44b733070e4e,noteworthy ai,AI-powered asset inspection and inventory analysis for energy distribution grid operators,,"Stamford, CT",,,,,,,False,Not in Affinity
cb6dc7dd-f2c7-49a7-8f09-8c7c2b3885a1,notpla,Seaweed-based sustainable packaging,https://notpla.com/,"England, U.K.",,,,,,,False,Not in Affinity
7cbfc0b8-b5de-4ef4-9017-f8d5d5f13b3e,nouveau monde graphite,Green graphite production platform,https://nouveaumonde.ca/,"Saint-Michel, Canada",,,,,,,False,Not in Affinity
a91ec114-9c08-4bf6-b0ce-3e2e2a20feca,nova carbon,Carbon fiber recycling tech,,"Mérignac, France",,,,,,,False,Not in Affinity
1757493b-d698-4534-8c3f-f22c321b2680,nova pangaea technologies,Converting biomass into aviation fuel and various biochemicals,https://www.novapangaea.com/,"Wilton, United Kingdom",,,,,,,False,Not in Affinity
e4d864ee-7ff7-4a77-8560-e6ca5b109d00,novac,Supercapacitor for industrial energy storage,https://www.novac.com/,"Modena, Italy",,,,,,,False,Not in Affinity
edaa8f45-3cfc-439a-9ad0-33a7e5bab3fd,novalith,Provider of sustainable direct lithium extraction technology,,Australia,,,,,,,False,Not in Affinity
1b5b4620-ba63-4360-a9d6-194203f50e98,novalith technologies,Producer of low-carbon lithium for batteries,https://novalith.com/,"Sydney, Australia",,,,,,,False,Not in Affinity
f478d988-3e30-4efd-b641-383d8bcb49a8,novamea,Advanced membranes and catalysts for electrolysis and green hydrogen,,"Saint-Sulpice, Canada",,,,,,,False,Not in Affinity
f1436929-a50a-4fc8-ab89-449e856a490a,novameat,Plant-based chicken and beef,https://novameat.com/,"Barcelona, Spain",,,,,,,False,Not in Affinity
1e12cfed-0ae0-46ca-aadb-31eece385729,novamera,Sustainable mining company,,Ontario,,,,,,,False,Not in Affinity
08b608a5-937d-4996-be36-5415b5ecc779,novata,"Environmental, social, and corporate governance solution",,"New York City, NY",,,,,,,False,Not in Affinity
8fa3b252-96cc-4b2d-89cf-5fe7250a0df7,novatron fusion,Develop nuclear fusion reactors focusing on stable plasma confinement,https://novatronfusion.com/,"Stockholm, Sweden",,,,,,,False,Not in Affinity
89a19b25-dca5-4b36-a592-71a7ddcb590e,noventa energy partners,Developer of wastewater heating and cooling projects,https://www.noventaenergy.com/,"Toronto, Canada",,,,,,,False,Not in Affinity
c6ee5280-6610-452e-a6ff-cc1d3adbef46,noveon,Sustainable rare-earth magnets developer,,"San Marcos, TX",,,,,,,False,Not in Affinity
503626ea-11dc-4511-9e84-6761e9f8df43,noveon magnetics,Neodymium sustainable rare earth magnets manufacturer,,"San Marcos, Texas",,,,,,,False,Not in Affinity
e2b250f5-3484-4678-bd39-525343c14327,novi,B2B marketplace helping brands make more sustainable products,,"San Francisco, CA",,,,,,,False,Not in Affinity
6abbf9d5-ab20-4214-aa89-7c344ca1e8a2,novi connect,B2B marketplace for sustainable ingredients and packaging,https://noviconnect.com/,"Larkspur, CA",,,,,,,False,Not in Affinity
331ce121-03b1-4757-a967-c2912fcd8132,novisto,ESG data management and sustainability reporting,https://www.novisto.com/,"Montreal, Canada",,,,,,,False,Not in Affinity
55b647c4-6325-464c-8daf-ff99b32ff6e5,novity,Developer of predictive maintenance AI technology for machines,,"San Carlos, CA",,,,,,,False,Not in Affinity
0c74d278-137d-4912-a3ae-a19fc9895adb,novo,Automated energy renovation platform,,"Berlin, Germany",,,,,,,False,Not in Affinity
d48b82c9-90b5-4a44-a1cf-3b5099848b12,novo holdings,Growth equity strategy to invest in climate change-focused startups,,Denmark,,,,,,,False,Not in Affinity
b8f9d25a-aa41-40c6-91d3-74639d3a35fe,novobiom,Mycoremediation process using fungal biotech,https://novobiom.com/,"Ottignies-Louvain-la-Neuve, Belgium",,,,,,,False,Not in Affinity
c284e4e9-48ba-461c-856b-d2d91bcf542a,novocarbo,Carbon removal parks developer,https://novocarbo.com/,"Hamburg, Germany",,,,,,,False,Not in Affinity
b24f9891-ea06-4a6c-97ab-5813b91b4f70,novohydrogen,Provider of renewable C&I hydrogen solutions,,"Golden, CO",,,,,,,False,Not in Affinity
175128a8-f06e-4d67-8b0d-d02d0db4a786,novoloop,Company upcycling plastic waste into chemicals and materials,,"Menlo Park, CA",,,,,,,False,Not in Affinity
8de3ffa8-99cd-4b0d-841a-57624a1519e6,novonutrients,Upcycle industrial CO2 waste into sustainable proteins via microbes,https://www.novonutrients.com/,"Sunnyvale, CA, U.S.",,,,,,,False,Not in Affinity
f7a5eb06-c88a-4884-86a2-82a90128fa07,nowadays,Maker of plant-based meat,,"San Francisco, CA",,,,,,,False,Not in Affinity
542714e2-8169-4bc9-9fab-d8705ab27180,nowos,Lithium-ion battery repair and maintenance,https://www.nowos.com/,"Utrecht, Netherlands",,,,,,,False,Not in Affinity
92286249-4bd7-4cdc-8397-4de91318658f,nowports,Digital freight company,https://www.nowports.com/,Mexico,,,,,,,False,Not in Affinity
6d12f764-32b1-43e2-b52e-3574042db24a,npharvest,Recycle wastewater nutrients for fertilizer,https://npharvest.com/,"Espoo, Finland",,,,,,,False,Not in Affinity
4f23e920-e2c2-4ff3-81cb-f0b9b606d0b2,nplan,Machine learning for forecasting construction projects,,"London, U.K.",,,,,,,False,Not in Affinity
13f4821a-3c9b-47ef-9115-f5b3caa50e87,nrjx,Help factories reduce energy consumption,,Paris,,,,,,,False,Not in Affinity
599be86c-173c-4b12-9111-e6047f0b301e,nscale,Build energy-efficient data centers ('hyperscalars') to meet new demand for AI,https://www.nscale.com/,London,,,,,,,False,Not in Affinity
28c78f66-af25-42da-af7c-73c0050465a0,nt-tao,Nuclear fusion energy company,https://www.nt-tao.com/,"Hod HaSharon, Israel",,,,,,,False,Not in Affinity
2466f090-f081-4d5a-8ba1-f3f67ae35809,nth cycle,Recycling tech startup extracting metals from waste to make new batteries,https://www.nthcycle.com/,"Knoxville, TN",,,,,,,False,Not in Affinity
f84f1dda-69b7-4148-97f9-8798d08c396e,nu quantum,Quantum photonics company,,"Cambridge, U.K.",,,,,,,False,Not in Affinity
3c87451a-4ca5-4b39-b923-89f4aaf51b69,nuada,Carbon capture developer using metal organic frameworks,,Belfast,,,,,,,False,Not in Affinity
3dc875d0-327f-4d45-b12d-a2cf6a2d66da,nuclearn.ai,Automation platform for nuclear energy,,"Phoenix, AZ",,,,,,,False,Not in Affinity
29451cac-65f5-4635-a811-73c85b6cb250,nucleus capital,Invest in alternative food production,,"Berlin, Germany",,,,,,,False,Not in Affinity
50f698f2-0e4a-40ab-a477-26cfb4f0fb43,nuggs,Plant-based chicken producer,,NYC,,,,,,,False,Not in Affinity
90873202-95b0-41c7-8f3d-1bee73c38862,nukoko,Cocoa-free chocolate using precision fermentation,https://nukoko.com/,"Guildford, U.K.",,,,,,,False,Not in Affinity
a815a009-28e9-4d01-8dac-c3b631bbcd13,number 8 bio,Reduce livestock methane production,https://number8.bio/,"Sydney, Australia",,,,,,,False,Not in Affinity
21fc6a8c-e32f-4362-8a07-5e7fd7e91efe,numix materials,Water treatment company,,"Chicago, IL",,,,,,,False,Not in Affinity
b7f2da60-abd4-4aa1-873f-7547d8374562,nuon,Software deployment technology developer,https://nuon.com/,"San Francisco, CA",,,,,,,False,Not in Affinity
7f8abefb-96d7-45c2-b71a-8d39fdcfdb37,nuro,Self-driving technology for robotaxis,https://www.nuro.ai/,Mountain View,,,,,,,False,Not in Affinity
fc674864-a059-465f-9dcc-bd42edb24e05,nuscale power,Developer of small modular reactors for nuclear power,https://www.nuscalepower.com/,"Portland, OR",,,,,,,False,Not in Affinity
72f442dc-5067-4532-8108-103a77a8d806,nusku,Heat pumps,,"Bristol, U.K.",,,,,,,False,Not in Affinity
a5834092-8b6b-4483-b00f-77803f917f13,nutcracker therapeutics,Developer of mRNA therapies,,"Emeryville, CA",,,,,,,False,Not in Affinity
37cc80a3-556c-458e-a04c-8f8fc6c722f6,nuuenergy,Hybrid software-hardware heat pump model,,Munich,,,,,,,False,Not in Affinity
0462140d-35d0-4316-8c15-d52b15139fc3,nuuve,Developer of electric vehicle-to-grid projects,,"San Diego, CA",,,,,,,False,Not in Affinity
c8f76f0c-7114-4030-a9df-083a69b54b07,nuvem9,Cloud-based business management software,,"São Paulo, Brazil",,,,,,,False,Not in Affinity
c1f751de-f5d7-4b4b-90d9-843ad0a73a07,nuventura,Sustainable switchgear technology firm,https://nuventura.com/,"Berlin, Germany",,,,,,,False,Not in Affinity
cc5f2c0b-5d58-4feb-9e6a-6e507dbc27d0,nuview,Earth observation company,,"Lake Nona, FL",,,,,,,False,Not in Affinity
3c258b09-b286-4075-ac8e-6aaf380c4884,nuvocargo,Digital freight forwarder and customs broker,,"New York, NY",,,,,,,False,Not in Affinity
a76fded4-a4f8-44f7-bf94-55e705fcd5a9,nyle systems,Heat pump water heater manufacturer,https://nylesystems.com/,"Brewer, ME",,,,,,,False,Not in Affinity
591d487c-c768-4298-9bef-1a7e0c8e8952,nyobolt,Fast-charging battery technology for warehouse robotics,https://www.nyobolt.com/,UK,,,,,,,False,Not in Affinity
4df90693-a894-4003-af06-c313bbe18dc9,nzero,Carbon emissions management platform,https://www.nzero.com/,"Reno, NV",,,,,,,False,Not in Affinity
5353e3e7-21e6-44ab-9747-51a8276dde1a,o9 solutions,Supply chain planning SaaS platform,https://www.o9solutions.com/,"Dallas, TX",,,,,,,False,Not in Affinity
5d3abd97-7e1b-4c68-bba4-a8abd26f1d2f,oatly,Oat milk producer,https://www.oatly.com/,Sweden,,,,,,,False,Not in Affinity
6581e41a-1311-45ac-9cbe-ca9799fe59ae,oben electric,Electric 2-wheeler manufacturer,,"Bangalore Urban, India",,,,,,,False,Not in Affinity
0f73f3df-ed66-43a4-b870-778027fd6fdf,obeo biogas,Waste to biogas company,,"Montréal, Canada",,,,,,,False,Not in Affinity
466408c0-175c-45a2-ba8d-ef96b3a756d0,observable,Maker of data visualization software,https://observablehq.com/,San Francisco,,,,,,,False,Not in Affinity
335c99d8-a4e8-41e4-aea9-7d315ac97393,observe,Data observability platform,https://www.observe.com/,"San Mateo, CA",,,,,,,False,Not in Affinity
5343f7f9-0d40-4028-929d-5e2b262bd044,obviously ai,No code machine-learning platform,,"Berkeley, CA",,,,,,,False,Not in Affinity
655b92ba-f0bd-462f-b3d3-8cacdd19fbd1,ocean 14 capital,Investment firm investing in ocean health,,"London, UK",,,,,,,False,Not in Affinity
13c22720-29fd-4f76-ada1-43de703185b5,ocean ledger,AI-powered coastal risk forecasting,,London,,,,,,,False,Not in Affinity
c73d11d5-2243-4217-9773-7c40d2118787,ocean oasis,Offshore wave-powered desalination technology,,"Oslo, Norway",,,,,,,False,Not in Affinity
4ffb3426-ec1a-4c43-92a4-89330ca8c266,ocean rainforest,Provider of fully-traceable seaweed products,https://oceanrainforest.com/,Faroe Islands,,,,,,,False,Not in Affinity
aecf1931-ff25-406a-8d76-479dac7b476e,oceano fresco,Sustainable clam business,,Portugal,,,,,,,False,Not in Affinity
87a50e47-52b7-4f5c-bed1-3084ba00ab6c,oceanwell,Modular desalination systems,,"Menlo Park, CA",,,,,,,False,Not in Affinity
aeb8d3a2-5a70-4368-9416-95fa3e80fd89,ocell,Digital twins for forestry management,https://ocell.io/,"Munich, Germany",,,,,,,False,Not in Affinity
2d0e6dcc-014b-4153-af24-fdee7642c798,ocergy,Developer of floating foundations for wind turbines,,"Oakland, CA",,,,,,,False,Not in Affinity
118b6048-672b-4f75-bc44-24117cb0f068,ocient,Data analytics software solutions provider,https://ocient.com/,"Chicago, IL",,,,,,,False,Not in Affinity
c74907fa-a8b4-4413-86be-f9e4259bad41,ocochem,CO2 into chemicals developer,,"Richland, WA",,,,,,,False,Not in Affinity
4a90d870-e907-4868-b702-82d5c797f14a,octarine bio,Sustainable dyes manufacturer,https://www.octarinebio.com/,"Copenhagen, Denmark",,,,,,,False,Not in Affinity
2c08e835-6f99-4579-8d56-899601bd065d,octavia carbon,Direct air carbon capture developer,https://www.octaviacarbon.com/,"Nairobi, Kenya",,,,,,,False,Not in Affinity
f77a43bb-5ebb-4750-a520-4ff4d9233e43,octet scientific,Specialty chemicals for non-lithium batteries,,"Cleveland, OH",,,,,,,False,Not in Affinity
730756a4-b1e9-4da8-a3b2-549391deaef6,octoml,Startup using machine learning to optimize ML models,,"Seattle, WA",,,,,,,False,Not in Affinity
e015a6f7-33d9-4f3a-ba15-0e8b4c40ed79,octopus,Waste management platform helping brands collect recyclable waste,,UK,,,,,,,False,Not in Affinity
f0cbb282-9dc0-40c0-82fa-af09ba23cb09,octopus electric vehicles,EV financing provider,,"London, UK",,,,,,,False,Not in Affinity
5fbdb98b-e66e-439a-8267-b36d7ac69930,octopus energy,Large-scale renewable energy platform,https://octopus.energy/,England,,,,,,,False,Not in Affinity
e0faa00c-8f4a-450b-beb3-09102c39127b,octopus energy group,Renewable energy company,https://octopus.energy/,"London, U.K.",,,,,,,False,Not in Affinity
27c11576-94fa-418b-8b05-41ea753b2029,odd.bot,Autonomous weeding robot,,"Lelystad, Netherlands",,,,,,,False,Not in Affinity
72d95bab-f50d-40e6-9ecc-be06e479d38f,odys aviation,Aircraft startup making hybrid-electric VTOL aircraft for regional mobility,,"Long Beach, CA",,,,,,,False,Not in Affinity
a4401fab-dfb3-4a4d-9efa-84123950371b,odyssey,Emerging markets distributed energy software company,,"Boulder, CO",,,,,,,False,Not in Affinity
051585f6-defb-4fce-9268-ddfc6da338b2,off meat,Plant based meat producer,,Indonesia,,,,,,,False,Not in Affinity
92305a4e-0639-4bc7-a142-7712eb6bc18c,ogre ai,Energy management system software platform,https://ogre.ai/,"Bucharest, Romania",,,,,,,False,Not in Affinity
2dd6dcff-b9e6-4004-9b1c-dbd49b9f9204,ohmconnect,Startup rewarding consumers for saving energy,https://www.ohmconnect.com/,"San Francisco, CA",,,,,,,False,Not in Affinity
97d96e22-59da-47c3-930a-8a6d3d7dd4a3,ohmium,"Green hydrogen company that designs, manufactures, and deploys PEM Electrolyzers",https://ohmium.com/,"Fremont, CA",,,,,,,False,Not in Affinity
74d87b6e-8fbe-4503-894b-a53f1ec40ca0,oishii,Growing strawberries and tomatoes in indoor vertical farms,https://www.oishii.com/,"Jersey City, NJ",,,,,,,False,Not in Affinity
2f63f63c-0875-4a26-91d9-617c64746524,Oishii Farm,Strawberry vertical farming developer,oishii.com,"Jersey City, New Jersey",116.0,3.57,Series B,134000000.0,Bloom8,Hiroki Koga (Co-Founder & CEO): https://linkedin.com/in/hirokikoga,True,223153357
8c3f3a74-e895-4cd5-bced-1413c1a4a72b,Ojjo,Manufacturing solar energy foundation systems,ojjo.com,"San Rafael, California",14.0,-65.85,Series C,40000000.0,James Wallis,"Daniel Flanigan (Co-Founder & Chief Operating Officer at Ojjo, Inc.): https://linkedin.com/in/danielpflanigan",True,262765000
756d4aee-f9b4-4382-b397-0c7d8093355c,OKA,Insurance provider for voluntary carbon markets,oka.com,"Park City, UT",,,,,,,False,1630587
630546d0-0074-471b-9d8f-680f19fae4ee,Okify,Utility interface software platform,okify.es,"Barcelona, Spain",,,,,,,False,223155216
17710cdd-809e-4f9a-917c-2e5ba690b9fd,Oklo,Small modular reactors developer,oklo.com,"Sunnyvale, California",109.0,31.33,Public Markets,,Sam Altman,Jacob DeWitte (CEO and Co-Founder): https://linkedin.com/in/jacob-dewitte-90062132,True,1672776
59b3db7a-5459-4076-ae2d-96446ab94fdf,Okra Solar,Solar home systems provider for electrifying off-grid households,okrasolar.com,"None, Australia",42.0,5.0,Series A,12000000.0,Autodesk Foundation,Damian Veling (Co-Founder / CTO): https://linkedin.com/in/damianveling,True,212183985
c4a41cb6-d26b-4b6e-8cc6-6c47387e4e02,Ola Electric ,Indian electric vehicle maker,olaelectric.com,India,,,,,,,False,220430828
1e2233d2-8c7c-47bc-8a99-2052c88eee62,Olea Edge Analytics,Edge computing company focused on the water utility industry,oleaedge.com,"Bee Cave, Texas",21.0,-4.55,Series C,35000000.0,Renewal Funds,David Pearce (Co-founder and board observer): https://linkedin.com/in/david-pearce-71b91b3,True,118760101
e2c805df-137a-4089-97cc-ec09a685bc7f,olocopter,Battery-powered aviation startup,,"Bruchsal, Germany",,,,,,,False,
2a7fba0f-5a63-4e71-8d6c-92daa1cbe99e,Olokun Minerals,Brine mineral mining company,olokunminerals.com,"Los Angeles, CA",,,,,,,False,286228179
533b8052-647d-45ff-9ba8-a6d2511eaa66,OlsAro,More resilient wheat crop varieties,olsaro.com,"Goteborg, Sweden",,,,,,,False,285996995
710b31d3-8545-47e6-b818-b0269f07e786,Olyns,Recycling and retail media solutions company,olyns.com,"Campbell, California",16.0,23.08,Series A,4000000.0,Vanedge Capital,Philip Stanger (Founder / CEO): https://linkedin.com/in/philip-stanger-34624532,True,225204226
8cc57a2c-08ca-47b1-8dfa-34f137f896f6,Omeat,Producer of cultured meat from fungi,omeat.com,"Los Angeles, CA",,,,,,,False,291822977
92ab1d81-9e42-4106-b0a8-029fdca456cb,Omnevue,ESG performance reporting platform,omnevue.com,"London, UK",,,,,,,False,290889052
f76b15b1-95c2-46d5-958c-a5cf364c77e5,Omnidian,Developer of solar management and monitoring software,omnidian.com,"Seattle, Washington",239.0,4.82,Series C,87000000.0,Alumni Ventures,"Katelin Breck (Co-Founder, WeGu - Omnidian's DEI Group): https://linkedin.com/in/katelin-breck-50534298",True,114273314
0a5b872e-8b38-4a07-84c7-1233ed89a53e,Omnitron Sensors,Microelectromechanical systems sensors for autonomous vehicles,omnitronsensors.com,Los Angeles,,,,,,,False,225099113
0b5f0460-d298-4e12-b2d7-934555f5edfe,On.Energy,Energy storage developer,on.energy,"Miami, FL",92.0,-5.15,Debt,25000000.0,Phalanx Investment Partners,,True,291694155
184cddb0-7fea-4508-8581-889a8747c48d,One Click Lca,End-to-end sustainability software platform,oneclicklca.com,"Helsinki, Finland",194.0,4.3,Other,43779200.0,PSG Equity,Panu Pasanen (CEO & Decarbonization Evangelist): https://linkedin.com/in/panupasanen,True,219982320
ea4c5389-1153-4009-8cb5-8d98c476b380,One Concern,Platform to model responses to natural disasters,oneconcern.com,"Menlo Park, California",24.0,-27.27,Other,45000000.0,Scott Sandell,Nicole Hu (Chief Technology Officer and Co Founder): https://linkedin.com/in/nicolehu1c,True,1808190
72f8e967-6958-4948-b16b-004d12a102a8,One Energy,Wind energy development business,oneenergy.com,"Findlay, OH",,,,,,,False,205545698
7d78c80d-988b-4f68-9a4f-d01547b5bc6f,ONE MOTO,Provider of last-mile delivery EVs,one-moto.com,"London, UK",,,,,,,False,222199264
f6922645-0442-4a51-b413-b9b1db7a3673,onebeat,Inventory management platform,,"Tel Aviv, Israel",,,,,,,False,Not in Affinity
28c5f9b0-ed20-4375-9b1b-3832efc91895,oned battery sciences,Enhancing the life of EV batteries,https://www.onedbattery.com/,"Palo Alto, CA",,,,,,,False,Not in Affinity
d5510208-de12-4eb9-835e-0ae9afeba25d,onego bio,Precision fermentation technologies for making fermented egg protein,https://onego.bio/,"Helsinki, Finland",,,,,,,False,Not in Affinity
8938d46b-6410-4774-b8f7-ef19491fa918,oneka technologies,Wave-powered desalination technology provider,,"Sherbrooke, Canada",,,,,,,False,Not in Affinity
ed2a5a55-205c-45c9-a5bd-428d162f9c92,onepak,Logistics and returns platform,https://www.onepak.com/,"Boston, U.S.",,,,,,,False,Not in Affinity
0828aa38-a733-49a9-9c80-c0c396060d3b,oneplanet,Solar panel recycling services provider,https://oneplanet.com/,"Jacksonville, FL",,,,,,,False,Not in Affinity
81484294-6726-4672-9662-a2f56879e1fb,oneplanet solar recycling,Solar panel recycler,,"Jacksonville, FL",,,,,,,False,Not in Affinity
2d53b2e7-7890-47fa-a572-f78f380c7998,onerail,Manage and optimize last-mile deliveries,https://www.onerail.com/,"Orlando, FL",,,,,,,False,Not in Affinity
decff985-99c6-460b-9241-3ea8a35afbc6,onethird,Food waste reduction company,,"Enschede, Netherlands",,,,,,,False,Not in Affinity
7320ca69-6674-460a-8669-791920cf70fc,onetrust,Trust intelligence platform including an ESG offering,https://www.onetrust.com/,"Atlanta, GA",,,,,,,False,Not in Affinity
33cb13e0-46c0-45b5-a926-22582c05ff08,onfly,Corporate travel and expense management software platform,https://www.onfly.com.br/,"Belo Horizonte, Brazil",,,,,,,False,Not in Affinity
b35028e4-8503-4471-81a7-5efd1346ab2a,onsemble,Home appliance electrification platform,https://onsemble.com/,San Francisco,,,,,,,False,Not in Affinity
b19c9d07-9ebe-4afa-b67d-4c5f8b42f8ef,onsight technology,Solar asset monitoring service,,"San Francisco, U.S.",,,,,,,False,Not in Affinity
64b7d0b1-6e2a-4330-a20e-19309ea48207,onsiteiq,Visual documentation and risk assessment platform for construction projects,,"New York, NY",,,,,,,False,Not in Affinity
e3147646-9298-48c9-ae81-cfb8a5e6ebc3,onto,EV subscription startup,,UK,,,,,,,False,Not in Affinity
ca6d1bcf-d6cd-46fc-b775-49deadd77e66,ontruck,European road freight platform,https://www.ontruck.com/, ,,,,,,,False,Not in Affinity
ad47fcf1-ca99-49c7-a980-b05d3cc7e247,ookuma diamond device,Diamond chips for radioactive debris remediation,,"Hokkaido, Japan",,,,,,,False,Not in Affinity
4eb26f54-94bd-4021-8319-95dbb1ef9e25,oolu,Solar energy startup,,Senegal,,,,,,,False,Not in Affinity
009fcae9-691f-4ace-8c4d-b6170a1a5f2f,oomnitza,Platform for tracking and securing digital assets,,"San Francisco, CA",,,,,,,False,Not in Affinity
04ed4ebe-73e8-47ba-b331-53b5d94c3e6c,oort energy,Hydrogen electrolyzer developer,,"Bristol, United Kingdom",,,,,,,False,Not in Affinity
709fea57-c7a0-4e95-ba7a-58df18f7a219,opalia,Cell-based dairy platform,,"Montréal, Canada",,,,,,,False,Not in Affinity
8b8ec657-e441-46f6-9a2d-bca56c7b2ceb,opconnect,EV charging infrastructure provider,https://opconnect.com/,"Tigard, OR",,,,,,,False,Not in Affinity
2ea1dbd0-2958-46d3-98e7-924a148b9a58,open cosmos,Low Earth observation platform,https://www.open-cosmos.com/,"London, UK",,,,,,,False,Not in Affinity
0f5914e1-65c3-4e44-a577-ef8f4dc7dbdf,open forest protocol,Open source forestation projects platform,https://openforestprotocol.org/,Switzerland,,,,,,,False,Not in Affinity
41463b01-7859-41e0-9f12-167b2dd0a8fe,openairlines,Develop software to help airlines reduce fuel consumption and emissions,https://www.openairlines.com/,"Toulouse, France",,,,,,,False,Not in Affinity
e969fad8-dd45-43c0-8d89-61b638c2682f,openinvest,ESG investing platform,,"San Francisco, CA",,,,,,,False,Not in Affinity
868638f4-ef12-4866-89e6-3d8fa6401902,opensolar,Solar design and proposal software company,,"Sydney, Australia",,,,,,,False,Not in Affinity
2dd1278e-ce7d-472e-8450-b6606b482d10,openspace,Construction documentation and analytics,,"San Francisco, CA",,,,,,,False,Not in Affinity
ce68cab8-2c71-4427-a8eb-2122f09b9953,opentug,Maritime logistics software platform,https://opentug.com/,"Seattle, WA",,,,,,,False,Not in Affinity
96d48da4-0018-4307-8831-813ade83e886,openvolt,Helps companies track their energy data,,"Dublin, Ireland",,,,,,,False,Not in Affinity
23ee495e-ec03-4909-9e67-36655ef54fa9,opibus,Converting diesel and gasoline vehicles into electric ones,,Kenya,,,,,,,False,Not in Affinity
d4356f57-a971-4c6b-a290-3d58d3cd22a0,opna,Climate financing platform managing carbon removal and reduction projects,,"London, U.K.",,,,,,,False,Not in Affinity
311f6260-ca5b-4aab-a1e7-a3e8e63e437b,opo bio,Cultivated meat company,,New Zealand,,,,,,,False,Not in Affinity
bfc91129-f56b-4e95-8525-cde2b184297c,opscura,Industrial control system cybersecurity company,,"Oakland, CA",,,,,,,False,Not in Affinity
9e7936a2-2cb6-4e0a-bfbb-67dac0148558,optalysys,Photonic processing technology producer,,"Leeds, U.K.",,,,,,,False,Not in Affinity
ac133505-c407-47b5-a660-a542f420b921,optera,Software platform for tracking corporate emissions,,"Boulder, CO",,,,,,,False,Not in Affinity
fe570216-8c1e-4428-b6fe-507388218a4e,optibus,A.I. platform for mass transportation,,"Tel Aviv, Israel",,,,,,,False,Not in Affinity
a14d42f7-3434-4780-8dad-3903c1d8b530,optiml,Real estate decarbonization software,https://optiml.com/,"Zürich, Switzerland",,,,,,,False,Not in Affinity
bcf78586-11a2-48fa-9e05-19825f89a43e,optivolt,Developer of shade tolerant solar systems,https://optivolt.com/,"San Mateo, CA",,,,,,,False,Not in Affinity
1fdd53cb-2743-45d6-b700-8db2ba07b5c0,optoscale,Farm monitoring startup,,Norway,,,,,,,False,Not in Affinity
feb9d5c3-c292-445e-841c-317e8fc1d37d,opusflow,B2B software for low-carbon energy installers,,"Deventer, Netherlands",,,,,,,False,Not in Affinity
5b1ed223-2664-49fa-abdc-932c330c847e,oqton,Software for the manufacturing industry,https://www.oqton.com/,U.S. and Belgium,,,,,,,False,Not in Affinity
8b2baf25-bf71-463d-a448-d0113edd999a,orange charger,Developer of electric vehicle chargers,,"San Francisco, CA",,,,,,,False,Not in Affinity
4c455e2c-8720-4a31-9cfa-525368854698,orange ev,EV manufacturer specializing in industrial trucks,https://orangeev.com/,"Riverside, MO",,,,,,,False,Not in Affinity
59c41d3d-43f7-4ad3-ba13-9c22f21dde30,orano,Corporate venture vehicle for early-stage industrial startups,https://www.orano.group/,"Châtillon, France",,,,,,,False,Not in Affinity
d8157ac0-1588-4b83-8cc7-80a31cdcd320,orbex space,Developing low-carbon launch vehicles for rockets,https://www.orbex.space/,UK,,,,,,,False,Not in Affinity
2d39347b-b4dd-4a32-986a-64b8a97b12d5,Orbillion Bio,For its cultivated Wagyu beef cells,orbillion.com,San Francisco,,,,,,,False,263230865
db57c8fe-6e0e-40b4-b7ad-18a489f15b8a,Orbio,Methane emission tracking platform,orbio.earth,"Amsterdam, Netherlands",19.0,26.67,Seed,4000000.0,Satgana,Robert Huppertz (CEO & Co-Founder): https://linkedin.com/in/robert-huppertz-6536a0122,True,283008773
b32fa70f-264d-4d0e-ac4b-60cea42e32b9,Orbion Space Technology,Developer of electric propulsion solutions,orbionspace.com,"Houghton, MI",,,,,,,False,201797328
8dadd053-978e-48a5-b0c0-0ca7a2858c1c,Orbisk,Automated food waste monitoring system,orbisk.com,"Utrecht, Netherlands",62.0,8.77,Other,2775820.0,,Richard Beks (Co-founder and CCO): https://linkedin.com/in/richardbeks,True,263510124
b94bc1e2-5f68-4049-a767-c182d888c521,Orbital Sidekick,Deployer of hyperspectral sensors in space,orbitalsidekick.com,"San Francisco, California",34.0,13.33,Series A,10000000.0,Temasek,Tushar P. (COO & Co Founder): https://linkedin.com/in/tusharprabhakar,True,142374613
f499bc20-8177-4e6c-bf01-f6de72236b8e,ORBITAL SYSTEMS,Developer of water recycling technology for domestic appliances,orbital-systems.com,Sweden,,,,,,,False,1666070
eb913316-7e54-46b2-a522-1b10d2c0ea04,Orca AI,AI-powered autonomous navigation technology for ships and fleets,orca-ai.io,"London, United Kingdom",88.0,14.29,Series B,72500000.0,OCV Partners,Dor Raviv (Co-Founder & CTO): https://linkedin.com/in/ravivdor,True,220090718
994d5a96-bb3a-4c34-ad75-c66ad744c7c5,OrCal,Crop protection and sustainable farming service provider,orcalinc.com,"Junction City, OR",,,,,,,False,276048503
c0d8d0e9-6b4d-4880-b066-0b13518f5dbe,Orchard Robotics,Provider of robotic and AI precision crop management technology,orchard-robotics.com,"Seattle, Washington",10.0,0.0,Seed,3800000.0,Howard Lerman,Carl Meyer (Co-founder): https://linkedin.com/in/carlmeyernz,True,289037330
b9aad035-f762-466c-a9c3-950950171aae,Ore Energy,Long-duration iron-air batteries manufacturer,oreenergy.com,"Amsterdam, Netherlands",27.0,8.0,Seed,10000000.0,other investors,Yaiza Gonzalez Garcia (Co-Founder): https://linkedin.com/in/yaiza-gonzalez-garcia-59b17a31,True,296791049
50b4ad6b-53b2-40b5-bfe2-9c63dee3caf5,Orennia,Energy transition analytics provider,orennia.com,"Calgary, Canada",129.0,30.3,Series B,25000000.0,Quantum Innovation Fund,Keaton Horner (Co-Founder | Analyst): https://linkedin.com/in/keaton-horner-76802310a,True,279464075
4ee23a04-b13e-4417-bdbc-5236a0780af6,Origami Energy,Energy trading startup,origamienergy.com,"Milton, United Kingdom",42.0,-16.0,Series A,19515200.0,Octopus Ventures,Peter Bance (CEO): https://linkedin.com/in/peter-bance-08a9095,True,1714696
2d7689ed-bb01-42ac-818a-3d12448b5787,origen,Direct air capture technology,,"Bristol, U.K.",,,,,,,False,Not in Affinity
78d4c2cd-9ee7-4f92-8a4d-456726821d51,origin materials,Maker of carbon-negative products,https://originmaterials.com/,"Sacramento, CA",,,,,,,False,Not in Affinity
f6d461f0-92de-470c-8359-18bb2c107e88,origis energy,Clean energy development business,https://www.origisenergy.com/,"Miami, FL",,,,,,,False,Not in Affinity
7ecd7554-4998-404f-ac39-0b5a71f24bf2,oriole networks,Data center efficiency and energy demand management,,London,,,,,,,False,Not in Affinity
e0329625-095c-4c44-8a50-96548294d587,orion infrastructure capital,Make loans to maturing climate startups,,"New York, U.S.",,,,,,,False,Not in Affinity
8f291dc6-4b40-4c2f-97aa-21da65bfeeab,ororatech,Provider of wildfire detection and monitoring services,https://www.ororatech.com/,Munich,,,,,,,False,Not in Affinity
8675389d-d184-4c90-b4b7-722bbf437431,orus energy,Electrical flexibility platform,,"Paris, France",,,,,,,False,Not in Affinity
3c7ba427-ceaa-4b3f-85e1-48f29a51c79d,osapiens,ESG platform and provider of compliance and sustainability reporting solutions,,"Mannheim, Germany",,,,,,,False,Not in Affinity
d6f8b737-f466-4c10-8670-efb934135941,osmoses,Purifies gas for low-carbon energy production,https://www.osmoses.com/,"Cambridge, Massachusetts",,,,,,,False,Not in Affinity
cf5372ce-3a22-4672-910f-576fc65b4a13,ostara,Developer of sustainable phosphate fertilizer,https://ostara.com/,"St. Louis, MO",,,,,,,False,Not in Affinity
79639c88-04d3-4d1d-9443-3bb979c764f8,ostrom,Green energy retailer and electricity management platform,,"Berlin, Germany",,,,,,,False,Not in Affinity
c247268b-7950-4d7e-aaa7-e63e9d0a368a,osum oil sands,Canadian energy company,,Canada,,,,,,,False,Not in Affinity
923fa281-7568-4fa1-87ed-7d874f0f4a64,oto,Two-wheeler financing platform,https://oto.com/,"Mumbai, India",,,,,,,False,Not in Affinity
29d8b1f0-91b6-4973-bfdf-da2514add0ae,otovo,Residential solar marketplace provider,https://www.otovo.com/,"Oslo, Norway",,,,,,,False,Not in Affinity
82a842ec-245d-476e-9c27-0b7d8b7a5f1c,our next energy,EV battery manufacturer,https://ournextenergy.com/,"Novi, MI",,,,,,,False,Not in Affinity
8a7daac0-5036-4db0-8a3b-adc8cb647741,outcast foods,Focusing on food waste and reducing the carbon footprint of food supply chains,,Canada,,,,,,,False,Not in Affinity
e9977608-e449-4541-9952-89f5054cf9a6,outreach,Sales engagement platform,https://www.outreach.io/,"Seattle, WA",,,,,,,False,Not in Affinity
e8689b7a-ddc4-41e7-8877-0895eb2f46e7,outrider,Autonomous electric yard trucks developer,https://outrider.ai/,"Golden, CO",,,,,,,False,Not in Affinity
66af2ecf-3748-41ab-aff7-7641f0d06ebc,outstanding foods,Plant protein startup,https://outstandingfoods.com/,"Los Angeles, CA",,,,,,,False,Not in Affinity
e971a3f3-9b2c-4887-9905-9d5be7d90881,over easy solar,Developing solar cells for ‘green’ roofs,,Norway,,,,,,,False,Not in Affinity
296b96f5-fa66-43e5-8340-7c07d6525206,overair,eVTOL startup,,"Santa Ana, CA",,,,,,,False,Not in Affinity
e3a828fb-eef5-4ad0-8fa2-5d76ea8d74f5,overhaul,"Software-based supply chain visibility, risk, compliance, and insurance solution",https://www.overhaul.com/,"Austin, TX",,,,,,,False,Not in Affinity
93caeb2f-99ad-4f33-989e-7a33b8bc31d0,overlap holdings,Invests in early-stage companies,https://www.overlapholdings.com/,New York,,,,,,,False,Not in Affinity
3317179a-63c6-465b-9955-c645b1d70f35,overstory,Vegetation management platform for electricity companies,https://overstory.ai/,"Amsterdam, Netherlands",,,,,,,False,Not in Affinity
aa1739d0-fe27-4007-8ad7-11d774e475f7,overture climate vc,Debut fund for climate companies,,"Los Angeles, CA",,,,,,,False,Not in Affinity
6e813461-bfeb-44b7-8ff8-42730b603100,ox delivers,Electric logistics service provider,,"Cheltenham, UK",,,,,,,False,Not in Affinity
6e697155-f2ff-40d7-b2e4-e2cce2a60061,ox security,Software supply chain security platform for DevSecOps,,"Tel Aviv, Israel",,,,,,,False,Not in Affinity
28cad86d-9eca-4045-b9e6-0010c160d6cf,oxbotica,Autonomous vehicle software maker,https://oxbotica.com/,"London, UK",,,,,,,False,Not in Affinity
e0848f28-2ba2-44d8-88af-ebb4e964bb13,oxford flow,Valve and regulator technologies for oil and gas,,"Oxford, U.K.",,,,,,,False,Not in Affinity
1f61a292-d911-4a47-baf7-60b2754d024c,oxwash,On-demand laundry services that reduce environmental costs,https://www.oxwash.com/,UK,,,,,,,False,Not in Affinity
04d4168d-1cc4-447d-90a3-4f65a2206ead,oxygen8,Manufacturer of high-efficiency HVAC and Energy Recovery Ventilation Systems,,Canada,,,,,,,False,Not in Affinity
26518e76-26c9-4584-a959-a9c49dee3d58,oxyle,Water chemical contamination treatment developer,,Switzerland,,,,,,,False,Not in Affinity
df62797f-5d24-4fb6-84c0-b966c524b557,oxylus energy,Capture waste carbon to turn into green methanol,,"New Haven, CT",,,,,,,False,Not in Affinity
b72c2c48-631a-422a-8e13-e2cd56684d24,oya renewables,Renewable energy project developer,,"Toronto, Canada",,,,,,,False,Not in Affinity
497c68b7-a889-4195-b8ab-b5dbe8a49bc7,p2 science inc.,Renewable chemistry company,,"Woodbridge, CT",,,,,,,False,Not in Affinity
95bbf880-3a57-4903-9e31-4c89c5815026,p6 technologies,Lifecycle assessment software platform for transportation and petrochemical industries,,"Austin, TX",,,,,,,False,Not in Affinity
54149347-fc48-4ac5-95b0-dc96218d8455,paces,GIS and data platform for renewable energy project development,https://www.paces.com/,"Brooklyn, NY",,,,,,,False,Not in Affinity
a511e6a6-dc9d-490d-bb91-fccc6f78c5cc,pachama,Platform designed to help companies invest in reforestation and conservation projects,,"San Francisco, CA",,,,,,,False,Not in Affinity
7f7a5815-88c2-4524-b367-faaf30c23abb,pachyderm,Open-source platform for data science,, ,,,,,,,False,Not in Affinity
bbbc493d-609e-4283-8727-5829e3108d36,pacific steel group,Electric arc furnace micro mill,,"San Diego, CA",,,,,,,False,Not in Affinity
21899461-09cc-469e-9529-e6d575d0f79a,pacifico biolabs,Fermentation startup targeting alternative seafoods,,"Berlin, Germany",,,,,,,False,Not in Affinity
ab760ff6-c385-4010-9c99-600615fb149b,package free,Zero-waste ecommerce shop,https://packagefreeshop.com/,"New York, NY",,,,,,,False,Not in Affinity
e5451f3b-9f07-4a9f-a096-a49b2a35b6e6,packaly,Climate neutral last-mile delivery service,https://packaly.com/,Netherlands,,,,,,,False,Not in Affinity
37f782d5-678a-4adf-bbc3-de361854beb8,packfleet,Provider of carbon-neutral package deliveries,https://www.packfleet.com/,"London, U.K.",,,,,,,False,Not in Affinity
319a4a3f-0435-4856-9a63-6ea38a375052,pact,Produce industrial-scale collagen biomaterials,,"Cambridge, U.K.",,,,,,,False,Not in Affinity
c7ec4ea9-f971-4b8f-8a64-4b04b8f6c076,paebbl,"Converting CO2 into permanent, carbon-storing materials",https://www.paebbl.com/,"Stockholm, Sweden",,,,,,,False,Not in Affinity
1c78b1c5-9f85-487f-8ed0-02b30162afb0,paebble,Manufacturer of carbon-negative building materials,,"South Holland, IL",,,,,,,False,Not in Affinity
aa53d4df-8557-44d3-8f25-b289eaeada4e,paine schwartz,Investment firm,,"New York, NY",,,,,,,False,Not in Affinity
70334162-c9a2-41ab-9f62-5026d3cf00b5,pairwise,Plant gene-editing technology,https://www.pairwise.com/,"Durham, NC",,,,,,,False,Not in Affinity
ef04eaf4-0350-445b-9b94-211fb6ccb8e1,pajarito powder,Make catalysts for electrolyzers and fuel cells,,"Albuquerque, NM",,,,,,,False,Not in Affinity
a624535e-fefb-45b2-82a4-61684d2c6472,paleo,Producer of plant-based food ingredients,,"Leuven, Belgium",,,,,,,False,Not in Affinity
694ba662-aa73-4f67-a4c1-1be53a6356b0,palmetto,Provider of software to manage solar energy,https://palmetto.com/,"Charleston, SC",,,,,,,False,Not in Affinity
ba002ecc-dbb5-4a3f-88bf-a4faa919230b,pangea ventures,Invest in sustainability and hard-tech-focused startups,,"Vancouver, Canada",,,,,,,False,Not in Affinity
d7174798-02ae-4927-848d-7546f6394b26,pani energy,Software platform elevating the efficiency of water treatment plants,,"Vancouver, BC",,,,,,,False,Not in Affinity
8592c554-dc92-4659-bef8-48a2846de4b4,pano,Wildfire intelligence and management software,https://www.pano.ai/,"San Francisco, CA",,,,,,,False,Not in Affinity
5b473b70-8e09-4385-8c09-a3ee1e2f51e8,pano ai,AI-powered wildfire detection tools,https://pano.ai/,San Francisco,,,,,,,False,Not in Affinity
17f30cd6-4dd2-4a0e-87aa-51732ac11284,paptic,Wood-fiber based packaging developer,https://paptic.com/,"Espoo, Finland",,,,,,,False,Not in Affinity
2f87c1a9-ac12-41fa-8473-48dc8057ac85,parabola,Workflow automation and documentation platform,https://parabola.io/,"San Francisco, CA",,,,,,,False,Not in Affinity
96a46fe0-3f7b-42e4-9973-c77734516e5f,paradromics,Brain-control startup,https://www.paradromics.com/,"Austin, TX",,,,,,,False,Not in Affinity
70a8332f-5ae4-42ad-a125-c8d392b2e403,parallax,Resource and capacity planning software company,https://www.parallax.com/,"Edina, MN",,,,,,,False,Not in Affinity
f07b6670-423e-422a-81d3-a4e8ea9356ff,parallel carbon,Carbon capture with hydrogen production developer,https://parallelcarbon.com/,"Manchester, UK",,,,,,,False,Not in Affinity
0ccb61b2-ec31-477d-beda-424840c73832,parallel systems,Autonomous battery-electric rail vehicle startup,https://www.parallel.systems/,"Culver City, CA",,,,,,,False,Not in Affinity
276d28f1-8038-4df2-a373-7f0bb220e073,parasail,AI deployment network provider,,"San Francisco, CA",,,,,,,False,Not in Affinity
9a5fa0c1-3f93-402f-b70a-80398824dad4,parcel perform,Delivery management platform and parcel tracking,https://www.parcelperform.com/,Singapore,,,,,,,False,Not in Affinity
faa9b98c-89e6-441f-9349-baf10ecf5d08,paren,"Harmonize data across EV charging, fleet management, and more",https://www.paren.com/,"San Francisco, CA",,,,,,,False,Not in Affinity
d7c2b847-eb8e-4068-b90e-5ec11c5bfd03,parity,Optimize building HVAC systems and usage,https://www.parity.com/,Canada,,,,,,,False,Not in Affinity
b7d12a64-7d3e-4eca-8084-fde33b555c4c,parsyl,Supply chain insurance business focused on perishable goods,https://www.parsyl.com/,Denver,,,,,,,False,Not in Affinity
91cc8e4d-f19f-464b-9230-c445e0e258f4,partanna,Carbon-negative building material startup,https://partanna.com/,Bahamas,,,,,,,False,Not in Affinity
2d398aa1-d050-40a6-8781-0ba4773afd20,partory,ESG compliance and procurement software for industry,,"Hradec Králové, Czechia",,,,,,,False,Not in Affinity
7847b61e-6274-4d7d-856d-602d53f5de1d,pascal,Developer of climate-friendly heat pumps,,"Cambridge, MA",,,,,,,False,Not in Affinity
d40ec514-8149-44e2-90ba-69c4a9a98fc1,passivelogic,Autonomous building platform,,"Holladay, Utah",,,,,,,False,Not in Affinity
1de7ea67-12c8-4720-ace6-7fa04726546b,patch,Platform for businesses to mitigate their carbon footprint,https://www.patch.io/,"San Francisco, CA",,,,,,,False,Not in Affinity
a9a7c112-8832-4342-b24b-c11b1cade26e,pathway,Live AI systems developer,https://www.pathway.ai/,"Menlo Park, CA",,,,,,,False,Not in Affinity
5cafa7aa-2006-47bf-b359-74bc3f30c0f1,pathway power,Renewable energy and battery storage developer,https://www.pathwaypower.com/,"San Diego, CA",,,,,,,False,Not in Affinity
29527881-ed4d-445e-955c-9a0cc4df7021,pathways,Tracking emissions associated with construction materials,https://www.pathways.com/,"New York, NY",,,,,,,False,Not in Affinity
ab9b1c3b-9516-4136-bd02-832341b0c998,pathzero,Helping companies decarbonize,,Australia,,,,,,,False,Not in Affinity
f5904036-7977-44d1-b304-8139a0771902,patriot battery materials,Lithium production business,,"Vancouver, Canada",,,,,,,False,Not in Affinity
9984095e-449a-4e84-85fd-4e174c686d01,patronus ai,Platform monitoring and evaluating efficiency of AI models,,"New York City, NY",,,,,,,False,Not in Affinity
e342c055-3812-4f1a-aa22-dec4475916bf,pattern energy,"Develops wind, solar, transmission, and energy storage projects",,San Francisco,,,,,,,False,Not in Affinity
1a5f77f8-6bf2-445e-a596-5dd8c874401d,pawco foods,Plant-based pet foods,,"San Francisco, CA",,,,,,,False,Not in Affinity
d720c6c7-8e36-46fa-8767-5ea8371e4ae9,paxafe,Cold chain logistics service,https://paxafe.com/,"Milwaukee, WI",,,,,,,False,Not in Affinity
b9c2dc98-5740-4353-8dc1-5350f66757d3,peak energy,Developer of energy storage technology,https://www.peakenergy.com/,"Denver, Colo.",,,,,,,False,Not in Affinity
9517579b-26a9-459e-bb60-28608d802e48,peakbridge,Invest in food and agriculture-tech companies,,Luxembourg,,,,,,,False,Not in Affinity
707ed28c-5291-49d5-8e2e-e915b2da60c4,pearl certification,Certifier of homes,https://www.pearlcertification.com/,"Charlottesville, VA",,,,,,,False,Not in Affinity
b95c4fac-7ef4-4c74-9eda-b2848ead73d1,pearlx,Provider of smart grid infrastructure systems,,"Charlottesville, VA",,,,,,,False,Not in Affinity
05b7a992-2e82-4950-bf2c-41b03d0b60a5,peaxy,Battery analytics platform,,"San Jose, CA",,,,,,,False,Not in Affinity
c3631546-83bf-436b-ad5d-90de0b0aac5f,pebble,Electric RV manufacturer,https://www.pebble.com/,"Sunnyvale, CA",,,,,,,False,Not in Affinity
32bb323e-bca1-4c6e-aaee-b85145c17fee,peelo,Developing beeswax wraps as plastic wrap alternatives,https://www.peelo.com/,Slovakia,,,,,,,False,Not in Affinity
8e5196da-5731-4742-888c-29d4b6d54089,pelican energy partners,Investing in nuclear energy services,https://pelicanenergy.com/,Houston,,,,,,,False,Not in Affinity
d2c79b46-af51-4180-b3cd-500f8c8d1ffb,pelico,"Supply chain orchestration platform for aerospace, defense, and energy sectors",,Miami,,,,,,,False,Not in Affinity
e6513915-f35a-46a5-b088-a7aa44a5edff,pelikan mobility,Lease and manage EV fleets,,Paris,,,,,,,False,Not in Affinity
03c6540a-75f9-4a08-afa0-39316a1fc1bf,pensa systems,Developer of autonomous perception systems,,"Austin, Texas",,,,,,,False,Not in Affinity
5320ea79-9004-47e8-8f1e-1491417f00de,percepto,Autonomous inspection and monitoring solution provider,,"Austin, Texas",,,,,,,False,Not in Affinity
bb7dfc73-e0c1-4db8-beb7-177ab9af0bd4,perceptual robotics,Company focused on autonomous wind turbine inspections,https://perceptualrobotics.com/,UK,,,,,,,False,Not in Affinity
3fa75c57-a2a4-4240-8c47-328fe7f3e1ce,perch energy,"Platform that connects solar power providers with homeowners, renters, and businesses",https://www.perchenergy.com/,"Boston, MA",,,,,,,False,Not in Affinity
d35cca68-cca9-4553-82f3-8c49499a8654,peregrine energy,Renewable energy and storage developer,,"Boulder, CO",,,,,,,False,Not in Affinity
50ec7d43-cff4-4190-b288-77a43b33355c,peregrine energy solutions,Utility-scale renewables and energy storage development,,"Boulder, Colorado",,,,,,,False,Not in Affinity
b973a1b4-603a-4913-912c-6fb3a636c8be,peregrine hydrogen,Green hydrogen and chemicals developer,,"Seattle, WA",,,,,,,False,Not in Affinity
a7f728ad-8215-43b9-81c4-ce1a4ea37141,perennial,"Soil carbon measurement, reporting, and verification platform",,"Boulder, CO",,,,,,,False,Not in Affinity
28c0fbfc-172b-4a6a-ab73-94791425e006,perfect day,Animal-free dairy developer,,"Berkeley, CA",,,,,,,False,Not in Affinity
fd2a1ac2-3953-446b-970d-025728d2c11f,perfeggt,Producer of plant-based egg products,,Germany,,,,,,,False,Not in Affinity
5f4403fd-afe8-4686-8f4b-f0e5c56e4b4c,performance livestock analytics,Precision livestock platform,,"Ames, Iowa",,,,,,,False,Not in Affinity
ed1d216c-2aaa-4a69-a6bd-77faf4b4f427,permiso,Cloud identity detection and response for cloud infrastructures,,"Palo Alto, CA",,,,,,,False,Not in Affinity
3d446d14-ec37-46ac-aeb3-550a0af0f08e,permitflow,Construction permitting workflow and automation software provider,https://www.permitflow.com/,"San Jose, CA",,,,,,,False,Not in Affinity
48c53a05-a5a6-4227-8b04-d0191661ae7d,perry weather,Weather monitoring software,https://www.perryweather.com/,Dallas,,,,,,,False,Not in Affinity
a72bc9c2-db1d-4b92-917f-ee7cd6bab152,persana ai,AI agents and data integration platform for sales teams,https://www.persana.ai/,"San Francisco, CA",,,,,,,False,Not in Affinity
64f30d8b-4a3c-4c88-a2fb-d169cda17103,persefoni,Software and data company focused on sustainability,https://www.persefoni.com/,"Tempe, AZ",,,,,,,False,Not in Affinity
b5712df0-5fde-41e4-a258-5d71269d9612,pess energy,Mobile battery energy storage provider,https://pessenergy.com/,"Marseille, France",,,,,,,False,Not in Affinity
90d5bf1b-d843-427c-8c62-900a89653b02,petra,Tunnel-boring robotics startup for laying utility cables underground,,"San Francisco, CA",,,,,,,False,Not in Affinity
6e0e4d29-412b-411f-a9e4-b63a63872b0f,pexapark,"Market intelligence, software, and advisory services for renewable energy",https://www.pexapark.com/,"Zurich, Switzerland",,,,,,,False,Not in Affinity
20bf0a2c-07c4-416d-a3f3-349a27fa3040,pfx biotech,Precision fermentation process,https://www.pfxbiotech.com/,Portugal,,,,,,,False,Not in Affinity
f0cc0bdc-9b76-49f7-a23e-d821f0db3b7e,pgedge,Edge database platform,https://www.pgedge.com/,"Alexandria, VA",,,,,,,False,Not in Affinity
3878fbe1-dc1f-4d60-abdd-d459afc87ff4,phagelab,Bacteriophage-based biotech solutions developer,,"Santiago, Chile",,,,,,,False,Not in Affinity
c03bd579-1dc1-4acc-b7ca-dbf6662508d0,phaidra,Control systems to optimize the performance of industrial facilities and data centers,https://www.phaidra.com/,Seattle,,,,,,,False,Not in Affinity
043fbafb-628a-4e2b-90f0-cf6fa3dffd62,phantm,Plastic reduction software platform,https://www.phantm.com/,"Richmond, Australia",,,,,,,False,Not in Affinity
7af8de5f-8050-456c-b8f0-0098ce9cfcf2,phantom ai,Autonomous driving platform developer,https://www.phantom.ai/,"Burlingame, CA",,,,,,,False,Not in Affinity
56a8960e-821c-4a85-97db-54c9e6e761c9,phasetree,AI-powered simulation platform for sustainable material discovery,,"Copenhagen, Denmark",,,,,,,False,Not in Affinity
df747612-825d-4691-956a-8489136e7085,phelas,Liquid Air Energy Storage (LAES) systems technology developer,https://phelas.com/,"Munich, Germany",,,,,,,False,Not in Affinity
8adf8f40-d0ac-40a2-9a9c-3ff9a0e17e06,phlair,Direct air capture technology,https://www.phlair.com/,"Munich, Germany",,,,,,,False,Not in Affinity
3aaa2cb3-5806-4123-969e-02f37aa4d496,phnx materials,Coal ash recycling and material recovery service,,"Palo Alto, CA",,,,,,,False,Not in Affinity
70ec7505-e4f9-45b3-b68c-bfbaf2e02f3e,phnxx,Microgrid developer,,"Melbourne, Australia",,,,,,,False,Not in Affinity
d210a4bd-3768-4edb-8bc6-d0a70a290b90,phoenix tailings,Recycle rare earths from mining waste,https://phoenixtailings.com/,"Woburn, MA",,,,,,,False,Not in Affinity
610aa382-e6d0-4886-810b-f7eaab42d5f3,phood,Platform harnessing AI to reduce food waste,https://www.phood.com/,"New York City, NY",,,,,,,False,Not in Affinity
1ce9cded-3dba-4784-9193-e9386e33141a,phool,Startup using floral waste for organic fertilizer,https://www.phool.co/,India,,,,,,,False,Not in Affinity
7ffd2852-55ad-4efb-ba7f-abee96de27c4,phospholutions,Sustainable fertilizer startup,https://www.phospholutions.com/,"State College, Penn.",,,,,,,False,Not in Affinity
862c67e3-6f4c-4613-9b98-aa49e4cf6f7a,photon marine,Electric outboard motors manufacturer,,"Portland, OR",,,,,,,False,Not in Affinity
2a631068-8e22-4012-b29a-9b5a7f8173f7,Photoncycle,Residential energy storage systems platform,photoncycle.com,"Oslo, Norway",,,,,,,False,289796006
8ff86fd7-828a-4b95-a295-04e3167dacd4,phuc sinh corp,Deforestation-free supply chain,,Vietnam,,,,,,,False,
32205748-1ced-4d34-9401-6101e907f35e,Phytoform,Startup using genome editing technology to improve crops,phytoform.net,"UK and Boston, MA",,,,,,,False,291772086
3afcc39e-1f25-403d-8aba-218de1cf6a82,Piatrika Biosystems,Platform that brings sustainable seeds and agro-chemicals to market,piatrika.com,India,,,,,,,False,281063300
06397846-6af4-461c-9ae4-c808b454b559,Pickle Robots,Physical AI robotic automation systems developer,picklerobot.com,"Cambridge, MA",,,,,,,False,222056554
b48492c0-5642-4c02-968c-b75df87ac6e2,Piclo,Marketplace for energy flexibility services,piclo.energy,"London, United Kingdom",58.0,-24.68,Series B,8300000.0,Japan Energy Fund,James Johnston (CEO and Co-founder): https://linkedin.com/in/jamesjohnston53,True,1674912
08688b32-6349-4cb9-ba08-3750832febd8,piclo energy,Energy flexibility trading platform,https://www.piclo.energy/,London,,,,,,,False,
95142c73-f9c6-4fdb-93ae-2b38f45e41ac,Pico MES,Factory and machinery control software company,picomes.com,"Brentwood, Tennessee",28.0,-15.15,Series A,12350000.0,Lemnos Labs,Zac Nelson (Co-Founder and Head of Integrations): https://linkedin.com/in/zac-nelson,True,225098540
a7bf380f-1e4c-4365-bea2-cba7740429aa,Picterra,Geospatial software organization enabling users to extract satellite and drone imaging insights,picterra.ch,Switzerland,,,,,,,False,162559035
2f39d44b-f538-417a-af39-04e00bfdd0b9,Pigment,Business planning and forecasting software maker,gopigment.com,"Paris, France",507.0,18.74,Series C,88000000.0,FirstMark,Lailani Martin (Chief Executive Officer): https://linkedin.com/in/lailani-martin-2a171315b,True,263259188
c11cecec-2330-4303-9876-498b5dcb0bf0,Pigmentum,Producer of plant-based food components,pigmentum.com.br,"Qiryat Shmona, Israel",,,,,,,False,296006775
7ad0cad1-f2a5-445f-aeb5-b4de4d5a9980,Pili,Sustainable dyes and pigments producer,pili.bio,"Toulouse, France",,,,,,,False,1795350
e5ec8bbc-4946-4892-81b5-6f10e2535863,Pillar VC,Investing in breakthrough science,pillar.vc,"Boston, Massachusetts",38.0,8.57,Investment Fund,175000000.0,,,True,17016153
86cbc7b7-647f-4152-a117-e53de96f7991,Pina Earth,Online carbon credits platform for European forest owners,pina.earth,"Starnberg, Germany",18.0,-5.26,Seed,2500000.0,Nordstar,,True,291802632
4f6ec6f0-6fea-4e39-98f7-082566795f5a,Pine Gate Renewables,Developer and owner of solar and energy storage projects,pinegaterenewables.com,"Charlotte, North Carolina",426.0,10.0,Other,650000000.0,HESTA,Ben Catt (Chief Executive Officer): https://linkedin.com/in/ben-catt-90081229,True,263196623
2e3accae-29a1-48c6-bd1c-8ed019be48f0,Pioneer Hi-Bred,AI-powered climate grants discovery platform,pioneer.com,"San Francisco, CA",,,,,,,False,1536329
33f62cb8-a445-4333-9792-451d0935a87c,PIONIX,Open source EV charging provider,pionix.de,"Bad Schönborn, Germany",3.0,,,,,Cornelius Claussen (Co-Founder and CTO): https://linkedin.com/in/cornelius-claussen-b910b4164,True,282847961
89d922d4-61ed-40ed-a9c3-6216d7aadb04,Pipefy,Workflow management software,pipefy.com,"San Francisco, California",450.0,-14.12,Series C,75000000.0,Redpoint eventures,Cassar Andrew (Co-founder & CTO): https://linkedin.com/in/cassar-andrew-4b0a951b9,True,1742851
1df2dd06-b72f-40a9-b25d-2920b8463f60,pique action,Climate solutions media company,,"Los Angeles, CA",,,,,,,False,
5512342c-6687-4bd6-9ad5-bfc4e0f34c80,Pitchdrive,Targeting European early-stage startups,pitchdrive.com,"Antwerp, Belgium",17.0,-5.56,Investment Fund,43078800.0,,Koen Christiaens (Co-founder and Managing Partner): https://linkedin.com/in/koenchristiaens,True,224658189
d322b631-14fe-4403-8be6-443f9caddefb,pivot bio,Using microbes to replace synthetic fertilizer,https://pivotbio.com/,"Berkeley, CA",,,,,,,False,Not in Affinity
6a643c00-a187-41ff-84b5-ac59c9ac44d1,pivot energy,Solar developer,,"Denver, CO",,,,,,,False,Not in Affinity
4a462ea6-c9ac-4649-91d0-117acf10427b,pixaera,Game-based learning platform,https://pixaera.com/,"London, UK",,,,,,,False,Not in Affinity
c7e78238-cfd2-41f2-96b6-edf86b42035c,pixel photonics,Single-photon detectors,https://www.pixelphotonics.com/,"Munster, Germany",,,,,,,False,Not in Affinity
2575a0bf-ab56-4305-99a7-0388d4154e94,pixie labs,Observe and troubleshoot application’s performance,,San Francisco,,,,,,,False,Not in Affinity
f91fa42e-92f2-4634-850c-c74a8b4c5341,pixxel,Build a constellation of hyperspectral imaging satellites for Earth observation data,https://pixxel.space/,India,,,,,,,False,Not in Affinity
3500964b-d5a6-45a3-afb4-a12174d00ee6,placer.ai,Foot traffic and location analytics startup,https://www.placer.ai/,"Los Altos, CA",,,,,,,False,Not in Affinity
29e78247-9f68-4eff-88a4-367f985667c6,plagazi,Green hydrogen developer,,"Gothenburg, Sweden",,,,,,,False,Not in Affinity
4af8220a-b473-411b-9e3c-162807a2d71e,plan a,Platform for corporate carbon footprint tracking and reporting,https://plana.earth/,"Berlin, Germany",,,,,,,False,Not in Affinity
e96a09ab-54f0-4f49-8348-0c66f0ab766b,planckian,Quantum batteries developer,,"Pisa, Italy",,,,,,,False,Not in Affinity
67103bba-45b4-4464-ba36-5aaccb219c30,planet a foods,"Sustainable, cocoa-free chocolate using plant-based ingredients",,"Munich, Germany",,,,,,,False,Not in Affinity
d6fa007c-3efe-484f-acec-69e7b1b073bf,planet farms,Vertical farming developer,https://www.planetfarms.com/,"Milan, Italy",,,,,,,False,Not in Affinity
56ff385b-5701-4061-8d19-6ec01368c572,planet fwd,Maker of moonshot snacks from regenerative materials,https://planetfwd.com/,"San Francisco, CA",,,,,,,False,Not in Affinity
e8552948-7c2a-44bb-a385-97105a55e4c7,planetarians,"Maker of whole-cut, plant-based protein",,"San Francisco, CA",,,,,,,False,Not in Affinity
dc2aab28-3865-46d5-9380-daf4919548c6,planetary sa,Food ingredients made via fermentation,,"Cologny, Switzerland",,,,,,,False,Not in Affinity
01d6a587-8b53-497f-8813-2a89ccb68000,planetary technologies,Ocean-based carbon removal technology,,"Nova Scotia, Canada",,,,,,,False,Not in Affinity
eab17cd0-fcd3-4196-be29-0a8697dca836,planeteer capital,First-time venture fund for climate tech startups,,New York,,,,,,,False,Not in Affinity
38951711-90cc-4756-be4c-8e0b998cca31,planetwatchers,Crop monitoring startup,,England,,,,,,,False,Not in Affinity
1ca5ba34-7b72-41e4-b2e9-5ffc6e37233e,planqc,Use quantum computing to build better EVs batteries,,"Munich, Germany",,,,,,,False,Not in Affinity
df87f58a-2cfc-4f92-b5b1-3178f4f10a02,plant alternative,Startup that makes plant-based Indian ready meals,,"London, UK",,,,,,,False,Not in Affinity
1479ef19-cf23-45cf-bbf2-409dfc1afb51,plant cartridge,Agritech company offering sustainable agriculture solutions,,Kuala Lumpur,,,,,,,False,Not in Affinity
411dbbe6-e213-482b-a5f4-06e0840e9705,plant prefab,Custom home builder using sustainable design,https://plantprefab.com/,"Rialto, CA",,,,,,,False,Not in Affinity
00abdf49-5ba8-44c0-9b76-a2de5b769613,plant-ex ingredients,Developer of plant-based ingredients,https://plant-ex.com/,"Avonmouth, U.K.",,,,,,,False,Not in Affinity
53c628c0-d4da-476b-8ddd-57e14aa69952,plantd,Maker of carbon-negative building materials from renewable grass,,"Durham, NC",,,,,,,False,Not in Affinity
f1ebec3f-5da8-4053-a634-ccb3827245b2,planted,Alternative protein company,https://www.planted.ch/,Switzerland,,,,,,,False,Not in Affinity
3fce7675-998c-4e5e-bfda-3a8d216367c0,planted solar,Solutions for solar deployment,https://plantedsolar.com/,"Los Altos, CA, U.S.",,,,,,,False,Not in Affinity
b66502a1-c222-428e-be9e-2fbf4f8535bc,plantible foods,Producing a plant-based duckweed protein,https://www.plantiblefoods.com/,"San Marcos, CA",,,,,,,False,Not in Affinity
3bc07b63-efc7-4175-bb43-f69c2eb9cdd2,plantish,Alternative seafood startup,https://www.plantish.com/,"Rehovot, Israel",,,,,,,False,Not in Affinity
15bd6ac2-dff1-43ec-a180-aca5afad6c0a,plantix,Platform that drives efficient agricultural production,,Germany,,,,,,,False,Not in Affinity
bfc77cb2-d4dc-4d5d-aea3-d00de56b23d2,plantswitch,Technology that converts cellulosic waste into compostable plastic resin alternatives,,"Sanford, NC",,,,,,,False,Not in Affinity
3271d1f3-94ee-4153-9ae4-2b9107bb2d74,platform science,Trucking software maker,https://platformscience.com/,"La Jolla, CA",,,,,,,False,Not in Affinity
e52e0742-d013-4560-9c70-2efa3758871a,pledge,Carbon measurement and removal API company,,London,,,,,,,False,Not in Affinity
b870e84b-0b87-4991-882f-8ede5875a3e6,pleevi,AI-enabled EV charging technology,,"Brussels, Belgium",,,,,,,False,Not in Affinity
7d234145-ccfb-49e4-9590-d99f06993eb1,plenty,Indoor vertical farming technology company,,"San Francisco, CA",,,,,,,False,Not in Affinity
7c21bb2f-04a7-4196-b5de-cfe3ca7d83c2,plenty unlimited,Farming startup,,South San Francisco,,,,,,,False,Not in Affinity
0f55df76-a360-470c-a37c-971c960d59cf,plexigrid,AI energy consumption software platform,https://plexigrid.com/,"Gijon, Spain and Stockholm, Sweden",,,,,,,False,Not in Affinity
72affb20-35d3-4e71-8b2d-a03cbb4c6576,plonts,Make plant-based foods,https://www.plonts.com/,"Oakland, CA",,,,,,,False,Not in Affinity
eb5f408a-4865-4743-aec2-7d719863d63b,plotlogic,Startup using hyperspectral imaging for more efficient mining,https://plotlogic.com/,Australia,,,,,,,False,Not in Affinity
d9326dbd-cf60-4f90-a16b-c3f4e787df0a,plug,EV wholesale auction platform,https://www.plug.com/,"Santa Monica, CA",,,,,,,False,Not in Affinity
5ea61823-82af-4cbd-aa2e-81f3f6fc4f93,plural energy,Investing platform for clean energy assets,,"San Francisco, CA",,,,,,,False,Not in Affinity
06bd219b-b80e-49da-b095-f55bbb1b11c7,plus one robotics,Robotic parcel handling software and solutions provider,https://plusonerobotics.com/,"San Antonio, TX",,,,,,,False,Not in Affinity
57f5b693-ec27-40cd-a6cb-2fa36eee5f00,pluton biosciences,Microbes for carbon sequestration developer,,"Saint Louis, MO",,,,,,,False,Not in Affinity
53fba633-40ef-4cfd-a8bb-00dc8d4778ef,plutoshift,Provider of data intelligence for industrial processes,,"Palo Alto, CA and Denver, CO",,,,,,,False,Not in Affinity
b052f03b-4b32-4a2b-8041-dcceca6a72b3,pluvion,Build SaaS to monitor and optimize wastewater infrastructure,,"Freiburg, Germany",,,,,,,False,Not in Affinity
631085e3-3353-4d40-8aac-67cf81bd6f61,poa internet,Affordable internet access provider,,"Nairobi, Kenya",,,,,,,False,Not in Affinity
d57097cd-7fff-4253-939a-5b6fe417acd1,pod foods,Grocery supply chain software company,https://www.podfoods.com/,"San Francisco, CA",,,,,,,False,Not in Affinity
c8114e54-dc88-4e63-a4ae-5c3b02c0e43f,podero,Smart energy management platform,https://podero.com/,"Vienna, Austria",,,,,,,False,Not in Affinity
0c101dd4-10f8-4a79-abd0-9a0e31e400df,podfather,Fleet management software solutions,https://www.podfather.com/,Edinburgh,,,,,,,False,Not in Affinity
b7b65d46-906a-43f2-ad94-70083eda37c2,pointo,EV ecosystem for 2 and 3 wheelers,,"Kolkata, India",,,,,,,False,Not in Affinity
04db814e-b643-4c96-adcf-13e2e2e80a31,polarium energy solutions,Develop batteries for residential and industrial markets,https://www.polarium.com/,Stockholm,,,,,,,False,Not in Affinity
232da96c-5293-4fe2-8cb0-98524b4604cb,polestar,Electric car company owned by Volvo,https://www.polestar.com/,"Göteborg, Sweden",,,,,,,False,Not in Affinity
700bf1ae-4f95-4c1e-bcde-e9929473575c,polestar capital,Debt fund to finance e-mobility and logistics,,Amsterdam,,,,,,,False,Not in Affinity
5243209e-3486-41e5-a33e-d53098dad823,pollination,Invest in climate and nature tech startups,https://pollinationgroup.com/,"London, U.K.",,,,,,,False,Not in Affinity
ef4dccfc-3c84-451c-9e49-7a7dbe2d33a6,polycarbin,Resource management platform for single-use plastics,,"Los Angeles, CA",,,,,,,False,Not in Affinity
c3c498c1-b3ae-4aa8-bd80-a11db042d15f,polymateria,Biodegradable fugitive plastics company,,"London, UK",,,,,,,False,Not in Affinity
8df7f65d-3eb0-4114-ab1e-66e67473f92a,polysense,AI-powered waste-reducing technology,,Belgium,,,,,,,False,Not in Affinity
f58f59a8-4b39-445e-beae-1335ab2be7d2,polystyvert,Build its first commercial plant to recycle contaminated polystyrene waste,,"Montreal, Canada",,,,,,,False,Not in Affinity
97268d03-ad0d-4a11-a0ad-9ae5031f33d6,pony ai,Autonomous vehicle systems developer,,"Guangzhou, China",,,,,,,False,Not in Affinity
a4348144-8e89-4d55-a749-0ccee758279b,populus,Transportation data platform helping cities manage fleet services,https://populus.ai/,"San Francisco, CA",,,,,,,False,Not in Affinity
52bf5dc3-bca0-45ec-81a6-77dee2c84100,portcast,Shipping and logistics efficiency software,https://portcast.io/,Singapore,,,,,,,False,Not in Affinity
40d5179a-9282-410f-9250-6d4ad00d4db1,porter road,Sustainability-focused animal butcher,,"Nashville, TN",,,,,,,False,Not in Affinity
4edfd126-f2d9-49e7-b682-4af12ec33fa9,portpro,Transportation management software company,https://portpro.io/,Jersey City,,,,,,,False,Not in Affinity
c301021e-3209-4313-b706-2c9a10d84ce3,portside,Maker of software for aviation industry players,,"San Francisco, CA",,,,,,,False,Not in Affinity
8818bcd2-8b42-4109-ad1f-4cd6711b4745,poseidon ocean system,Salmon farming technologies,,"Vancouver Island, Canada",,,,,,,False,Not in Affinity
076ea7c6-5e6f-4f33-b861-27f6beee04b8,poseidon ocean systems,Aquaculture technology platform,,"Campbell River, Canada",,,,,,,False,Not in Affinity
6ce65712-09d7-49ed-8f89-e8d8057148a2,poseidona,Seaweed-based protein production platform,,"Barcelona, Spain",,,,,,,False,Not in Affinity
ffcd2725-5c7e-46e4-8ea0-fe842bfad787,poshn,Food supply chain emissions monitoring platform,,"Dwarka, India",,,,,,,False,Not in Affinity
f36344ab-f7c5-460c-ae52-ebdbf4eedfee,posigen,Provider of renewable energy and efficiency solutions for households,https://posigen.com/,"Metairie, LA",,,,,,,False,Not in Affinity
0412655d-9211-47e3-908c-12359234c0b4,positron,Developer of energy-efficient chips and systems,,"Reno, NV",,,,,,,False,Not in Affinity
19314a18-63e4-4f68-917c-c81bfa1fbd27,post script media,Climate-focused podcasting company,,"Boston, MA",,,,,,,False,Not in Affinity
98735103-024b-43d3-ab14-b6983dcd0413,power to hydrogen,Clean energy technology company,,"Columbus, OH",,,,,,,False,Not in Affinity
a753ffb0-4656-4fb1-991d-93b786a9d88b,power2x,Hydrogen project developer,,"Amsterdam, Netherlands",,,,,,,False,Not in Affinity
221d7d10-7838-48b1-bbde-2569db42cc32,powerdot,EV charging infrastructure operator,https://www.powerdot.com/,"Lisbon, Portugal",,,,,,,False,Not in Affinity
a147a75d-df8e-4569-9b70-bc5609edf3c0,powerflex systems,"Provider of C&I solar, storage, and EV charging solutions",,,,,,,,,False,Not in Affinity
c471aeee-54fa-450e-b034-712c4b13d5b7,powerpollen,Pollination improvement startup focused on enhancing agricultural productivity,https://www.powerpollen.com/,"Ankeny, IA",,,,,,,False,Not in Affinity
7a7cde5e-75ec-419f-8f1a-ca466fb53d72,powertech water,Developer of water treatment technologies,,"Lexington, KY",,,,,,,False,Not in Affinity
d4774c4e-0219-466b-8fcf-0271acc86efb,powerx,EV charger and energy management technologies,https://powerx.com/,"Brooklyn, NY",,,,,,,False,Not in Affinity
5ee90f91-f346-461b-83e6-3c5d832caa4f,powin,Build battery projects,,"Portland, OR",,,,,,,False,Not in Affinity
b50035a7-970a-40fe-98e9-a0f14c0b61cd,powin energy,Integrated battery energy storage developer,,"Portland, OR",,,,,,,False,Not in Affinity
7416a240-3fca-42b8-bcd6-da488a751321,praan,Provider of outdoor air purification systems,,India,,,,,,,False,Not in Affinity
7bd2ceb2-4d04-4611-b61f-f4da56953bef,prakriti e-mobility,EV cab service provider,,India,,,,,,,False,Not in Affinity
e173b3d5-27f4-4430-b6d8-4df54960818f,predicthq,Demand intelligence company,,New Zealand,,,,,,,False,Not in Affinity
c8a43d16-1c00-4f33-a6e6-7d4a2b82fe68,predium,ESG management software for real estate and finance,https://predium.com/,"Munich, Germany",,,,,,,False,Not in Affinity
d6c17d89-481c-41c7-8423-00bfa5ff3e96,prefer,Coffee bean-free coffee,,Singapore,,,,,,,False,Not in Affinity
733f540f-f604-4c32-b1bb-00da15ebb0a6,pretred,Startup recycling tires into sustainable construction materials,,"Lakewood, CO",,,,,,,False,Not in Affinity
d058bd0e-0cc8-4582-aaed-63f4dea70f25,previsico,Flood risk management platform,https://previsico.com/,"Loughborough, UK",,,,,,,False,Not in Affinity
5626d97a-7383-48d0-ad9b-de254821106d,prewave,"Sustainability, risk, and compliance platform for supply chains",https://prewave.com/,"Vienna, Austria",,,,,,,False,Not in Affinity
777acc2c-b3ca-498b-b7fd-f063f0a8fc99,prime movers lab,Investment firm investing in deep tech companies,,"Wyoming, WY",,,,,,,False,Not in Affinity
18fc5e3a-7c26-4422-bf32-cb7418631b95,primergy,Renewable energy developer,,"Oakland, CA",,,,,,,False,Not in Affinity
488d5c4a-fc14-4b7c-bd07-cd5ea1458b9b,primergy solar,Expanding solar and storage project portfolio,https://primergysolar.com/,Oakland,,,,,,,False,Not in Affinity
5060e1dd-f198-40c9-83e0-4923cb08b47e,princeton nuenergy,Lithium-ion battery recycling platform,,"Bordentown, NJ, U.S.",,,,,,,False,Not in Affinity
1d98b4d0-ef1c-4de0-a2f2-1d24486534ae,priority power,Energy services provider,,"Arlington, TX",,,,,,,False,Not in Affinity
94edbadf-c6b1-49a2-a453-3a3db7e0b262,prism worldwide,Tire recycling business,,"Kirkland, WA",,,,,,,False,Not in Affinity
7205144c-fd1c-487e-97b8-02659ec911c9,prisma,Open-source database toolkit for developers,https://www.prisma.io/, ,,,,,,,False,Not in Affinity
d2de832d-22e9-4fa7-bb5c-3a55ecc9101f,prisma photonics,Startup using AI to monitor and manage large scale infrastructure,,"Tel Aviv, Israel",,,,,,,False,Not in Affinity
354eee70-205e-46bd-a5e7-10d79589c961,producepay,"Financing, analytics, and marketplace startup for the fresh produce market",,"Los Angeles, CA",,,,,,,False,Not in Affinity
7d71c1cd-852a-46e6-bdf3-1645d9c87105,profluent,AI-driven protein design platform,https://profluent.com/,"Berkeley, CA",,,,,,,False,Not in Affinity
5618d389-3726-429e-8828-e38c511f9fe0,project 3 mobility,Autonomous electric vehicle developer,,"Zagreb, Croatia",,,,,,,False,Not in Affinity
ecbc712b-0942-4b99-b04f-2466ca8b37a7,project canary,"Provider of emissions monitoring and ESG data for the energy, manufacturing and waste management sectors",,"Denver, CO",,,,,,,False,Not in Affinity
4cdb4d63-e2df-4a0b-9ffe-61b4f7356865,project eaden,Fiber-spinning process for alternative meat products,https://www.projecteaden.com/,Germany,,,,,,,False,Not in Affinity
dc13faa2-1653-41f5-8321-421cc0767fd3,project innerspace,Non-profit geothermal energy organization,,,,,,,,,False,Not in Affinity
270e2265-e437-427a-b032-0f88452d2bd1,project solar,E-commerce brand for solar installations,https://projectsolar.com/,"Lehi, UT",,,,,,,False,Not in Affinity
f6db5468-2e6d-4d87-be1c-df62b9f5a74a,prolific machines,Photomolecular biology platform that uses light to make proteins,https://www.prolificmachines.com/,"San Francisco, CA",,,,,,,False,Not in Affinity
9151deac-9f2d-4f83-9b93-8f72571fd70c,prologium technology,Lithium battery cell maker,https://www.prologium.com/,Taiwan,,,,,,,False,Not in Affinity
9dfefb56-21d7-49ef-881a-ddbe615b2fe2,promethean particles,Advanced nanomaterials for carbon capture and storage,,"Nottingham, U.K.",,,,,,,False,Not in Affinity
9162c31a-fe79-4b73-811b-c45e0c235831,prometheus materials,Zero-carbon building materials provider,,"Boulder, Colo.",,,,,,,False,Not in Affinity
754b1f7d-ed3e-4f77-b47f-bea0f57657fe,propagate ventures,Agroforestry project development and investments platform,https://propagateventures.com/,"Denver, CO",,,,,,,False,Not in Affinity
fd5e4533-b1b7-4506-a486-23d85e779d03,propelo,Engineering analytics and automation company,,"San Francisco, CA",,,,,,,False,Not in Affinity
4d2208ba-750b-4a78-a298-bb86b8935d05,prophecy,Low-code data engineering platform,https://www.prophecy.io/,"Palo Alto, Calif.",,,,,,,False,Not in Affinity
9d03fd5d-725d-4844-93f9-0218987a03e2,prosperops,Autonomous cloud cost optimization platform,,"Austin, U.S.",,,,,,,False,Not in Affinity
2bf7491c-ef8e-4440-9441-0286aa69dc54,protealis,Soy seed coating technology,https://www.protealis.com/,Ghent,,,,,,,False,Not in Affinity
165036d3-0301-41cd-b917-240e7ec4e3ee,protein evolution,Carbon reduction climate tech startup,,"New Haven, Conn.",,,,,,,False,Not in Affinity
bab779d2-ae2e-45c7-8df1-9cc28f6b17d8,proteindistillery,Plant-based food platform,https://www.proteindistillery.com/,"Ostfildern, Germany",,,,,,,False,Not in Affinity
550bc92f-efa0-4179-b6a2-8be1edf561ae,protera,Developing new proteins for sustainable solutions,,"Santiago, Chile",,,,,,,False,Not in Affinity
b2ec53db-ae32-4afb-8520-f8907a593b80,proterra,Maker of electric buses,https://www.proterra.com/,"Burlingame, CA",,,,,,,False,Not in Affinity
162be635-b397-4451-a1e9-10f1d4ca5c00,protix,Insect-based animal feed company,https://www.protix.eu/,"Dongen, Netherlands",,,,,,,False,Not in Affinity
4807b5b2-0532-4386-ac45-005e7eef358e,protix biosystems,Insect-based animal feed developer,,"Dongen, Netherlands",,,,,,,False,Not in Affinity
e2ab8cd9-b46a-459c-aead-697d62241a9f,provectus algae,Sustainable bio manufacturing platform,,Australia,,,,,,,False,Not in Affinity
623a8741-05c8-4925-9f22-13abc6eb541b,provenance,Startup digitally verifying corporate sustainability claims,https://provenance.org/,UK,,,,,,,False,Not in Affinity
811aa0e2-b32c-49a5-a426-7684ed149dae,provivi,Emerging crop protection company,https://www.provivi.com/,"Santa Monica, CA",,,,,,,False,Not in Affinity
f071ffb8-5285-4d5e-8f68-db446cb0d569,proxima fusion,Developing fusion power plants designed to provide emission-free energy,https://www.proximafusion.com/,"Munich, Germany",,,,,,,False,Not in Affinity
762e7d56-0be5-42ca-b31c-24543836fefc,proximie,Digitizing operating and diagnostic rooms,https://proximie.com/,"London, U.K.",,,,,,,False,Not in Affinity
4bb09a4b-dcc6-4291-a3ed-b4216304a9b6,prozeal infra,Solar EPC company,,"Ahmedabad, India",,,,,,,False,Not in Affinity
75b19127-aafa-43fd-aeef-5443714a63c9,pry financials,The financial modeling tool for startups,https://www.pry.fi/,"San Francisco, CA",,,,,,,False,Not in Affinity
a1dfe5e7-e9e0-43c6-91f8-c093ecd2a4e1,pryme,Circular recycling for plastics company,,"Rotterdam, Netherlands",,,,,,,False,Not in Affinity
95fcc754-8016-4805-90e0-90620996a385,prȇts,Help homeowners finance home electrification and decarbonization upgrades,,"Amsterdam, Netherlands",,,,,,,False,Not in Affinity
ee26782a-c1bc-4c86-ab65-8b6799307b73,psiquantum,Quantum computing firm,https://psiquantum.com/,"Palo Alto, CA",,,,,,,False,Not in Affinity
961a87d9-bd4b-400d-b4d7-985600b59712,PteroDynamics,Configurable VTOL aircraft manufacturer,pterodynamics.com,"Colorado Springs, CO",,,,,,,False,162563075
f7713f63-90e7-4ff0-855c-89c8148e227e,Pula,Agricultural insurance and digital solutions,pula.shop,"Nairobi, Kenya",,,,,,,False,138206305
aceec97d-c526-4801-96db-493f1de2336a,Puloli,IoT methane monitoring technologies,puloli.com,"San Francisco, California",17.0,54.55,Other,,Artemis Energy Partners,Kethees Ketheesan (CEO & Co-founder): https://linkedin.com/in/ketheesan,True,100245759
89411817-f994-4c76-9f33-80a98770b23f,PulPac,Sustainable packaging solutions,pulpac.com,Sweden,,,,,,,False,224990383
7924b20b-b274-4c1a-968e-4f73abb84815,Pulse Clean Energy,Energy storage and grid stability facilities developer,pulsecleanenergy.com,"London, UK",,,,,,,False,287416986
b11a59d7-0020-4ef2-b0f0-0038ec953d10,pulse crop genetic improvement network,Develop more pest and disease-resilient legumes,,"Norwich, U.K.",,,,,,,False,
e3b33dfa-c711-4181-9a3f-814f28f98235,pulsESG,ESG software as a service platform,pulsesg.com,"San Francisco, California",32.0,10.0,Seed,10000000.0,Alberto Cribiore,Murat Sönmez (Co-founder & CEO): https://linkedin.com/in/murat-s%C3%B6nmez-5a68a716,True,283738704
cc309c89-4e5e-45f3-b146-d9cd0ca6deb7,Pulsetrain,Electric vehicle battery management solutions developer,pulsetrain.com,"Munich, Germany",,,,,,,False,300543158
a0d91bf5-93f3-46d1-9395-e18f672b9dc0,Pure EV,Electric vehicle and battery manufacturing platform,pureev.in,"Sangareddy, India",,,,,,,False,223148172
792ea69e-0a15-4259-aafb-13553f36916b,Pure Harvest Smart Farms,Technology-enhanced greenhouses,pureharvest.ae,Middle East,,,,,,,False,111635487
672cc20d-62c3-407d-bcdc-7281ed842913,pure lithium,Develop lithium extraction technology,,"Boston, MA",,,,,,,False,
ec5ff9cf-85c1-4fa8-87bf-a41ea52635d1,Pure Watercraft,Manufacturer of electric motors for boats,purewatercraft.com,"Seattle, WA",,,,,,,False,1585982
51f4e948-3a81-4596-9bab-30a161121697,PuriFire Energy,Turn wastewater into green hydrogen and methanol,purifire.com,"Cambridge, UK",,,,,,,False,298286898
aaa435a6-6ded-40a4-9b0a-71e9d378a25e,purpose green,Decarbonization consulting company for building owners,,"Berlin, Germany",,,,,,,False,
134f9786-753a-4efc-be13-f68a301b13b0,P.U.S.H Security Services,SaaS security company,pushsecurityservices.com,"London, UK",,,,,,,False,304528164
d8b7311d-84de-449a-99c4-6de118f2d031,PVcase,Solar project design software company,pvcase.com,"Vilnius, Lithuania",269.0,1.51,Series B,100000000.0,Practica Capital,Adam Pazarauskas (Co-founder & Chief Product Officer): https://linkedin.com/in/adomaspazarauskas,True,202529940
8a6d7972-e94f-4b78-a1ba-de8673b6c75c,Pyka,Electric autonomous aviation startup,flypyka.com,"Alameda, California",71.0,2.9,Series B,40000000.0,Obvious Ventures,Kyle Moore (Co-Founder): https://linkedin.com/in/kyle-moore-1485536a,True,129730334
432a91fd-090f-4bce-90da-b21d26383551,PYN,Workplace communication software platform,pyninc.org,Australia,,,,,,,False,220301167
76e1df76-eb6b-42f9-86c5-75b204c7b62e,pyrpose,Climate finance platform,pyrpose.io,"Geneva, Switzerland",,,,,,,False,286511307
364475ee-6cbe-4cc1-acfc-5b37f3b2e688,Q CELLS,Energy storage systems software provider,q-cells.de,"San Francisco, CA",,,,,,,False,279156334
c7637510-05f8-4376-9037-a75bbab7c8cd,Q-CTRL,Quantum infrastructure software company,q-ctrl.com,Australia,,,,,,,False,136383071
b9b840ed-f473-4234-9a9c-4f964526a6c7,Q5D,Robotic systems for wiring harness assembly,q5d.com,"Bristol, U.K.",,,,,,,False,291934061
ee7ea84c-4349-44bc-a756-4894902209fe,QAPTIS,Building mobile carbon capture devices for trucking,qaptis.com,"Cheseaux-sur-Lausanne, Switzerland",10.0,-23.08,Seed,1385995.0,YB Startup,Theodore Caby (CEO): https://linkedin.com/in/theodorecaby,True,282372162
24db3b3c-ba05-4a89-a1f4-f99648e1c004,Qarbotech,Biocompatible photosynthesis enhancement manufacturer,qarbotech.com,"Kuala Selangor, Malaysia",,,,,,,False,287031048
ae2dfe85-a8a9-44b2-b841-9ffc762546ba,Qargo,Transport management software for the trucking industry,qargo.io,"London, United Kingdom",73.0,82.5,Series A,12000000.0,Balderton Capital,Adriaan Coppens (Co-founder & CEO): https://linkedin.com/in/adriaancoppens,True,301097111
b81ab83c-a7b9-454f-a65e-5490f4111c36,qcells,Photovoltaic cell manufacturer,https://www.q-cells.com/,"Seoul, South Korea",,,,,,,False,
fc01e714-c71f-4bff-ad40-2894053e08eb,Qdrant,Vector database and search platform,qdrant.tech,"Berlin, Germany",,,,,,,False,282804382
14a3143d-9323-4b0d-90ae-77850eac0f29,Qell Special Acquisition Corporation,Sustainable tech-focused SPAC,qellpartners.com,,,,,,,,False,296139892
854e89fe-6546-4818-a346-ab06fe7e0dfd,qevlar ai,Autonomous AI security operations center analysts developer,https://qevlar.ai/,"Paris, France",,,,,,,False,
7912d3a6-83bb-4564-975f-e48f9bc31403,Qflow,Decarbonization software platform for construction,getqflow.com,"Hove, United Kingdom",2.0,0.0,,,,Anthony Sergeant (Co-founder & COO): https://linkedin.com/in/anthony-sergeant-29a463bb,True,1815352
4958aef1-540a-4c22-9178-3e120a8652f9,QiO Technologies,Industrial sustainability company,qio.io,"Farnborough, United Kingdom",31.0,-22.5,Series B,10000000.0,Wave Equity Partners,Patrick Johnson (Chief Executive Officer): https://linkedin.com/in/patrick-johnson-7791765,True,78859775
18bc741a-43e9-4a89-9168-8e152dbc7e8d,QLM Technology,Providing greenhouse gas monitoring through quantum-enabled technology,qlmtec.com,UK,,,,,,,False,213994574
8d858c0b-a649-43c1-b335-b7bf7bfb12a5,Qnovo,Battery management software startup,qnovo.com,"Newark, CA",29.0,0.0,Series C,24000000.0,BorgWarner,Dr. Nadim Maluf (CEO): https://linkedin.com/in/nadimmaluf,True,1582046
65f6d55c-d167-4d74-a6c7-700dfca85204,qotto,Provider of solar systems in Africa,,France,,,,,,,False,Not in Affinity
dbc55765-80e9-4683-b36e-16ef4f33688e,qovoltis,Deploy smart EV charging stations,https://www.qovoltis.com/,Paris,,,,,,,False,Not in Affinity
e18c8096-6e7d-4a49-888e-5e0179b8854a,quaise,Energy company using millimeter wave drilling to access deep geothermal energy,https://www.quaise.energy/,"Cambridge, MA",,,,,,,False,Not in Affinity
504dace5-8849-426d-a61f-211156007deb,quantexa,Decision intelligence software company,https://www.quantexa.com/,"London, UK",,,,,,,False,Not in Affinity
01ba1eba-8c36-47ea-b062-34b7e7ec1b66,quantified energy labs,Developer of aerial monitoring solutions for PV inspection,,Singapore,,,,,,,False,Not in Affinity
d2e539f3-9d8d-413e-be63-fc6239d4d8fe,quantron,Manufacturer of clean battery and hydrogen-fueled vehicles,https://www.quantron.net/,Germany,,,,,,,False,Not in Affinity
5f74113f-9a1e-4c3f-8846-02ee1d3396d2,quantumscape,Developer of solid state batteries for EVs,https://quantumscape.com/,"San Jose, CA",,,,,,,False,Not in Affinity
a3179535-f7be-4699-8e2a-0585929ec9b8,quativa,Residential solar sales platform and marketplace,https://www.quativa.com/,"Los Angeles, CA",,,,,,,False,Not in Affinity
b4e4af70-8c26-4e9f-82c1-e81dc98ee7cf,quatt,Producer of smart heat pumps,https://www.quatt.com/,"Amsterdam, Netherlands",,,,,,,False,Not in Affinity
bba9a7eb-3155-4a46-86b3-48b296e69f27,qube technologies,Continuous emissions monitoring platform,,"Calgary, Canada",,,,,,,False,Not in Affinity
445f07b1-fec9-471c-bfcd-fb090731f2f3,quidnet energy,Storing water beneath ground under pressure,,"Houston, TX",,,,,,,False,Not in Affinity
b166fdf8-ec0c-4ef3-ab1c-e8aef72503aa,quinbrook infrastructure partners,Largest solar and battery project in the U.K.,,"London, U.K.",,,,,,,False,Not in Affinity
485677e8-3351-4416-8138-6466522ca6a3,quino energy,Redox flow battery company,,"San Leandro, CA",,,,,,,False,Not in Affinity
90f906d4-2a7a-4902-b1f5-128f76aea726,quixotic,Energy management software,https://quixotic.com/,Madrid,,,,,,,False,Not in Affinity
852ad444-a622-4f0f-87df-3510ce165b0e,quotapath,Commissions tracking and automation solution for sales and revenue teams,,"Austin, TX",,,,,,,False,Not in Affinity
7222e34e-c967-48b8-b3f2-926e81dec101,qvantum,Provider of electric heat pumps,https://www.qvantum.se/,Sweden,,,,,,,False,Not in Affinity
8a6298ec-3ecf-4dde-943d-b4283611f7a8,r-zero,Germ-killing UV device,,"San Francisco, CA",,,,,,,False,Not in Affinity
8c286d2a-5628-4296-b683-83f7edf55ecf,raad labs,Blockchain-based infrastructure data measurement,,"New York, U.S.",,,,,,,False,Not in Affinity
b4ba9402-ff6a-4473-96d7-f9b6886bcce1,racenergy,Battery swapping network,,"Hyderabad, India",,,,,,,False,Not in Affinity
9a1db38e-49f3-4982-8201-491023f16b34,rad power bikes,Maker of electric bikes,https://www.radpowerbikes.com/,"Seattle, WA",,,,,,,False,Not in Affinity
68b975c2-ecca-42b6-8d29-5726a27cc7b4,radar,Location data infrastructure platform,https://radar.io/,"Brooklyn, NY",,,,,,,False,Not in Affinity
ed7e2f20-b6a9-4b7f-a71b-1d52bf9f5241,radian aerospace,Space systems transportation developer,,"Renton, WA",,,,,,,False,Not in Affinity
8f8dba9f-a056-47f9-88f4-8ffd8887feee,radiant,Portable nuclear microreactors to replace diesel generators,,"El Segundo, CA",,,,,,,False,Not in Affinity
d1725231-3978-4382-a3ec-b24e63716f03,radiant industries,"Make portable, tiny nuclear reactors to replace diesel generators",,"El Segundo, CA",,,,,,,False,Not in Affinity
06cb9f6a-edb4-47c6-a266-c20bf5e9aab0,radiant matter,Shimmer and color effects from cellulose,,"London, U.K.",,,,,,,False,Not in Affinity
ec942694-dad6-4657-9b86-175a29afc36e,radiant nuclear,"Developing the first portable, zero-emissions nuclear microreactor",,"El Segundo, CA",,,,,,,False,Not in Affinity
0c6f7c19-c6b3-423b-9351-a2eafe41fb42,radical,High-altitude solar-powered sensor aircraft maker,,"San Francisco, CA",,,,,,,False,Not in Affinity
9de9ed79-0bfc-4328-81e7-76db6b69cb55,rafay systems,Platform to deploy performance and geography sensitive workloads,,"Sunnyvale, CA",,,,,,,False,Not in Affinity
ff282f86-2ccb-44bb-8ac6-92f8aa613b01,ragie,"AI data ingestion, index, and retrieval platform",https://www.ragie.com/,"San Francisco, CA",,,,,,,False,Not in Affinity
775ea061-a313-4f3a-97e5-19e6dd98ede3,raicoon,Provider of autonomous solar operations,https://raicoon.com/,"Vienna, Austria",,,,,,,False,Not in Affinity
d4975882-7bad-42b4-be8f-71593f22b7a8,raiku packaging,100% compostable packaging solutions developer,https://www.raiku.com/,"Tallinn, Estonia",,,,,,,False,Not in Affinity
5f3a2a7a-45ed-4679-8e05-6e5ae8cabef9,railvision analytics,Train efficiency platform lowering fuel consumption and emissions,,Montreal,,,,,,,False,Not in Affinity
29301592-7896-4058-be06-c058b7b13d07,rain,Aerial wildfire containment technology provider,,"Alameda, CA",,,,,,,False,Not in Affinity
3171c5bc-3f0b-4e48-919a-55b1110ca28c,raincoat,Climate insurance solutions provider,https://www.raincoat.com/,"San Juan, Puerto Rico",,,,,,,False,Not in Affinity
d2a08efa-a872-4605-a72d-5b39473e1920,rainmaker,Cloud-seeding technology,https://rainmaker.com/,"El Segundo, CA",,,,,,,False,Not in Affinity
90b69485-b6ac-4b42-91d2-f0955e7245c3,raise green,Crowdfunding marketplace for climate solutions,,"Somerville, MA",,,,,,,False,Not in Affinity
cfc28add-0b46-4130-b077-1f3496069694,range energy,Company providing electric trailers for the commercial trucking market,https://www.rangeenergy.com/,"Mountain View, CA",,,,,,,False,Not in Affinity
81b46939-8881-4d93-94f9-01863131bf20,rangeforce,Cyber defense upskilling solutions provider,https://www.rangeforce.com/,"Norfolk, VA",,,,,,,False,Not in Affinity
b63f81d8-737a-4984-95dd-08c50595931e,rapid liquid print,Additive manufacturing business,https://rapidliquidprint.com/,"Boston, MA",,,,,,,False,Not in Affinity
adb9a153-e47d-4082-ad1f-7bfc7c3201a3,rapiddeploy,Emergency dispatch and analytics platform,https://www.rapiddeploy.com/,"Austin, TX",,,,,,,False,Not in Affinity
e5efc078-4d4b-4e00-9759-cd6db541504f,rapidsos,Emergency technology,https://rapidsos.com/,New York,,,,,,,False,Not in Affinity
21d9ea9e-b27e-4e09-ab20-21839ce2cfb1,raptee energy,Electric motorcycle manufacturer,,"Chennai, India",,,,,,,False,Not in Affinity
4c468cbb-429d-44c9-b651-f2c4eb03047f,raptor maps,"Analytics, insights, and productivity software for the solar lifecycle",https://raptormaps.com/,"Boston, MA",,,,,,,False,Not in Affinity
9cd31031-c86b-4ab9-a153-ff1eb696f168,rare earth global,Supplying carbon-neutral hemp,https://rareearthglobal.com/,"Saffron Walden, U.K.",,,,,,,False,Not in Affinity
71cc3710-a87c-4c4b-9874-80ac0b908974,ratedpower,Software platform to design and engineer solar plants,https://www.ratedpower.com/,Spain,,,,,,,False,Not in Affinity
344f1930-c79c-410c-9398-777775898733,raven sr,Fuel cell and renewable transportation fuels development,,"Pinedale, WY",,,,,,,False,Not in Affinity
ae0edf9a-7819-4b7d-a102-439e2870ec60,raygen,Solar and thermal energy storage business,,"Victoria, Australia",,,,,,,False,Not in Affinity
d062ba70-e375-47a4-891f-40bf23dda129,raylo,Consumer goods reuse platform,https://www.raylo.com/,"London, UK",,,,,,,False,Not in Affinity
c4625d5b-a82e-4a07-a913-2a160f2d7812,re-fresh global,Textile upcycling company,,"Berlin, Germany",,,,,,,False,Not in Affinity
0ffb3a7a-b36f-41f7-a385-8eeff4e36093,re-volv,Finance non-profit solar projects,,San Francisco,,,,,,,False,Not in Affinity
d0732ee2-2015-41ac-aadd-a899cbd0b4e5,re:build manufacturing,"Domestic industrial manufacturing business combining traditional methods with automation, digitization, and 3D printing",,"Cambridge, MA",,,,,,,False,Not in Affinity
6fa4781c-dd37-471d-a640-8b9343222235,reactive,Real-time data on grid dynamics,,"Oxford, U.K.",,,,,,,False,Not in Affinity
f8ae34c4-afc1-479c-b835-776eb6a58000,reactive technologies,Grid technology company,https://reactive-technologies.com/,"London, UK",,,,,,,False,Not in Affinity
a2737b9b-2acb-48d3-abd8-aadfedbd94fa,ready robotics,Robotic automation software,,"Columbus, OH",,,,,,,False,Not in Affinity
a7600a0f-e4f7-425f-8c2f-a3c6c4f721f6,realta fusion,Developer of fusion energy targeting industrial heat and energy,,"Madison, WI",,,,,,,False,Not in Affinity
930e1cfa-4623-4b4f-b8c9-610eaf8ac057,realtime robotics,Creator of responsive motion planning for industrial robots and autonomous vehicles,,"Boston, MA",,,,,,,False,Not in Affinity
95888d96-cd9e-4b6a-a415-93f832b35c56,reask,Climate risk modeling tools startup,,"Sydney, Australia",,,,,,,False,Not in Affinity
640fc5bd-3a27-4abd-aa93-78686dd6e06a,rebound technologies,Alternative to traditional vapor compression cooling systems,, ,,,,,,,False,Not in Affinity
ae2b107d-4196-4524-bd31-39b75d933ecb,rebundle,Creator of plant-based hair extensions,,"St. Louis, MI",,,,,,,False,Not in Affinity
eec0f66a-4fa1-40e1-b764-fda5ca475602,recircle,Waste management logistics platform,,"Mumbai, India",,,,,,,False,Not in Affinity
e9d45627-d433-4d90-b1b6-f51f13f3c4f0,reclaim.ai,Calendar assistant and time management platform,,"Portland, OR",,,,,,,False,Not in Affinity
537a386d-8b2c-434b-93b9-3c7b0d228dd4,recover,Maker of recycled cotton fibers,,Madrid,,,,,,,False,Not in Affinity
3c69761e-d0ac-4a87-8e58-6a4172556a13,recovo,Circular fashion platform,,"Barcelona, Spain",,,,,,,False,Not in Affinity
3e5fc58c-92ef-4e89-92c5-8fc451f6332f,recurrent,Used EV car reports platform,https://recurrentauto.com/,"Seattle, WA",,,,,,,False,Not in Affinity
be8b6d5c-9060-4469-a273-45ecab31ad35,recurrent energy,Solar and energy storage developer,,"Austin, TX",,,,,,,False,Not in Affinity
6b99761e-7b4d-4b8d-a697-a78481dbd901,recurve,Open-source platform for virtual power plant planning,https://recurve.com/,"Mill Valley, CA",,,,,,,False,Not in Affinity
ee783225-09a2-4f98-a34c-73e1b72e994f,recycle track systems,Traceability solutions for the waste and recycling industry,https://www.recyclect.com/,"New York, NY",,,,,,,False,Not in Affinity
bb14cf16-b14f-4b95-970f-ac7a20e3edbd,recycleye,Startup seeking to automate waste sorting,https://recycleye.com/,London,,,,,,,False,Not in Affinity
166186db-fe8d-4d97-90ff-7c118ca3140b,Recyclops,Recycling startup with curbside pickup,recyclops.com,"Orem, Utah",17.0,-15.0,Seed,3000000.0,Lerer Hippeau,Ryan Smith (Founder and CEO): https://linkedin.com/in/ryan-smith-93918747,True,225001615
12e5885a-9817-4154-8bc7-5565ce51671f,Red Kubes,Software deployment solution,redkubes.com,Netherlands,,,,,,,False,224667769
afa0f3c1-7d01-4523-a721-a82e4f239284,Red Sea Farms,Agtech startup that uses salt water to grow local produce while reducing carbon emissions and water scarcity,redseafarms.com,Saudi Arabia,,,,,,,False,220927839
6fd22c60-6596-4371-85fd-4b94b2af87ee,Redalpine,"Invests across many sectors, including energy",redalpine.com,"Zurich, Switzerland",,,,,,,False,1560651
4135ba32-b644-4523-8faf-1c1f3c32182d,Redaptive,Energy efficiency-as-a-service provider,redaptive.com,"San Francisco, California",349.0,-0.57,Other,100000000.0,Canada Pension Plan Investment Board,Ricky Singh (Chief Executive Officer (International Electron)): https://linkedin.com/in/ricky-singh-a431285,True,283238488
82ce6d4c-105a-4bda-991d-7b271a1b675a,REDEX,Renewable Energy Certificates marketplace,redex.fr,"Singapore, Singapore",,,,,,,False,206271787
783d5d49-f50b-4915-b952-f8d7daeb39cd,REDUCED,Use fermentation technology to turn food and agriculture waste streams into food ingredients,reduced.dk,"Copenhagen, Denmark",,,,,,,False,273987200
61a2f11b-5c95-4ba2-be74-ef5dad608b3b,Reducto AI,AI document processing solution provider,reducto.ai,"San Francisco, California",7.0,250.0,Series A,24500000.0,Boxgroup,,True,293838076
fbaddfd5-fa1d-4c00-a953-bb52bfb4a737,Redwood Materials,EV battery recycler,redwoodmaterials.com,"Carson City, Nevada",666.0,-2.06,Series D,1000000000.0,Goldman Sachs Asset Management,,True,123930052
4d5e0a0f-a8a7-47dd-af9c-8ed309283057,Reefilla,Mobile charging and energy storage solutions,reefilla.com,"Turin, Italy",,,,,,,False,282914374
b9fb538c-9dd6-4d04-a039-a974d0259106,reel energy,Retail renewable energy procurement platform,,Denmark,,,,,,,False,
c859a0eb-5b6b-4c0e-a310-ac391e0b0c72,ReelData AI,Data and automation provider to farmers,reeldata.ai,"Halifax, Canada",,,,,,,False,219855953
11fea5bf-a639-4481-8b1d-e47510d3b68f,Refactor Capital,To invest in seed-stage hard tech companies,refactor.com,"Burlingame, CA",6.0,0.0,Investment Fund,50000000.0,,,True,50791359
5725b466-441b-48c8-b79e-b3559c598ac4,Refiberd,Textile waste sorting company,refiberd.com,"Cupertino, California",12.0,-7.69,Seed,3400000.0,the Schmidt Family Foundation,Mingyue (Ida) Wang (Co-Founder & CMO): https://linkedin.com/in/mingyue-ida-wang-88b76a111,True,279200478
dccad630-e8e5-4f59-8037-382e38081dd4,Orbital Reflector,Reflective satellite developer for solar energy capture,orbitalreflector.com,"Hawthorne, CA",,,,,,,False,290316566
47fbdcd0-565c-483b-b74a-1b3b71c6fdb3,refuel green,E-fuels production platform,,"Dresden, Germany",,,,,,,False,
9f705b15-c0ac-4958-9148-ffbb979484d5,REGA ENERGY,Biomethane and green hydrogen developer,regaenergy.com,"Lisbon, Portugal",,,,,,,False,285090255
b6fefc39-a13f-47da-b4ed-6927e2daeaa6,regeneration vc,Management of climate fund,,Los Angeles,,,,,,,False,
153a27d0-7bda-40aa-9ffb-cd1685280ed5,Regeneration.vc Site,Debut fund,regeneration.vc,,26.0,-3.7,Seed,5000000.0,Invest-NL,,True,263398632
23860bda-d0a8-4524-abff-3df8a475962b,REGENT,Manufacturer of electric seagliders,regentcraft.com,"Boston, MA",,,,,,,False,281074023
b2ed832d-c402-446e-9517-9287f43887dd,Regrow,Focused on the agri-food supply chain,regrow.io,"San Francisco, CA",,,,,,,False,279005793
4d03206e-0870-491b-a432-6a99bb9ee003,regrow ag,Agriculture resilience platform,https://www.regrow.ag/,"Durham, NH",,,,,,,False,
e4d3a7b2-3248-4738-80e3-988d1ac6eb4d,Rekosistem,Waste management and recycling provider,rekosistem.com,"Jakarta Selatan, Indonesia",,,,,,,False,279161587
e16e0518-e204-4e60-b8fb-1acdd6e85a8f,Releaf,Agtech startup focused on industrializing food processing in Africa,releaf.ng,Nigeria,,,,,,,False,127369979
3dadc78e-cae7-4e9e-b35e-08eecac0984f,Release,Environment deployment and management startup,releasehub.com,"San Francisco, CA",,,,,,,False,281947796
69d629e2-0959-4e8c-9f16-12f1c3810951,Relectrify,Inverter-free battery cells development,relectrify.com,"Melbourne, Australia",51.0,8.51,Other,,Clean Energy Finance Corporation,Jeff Renaud (Chief Executive Officer): https://linkedin.com/in/jeffrenaud,True,114713867
c027f840-49f2-4244-babd-e70b7d701a26,relocalize,Hyper-local food supply system developer,https://relocalize.com/,"Montréal, Canada",,,,,,,False,
5cd40908-add7-4173-8169-502e358e33c7,Remilk,Alternative dairy product company,remilk.com,Israel,,,,,,,False,262403403
6212def9-129f-46db-a4fa-6baf75a5307f,"ReMo Energy, Inc",Developer of ammonia using renewable energy,remo.energy,"Boston, Massachusetts",7.0,0.0,Seed,5250000.0,Shally Shanker,Scott Rackey (Founder and CEO): https://linkedin.com/in/scottrackey,True,282167724
ee8430d9-d2ce-4d26-bc87-4e958ccb3c62,Renaissance Fusion,Magnetic confinement fusion reactors,renfusion.eu,"Fontaine, France",60.0,3.45,Series A,32000000.0,HCVC,"Damien Paccard (Co-Founder, Member of the Board of Advisors): https://linkedin.com/in/damienpaccard",True,288872481
8a25a763-65df-479f-9f43-160ee539ae32,Rendesco,Manufacture ground-source heat pumps,rendesco.com,"London, U.K.",,,,,,,False,291779393
1404fecc-e9c7-4ffb-abdc-67cd07e8e6c8,Renegade Plastics,Sustainable fabric coatings,renegadeplastics.com,"Golden, CO",,,,,,,False,283540950
2e41c3b9-39ad-4354-94a2-b9b2f259404c,Renercycle,Wind turbine refurbishment provider,renercycle.com,"Pamplona, Spain",,,,,,,False,291424080
134de2fd-2939-4ad5-aad7-4988c97a5e54,ReneSola,Solar project developer,renesolapower.com,"Oakland, CA",,,,,,,False,261191569
06c56f32-76ea-4e81-93ea-b4b20c2a911e,ReNew Power,Develop renewable projects,renewpower.in,"Gurugram, India",1937.0,0.0,Debt,400000000.0,CPP Investments,,True,1620838
f8e72b6c-8521-482c-8e41-cb654106f5aa,Renew Home,Merging OhmConnect and Nest Renew,renewhome.com,"None, None",128.0,17.43,,,,Cristina Bastioli (Home Stager & Founder): https://linkedin.com/in/cristina-bastioli-10454659,True,293985666
14fb43d7-870d-429e-be75-109d8ef6104b,Renew Risk,Risk analytics for energy assets service provider,renew-risk.com.s3-website-eu-west-1.amazonaws.com,"London, England",,,,,,,False,291911738
f493f224-a5f9-4f30-a762-8f021cb4afcb,renewaball,Circular tennis ball producer,,"Amsterdam, Netherlands",,,,,,,False,Not in Affinity
70dbc287-8c2d-405a-b02d-3c882781a13a,renewabl,Hourly-matched renewable energy certificates platform,https://renewabl.com/,"London, UK",,,,,,,False,Not in Affinity
12c2a665-d93d-4242-bb8b-32579b29b307,renewafi,Marketplace for renewable energy,,"New York, NY",,,,,,,False,Not in Affinity
b865a7aa-8077-403c-a301-68f387332686,renewance,Software platform for battery lifecycle management,,"Chicago, IL",,,,,,,False,Not in Affinity
c9963146-af7f-429e-b42a-28bc9b362d0b,renewco2,CO2 to chemicals startup,,"Cranford, NJ",,,,,,,False,Not in Affinity
a8d01ee2-b6bb-4bad-87f5-8536657c5736,renewwest,Environmental asset developer,,"Denver, CO",,,,,,,False,Not in Affinity
799092b8-8aa0-4e66-9f49-478deed66c49,renorun,Technology-enabled construction material delivery service,,"Montreal, Canada",,,,,,,False,Not in Affinity
1e036626-156e-4786-8eba-001b21fd05e2,renovare fuels,Turning biogas into liquid fuels,,"London, U.K.",,,,,,,False,Not in Affinity
c0ecade8-50c7-453a-abbd-6c10936f0b03,reonic,Software for supporting renewable installers,https://reonic.com/,"Augsburg, Germany",,,,,,,False,Not in Affinity
a4975d7d-199b-4b5a-9e8b-7a06d9d5f861,repair carbon,Direct air capture company,,Israel,,,,,,,False,Not in Affinity
e6f4ab26-a7c7-444c-800b-25a2dbc92092,repath,Climate risk platform,,Germany,,,,,,,False,Not in Affinity
54ae4e7b-47c9-45c8-a607-6fb0893ced3a,repeats group,Plastics recycling platform focused on producing recycled low-density polyethylene,,Netherlands,,,,,,,False,Not in Affinity
f3e6d6aa-7e78-414a-acce-61ed268a91a3,replace,AI-powered renewable and data center development platform,,"Tel Aviv, Israel",,,,,,,False,Not in Affinity
3b8bccd8-8b73-4e45-a906-a6fea683cce2,replant capital,Funding for farmers transitioning to regenerative practices,,,,,,,,,False,Not in Affinity
3a9c6fb5-0c61-4ba6-a32f-a253e58f0e02,replenysh,Startup aiming to enhance the profitability of recycling,,"Orange County, CA",,,,,,,False,Not in Affinity
3d24a78f-8b9a-4d55-b661-34146939b9d8,repsol,Builds wind and solar energy projects,https://repsol.com/,Madrid,,,,,,,False,Not in Affinity
01a34f3a-0353-47ae-9172-4658be86bcaf,repurpose global,Developer of software for sustainability assessment,,"New York City, NY",,,,,,,False,Not in Affinity
8e94183e-415e-402c-83f6-ae44f1e0ed64,reseed,Carbon credit platform,https://reseed.co/,"Cheyenne, WY",,,,,,,False,Not in Affinity
de17bebd-59ac-403f-89ca-33c111a11874,reshape,AI and robotics-powered imaging and analysis platform,https://www.reshape.com/,"Copenhagen, Denmark",,,,,,,False,Not in Affinity
65295875-90c4-4952-b37e-9d5cfb5f57d2,reshape automation,Industrial automation technology,https://reshapeautomation.com/,"San Francisco, U.S.",,,,,,,False,Not in Affinity
27baaaee-f353-4da8-9512-66964a934f24,reshape bio,Microbial research and development digitization platform,,"Copenhagen, Denmark",,,,,,,False,Not in Affinity
cb063691-3c40-48c7-84b5-85aeaf9c5e56,reshape energy,Help install low-carbon energy solutions,,"Munich, Germany",,,,,,,False,Not in Affinity
b653a0fb-e9d7-40bd-9c61-dba7c8b73fe8,resilco,Transforming industrial waste into secondary raw materials,,"Bergamo, Italy",,,,,,,False,Not in Affinity
5b7b49cf-1d1d-41cb-90cd-7de10a75ceb1,resilient power,Electric vehicle fast-charging company,https://www.resilientpower.com/,"Atlanta, GA",,,,,,,False,Not in Affinity
68955304-bdba-4915-9496-3141334f9875,resolve ai,AI software operations automation developer,https://resolve.ai/,"San Francisco, CA",,,,,,,False,Not in Affinity
144f18f2-b969-4037-b876-9ec939436522,resonant link,Wireless charging technology for medical devices and electric fleets,,"Shelburne, Vermont",,,,,,,False,Not in Affinity
20825052-588b-4f53-bb1a-f5282705be80,resource chemical,Bioplastics technology pilot plant,,Oakland,,,,,,,False,Not in Affinity
86b05540-98c4-40a4-9a72-201225b33ad0,resourcely,Cloud resource management platform,https://www.resourcely.com/,"San Jose, CA",,,,,,,False,Not in Affinity
f7efa95d-c234-4ebb-a57c-f24a55cdb2fc,Resourcify,Digital platform for waste management and recycling,resourcify.com,"Hamburg, Germany",78.0,-6.02,Series A,14000000.0,WEPA Ventures,Gary Lewis (CEO & Co-Founder): https://linkedin.com/in/circular-gary,True,285780052
c8a0edec-687f-455c-bbd3-a55d35a72e36,Responsible,Circular fashion startup,responsiblellc.com,UK,,,,,,,False,279875094
cf228b80-92ec-4d1a-8efc-6a88ff4d9373,Responsibly,Platform designed to help companies monitor sustainability of suppliers,responsibly.tech,"Copenhagen, Denmark",17.0,-5.56,Seed,2400000.0,Benedikt Franke,Jacob Vous Petersen (Co-Founder & CTO): https://linkedin.com/in/jacob-vous-petersen-aa134723b,True,279597470
edf88e7a-399c-47f8-87df-5b71f4089a98,REsurety,Sustainability goals-oriented software and services provider,resurety.com,"Boston, Massachusetts",67.0,-8.22,Series C,32000000.0,existing investors,Amy Villeneuve (Advisor to CEO): https://linkedin.com/in/amyvilleneuve,True,161841559
0fab73c7-2e27-4da1-b3f5-3c9a6302d1c7,Resurrect Bio,Crop-health technology company,resurrect.bio,"London, UK",,,,,,,False,286358601
094665fc-10c2-42b5-83b2-094dc5c26d3e,Resynergi,Modular plastic recycling technology provider,resynergi.com,"Rohnert Park, California",15.0,0.0,Series B,18000000.0,Taranis,"Brian Bauer (Founder, CEO): https://linkedin.com/in/brian-bauer-9b1a19",True,219948711
3cd83044-565a-4ca8-9a39-234bead69458,Retail Zipline,Retail operations platform,retailzipline.com,"San Francisco, CA",,,,,,,False,1793120
c012fad4-c031-4c83-8576-2f2a6cf18888,retraced,Supply-chain tracking and compliance,retraced.co,"Düsseldorf, Germany",,,,,,,False,262781129
6057b775-8ea6-496c-9c58-2f733aac3fac,Retrocausal,Developer of an AI copilot for manufacturing processes,retrocausal.ai,"Washington, District of Columbia",73.0,-5.19,Series C,5300000.0,Ascend Vietnam Ventures,Quoc-Huy Tran (CTO and Co-Founder): https://linkedin.com/in/quochuytran,True,224800725
55d60f21-46b9-45ea-b72c-4a0dbddcb241,Return Protocol,Blockchain climate platform,return.green,"San Francisco, California",1.0,0.0,Seed,2500000.0,Blue Bear Capital,"Andrew Porter (Co-Founder, Chief Technology Officer): https://linkedin.com/in/andrew-porter-a10953b4",True,287759542
08aca105-7533-48fb-bdb2-b18984413eca,Revalue Nature,Nature-based carbon project developer,revalue.earth,"London, United Kingdom",51.0,-1.92,Series A,10000000.0,SJF Ventures,Stuart R. (Founder & CEO): https://linkedin.com/in/stuart-r-472830243,True,287390074
e1d79027-c022-4eab-a5f7-efeadad49d1a,Revel,Urban electric micro mobility manufacturer,gorevel.com,"New York, New York",138.0,-7.38,Debt,50000000.0,St Baker Energy Innovation Fund,Frank Reig (Co-Founder & CEO): https://linkedin.com/in/frank-reig-35052454,True,161870484
1cafe9bf-3e51-4359-aad8-f89fd5ccabec,Revent,Supporting planetary and social health startups,revent.com,Berlin,,,,,,,False,276158373
78158281-bf6f-4572-a7dc-f50b9edde28f,Reverion,Biogas power plants with advanced fuel cells,reverion.com,"Eresing, Germany",76.0,15.15,Series A,62000000.0,European Innovation Council Fund (EIC Fund),Luis Poblotzki (Co-Founder | Chief Digital Officer): https://linkedin.com/in/luis-poblotzki-696b861a8,True,287980921
5c0a6c2a-7802-4829-b0ae-be62e348cff5,RevFin,EV lending platform,revfin.in,"Delhi, India",,,,,,,False,202529297
548f2eb0-62b4-401c-8a69-99150ea278db,Revolv,Electric commercial fleet provider,revolv.com,"San Francisco, CA",,,,,,,False,1593453
69e440c2-a628-49ae-af19-9d08f8a3be47,revops,Workflow software startup,,"San Francisco, CA",,,,,,,False,Not in Affinity
31989fa6-dff9-4bcc-8b01-7f5cec994e65,revos,EV infrastructure platform,,India,,,,,,,False,Not in Affinity
86d5bb8b-4574-4c2c-aa88-bf60fcd6e120,revsure,Pipeline acceleration company,,"Palo Alto, CA",,,,,,,False,Not in Affinity
894b51af-e4fc-41a1-ac30-14331e9577bb,revterra,Developer of flywheel energy storage systems,,"Houston, TX",,,,,,,False,Not in Affinity
160245f4-f5fc-4d3b-b0d1-8bdad9a134a3,revyve,Producer of sustainable ingredients from food industry byproducts,,"Rotkreuz, Switzerland",,,,,,,False,Not in Affinity
ef5cdf66-8400-42ea-8231-de5906c053a7,rewind,Biomass carbon removal and storage company,https://rewindcarbon.com/,"Tel Aviv-Yafo, Israel",,,,,,,False,Not in Affinity
3e89d34e-e897-4e7d-a6f9-ad6d2c1a04ca,rezonate,Cloud identity protection platform,,"Boston, MA",,,,,,,False,Not in Affinity
ce3fb6f5-2483-41f4-bd85-6d42d36788a8,rheaply,Provider of a resource management and exchange platform enabling the circular economy,,"Chicago, IL",,,,,,,False,Not in Affinity
e8cf257c-496d-45be-8229-011c26702edd,rhinestone,Infrastructure developer for modular smart accounts,,"London, England",,,,,,,False,Not in Affinity
cea5125a-7077-4f15-bdae-2a2787fa70af,rhizocore technologies,Producer of mycorrhizal fungi pellets for reforestation,https://www.rhizocore.com/,"Edinburgh, United Kingdom",,,,,,,False,Not in Affinity
3c9292f2-26c5-4539-a8a3-de84af421832,rhizome,Grid resilience software platform,,"Washington D.C., DC",,,,,,,False,Not in Affinity
212bb728-1781-4a0e-8589-1a0bc413966c,rhombus energy,Producer of EV charging infrastructure and related power solutions,,"San Diego, CA",,,,,,,False,Not in Affinity
d4925fc2-4c3a-4b9c-b23a-424ec41fa950,rice acquisition,SPAC targeting the Energy Transition space,,,,,,,,,False,Not in Affinity
fce93d71-64dd-4c21-93c8-4719a4f29050,ride report,Micro-mobility management tool for cities,https://www.ride.report/,"Portland, Ore",,,,,,,False,Not in Affinity
ea6eb414-0b84-468d-9554-164d8a38bd27,ride1up,E-bike maker,,"San Diego, CA",,,,,,,False,Not in Affinity
8e580a75-2e38-437b-986f-41802094c917,ridecell,Fleet management software maker,,"San Francisco, CA",,,,,,,False,Not in Affinity
e02149d6-1fc0-4d87-9d73-9f7c4d37ca66,ridepanda,"Online seller of e-bikes, e-scooters, and e-mopeds",https://ridepanda.com/,"San Francisco, CA",,,,,,,False,Not in Affinity
7dbc2fc1-f15c-4710-a5de-b40aed1ae6f3,ridetandem,Sustainable transportation company,https://www.ridetandem.com/,"London, UK",,,,,,,False,Not in Affinity
953867bd-d5e2-47c8-9d53-2a472d0e58a9,ridgewood infrastructure,Second fund for water and strategic infrastructure,,New York,,,,,,,False,Not in Affinity
7eb8c49b-2875-41fd-8747-83bee91dea12,Rift,Industrial heat decarbonization technology developer,riftse.co.uk,Netherlands,,,,,,,False,263740467
0fdb5ff9-7e60-4495-bf6f-94bb02361fe7,Rimac Group,Electric sports car maker,rimac-group.com,Croatia,,,,,,,False,286912418
ad6a0814-a513-4a37-a8e5-fe867b85b26d,RIMERE,Technologies converting natural gas into hydrogen and graphene,rimere.com,"Newport Beach, CA",,,,,,,False,292536700
eb058045-7da0-4540-8963-29934548b540,rincell corporation,Advanced battery cell developer,,"San Francisco, CA",,,,,,,False,
b2f5eed4-f5f2-44b3-b6bf-d125934ed321,RipeLocker,Provider of containers extending the post-harvest life of food perishables,ripelocker.com,"Seattle, WA",,,,,,,False,213997696
773fd869-47f2-42ba-9329-3b189e3d0da2,Rise Gardens,"Maker of indoor, hydroponic garden systems",risegardens.com,"Chicago, IL",,,,,,,False,222083356
cb53cf55-6b9d-4db6-b149-f6a2ada3789d,Rise Robotics,Startup focused on heavy machinery electrification,riserobotics.com,"Somerville, Massachusetts",26.0,0.0,Other,3000000.0,The Engine,Toomas Sepp (Director of Product Development and Co-Founder): https://linkedin.com/in/toomas-sepp-03730144,True,1618801
505e1374-f1a4-41c7-8f7c-c1ab139ddccc,Risilience,Climate analytics company,risilience.com,"Cambridge, United Kingdom",69.0,9.52,Series B,26000000.0,IQ Capital,Andrew Coburn (Chief Executive Officer): https://linkedin.com/in/andrew-coburn-214a675,True,284963314
4f7ba58f-c8c7-4770-967b-81664aee070c,Rival Foods,Plant-based protein developer,rival-foods.com,"Amersfoort, Netherlands",,,,,,,False,268176129
946f6777-2b61-4cbb-99a6-74ecf4cd7617,rivan,Synthetic fuel plants developer,,"London, UK",,,,,,,False,
b8435f05-b1d2-4343-a76e-bf50f136ec9c,Rivan Industries,Modular systems for producing synthetic fuel,rivan.com,London,,,,,,,False,296747704
cd28a771-b6f2-4673-bd70-81b10a87364b,River,Electric two-wheeler vehicle developer,river.se,"Bengaluru, India",,,,,,,False,223770356
cea14c61-781b-40da-9004-a7ef0291e7e6,Riverlane,Quantum engineering company,riverlane.com,"Cambridge, U.K.",,,,,,,False,202537966
6e242763-fc83-4ce0-af6b-64cad7a3d586,Riverse,"Carbon measurement, reporting, and verification (MRV) platform for carbon credits",riverse.io,"Écrouves, France",22.0,-12.0,Seed,5000000.0,Andreas Wiele,Benjamin Safar (Founder Associate): https://linkedin.com/in/benjamin-safar-518291148,True,284203875
fbb1bec9-ae82-49c8-a220-ac51bcb06316,Rivian,Manufacturer of electric SUVs and pickup trucks,rivian.com,"Irvine, California",9208.0,-7.66,Public Markets,11934000000.0,"T. Rowe Price Associates, Inc.",,True,1628782
271a0887-9509-4677-9820-41a86cf7e7bd,Rize,Farming practice changes reducing methane emissions,rizefs.com,Singapore,,,,,,,False,2185434
ec63cb71-8e31-4b78-92cd-689cd3dd5fbf,rl core technologies,Waste and wastewater process control optimization software provider,https://rlcore.com/,"Edmonton, Canada",,,,,,,False,
136e13c1-7b7a-4806-afdf-a30404533274,RMG Acquisition III,SPAC targeting ESG companies,2233.vc,,,,,,,,False,295737904
0194b693-9b94-4c28-a533-bb0c8cedf436,Ro,Telehealth company focused on men’s and women’s health,ro.co,"New York, NY",,,,,,,False,161800639
cb275d9a-8b81-4e4d-ad1d-59e7090c2698,RoadRunner Recycling,Creator of waste management and recycling solutions,roadrunnerwm.com,"Pittsburgh, Pennsylvania",430.0,-1.38,Series D,20000000.0,BeyondNetZero,Michael Mendenhall (Board Advisor to CEO and Founder): https://linkedin.com/in/michael-mendenhall-8859816,True,1699452
e59c03ae-2e89-4791-ab97-1a8877f93fd4,RoadSync,Digital payments platform for the transportation industry,roadsync.com,"Atlanta, GA",,,,,,,False,1754556
e3fd93ed-f0e5-4ea3-ae29-30790106bb55,Roam,Electric motorcycles and utility vehicles,roamwith.com,"Nairobi, Kenya",,,,,,,False,1694874
a7889d3b-913f-4b5a-9324-df94d074d407,Robigo,Provider of a biopesticide crop protection platform,robigo.bio,"Cambridge, Massachusetts",17.0,-5.56,Seed,6850000.0,Congruent Ventures,Jai Padmakumar (Co-Founder | Chief Scientific Officer): https://linkedin.com/in/jai-padmakumar,True,283871267
a8c1c0ff-7543-43af-b6d5-90ed745cf9ac,RoboForce,Automation of workforce manufacturer,roboforce.ai,"Milpitas, CA",,,,,,,False,293618471
881bbc80-6124-45b6-a6ba-b167cdd4aa68,Robotic Research,Autonomous mobility and robotics software company,roboticresearch.com,"Clarksburg, MD",,,,,,,False,136337640
885562dc-a618-4996-9aad-e55afeece3c6,Robust International,Agricultural commodity export platform,robust-international.com,"Singapore, Singapore",,,,,,,False,298583583
7fa54e8b-b63c-4c98-969d-76b0d58ec9b1,Rock Rabbit,Software for managing energy rebates,rockrabbit.ai,"San Francisco, California",18.0,80.0,,22950.0,,,True,291213358
eb519627-f663-4741-a9b3-65a16650fb3f,rockaway ventures,Invest in late-seed and Series A startups in energy and defense,https://rockawayventures.com/,Prague,,,,,,,False,
3a26eddf-4724-41ca-820f-699d4278c293,ROCSYS,Developer of robotic EV charging solutions,rocsys.com,"Delft, Netherlands",,,,,,,False,224627447
70fa5b1f-d51b-4331-b02f-e9041dc1cb60,ROD Radar,Developing sensors for avoiding damages to underground utilities,rodradar.com,Israel,,,,,,,False,208428524
43e09c24-a141-40a4-a056-c09ec019fe7d,roetz,Circular bicycle brand,https://roetz.com/,Amsterdam,,,,,,,False,
76747dc6-23f6-45ae-8121-40827cb97c3f,romco,Metals recycling startup,,UK,,,,,,,False,
102eed06-d991-43b7-a776-d24cd1884254,romeo power technology,Provider of sustainable power systems for electric vehicles,,"Vernon, CA",,,,,,,False,
4689cd60-fe74-40a2-b10a-aba789c09178,romeo systems,Electric battery company merging with a SPAC,,,,,,,,,False,
69273fb5-7fe2-49a0-9151-8cb6e4e13f91,Rondo Energy,Low-carbon industrial heat through thermal radiation developer,rondo.com,"Oakland, California",101.0,13.0,Other,60000000.0,Breakthrough Energy Ventures,John O'Donnell (CEO): https://linkedin.com/in/j-o-donnell,True,286350609
98f08d44-05d7-4590-92f3-91d1561b11c6,Roofit.solar,Rooftop solar company,roofit.solar,"Tallinn, Estonia",,,,,,,False,263191869
67301ea4-d830-4d19-8d85-d10cb03774ed,root,Software to track emissions in food supply chains,https://www.root.com/,"Berlin, Germany",,,,,,,False,Not in Affinity
9f122141-6da3-4f97-b75a-eaab541feb27,root ai,Building produce-picking robots,,"Boston, MA",,,,,,,False,Not in Affinity
a75e24df-971e-4b06-97d8-3ce8ac103fd6,rootai,Robotics-ag startup acquired by Appharvest,,"Boston, MA",,,,,,,False,Not in Affinity
6f065247-1eab-4e09-9dd4-7faa03b56e56,rootwave,Electric weed-killing technology,https://www.rootwave.com/,"Kineton, England",,,,,,,False,Not in Affinity
9b7f710c-83b2-477e-9c62-19419ad680e7,ros,Company recycling photovoltaic panels,,France,,,,,,,False,Not in Affinity
149405ad-cde0-4f8c-9e72-178d0928a897,roslin technologies,Providing animal cell lines for cultivated meat production,,UK,,,,,,,False,Not in Affinity
6b62b283-9473-48c6-8049-99d8dc9df749,rosy soil,Sustainable soil company,,"New York City, NY",,,,,,,False,Not in Affinity
08e3adc4-2048-46fb-bf76-09d5f4e7a3e4,route,Product tracking software company,,"Lehi, Utah",,,,,,,False,Not in Affinity
e242bbf5-e4bd-4da3-bf6b-3f94decbd346,route reports,Infrastructure data software platform for roads and rail,https://www.routereports.com/,"London, United Kingdom",,,,,,,False,Not in Affinity
d4212b64-3ddc-4666-8557-7504ba6cf0e1,rowan digital infrastructure,Sustainable data center development,,Denver,,,,,,,False,Not in Affinity
29576975-4225-4731-9fea-3b5dbf2f345c,rplus energies,Renewables development business,,"Salt Lake City, UT",,,,,,,False,Not in Affinity
83bb403e-02c2-4c9d-beb9-4ff55330ff09,rubi laboratories,Carbon-negative cellulosic textiles startup,,"Sausalito, CA",,,,,,,False,Not in Affinity
3738835a-2f8d-44c3-8d7d-deb87a8b7b1e,rubicon carbon,Carbon marketplace platform,,"Marina del Rey, CA",,,,,,,False,Not in Affinity
fc39cb8b-148a-4ddb-8acf-84ac5a8b1856,rugged robotics,Construction technology startup focused on automation,,Houston,,,,,,,False,Not in Affinity
d9f90a81-6d8e-4c2c-b455-351ed1b9c040,rumin8,Developer of feed supplements to reduce methane emissions from livestock,,"Perth, Australia",,,,,,,False,Not in Affinity
638655c4-6e30-405f-bf76-7d8e6c967e39,ruminant biotech,Methane-inhibiting bolus for livestock emissions,https://ruminantbiotech.com/,"Auckland, New Zealand",,,,,,,False,Not in Affinity
bb07ff38-2da8-463f-89f0-64362edea956,rune labs,Developer of software for neuroscience therapeutics,,"San Francisco, CA",,,,,,,False,Not in Affinity
eb5ccb45-e6ad-4820-ae09-a1995131f826,running tide,Ocean-based carbon removal developer,,"Portland, ME",,,,,,,False,Not in Affinity
23b3a621-3842-4ee8-8b7e-d4a043fa835b,runwise,Hardware and software to address inefficient heating systems,https://www.runwise.com/,New York,,,,,,,False,Not in Affinity
07ea4747-c538-4b34-b9d2-bc7756e8dd30,ruuf,Solar power marketplace,,"Santiago, Chile",,,,,,,False,Not in Affinity
fb42ca2f-6136-4fae-9ba0-3df6b713b24f,rwdc industries,Bioplastics manufacturing startup,,"Athens, GA",,,,,,,False,Not in Affinity
e01a6001-993a-492f-8d64-0bbccc674ccf,rynse,Fleet management platform,,Los Angeles,,,,,,,False,Not in Affinity
c0ed3b63-1135-49f4-a237-170fa5de7aca,ryp labs,Food waste reduction technology developer,https://www.ryplabs.com/,"Bothell, Washington",,,,,,,False,Not in Affinity
e9c13f76-7db8-412b-ab26-420bb68f4f1b,ryse energy,Decentralized renewable energy developer,,"Abu Dhabi, United Arab Emirates",,,,,,,False,Not in Affinity
3217f18e-277f-42c9-aac4-e3e1edb1030c,ryte,Platform for measuring CO2 impact of websites,https://ryte.com/,"Munich, Germany",,,,,,,False,Not in Affinity
d0e18dde-842b-45d6-aed0-3fed93c797a2,s2g ventures,Venture firm focused on sustainable agriculture,https://www.s2gventures.com/,"Chicago, IL",,,,,,,False,Not in Affinity
7d35d083-827f-45ce-816e-83a02b69d66e,saeki,Autonomous factories company,,"Zurich, Switzerland",,,,,,,False,Not in Affinity
a543b012-1784-4c47-b710-5298314b2464,saeki robotics,Manufacturing robotics developer,,"Aarau, Switzerland",,,,,,,False,Not in Affinity
fdc9cb50-81dd-4b45-ad88-3e8fc69cf699,safeai,Autonomous heavy equipment startup,,"Milpitas, CA",,,,,,,False,Not in Affinity
8f7c45de-e428-4dd7-a98c-bed8e5de7c16,safegrid,Grid fault detection and sensing technology provider,,"Helsinki, Finland",,,,,,,False,Not in Affinity
00972460-b8f7-4e00-9119-f4e5dbed5a5a,safehub,Platform for building earthquake damage information,,"San Francisco, CA",,,,,,,False,Not in Affinity
75aa12a9-480f-461f-a885-d6c12a673239,safi,Marketplace for trading recyclables internationally,,"London, UK",,,,,,,False,Not in Affinity
aee8bc86-989a-4acf-9f8f-af264faa352d,safire,Battery safety technology developer,,"Tysons Corner, VA",,,,,,,False,Not in Affinity
0e1f0d62-20a0-4f83-aef8-59442d8b6c36,safire technology group,Safer lithium-ion batteries,,"Knoxville, TN",,,,,,,False,Not in Affinity
d122bbd1-57f3-44ce-bf5b-55314d83cd70,sage geosystems,Geothermal energy and storage systems,https://www.sagegeosystems.com/,"Houston, TX",,,,,,,False,Not in Affinity
27756f90-1323-415b-8248-7266d079e89f,saildrone,Using autonomous vessels to gather ocean data,https://www.saildrone.com/,"Alameda, CA",,,,,,,False,Not in Affinity
86285727-f49e-4a90-b921-2771c236e639,sallea,Scaffolding technology for cultivated meat production,,"Zürich, Switzerland",,,,,,,False,Not in Affinity
61fc1dc1-e71c-425b-8a0c-68609e73eb69,saltwork technologies,Water treatment and lithium processing services provider,,"Richmond, Canada",,,,,,,False,Not in Affinity
6f00ee6f-ebe3-42cf-a4a9-dbfece9f2d99,salzstrom,Sodium-ion battery energy storage systems,https://salzstrom.com/,"Vienna, Austria",,,,,,,False,Not in Affinity
fd841622-ef76-47f8-b6a8-6cead4bfe05c,samara,Solar installation startup,https://www.samara.com/,"Madrid, Spain",,,,,,,False,Not in Affinity
26b6dc7a-5764-454f-976e-5fdd47bc2f40,samotics,Electrical data analytics technologies,https://samotics.com/,"Leiden, Netherlands",,,,,,,False,Not in Affinity
429a1afb-cc59-499c-ba4a-0b8c8a7a20d3,samsara eco,For its enzyme-based technology that breaks down plastics and other materials,https://samsaraeco.com/,Sydney,,,,,,,False,Not in Affinity
ab3db258-65b6-4acb-9143-7139897781f6,sand to green,Developer of agroforestry plantations in arid climates,,"Paris, France",,,,,,,False,Not in Affinity
b6fb449e-1f35-43c8-b37a-0498835d251f,sapphire technologies,Energy recovery systems developer and manufacturer,,"Cerritos, Calif.",,,,,,,False,Not in Affinity
98f8e3ee-3b83-49d3-a91d-e0076372e060,sarla aviation,Electric air taxis for urban mobility,,"Bengaluru, India",,,,,,,False,Not in Affinity
7bee64e9-876e-44c1-9006-1c2d2e16a99b,satellite vu,Thermal footprinting satellite technology company,https://www.satellitevu.com/,UK,,,,,,,False,Not in Affinity
f9b5563e-1460-4446-b97f-4f67d7ef5b90,satelytics,Cloud-based geospatial analytics software monitoring environmental changes,https://www.satelytics.com/,"Toledo, Ohio",,,,,,,False,Not in Affinity
7b51738c-4db6-42d4-a437-7e740c2dd8c6,satsure,Earth observation platform,https://www.satsure.co/,"Bangalore, India",,,,,,,False,Not in Affinity
0c444290-f5eb-492f-a494-677bde75e2b1,saturas,Precision irrigation startup,,Israel,,,,,,,False,Not in Affinity
b86295ea-2c1b-4f43-824b-ef1ceea779e5,SatVUE,Satellite-based thermal imaging solutions,satvue.com.au,London,,,,,,,False,298913191
6d76938f-cba6-429c-9763-19693a376abc,SAVEGGY,Plant-based packaging for vegetables,saveggy.com,"Lund, Sweden",,,,,,,False,279158853
79794b97-8592-4e13-a0cf-d51b7e8a8389,SaveMoneyCutCarbon,Marketplace for energy efficiency products,savemoneycutcarbon.com,"Bury Saint Edmunds, United Kingdom",44.0,2.33,Other,6223350.0,Low Carbon Initiative Fund 2,Jess Courdelle (PA to CEO and Executive Team): https://linkedin.com/in/jess-courdelle-899975150,True,124904341
440c0dc8-1b09-4690-ab2d-fec9e3ad0c45,Scala Data Centers,Sustainable data center platform,scaladatacenters.com,"São Paulo, Brazil",,,,,,,False,263510069
987f3994-23a2-4f91-ade8-897200049b5f,Scalar International,Private equity fund for energy efficiency,scalarintl.com,"New York, NY",,,,,,,False,291661582
c3b65e40-328e-42a6-9635-f55013e3a5fa,Scale Microgrids,Develop distributed energy assets and microgrid solutions,scalemicrogrids.com,"City Not Specified, State Not Specified",111.0,2.78,,275000000.0,New York Green Bank,,True,291936842
41a01d9b-4a3f-4e79-8d1a-7b2e5b73b75a,Scaler,ESG reporting platform for real estate investors,scaler.co,"New York City and Amsterdam, The Netherlands",25.0,,,,,,True,1612764
71132ec8-4082-4da2-b7ff-6c421cbadce4,sceye,Long-endurance flight at high altitude technologies,sceye.eu,"Torrance County, NM",,,,,,,False,262994887
48c3a52a-8f4a-4f3e-a009-f3bd61812f9b,Schlumberger,Carbon capture business acquisition,slb.com,"Houston, Texas",69750.0,-1.87,Public Markets,,Exor,,True,163277757
24b4c0e3-9382-466e-af2f-20aa5e205403,Schüttflix,Circular economy for building materials platform,schuettflix.de,"Gütersloh, Germany",148.0,-5.13,Series A,50000000.0,Christian Hülsewig,Christian Hülsewig (Founder and CEO): https://linkedin.com/in/christianhuelsewig,True,224017801
052667fc-d9aa-4695-aeac-30de568e3fff,scifi foods (fka artemys foods),Cultivated meat startup,,"San Francisco, CA",,,,,,,False,
869fec95-7101-49ba-8baa-d438e16d7936,Scimplify,Specialty chemicals manufacturing platform,scimplify.com,"Bengaluru, India",,,,,,,False,295326544
024148e5-b18a-4184-b3f9-a7336b4978a4,Scipher Technologies,Electronic waste recycling company,scipher-tech.com,Melbourne,,,,,,,False,279107152
8507cae9-c535-41cb-9a48-d52146826417,Scoot Science,Ocean analytics company,scootscience.com,"Santa Cruz, California",7.0,0.0,Seed,4000000.0,Hawktail Management,Evan Goodwin (Chief Technology Officer and Co-Founder): https://linkedin.com/in/evan-goodwin-3a761453,True,221250047
9ced859d-7c93-4976-b440-44cfda1b04b8,Scope Zero,Startup developing a carbon savings account,scope-zero.com,"San Francisco, California",7.0,0.0,,103275.0,,Lizzy Kolar (Co-Founder and CEO): https://linkedin.com/in/lizzy-kolar-147a5b59,True,286437910
25476d34-469f-40a6-abd6-7f2f42387f9c,Scope3,Remote emissions monitor and provider of emissions reduction solutions for advertising companies,scope3.com,"New York, New York",108.0,63.64,Series C,25000000.0,Aperiam Ventures,,True,285258346
61e15f78-a3da-442f-b5d5-864c86f98287,Scorpio Electric,Electric motorcycle manufacturer,scorpioelectric.com,Singapore,,,,,,,False,265582592
f5844e94-66ab-4ebc-b1a2-5cfc4e358297,SCOUTLABS,Uses solar to help farmers monitor pest infestations,scoutlabs.ag,"Budapest, Hungary",,,,,,,False,297254572
f8586779-f9af-400f-8765-677cf322bda0,ScrapBees,Scrap metal recycling and disposal service provider,schrottbienen.de,"Neuss, Germany",7.0,0.0,,4000000.0,NRW.BANK,Sebastian Kopsan (Co-Founder): https://linkedin.com/in/sebastian-kopsan-b0646711b,True,278414800
7bad26c0-12dc-4337-a510-8e3908a55f44,SCW Systems,Direct air capture and synthetic natural gas and green hydrogen production technologies,scwsystems.com,"Alkmaar, Netherlands",,,,,,,False,262533537
e4c5aaff-68d3-41f5-b7a0-ab9861650d11,Scythe Robotics,Autonomous robotic company,scytherobotics.com,"Boulder, Colorado",77.0,2.67,Series B,42000000.0,Amazon's Alexa Fund,Isaac Roberts (Co-Founder): https://linkedin.com/in/isaac-roberts-0409a97,True,151465104
f7a83f22-4bc6-4196-a2da-565ad99aa950,SE Ventures,Accelerator program for climate and industrial tech,seventures.com,Menlo Park,,,,,,,False,291951827
9492fc62-1d50-4a99-a51d-25cfb10208e6,Sea Machines Robotics,Developer of autonomous systems for ocean-going vessels,sea-machines.com,"Boston, MA",,,,,,,False,2179430
35103c05-3c4d-4608-b21c-77ca66d9019e,Sea6 Energy,Ocean farming startup,sea6energy.com,India,,,,,,,False,220554616
0c8ccb84-0e0f-4953-86e4-b69b6f488971,Seabound,Startup prototyping carbon capture equipment that connects to ships’ smokestacks,seabound.co,UK,,,,,,,False,284931483
3f850444-88ee-4896-b3f5-8f0dad1e4f32,Seadronix,Autonomous marine navigation control system developer,seadronix.com,"Ulsan, South Korea",,,,,,,False,223166697
c942635c-78c4-4d43-a69c-1bb721b24333,OLALA! (ex Seafood Reboot),Startup developing plant-based seafood products,olalafoods.fr,Paris,,,,,,,False,291823817
a5096919-203f-4bf9-b0c4-0ccf3a809caf,Sealed,Provider of home improvements services intended to improve energy efficiency,sealed.com,"New York, New York",56.0,-9.68,Other,30000000.0,Robert Downey Jr.’s FootPrint Coalition,Brian Kibby (Executive Chairman): https://linkedin.com/in/briankibby,True,1664530
ff38fec5-1955-41d0-9843-3d652348f4fe,SEAM Group,Energy asset management platform,seamgroup.com,"Beachwood, OH",,,,,,,False,138205356
45aa4f3e-80a6-4b5c-91a7-4a78d16f7500,SEAO2,Ocean-based carbon removal business,seao2.com.au,Amsterdam,,,,,,,False,282055336
21e31ef7-2ac7-452b-951d-758f470bced0,Seatrec,Renewable energy company that harvests energy from temperature differences,seatrec.com,"Monrovia, California",15.0,0.0,Debt,1000000.0,American Lending Center,,True,106699075
b230d1bb-e380-492c-955b-a402ded1c27d,seax ventures,First climate-focused fund,,San Francisco,,,,,,,False,Not in Affinity
c1ff3669-5f75-45dc-a2c6-612ea094f6af,seaya,"New climate tech fund, 'Andromeda'",,"Madrid, Spain",,,,,,,False,Not in Affinity
96ac1b83-b60e-4659-a498-b72eaf115663,secai marche,Farm-to-table platform,,"Petaling Jaya, Malaysia",,,,,,,False,Not in Affinity
14047264-5853-469d-8bc7-5cd1ccd1f622,seenons,Waste-saving platform for the circular economy,https://www.seenons.com/,Amsterdam,,,,,,,False,Not in Affinity
d4b592bc-7eb8-42a8-ba5f-7b3b1a983d28,seetree,A.I. tree intelligence company,,"Tel Aviv, Israel",,,,,,,False,Not in Affinity
257b7f41-d345-4025-a719-e83137d8c6f1,seismos,Developer of acoustic sensing technology,,"Austin, TX",,,,,,,False,Not in Affinity
7588b322-cc5d-4757-8331-b8aa8536d028,selex motors,Manufacturer of smart electric motorcycles,https://selexmotors.com/,Vietnam,,,,,,,False,Not in Affinity
11f1f05e-18fb-47a4-8161-6f0fa62b2f4e,selfrag,Waste-to-value company,https://selfrag.com/,"Kerzers, Switzerland",,,,,,,False,Not in Affinity
de0462b8-32f6-4ed7-a79f-26e07c997b9f,semios,Crop risk analytics startup,https://semios.com/,Canada,,,,,,,False,Not in Affinity
0e7ec22c-9b25-4807-9aaa-9fa316088ebc,sencrop,Provider of weather analytics services for agriculture,https://sencrop.com/,France,,,,,,,False,Not in Affinity
c5c91257-e985-4c93-9b5c-1bb5c31ac97a,sendle,Shipping carrier focused on carbon neutrality and small business,https://www.sendle.com/,"Seattle, WA",,,,,,,False,Not in Affinity
934b563f-0582-4ee6-8834-adeddca5ac0b,senken,Climate finance trading platform,,"Berlin, Germany",,,,,,,False,Not in Affinity
be566b1b-875f-4c26-9a5a-22d212031abd,senra systems,Robotic manufacturing equipment for aerospace and energy sectors,,"Torrance, California",,,,,,,False,Not in Affinity
6968053c-fcbe-4569-9a1e-28c5c6f16ac4,sensand,Carbon credit and MRV platform for farmers,,"Melbourne, Australia",,,,,,,False,Not in Affinity
e602a7f1-01e1-4ed0-8c2a-93697fd993dc,sensat,Data visualization company optimizing infrastructure development,https://www.sensat.co/,"London, U.K.",,,,,,,False,Not in Affinity
6ea3856d-847d-4531-9b85-378d1d788d51,sense,Provider of real-time home energy intelligence,https://sense.com/,"Cambridge, Mass.",,,,,,,False,Not in Affinity
e991c419-e682-427f-ba39-8eab2e3e4de6,sensehawk,SaaS company for developing solar and other infrastructure sites,https://www.sensehawk.com/,"San Francisco, CA",,,,,,,False,Not in Affinity
23afb93c-d3e6-4d1b-9550-60243266936a,sensei,Computer vision startup,,Portugal,,,,,,,False,Not in Affinity
7894e644-a8b5-48c7-a40b-301378dbd3ee,sensenode,SaaS company developing technology that monitors and optimizes energy usage,,Sweden,,,,,,,False,Not in Affinity
7ad2b2da-5e0d-463b-a505-d2b8dae3cf0f,sensible weather,Weather risk consumer management platform,https://www.sensibleweather.com/,"Santa Monica, CA",,,,,,,False,Not in Affinity
78efe54f-c41a-433f-90fc-4e5f3588bbe1,sensmore,Autonomous machinery retrofitter,,"New Lambton, Australia",,,,,,,False,Not in Affinity
bd921c3e-1c49-44ce-b71a-3741e719c067,sensoneo,Smart waste management solutions company,https://www.sensoneo.com/,Slovakia,,,,,,,False,Not in Affinity
e52ddd91-9cb8-41e2-bdb9-2b53c8b77f32,sensorfact,Smart monitoring for industrial SMEs platform,https://sensorfact.com/,"Utrecht, Netherlands",,,,,,,False,Not in Affinity
ee41f173-5b5a-4fa7-b3cd-fc1f01046627,sensorflow,Hotel energy efficiency startup,https://www.sensorflow.co/,Singapore,,,,,,,False,Not in Affinity
08e2934a-c27f-474d-a556-27e194b6c437,sensorita,Digital twins to help waste management streamline operations,https://sensorita.com/,"Oslo, Norway",,,,,,,False,Not in Affinity
b0727bcc-8f48-4c6f-8a72-63764230f9d6,sensorup,Methane emissions management software provider,,"Calgary, Canada",,,,,,,False,Not in Affinity
42c817cc-266d-4d28-b0ab-7bd8aee3a566,sentera,AI-based agricultural insights platform,,,,,,,,,False,Not in Affinity
ce9a375b-393a-4f0b-8ab8-f94d59c1924f,sentra.world,Emissions management platform for industrials,,"Bengaluru, India",,,,,,,False,Not in Affinity
bf411d4c-3780-4bd7-bd75-07542f7a92f7,sentry,Provider of software error monitoring solutions,https://sentry.io/,"San Francisco, CA",,,,,,,False,Not in Affinity
fcc2c78a-df0c-4b62-8ea2-564c15d4e052,sepion,Li-metal battery company,,"Emeryville, CA",,,,,,,False,Not in Affinity
8a6619da-7a34-43b5-815f-359c9854031c,sepion technologies,Build lithium-ion battery separator plant,,"Alameda, CA",,,,,,,False,Not in Affinity
abd18741-905b-416e-98ca-b0101d23e974,seppure,Industrial chemical membrane technology company,,Singapore,,,,,,,False,Not in Affinity
c3339662-34ad-4a71-adac-dd121c4f6b9d,sepura home,High-tech food garbage disposal start-up,https://sepurahome.com/,"Victoria, Canada",,,,,,,False,Not in Affinity
67fafe73-9c9d-4045-b2f9-ede9356b3d45,seqana,SaaS platform integrating satellite imagery and data,https://seqana.com/,Berlin,,,,,,,False,Not in Affinity
1c71cc1d-7519-49e8-8a73-841873a7b914,sequestra,Technology for binding CO₂ in industrial residues,https://www.sequestra.com/,Vienna,,,,,,,False,Not in Affinity
b6cabe23-59be-4329-9ce6-88fae980801b,serenity,"AI environmental, health, and safety software provider",,"San Diego, CA",,,,,,,False,Not in Affinity
ae5a6e23-b9fb-41a6-ba7d-cc573568f508,serenity ehs,"Environmental, health, safety, and sustainability software company",,"San Diego, CA",,,,,,,False,Not in Affinity
35632cc6-1147-42b9-86a3-ea3c6b6158ca,serentica renewables,Renewables provider for hard-to-abate industrial sectors,,India,,,,,,,False,Not in Affinity
aa47aae9-caa2-4421-817d-463cd4717d2e,sero,Provider of home energy optimization services,,"Cardiff, United Kingdom",,,,,,,False,Not in Affinity
531ca7f3-5c54-4478-bd3f-e921aaf0fa8b,service4charger,EV charging infrastructure developer,,"Berlin, Germany",,,,,,,False,Not in Affinity
4dd1ac5e-5be8-410a-91da-538a26378c2e,servicetrade,Commercial service contractor software platform,https://www.servicetrade.com/,"Durham, N.C.",,,,,,,False,Not in Affinity
be843531-e379-40a3-af8c-3c455d1c6a8a,ses,Maker of rechargeable batteries for electric vehicles,https://www.ses.ai/,"Boston, MA",,,,,,,False,Not in Affinity
8176b146-e252-4018-9dd0-1629991372bc,sesamm,ESG text monitoring platform,https://www.sesamm.com/,"Paris, France",,,,,,,False,Not in Affinity
4ab301ed-316a-47ea-b8a0-6d157d01138d,seurat technologies,3D metal printing startup focused on decarbonizing manufacturing,https://www.seurat.com/,"Wilmington, MA",,,,,,,False,Not in Affinity
ae7f245c-c79b-4f1d-812e-6db0e020d05e,sevan multi-site solutions,Provider of construction management services,,"Downers Grove, IL",,,,,,,False,Not in Affinity
e2023a13-97a9-4311-8f53-718a63982d22,seven oaks acquisition,ESG-focused SPAC,,,,,,,,,False,Not in Affinity
92fc302d-4569-4ff4-8845-1a9901d0b712,sewerai,Use AI to help detect problems in sewer pipes,,"Walnut Creek, CA, U.S.",,,,,,,False,Not in Affinity
d0804903-f922-4c9d-b8d0-39223e903c16,share mobility,Mobility-as-a-service platform for companies,https://www.sharemobility.com/,"Columbus, OH",,,,,,,False,Not in Affinity
b6a806b5-17d7-4dfb-ade9-a0aba7495b09,shelf engine,Optimizes the shelf-stocking process in grocery stores,,Seattle,,,,,,,False,Not in Affinity
1696d755-7d58-44d3-8d2e-7056ea702ee9,shift4good,Sustainable transportation venture fund,https://shift4good.com/,"France, Singapore",,,,,,,False,Not in Affinity
e86db802-d040-45d8-85cc-7fc3ec73839f,shifted energy,Distributed energy company,https://www.shiftedenergy.com/,"Honolulu, HI",,,,,,,False,Not in Affinity
4b43f151-faa5-450c-9cd9-ddec8c4178f2,shimmer industries,End-to-end software automating large-scale lighting projects,,"New York, NY",,,,,,,False,Not in Affinity
18892455-f0cb-4942-93c1-e8e66b5409f7,shine,Mental health and wellness app,,"New York, NY",,,,,,,False,Not in Affinity
eaaa75bf-6de6-4715-bbdd-68253d7c7966,shinkei systems,Efficient fish-processing tech,,"El Segundo, CA",,,,,,,False,Not in Affinity
e55a8b2d-aed8-4690-a30b-bcdf8b893dca,shiok meats,Alternative proteins startup developing lab-grown shrimp,,Singapore,,,,,,,False,Not in Affinity
e39f61cf-7de2-4413-ac87-c7ed05c054db,shiru,Biotech startup creating novel plant-based ingredients,https://shiru.com/,"Emeryville, CA",,,,,,,False,Not in Affinity
0884435e-83f2-447e-8fc0-fa5f8de02cb5,shoals technologies group,Provider of solar balance-of-systems solutions,https://shoals.com/,"Portland, TN",,,,,,,False,Not in Affinity
5fb09602-071e-4bbe-af63-5edd2136b92e,shoreline,Renewable energy development and operations software for wind projects,,Norway,,,,,,,False,Not in Affinity
21be829d-a691-409f-96c2-e80187fc8e5a,shyft power solutions,Software focused on optimizing energy resources in emerging markets,https://shyftpower.com/,Nigeria,,,,,,,False,Not in Affinity
3acd767d-6cbb-4cd1-ae43-08eb9affecb3,sibros,Connected vehicle platform company,https://www.sibros.tech/,"San Jose, CA",,,,,,,False,Not in Affinity
1b930a6c-c572-4a6e-9a8c-76ab67c8f7a5,sicona battery technologies,Lithium-ion silicon anode technology provider,,"Alexandria, Australia",,,,,,,False,Not in Affinity
866d60ad-a1b7-40db-9aac-f6cd7c184e43,sidewalk infrastructure partners,Technology-enabled infrastructure development,,,,,,,,,False,Not in Affinity
5b3bbb34-c609-4f8c-98c5-8c22d9b18a7b,sierra energy,Waste gasification company,,"Davis, Calif.",,,,,,,False,Not in Affinity
3756e9c9-518d-4f91-976f-0c79c464039b,sightglass,AI-powered private markets investor relations platform,,"Portland, OR",,,,,,,False,Not in Affinity
e0f17bd1-742d-43e9-a436-ac5fd326975b,sigma lithium,Lithium project developer,https://sigmalithiumresources.com/,"Vancouver, Canada",,,,,,,False,Not in Affinity
4d8f8133-bb1e-415d-ab26-c78d89bb69df,signol,Emissions reduction behavioral change software platform,https://www.signol.io/,"London, UK",,,,,,,False,Not in Affinity
c8863c44-e637-430b-a674-838392fd9d75,sila nanotechnologies,Battery startup,https://www.silanano.com/,"Alameda, CA",,,,,,,False,Not in Affinity
ee001f17-bec5-48fe-a47c-44fd026a7414,silence,Early-stage and climate tech-focused fund,,"New York, U.S.",,,,,,,False,Not in Affinity
331e16b1-f9a7-467f-9a1e-454b8a7ddd9e,silfab solar,Photovoltaic (PV) module developer and manufacturer,,"Mississauga, Canada",,,,,,,False,Not in Affinity
61d3fe9b-9cfc-406e-8166-6597e201ad62,silicon data,Information about GPU pricing and performance benchmarking,,"New York, New York",,,,,,,False,Not in Affinity
23d7eb3f-905b-407c-94af-9ca28b4b53d4,silicon ranch,Provider of renewable energy and battery storage solutions,https://www.siliconranch.com/,"Nashville, TN",,,,,,,False,Not in Affinity
4e44a5bc-2672-40fa-b203-936b4564c4d7,silicon ranch corporation,Independent renewable energy producer,https://www.siliconranch.com/,"Nashville, USA",,,,,,,False,Not in Affinity
f110f4c6-ab5a-4b2e-8d12-0e282cb61fb7,silviaterra,Forestry company for exchanging carbon offsets,,,,,,,,,False,Not in Affinity
a2afe19c-1989-444a-914a-15e8240450eb,simple energy,Smart electric scooter platform,,"Bangalore, India",,,,,,,False,Not in Affinity
80cb861a-3bbb-4e1e-aa83-350f5cdf5491,simple planet,Cultivated meat ingredients,,South Korea,,,,,,,False,Not in Affinity
3f68b538-4726-4f16-8611-24e090c7d872,simplifyber,Creating molded garment and shoe uppers from cellulose-based liquid,https://www.simplifyber.com/,"New York, NY",,,,,,,False,Not in Affinity
9689d719-bed0-4773-b5ab-b72fd7d82586,simply homes,"Platform designed to optimize the acquisition, renovation, and leasing of stagnant houses",https://www.simplyhomes.com/,"Portland, Maine",,,,,,,False,Not in Affinity
2bdc8e82-9987-4642-a094-45ab0d830280,simplyblock,Cloud-storage products for efficient data centers,,"Berlin, Germany",,,,,,,False,Not in Affinity
35ed17a6-ec88-4b4e-b10c-2cf613e88df3,simulate,Plant-based chicken nuggets company,https://www.simulate.com/,"New York, NY",,,,,,,False,Not in Affinity
93087cb1-bc03-4067-8d7f-40413fedcfe0,sinai technologies,Startup helping companies calculate internal carbon pricing,https://sinaitechnologies.com/,"San Francisco, CA",,,,,,,False,Not in Affinity
ca04f76b-6c3c-417e-90f7-22fb22bdbfd5,single.earth,Carbon credit crypto token market,,,,,,,,,False,Not in Affinity
377e62a2-f77b-44c5-be71-88780379dbbc,singularity energy,Grid carbon emissions platform,,"Somerville, MA",,,,,,,False,Not in Affinity
6e7d12ab-526c-4be2-8010-f69cd62ef1e7,sion power corporation,Developer of electric vehicle batteries,,"Tucson, Ariz.",,,,,,,False,Not in Affinity
502c2013-7131-4fc1-8dfa-ec5d973b2dc7,sircel,Recycle solar panels,,"Sydney, Australia",,,,,,,False,Not in Affinity
6899ccee-69ec-446d-b676-51ff79289d72,sirionlabs,Contract management software platform,,"Bellevue, WA",,,,,,,False,Not in Affinity
41bcbc05-9132-471b-9ab3-0f0867353afd,sirona technologies,For its direct air capture technology,,"Brussels, Belgium",,,,,,,False,Not in Affinity
32eba4ef-577e-4af4-b6cb-c4ccb8659d18,sistema.bio,Biogas technology and systems developer,https://sistema.bio/,"Mexico City, Mexico",,,,,,,False,Not in Affinity
12e20673-ddb4-41c3-81e0-6e07685784d0,sistine solar,Provider of solar panels,,"Somerville, MA",,,,,,,False,Not in Affinity
0fd7d149-ae02-4af2-9bbd-525c59a0c735,siteaware,A.I. construction verification software,,"Houston, TX",,,,,,,False,Not in Affinity
4bacce06-457e-4e08-8c03-36f061323bca,sitekick,AI-powered commercial real estate construction site-monitoring platform,https://sitekick.com/,"Minneapolis, MN",,,,,,,False,Not in Affinity
f22452d7-61cd-40b3-b4ce-8cbfaff6a131,sitetracker,Infrastructure tech company,https://sitetracker.com/,"Palo Alto, CA",,,,,,,False,Not in Affinity
c054e79d-09cc-4520-9aab-6b030ffef45f,sitration,Pioneering novel separation processes for battery recycling,,"Cambridge, MA",,,,,,,False,Not in Affinity
8d30ab17-f9e1-4053-bf07-b49005dc05fd,sjf ventures,Venture firm,,"Durham, NC",,,,,,,False,Not in Affinity
a7dfdac0-a721-4764-9e02-90fddc51c410,sk on,EV battery manufacturer,,"Seoul, South Korea",,,,,,,False,Not in Affinity
715fe169-4152-4060-9429-afff9052c613,skarper,Convert standard bikes into e-bikes,,London,,,,,,,False,Not in Affinity
ea83dbdf-3777-4d29-968b-8033e5a59af0,skeleton technologies,Graphene-based supercapacitor and battery energy storage developer,https://www.skeletontech.com/,"Tallinn, Estonia",,,,,,,False,Not in Affinity
26b12146-77b7-485f-b68a-1b872fd02aa3,skoon energy,Platform for renting electricity and energy systems,https://www.skoon.energy/,"Rotterdam, Netherlands",,,,,,,False,Not in Affinity
0d3697a9-4d00-4ab3-90cd-7279a92a0f43,skoot,Carbon offset platform,,"London, UK",,,,,,,False,Not in Affinity
2fc1877b-7467-477c-9e26-9a704bb78d37,skycell,To develop a more sustainable temperature-controlled supply chain for pharmaceuticals,https://www.skycell.ch/,"Zug, Switzerland",,,,,,,False,Not in Affinity
a39b066b-e3b2-4338-85aa-5a11bb314ed4,skycool systems,Passive air conditioning and refrigeration systems developer,https://www.skycoolsystems.com/,"Mountain View, CA",,,,,,,False,Not in Affinity
6db7d4e8-3e2a-4886-a1e6-378e776537a0,skydio,Autonomous drones for various applications,https://www.skydio.com/,"San Mateo, CA",,,,,,,False,Not in Affinity
a57bd236-9fd7-4f77-96e7-14fe9a8ec10f,skydrive,eVTOL developer,,"Tokyo, Japan",,,,,,,False,Not in Affinity
3ad16f9b-c75c-4a0d-bd77-daa6cb432dab,skydweller,Solar aircraft startup,,"Oklahoma City, OK",,,,,,,False,Not in Affinity
0b035b7f-8634-48fe-923d-f19ee96640b6,skyever,Innovative solar energy solutions provider,https://www.skyever.com/,"San Diego, CA",,,,,,,False,Not in Affinity
c6caefc8-ee14-415b-91e7-894d28285287,skyfora,AI-based weather forecasts platform,https://skyfora.com/,"Helsinki, Finland",,,,,,,False,Not in Affinity
df77808d-cde8-4476-8f1b-2d03a1a70cb0,skyhigh,Drone-based delivery service,,"San Francisco, CA",,,,,,,False,Not in Affinity
001231ec-7e3e-44df-8bec-2f92e28438fc,skyhive,Reskilling software company,https://www.skyhive.io/,"Palo Alto, CA",,,,,,,False,Not in Affinity
3f2b89ce-c5a9-4b99-ba3c-79c391bd454d,skylar technologies,AI-driven solutions for supply chain management,,"San Francisco, CA",,,,,,,False,Not in Affinity
e12837a2-dc57-4198-a17c-30ee87ca148c,skynrg,Sustainable Aviation Fuels (SAFs) producer,https://skynrg.com/,"Amsterdam, Netherlands",,,,,,,False,Not in Affinity
f7223580-d406-45d5-9b62-266cf4d2a5b4,skyports,Infrastructure for advanced electric air mobility,https://skyports.net/,"London, U.K.",,,,,,,False,Not in Affinity
ef85aefd-1ad3-491a-a37e-7662740ada0f,skyqraft,Drone that inspects powerlines,,Sweden,,,,,,,False,Not in Affinity
401100e5-2186-4577-8c35-3b44687f6238,skyspecs,Monitoring renewable energy assets like wind turbines,,"Ann Arbor, MI",,,,,,,False,Not in Affinity
b387686b-a386-45ce-8362-b1a835796dce,skysync,Cloud storage and backup solutions,https://www.skysync.com/,"Harrisburg, PA",,,,,,,False,Not in Affinity
30da1a31-8034-440a-8d06-52c7f8e20e76,skytree,On-site direct air capture provider,https://www.skytree.tech/,"Amsterdam, Netherlands",,,,,,,False,Not in Affinity
a4f541c3-3cba-4c33-a9fa-48d05b2cd37a,skyven technologies,Energy-as-a-Service company which funds and de-risks capital projects to reduce carbon emissions caused by process heat,,"Dallas, TX",,,,,,,False,Not in Affinity
55429479-4914-42f6-964c-c875aac34327,slate auto,Affordable two-seat electric pickup truck,,Michigan,,,,,,,False,Not in Affinity
913fad9e-02b5-4c7e-a9fd-e3be379e990f,slim.ai,Software developer platform,,"Boxborough, MA",,,,,,,False,Not in Affinity
ccdc7a2c-7108-4b1c-9f32-8dba82eb7d11,slingshot aerospace,Producer of space simulation and analytics products for space sustainability,,"El Segundo, CA",,,,,,,False,Not in Affinity
b091f099-434a-4018-9f93-8f5d21b57c1f,slip robotics,Automated truck-loading robots-as-a-service provider,https://www.sliprobotics.com/,"Atlanta, GA",,,,,,,False,Not in Affinity
d11c7577-c5b7-4c8d-8d1c-f69dc1b372c3,smalt,Talent development and technology services platform for the green trades sector,https://www.smalt.com/,"Berlin, Germany",,,,,,,False,Not in Affinity
7706bb0d-fd12-413b-952e-35128a8dc7cf,smart apply,Company developing precision sprays for orchards,https://smartapply.com/,"Indianapolis, IN",,,,,,,False,Not in Affinity
1faed43d-c854-4b70-99be-5be0375e1ed3,smart wires,Grid technology and services provider,,"Durham, NC",,,,,,,False,Not in Affinity
91e9b084-c326-446a-9aeb-b7b91bc172ae,smartac.com,Platform to monitor HVAC systems,https://smartac.com/,Houston,,,,,,,False,Not in Affinity
3d8d4312-e8d5-4283-9a37-586fd80f2e92,smartbreeder,Help ag companies increase yields and efficiency via smart breeding,,"Piracicaba, Brazil",,,,,,,False,Not in Affinity
6bff91fd-cc02-44b6-bd29-7154e6934915,smartcar,API developer platform that connects vehicles with mobile apps,https://smartcar.com/,"Mountain View, CA",,,,,,,False,Not in Affinity
d3272fa4-6c27-4355-b9f7-55aee1989847,smarter sorting,Consumer goods data and sustainability company,https://www.smartersorting.com/,"Austin, TX",,,,,,,False,Not in Affinity
ae3f8133-9f4d-4168-80b2-072f5860f52c,smarthelio,PV inspection analytics platform,,Switzerland,,,,,,,False,Not in Affinity
867673a4-1ee5-4747-823d-f48f45682cef,smarthome innovations,Smart home automation and security systems,https://www.smarthomeinnovations.com/,"Austin, TX",,,,,,,False,Not in Affinity
66f56af6-43f6-45f7-a0e3-6710fbb856ba,smartrent,Provider of smart home automation solutions,https://smartrent.com/,"Scottsdale, Ariz.",,,,,,,False,Not in Affinity
eac94f9b-fa37-467e-8a18-381a7b8b2526,smartvid.io,Construction site monitoring platform,,"Cambridge, MA",,,,,,,False,Not in Affinity
1d0d4d62-7300-4393-940f-9b575aaafef4,smartwyre,Agriculture pricing and insights company,https://www.smartwyre.com/,"Denver, CO",,,,,,,False,Not in Affinity
78aff771-b175-4b06-8011-f5af9b3d42b5,Smart Power Networks,Real-time energy network optimization company,smpnetworks.com,"London, United Kingdom",7.0,-12.5,Seed,1377574.0,Marathon Venture Capital,Dimitrios Tzelepis (Chief Technology Officer | Co-Founder): https://linkedin.com/in/tzeldimi,True,300510124
8aa4e7e1-85d9-4911-bf1e-62728ba26111,Snap-E Cabs,Electric cab service provider,snapecabs.com,"Kolkata, India",,,,,,,False,290410378
9ebd86d7-b625-45b2-9d85-87b05bdf8516,Snaptrude,"Operating system for architecture, engineering, and construction companies",snaptrude.com,"Bengaluru, India",73.0,-1.35,Series A,14000000.0,Foundamental VC,prabhudev patil (Co founder and Chief Operating Officer): https://linkedin.com/in/prabhudev-patil-2763404a,True,2178373
83f8105d-a664-42dd-a84d-70a83dbc1cbc,Snerpa Power,Energy services for power-intensive users,snerpapower.com,"Reykjavík, Iceland",13.0,-13.33,Series A,2200000.0,BackingMinds,Eyrun Linnet 🚀 (she/her) (Co-Founder and Chairman of the Board): https://linkedin.com/in/eyrun-linnet,True,288089897
2ce3a62f-745f-4f66-aa53-f2f9d19da6ef,"Sniffer Robotics, LLC",Drones for methane emission detection service provider,snifferrobotics.com,"Ann Arbor, MI",,,,,,,False,146198645
d9206722-1706-494e-a6ae-9afe40e547d6,SnoFox Sciences,Cold chain data platform,snofox.com,"Philadelphia, Pennsylvania",13.0,-7.14,Seed,4500000.0,Mudcake,"Harvey Rubin, PhD, MD (Co-Founder): https://linkedin.com/in/harvey-rubin-phd-md-7a9bb53",True,284217815
00a59c06-adab-4110-b7f1-ba819a0eca19,Snowfox Discovery,Natural hydrogen exploration technology provider,snowfoxdiscovery.com,"Oxford, England",10.0,100.0,,,,,True,292527198
9bcef5aa-74d4-43c2-9456-f40055811de7,Soelect,Solid-state battery component developer,soelect.com,"Greensboro, North Carolina",,,,,,,False,265079384
13fd5182-bf07-4dca-86a5-a48d86bd88d8,Sofar Ocean Technologies,Operator of ocean sensors,sofarocean.com,"San Francisco, California",104.0,14.29,Series B,39000000.0,Union Square Ventures,"Anke Pierik (Co-Founder, Head of Product & Design at Spoondrift (renamed Sofar Ocean in 2019)): https://linkedin.com/in/anke-pierik-3391072",True,221115438
3972fb83-7e0f-4db5-b310-ddd980c46e08,Sofar Ocean Technologies,Ocean data collection,sofarocean.com,"San Francisco, California",104.0,14.29,Series B,39000000.0,Union Square Ventures,"Anke Pierik (Co-Founder, Head of Product & Design at Spoondrift (renamed Sofar Ocean in 2019)): https://linkedin.com/in/anke-pierik-3391072",True,221115438
c27c37a5-d96f-4b8f-90e3-df1deda47ebf,Software Defined Automation,Industrial-control-as-a-service (ICaaS) provider,softwaredefinedautomation.io,"Montreal, Canada",25.0,0.0,Seed,10000000.0,Fly Ventures,Axel Scheurer (Founder): https://linkedin.com/in/axel-scheurer-3b79b3154,True,283266435
672e6f08-bbf8-4262-ad35-4dcec511f1af,SoHHytec,Green hydrogen production startup,sohhytec.com,Switzerland,,,,,,,False,263369331
f1de898e-280d-48d0-8442-ba1cba62b3b1,Soil Carbon Co,Converting atmospheric CO2 into stable soil carbon using microbial fungi,soilcarbon.co,Australian,,,,,,,False,262864867
e1567fb8-bd47-4705-ac28-74d175304ac2,sojo industries,Automated packaging systems,https://www.sojoindustries.com/,"Bristol, PA",,,,,,,False,
a5506781-f9e8-456c-a562-ff9d558f651d,sol systems,Utility-scale solar projects,,"Washington, D.C.",,,,,,,False,Not in Affinity
d13ae47e-6172-400d-90bc-e684d48b2b40,solar ai technologies,Rent-to-own solar platform,,"Central Region, Singapore",,,,,,,False,Not in Affinity
995eb4c6-0103-46c2-b411-eae364f49dad,solar foods,Make protein out of cellular biomanufacturing processes,https://solarfoods.com/,"Helsinki, Finland",,,,,,,False,Not in Affinity
fda5484a-b55d-408a-820c-c9ade69eee1f,solar ladder,Rooftop solar installation management platform,,"Andheri, India",,,,,,,False,Not in Affinity
352b7a05-544f-4f2f-ba66-65426e443592,solar monkey,Solar panel installation software provider,,"Amsterdam, Netherlands",,,,,,,False,Not in Affinity
faceaa81-cf92-45ad-b567-c3bfb5e97a60,solar x works,Developer of modular solar-powered refrigeration systems,,"Moses Lake, WA",,,,,,,False,Not in Affinity
1a51b7bf-a172-4101-99fd-13c73b75a945,solarbank corporation,Utility-scale and community solar projects,,"Toronto, Canada",,,,,,,False,Not in Affinity
20764d82-d41f-48e4-9ca3-34310f29c4d2,solarcycle,Startup for recycling and reusing solar panels,,"Oakland, Calif.",,,,,,,False,Not in Affinity
0f1bd636-9725-4301-b706-f64ae46ffc33,solarduck,Offshore floating solar company,,Netherlands,,,,,,,False,Not in Affinity
7c1e900d-72d6-42d5-8956-c73f3595e29d,solarfix,Design and install solar panels in commercial settings,,Belfast,,,,,,,False,Not in Affinity
8b205c0f-09d8-48ea-aa67-072321d42d96,solarge,500 MW facility to make lightweight solar panels,https://solarge.com/,"Weert, Netherlands",,,,,,,False,Not in Affinity
982106e3-4b60-4d87-874d-60e15bd4f341,solarize,Software company developing microgrid operation software,,Germany,,,,,,,False,Not in Affinity
9f5bd378-d75c-473b-bb69-52723d146661,solarsquare,"Design, install, and operate rooftop solar systems",https://solarsquare.in/,Mumbai,,,,,,,False,Not in Affinity
472ca642-3ab7-49fb-bd70-35502c8788ba,solasta bio,Peptide-based biopesticides,https://solastabio.com/,"Glasgow, United Kingdom",,,,,,,False,Not in Affinity
021fb1b2-c6d9-4b54-a417-0773ce1c0aa9,solena materials,Sustainable textiles developer,,"London, England",,,,,,,False,Not in Affinity
dedff432-8963-4957-87cc-b9b3c71ddbc1,solestial,Company developing solar technology for space,,"Tempe, AZ",,,,,,,False,Not in Affinity
cf1ec15a-91eb-42eb-808d-17aad7288364,solfy,Residential solar energy marketplace,,"Barcelona, Spain",,,,,,,False,Not in Affinity
76170bde-2b86-4b84-90fd-bfb54dbcbbdb,solfácil,Provides credit lines for installing solar energy,https://solfacil.com.br/,Brazil,,,,,,,False,Not in Affinity
80843ccb-3e72-4641-b930-ce9a28d6b88d,soli organic,Indoor farming company,https://soliorganic.com/,"Harrisonburg, VA",,,,,,,False,Not in Affinity
cce14766-d1c4-45b6-a5ed-c85e9f6da1a5,solid energy systems,Developer of hybrid li-metal batteries,,"Woburn, MA",,,,,,,False,Not in Affinity
f9d1f4f1-4144-4a05-94aa-34b05bb4ea7b,solid power,Maker of solid-state batteries for electric vehicles,,"Louisville, USA",,,,,,,False,Not in Affinity
9f79993a-91a4-4303-83f9-a216942fe907,solidia,Developer of low-carbon cement and concrete,,"Piscataway, NJ",,,,,,,False,Not in Affinity
e656a807-bc11-43b7-ba62-e1193a8fb045,solithor,Developer of solid-state lithium battery cells,https://www.solithor.com/,Belgium,,,,,,,False,Not in Affinity
35c3bbce-d025-465e-b692-ce0449ddd739,solivus,“Thin-film” solar specialist,,UK,,,,,,,False,Not in Affinity
4e0afb92-2b9a-44f9-b22c-d6da43bc36e2,solo,Electric heavy truck platform,,"Fremont, CA",,,,,,,False,Not in Affinity
3880b48d-2c15-49e7-8819-8c7f697def1a,solo.io,API infrastructure company,,"Cambridge, Mass.",,,,,,,False,Not in Affinity
0455141c-4dc4-41aa-a360-29e69bc735cc,solstice,Community solar development business,https://www.solstice.us/,"Cambridge, MA",,,,,,,False,Not in Affinity
5ae119a7-5e33-4f2b-9c0d-e828314fa184,solstice power technologies,Solar power tech company,https://solstice.us/,"Cambridge, MA",,,,,,,False,Not in Affinity
bf2a7631-486f-4145-a99b-c8ea305ab906,solubag,Water-soluble bags as an alternative to plastic,,"Hallandale Beach, FL",,,,,,,False,Not in Affinity
625e5d01-0b07-4f42-9e9e-7b2f820ba63f,solugen,Biotechnology company that produces renewable hydrogen peroxide,https://www.solugen.com/,"Houston, TX",,,,,,,False,Not in Affinity
9f90de79-7747-48d6-8221-9a0deea853fa,soluna,Renewable-powered data center developer,https://www.soluna.io/,"New York City, NY",,,,,,,False,Not in Affinity
1a92ab07-8fdd-44a0-8ecf-9fac5dffba59,solus power,To make portable EV chargers,,London,,,,,,,False,Not in Affinity
f7baaaa5-deaf-4ed1-b880-864be40f334a,solytic,Developer of solar photovoltaic monitoring technology,https://www.solytic.com/,Germany,,,,,,,False,Not in Affinity
056119d2-7cbd-4b15-9a6d-4cfa59a3521f,sonarsource,Clean code platform,https://www.sonarsource.com/,"Geneva, Switzerland",,,,,,,False,Not in Affinity
09709395-cfc4-4bca-947f-954ec5984a26,sonichem,Startup that converts low-value forestry into renewable biochemicals,https://www.sonichem.com/,"Leicester, U.K.",,,,,,,False,Not in Affinity
428e7e12-60e4-4ac3-aa0e-517386d0da67,sono motors,Solar electric car startup,https://sonomotors.com/,"Munich, Germany",,,,,,,False,Not in Affinity
545e099f-199c-46c1-a351-0e311bb91bd9,sonocharge energy,Device that enhances battery charging using acoustic waves,https://www.sonocharge.com/,"Mountain View, CA",,,,,,,False,Not in Affinity
e40e7859-30a4-473b-8f69-968ba0d9c59e,sophia space,Orbital data center developer,,"Seattle, WA",,,,,,,False,Not in Affinity
d0ca03a3-ed12-4fe0-9946-eba1fbc6b1f2,sophie’s kitchen,Maker of plant-based seafood,,"Sebastopol, CA",,,,,,,False,Not in Affinity
89019cf5-3997-4cc7-b01b-91d10211a54c,sopht,Software to decarbonize IT infrastructure,https://sopht.com/,"Lyon, France",,,,,,,False,Not in Affinity
e56e0817-82a4-4b9c-8787-dd4639ea6879,sora fuel,Producer of sustainable aviation fuel,https://www.sorafuel.com/,"Cambridge, MA",,,,,,,False,Not in Affinity
0c7237c9-f9c5-4375-bee4-29f2e15b7a13,sorcerer,Weather balloon technology,,Y Combinator,,,,,,,False,Not in Affinity
ba96dd7e-bb00-4df8-8307-08225d64fdde,sorted,Sorting tech for recycling and waste management,https://sorted.com/,"London, U.K.",,,,,,,False,Not in Affinity
f741afe0-472c-486c-ac0e-c2bd7b4f7ac7,sortera,Expand its first metals recycling plant,,"Markle, IN, U.S.",,,,,,,False,Not in Affinity
0de26a16-c793-4d8f-b9d1-357a255e09d1,sortera alloys,Product waste reuse company,https://sorteraalloys.com/,"Fort Wayne, In.",,,,,,,False,Not in Affinity
e193238c-eda5-44c3-ba33-83b50ccf0370,sortera technologies,Recycling platform company,https://sorteratechnologies.com/,"Markle, Ind.",,,,,,,False,Not in Affinity
bee6ee4d-9687-4708-a526-b90154fc2301,soulmates ventures,Sustainability fund for seed-stage investments,,"Prague, Czech Republic",,,,,,,False,Not in Affinity
e2510bc6-60c9-45d6-8a83-ebd026b44f6e,sound agriculture,Developer of innovative plant-breeding solutions,https://www.sound.ag/,"Emeryville, CA",,,,,,,False,Not in Affinity
63cb5f59-6ceb-4e85-8e0a-54725dddd6bc,source,B2B marketplace for commercial construction products,https://www.source.com/,"Portland, OR",,,,,,,False,Not in Affinity
a0a263fa-f9e6-4516-9524-973573be3e3b,source.ag,Agtech startup building A.I. for greenhouses,https://www.source.ag/,"Amsterdam, Netherlands",,,,,,,False,Not in Affinity
338838d4-07ac-42dc-b12e-92e2da1b188a,sourceful,Supply chain sustainability startup,https://sourceful.com/,UK,,,,,,,False,Not in Affinity
5d9be00d-6324-4ea4-9fc3-9fa75590800b,sourcemap,Provider of end-to-end supply chain due diligence software,https://www.sourcemap.com/,New York,,,,,,,False,Not in Affinity
4a370411-87a8-4fd6-b758-2c9ef6b4cc8d,south 8,Gaseous electrolytes for lithium-ion battery safety,,"San Diego, CA",,,,,,,False,Not in Affinity
7a2e7c94-9e74-40b5-9f22-9cb0966838fd,south 8 technologies,Electrolyte formulations provider for lithium batteries,,"San Diego, CA",,,,,,,False,Not in Affinity
1cc270ed-5c8b-47bd-a9d8-8a9e472ba979,sp tech solutions,Software for rail transportation optimization,,"Toruń, Poland",,,,,,,False,Not in Affinity
6da3e35e-463b-4ab6-963b-ddb71c10399a,space intelligence,Satellite-based nature mapping platform,,"Edinburgh, Scotland",,,,,,,False,Not in Affinity
d35d3f5b-9a97-4f72-aab4-fc4227aeb4e6,spacedrip,Water treatment systems company,,"Tallinn, Estonia",,,,,,,False,Not in Affinity
4ab8143a-d411-477a-8c44-13db05ccbf01,spacex,Aerospace manufacturer and space transportation company,https://www.spacex.com/,"Hawthorne, CA",,,,,,,False,Not in Affinity
fa6eafa0-10f4-4280-8637-b6a057827e80,span,Maker of smart electrical panels,https://www.span.io/,"San Francisco, CA",,,,,,,False,Not in Affinity
df09d943-6cd2-4c5e-b868-a3a6144cee26,span.io,Creator of electrical panels for homes and chargers for cars,https://span.io/,"San Francisco, CA",,,,,,,False,Not in Affinity
8c479c11-6d55-4a56-bcce-3d589ff8cf82,sparkcharge,Portable EV charging systems for commercial fleets,https://www.sparkcharge.io/,"Somerville, MA",,,,,,,False,Not in Affinity
8ece57e1-d208-4258-a4c3-a2cb329da03b,sparkcognition,AI-driven cyber-physical software solutions provider,,"Austin, Texas",,,,,,,False,Not in Affinity
df098e51-a338-4475-ac60-2be7a241db84,sparkmeter,"Provider of grid management services, equipment, and software solutions",https://sparkmeter.io/,"Washington, D.C.",,,,,,,False,Not in Affinity
bc2b0a4e-a69c-4d92-89eb-73d6ddf9561a,spartan radar,Biomimetic radar maker,,"Los Alamitos, CA",,,,,,,False,Not in Affinity
2506a62e-5a4c-4b4f-b641-2b4df86d4ad9,sparxell,Make sustainable plant-based pigments,,"Cambridge, U.K.",,,,,,,False,Not in Affinity
fd81cec2-bf31-4acb-a54d-51c6dabe379d,specifx data,HVAC data software startup,,"San Francisco, CA",,,,,,,False,Not in Affinity
1dc65dd0-8038-40e0-ae73-b5d039e85ad8,speckle,"Data hub provider for architecture, engineering, and construction",,"London, UK",,,,,,,False,Not in Affinity
2b56430c-b6df-4f19-af01-7f2b3799c663,specter,Speed pedelecs (speedier e-bikes),,"Brussels, Belgium",,,,,,,False,Not in Affinity
63fd2f6c-ad41-4fca-aebd-5b3411659357,spectro cloud,Kubernetes management platform,,"San Jose, CA",,,,,,,False,Not in Affinity
72b6dbfe-8c70-4b26-ae62-347e803e1388,spexi,Ultra-high-resolution drone imagery network,https://www.spexi.com/,"Vancouver, Canada",,,,,,,False,Not in Affinity
4c151381-297b-49ca-b3be-d4810257a746,sphere,Location optimization for renewable projects provider,,"San Francisco, CA",,,,,,,False,Not in Affinity
595e17f5-9d55-4143-96e4-6ac5d08620bd,spiber,Fermented brewed proteins-based eco-fibers developer,,"Yamagata, Japan",,,,,,,False,Not in Affinity
b98a9fba-96d5-4dc9-9bd6-611a0f176ca2,spindrive,Magnetic bearing systems manufacturer,,"Lappeenranta, Finland",,,,,,,False,Not in Affinity
a1b53bbe-2fc3-469d-980f-eebd25ade179,spinergie,Maritime vessel optimization platform,,France,,,,,,,False,Not in Affinity
4f670a5b-a405-4555-8012-643210031016,spinnova,Maker of textile fibers from wood and agricultural waste,https://www.spinnova.com/,Finland,,,,,,,False,Not in Affinity
d595d654-752a-4787-851d-ff934b87f133,spiralwave,Plasma-based CO2-to-methanol conversion technology,,San Francisco,,,,,,,False,Not in Affinity
ab70116d-58eb-4426-93de-928e4bfdaef5,spiritus,Developer of direct air capture technology,https://www.spiritus.com/,"White Rock, N.M.",,,,,,,False,Not in Affinity
70b53001-eaaa-4cd2-8ba6-a90c5fd64b0d,spiro,Electric micromobility vehicles manufacturer,,"Cotonou, Benin",,,,,,,False,Not in Affinity
237e74bd-6200-4d0d-bc94-bf7cdb7cea10,splight,Developer of AI-powered electricity grid operations technology,,"San Francisco, CA",,,,,,,False,Not in Affinity
c1a3e23b-055c-445c-bf47-f7843f67116b,spoiler alert,Food waste platform,https://spoileralert.com/,"Boston, MA",,,,,,,False,Not in Affinity
bab28b8d-296e-4582-8acc-e1e42239c29b,spoor,AI platform for detecting birds near wind farms,https://spoor.com/,"Oslo, Norway",,,,,,,False,Not in Affinity
d35517a0-0698-4b6c-825a-101ecfda856e,spore,Platform for creators to build websites,, ,,,,,,,False,Not in Affinity
254cade7-5860-49f0-9684-446cec31ac54,spore.bio,Developer of AI-powered technology that can detect bacteria,https://www.spore.bio/,"Paris, France",,,,,,,False,Not in Affinity
d6ec796b-1dfa-46ed-b263-2f5820bb1520,spotless water,Supply ultra-pure water,,"Dorset, U.K.",,,,,,,False,Not in Affinity
9dc4ddff-4935-4db1-94c7-db03f3a4370f,spotta,Startup that uses AI to spot pests,https://www.spotta.co.uk/,"Cambridge, UK",,,,,,,False,Not in Affinity
61fa92bd-69b4-4487-8f78-da9f751be7e9,spring valley acquisition,Blank check company targeting the sustainability industry,,Dallas,,,,,,,False,Not in Affinity
91dd7a8d-6230-467e-bb92-45ff5906cee6,sproud,Producer of pea-made milks,https://sproud.com/,Sweden,,,,,,,False,Not in Affinity
bbe4f54a-3302-4731-94a2-af1d59e21532,sqim,Mycelium-based technologies developer,,"Varese, Italy",,,,,,,False,Not in Affinity
2c4867f5-52fe-4e80-ab44-687fb9b7c6c3,squad mobility,Solar-powered urban mobility service,,"Breda, Netherlands",,,,,,,False,Not in Affinity
055525ff-6adb-490b-afc0-faccdb03a7f1,squake,Carbon calculations provider,https://squake.earth/,Berlin,,,,,,,False,Not in Affinity
51855aeb-79ba-4614-b3b1-aefa515c50ff,squint,Mobile app that uses AI and AR to automate data entry,,"San Jose, CA",,,,,,,False,Not in Affinity
cbafaf11-45cf-4896-b8b5-c9ca986885e4,stabl energy,Battery storage startup,,Germany,,,,,,,False,Not in Affinity
3985b41f-2933-45fc-84aa-09397c0c7b11,stack av,Autonomous trucking developer,https://stackav.com/,"Pittsburgh, KS",,,,,,,False,Not in Affinity
a1acd7a4-6a53-430b-ad1b-2206962bd834,stacklet,Cloud governance platform,,"Arlington, VA",,,,,,,False,Not in Affinity
e415da7e-9134-48ff-bec2-16430d99f782,stafl systems,Lithium-ion battery pack and battery management platform,,South San Francisco,,,,,,,False,Not in Affinity
f3f845e4-ca1c-42c2-b8fa-c621717b2f7a,stand,Insurance provider for climate-impacted properties,https://stand.com/,"San Francisco, CA",,,,,,,False,Not in Affinity
6e3e178f-04d3-486f-b6d2-af1fa4af2a85,standard biocarbon,"Producer of biochar, a form of charcoal that can capture carbon",https://www.standardbiocarbon.com/,"Portland, ME",,,,,,,False,Not in Affinity
ce9e01b6-2c7b-4ef5-a9c2-eca67ff9984a,standard energy,Developer of vanadium ion batteries,,South Korea,,,,,,,False,Not in Affinity
b33c2ab5-cf8c-4ddf-937f-b5c58117b82d,standard fleet,Electric vehicle fleet management platform,https://www.standardfleet.com/,"San Francisco, CA",,,,,,,False,Not in Affinity
9756a442-a490-41cc-a974-666659962622,standard nuclear,Advanced nuclear fuel pellets,https://www.standardnuclear.com/,"Oak Ridge, TN",,,,,,,False,Not in Affinity
20a803eb-a115-4b1a-9b00-881e70348732,standing ovation,Developer of animal-free cheese,,France,,,,,,,False,Not in Affinity
d23ab52d-38e3-4299-bcb1-9809b5646493,star catcher industries,Develop a space-based grid that captures solar energy,,"Jacksonville, FL",,,,,,,False,Not in Affinity
fbfd15bb-4628-468f-8d7f-9bc537135be3,star charge,Chinese electric vehicle charging company,,China,,,,,,,False,Not in Affinity
04ea3c44-9726-4449-b523-bb671e5091ab,starfield,Plant-based protein company,,China,,,,,,,False,Not in Affinity
efcf385f-971f-4dca-9e7e-36793728a10b,stargate hydrogen,Green hydrogen via alkaline electrolyzers developer,https://stargatehydrogen.com/,"Tallinn, Estonia",,,,,,,False,Not in Affinity
c50b7c58-8407-447e-8441-b4a88c0bc400,stark future,Electric motorcycle technology manufacturer,https://www.starkfuture.com/,"Barcelona, Spain",,,,,,,False,Not in Affinity
45ccb10e-80a5-4c6f-bf16-ea43f33d84cb,starpath robotics,Robots that mine water from the Moon,,"San Francisco, CA",,,,,,,False,Not in Affinity
1cfeb474-2261-4b28-89c0-1424f2efe9f2,starpower,Build a DePIN energy network to aggregate battery energy storage,,,,,,,,,False,Not in Affinity
9e82674f-2643-4a56-b41c-eac39287881c,starship technologies,Provider of autonomous delivery service,https://www.starship.xyz/,"San Francisco, CA",,,,,,,False,Not in Affinity
0b71cabc-e913-4dd8-82ac-5dfe831a28ff,starshot capital,Early-stage climate tech fund,,"LA, U.S.",,,,,,,False,Not in Affinity
0e3fda07-6767-4734-9399-e42a3b2e6662,stately bio,Regenerative medicine machine learning developer,https://www.statelybio.com/,"Palo Alto, CA",,,,,,,False,Not in Affinity
aca3833d-a754-406a-a094-2ab182a91a88,statera energy,Renewable energy and assets developer,,"London, UK",,,,,,,False,Not in Affinity
dcc6483e-3888-4a59-bb87-13842e251581,station a,Automating clean energy development,,San Francisco,,,,,,,False,Not in Affinity
a84ebc09-2535-4ece-8d79-eb591a08a44c,statiq,EV charging network,https://www.statiq.in/,India,,,,,,,False,Not in Affinity
f3a7bd57-f8b6-428b-aedf-6b027790dc43,stax engineering,Systems that remove pollutants from ships' exhaust,,"Los Angeles, CA",,,,,,,False,Not in Affinity
eb49cb5f-7bec-4c70-abba-46b01a2c22a8,steady energy,Small nuclear reactors for district heating,https://steadyenergy.com/,"Espoo, Finland",,,,,,,False,Not in Affinity
9ad060ac-f847-4ed1-b4ed-7cdd3b142e6d,steamaco,Technology supplier to utilities in Africa and Asia,,U.K.,,,,,,,False,Not in Affinity
f5deab09-e474-4e36-83d3-79c7b7f17756,stegra,Decarbonize steelmaking with green hydrogen,https://stegra.com/,"Stockholm, Sweden",,,,,,,False,Not in Affinity
b21054aa-0c7c-4d5f-bcb7-05278da0e80b,stem,AI-driven energy storage company,,"San Francisco, CA",,,,,,,False,Not in Affinity
c686b84e-0900-4e9a-a785-66408bc70557,stemy energy,Provider of community solar,,Spain,,,,,,,False,Not in Affinity
674c3fc7-2210-4deb-bbfb-c09302de83e6,stenon,Real-time soil sensing tech startup,https://stenon.io/,Germany,,,,,,,False,Not in Affinity
9a0c6a7c-f4e2-4f1b-b541-b4ddb53c30d4,stepchange,Corporate sustainability platform,,"Bangalore, India",,,,,,,False,Not in Affinity
179f2809-61d1-4d69-ab5e-b8c7d4814c1c,stepstone group,Infrastructure co-investment fund,,New York,,,,,,,False,Not in Affinity
6d6f70ad-f60a-4ff0-96ed-3187c84401b9,stepwise,Emissions reduction SaaS platform,,"Stavanger, Norway",,,,,,,False,Not in Affinity
5338f1c3-4008-4cec-97cb-9396ab9b5c19,steward,Funding platform for farms and food producers,,"Portland, OR",,,,,,,False,Not in Affinity
8fe2d21d-5756-4cf2-81e3-3327b07f77d8,stilla technologies,Digital PCR solutions for high-precision genetic analysis,,France,,,,,,,False,Not in Affinity
41822907-2a20-4eb8-9a15-ae85e95be543,stockeld dreamery,Plant-based cheese maker,,Sweden,,,,,,,False,Not in Affinity
3deb6f7b-9148-4f83-a320-867baa2d6c8a,stoke space,Sustainable space vehicle components developer,,"Renton, WA",,,,,,,False,Not in Affinity
2125e2e6-3f74-4458-8a3e-09d2bd24689a,stor.ai,Digital commerce solution for grocers,,"Tel Aviv, Israel",,,,,,,False,Not in Affinity
cf13db78-ef7c-4d98-ad02-6edf2d2f06bc,stord,Supply chain software for retailers and e-commerce brands,https://www.stord.com/,"Atlanta, GA",,,,,,,False,Not in Affinity
1005e973-52e2-4cc5-bde6-17f3510bc84b,storedot,Developer of fast charging battery technology,https://www.store-dot.com/,Israel,,,,,,,False,Not in Affinity
b39fa691-e702-4a2c-ad2a-926bb3b74416,storio energy,Energy storage solutions and battery management software,storioenergy.com,"Paris, France",10.0,11.11,Seed,5500000.0,Bump,,True,297273417
3dabed1e-a430-4ecb-af1e-59793f6e3ad4,Stormfisher Biogas,Hydrogen-based fuel production platform,stormfisher.com,"Toronto, Canada",,,,,,,False,1532550
792342e9-b76e-4fae-a45a-8440bafb479a,stormfisher hydrogen,Develop e-fuel projects,https://stormfisher.com/,"Toronto, Canada",,,,,,,False,
201f6cdd-f855-4b4b-97cf-ea73da48428c,StormHarvester,AI-powered analytics and management platform for wastewater utilities,stormharvester.com,"Castlereagh, United Kingdom",46.0,21.05,Series A,10200000.0,,Brian Moloney (Founder and Managing Director): https://linkedin.com/in/brian-moloney-9a155229,True,156294091
de4a59a1-2bcd-4369-9b84-940534c39fac,StormSensor,Climate technology data tracking company,stormsensor.io,"Seattle, Washington",5.0,0.0,Debt,50000.0,Institute’s Social Investment Fund,Erin Rothman (CEO & Co-founder): https://linkedin.com/in/erin-rothman-64592028,True,74236372
3c1db979-3e68-47dc-9d8e-e1bd47902896,Strangeworks,Quantum computing software development,strangeworks.com,"Austin, Texas",28.0,-6.67,Series A,24000000.0,Jon Soberg,Stacy Vu (Assistant to CEO & Founder): https://linkedin.com/in/stacy-vu-6435bb,True,156976657
b3ac4aec-2ae0-4d80-b8a9-edebf411a50b,Strata Clean Energy,"1GWh battery storage project in Phoenix, AZ",stratacleanenergy.com,"Durham, NC",,,,,,,False,291838777
f130f63c-9dbd-42c4-807a-e3d0e37d649e,Stratasys,Polymer 3D printing business,stratasys.com,"Tel Aviv, Israel",,,,,,,False,1584146
151314e4-16c6-4c49-9a3a-ba12ceade822,Strategic Biofuels,Renewable diesel producer,strategicbiofuels.com,"Columbia, LA",,,,,,,False,286976385
916ae295-2dc6-4510-b10f-660a7c3132bb,stratus,Fabrication optimization software for construction contractors,,"Larkspur, CO",,,,,,,False,Not in Affinity
f5bb2bf0-f718-40be-a8c0-0d9da6c15233,streetlight data,Data provider focused on tracking street activity for transportation planning,https://www.streetlightdata.com/,"San Francisco, CA",,,,,,,False,Not in Affinity
2a8f78b8-fa5a-4f80-93e0-03e99b5bee02,stride,Eco-friendly home improvement platform,,"Ho Chi Minh City, Vietnam",,,,,,,False,Not in Affinity
d137ffc8-fd08-4f17-8a32-5fa39029f102,strider technologies,Software for identifying economic risk from nation-states,https://www.strider.tech/,"Salt Lake City, Utah",,,,,,,False,Not in Affinity
c0284a63-34b1-422e-a716-06f482278044,strike graph,Compliance automation startup,,"Seattle, WA",,,,,,,False,Not in Affinity
15ec74ba-618c-46f4-8243-2c02bea127c3,striveworks,Machine learning operations provider for enterprise data science,https://www.striveworks.com/,"Austin, TX",,,,,,,False,Not in Affinity
5211e6d6-d1eb-4f4e-b1be-3bb288921ce9,strong by form,Biocomposite structural solutions developer,,"Madrid, Spain",,,,,,,False,Not in Affinity
50fe25dd-66b8-4ed7-863a-0122b6c6cd6c,structionsite,Intelligent project tracking software for the construction industry,https://www.structionsite.com/,"Oakland, CA",,,,,,,False,Not in Affinity
40b8bf16-775d-4e7e-9479-2619b5bc2c82,structshare,Construction procurement and inventory platform for specialty contractors,https://structshare.com/,"Austin, TX",,,,,,,False,Not in Affinity
1adf40c1-3593-46b4-b923-bed2def71fd4,subeca,Water metering technology,https://www.subeca.com/,"Richardson, TX",,,,,,,False,Not in Affinity
64be63dc-cf66-43e3-a2d2-67dea16d9582,sublime,Biogas liquefaction technology platform,,"Paris, France",,,,,,,False,Not in Affinity
991dcceb-2f0a-43c1-91b4-de45b0104ca9,sublime systems,Producing lower-emission cement,,"Somerville, MA",,,,,,,False,Not in Affinity
44675d74-e9a2-4768-8005-50df0fb4ae3d,submer,Immersion liquid cooling technology for data center servers,https://submer.com/,Spain,,,,,,,False,Not in Affinity
088b26d3-d151-4d34-b551-8ab43a8949cd,subsbase,Subscription and recurring revenue management platform,https://www.subsbase.com/,"Cairo, Egypt",,,,,,,False,Not in Affinity
9fe51bdb-e00e-4fcf-a4c9-c1e711fa7a4f,suena,Company energy storage optimization trading platform,,Germany,,,,,,,False,Not in Affinity
7c13ecc9-1a1c-463f-918e-59f4259979d0,suind,AI-driven crop care innovation developer,,"Bangalore Urban, India",,,,,,,False,Not in Affinity
2441e9ab-b27b-4a12-bf38-dbc88014d241,suiso,Hydrogen generation technology platform,,"Sheffield, UK",,,,,,,False,Not in Affinity
b91f25fe-adea-4f84-8b5e-4a2309e800d2,sumday,Carbon accounting software platform,https://sumday.com/,"Burnie, Australia",,,,,,,False,Not in Affinity
39ec16b8-1864-49ea-a17b-a6a505b921c1,summit nanotech,Direct lithium extraction startup,https://www.summitnanotech.com/,"Calgary, Canada",,,,,,,False,Not in Affinity
c25f276e-9530-4da0-b64a-93e90a2a0c36,summit ridge energy,Owner-operator of community solar assets,,"Arlington, VA",,,,,,,False,Not in Affinity
bb0693de-99aa-40e9-b092-6549def852a6,sun exchange,Crypto-enabled solar leasing platform,https://thesunexchange.com/,South Africa,,,,,,,False,Not in Affinity
9fbc1e33-09a7-4e1f-ba46-b584bbc0d86a,sun king,Solar energy products provider for off-grid homes in Africa and Asia,,"Chicago, IL",,,,,,,False,Not in Affinity
c7a4fb58-3393-4b80-a65d-a557e8c315bc,sun mobility,EV energy infrastructure startup,,India,,,,,,,False,Not in Affinity
612dfa48-3d0e-4af9-a3d4-8b36ddcdcbf2,sunairio,AI-driven weather and climate modeling software,https://sunairio.com/,Baltimore,,,,,,,False,Not in Affinity
fb138b98-de5f-44b4-8ea9-bd535c02a4cb,sunculture,Solar power irrigation systems provider,https://www.sunculture.com/,"Nairobi, Kenya",,,,,,,False,Not in Affinity
d5200bb2-5412-4f67-ba24-4d379b0add7c,sunday,Environmentally friendly lawn care products,https://getsunday.com/,"Boulder, CO",,,,,,,False,Not in Affinity
443fa68d-ad82-4e15-8d8c-a5fe34291759,sundensity,Creator of Photonic Smart Coating for utility solar power,,"Rochester, NY",,,,,,,False,Not in Affinity
a22e598b-e502-484e-bdbb-dc61adbed19b,sundrive solar,Copper-based solar cell developer,https://www.sundrivesolar.com.au/,"South Sydney, Australia",,,,,,,False,Not in Affinity
4684c27e-ffce-420a-bb1d-bfdbe70a13c6,sunfi,Platform providing solar energy access and financing,,"Lagos, Nigeria",,,,,,,False,Not in Affinity
60af3391-3d2f-41b1-8f4f-63d932e7a250,sunfire,Developer of green hydrogen electrolyzers,https://www.sunfire.de/,"Dresden, Germany",,,,,,,False,Not in Affinity
fedb440c-550d-469b-b0d1-8c7482f9cb72,sunflower therapeutics,Biotechnology-driven protein discovery and manufacturing,,"Medford, MA",,,,,,,False,Not in Affinity
79f4a670-23f3-41f9-9e3a-d63eae596d2a,sunhat,Sustainability reporting and compliance platform,,"Köln, Germany",,,,,,,False,Not in Affinity
b21630dd-01d6-426a-95a6-ae5d7aa69c7a,sunhero,Residential solar installation platform,,"Barcelona, Spain",,,,,,,False,Not in Affinity
6a482ec2-8bf8-4c6f-a5ae-40beb95d450f,sunking,Off-grid solar energy company,,"Nairobi, Kenya",,,,,,,False,Not in Affinity
9984f306-1b0c-4766-ab93-462245459dff,sunlight financial,Residential solar financing platform,,Undisclosed,,,,,,,False,Not in Affinity
3655e795-db7f-464a-8dbb-ca1a45e8022a,sunly,"Build 1.3 GW of solar, wind, and storage",,"Tallinn, Estonia",,,,,,,False,Not in Affinity
a4122083-9303-4841-9a78-775e2db4a224,sunnova,Residential and commercial solar installer,https://www.sunnova.com/,"Houston, TX",,,,,,,False,Not in Affinity
4a6e5878-dc52-454c-8374-1b2671f00db0,sunpower,Residential solar manufacturing and development company,https://us.sunpower.com/,"San Jose, CA",,,,,,,False,Not in Affinity
90d4336b-51df-4918-9479-43f85fb48dc2,sunroof,Solar energy manufacturer,https://www.sunroof.se/,"Stockholm, Sweden",,,,,,,False,Not in Affinity
d61beefb-86bf-4d7b-b093-dcf9d539a008,sunsave,Solar and storage subscription platform,,"London, United Kingdom",,,,,,,False,Not in Affinity
622e1e88-71b5-43f4-98eb-808ce387f607,sunstone credit,Tech-enabled solar loan finance platform for businesses,https://www.sunstonecredit.com/,"Baltimore, United States",,,,,,,False,Not in Affinity
b81a396f-ee2c-466f-b6eb-94d874cb3757,sunswap,Solar and battery-powered refrigeration units for transportation,https://sunswap.com/,"Leatherhead, U.K.",,,,,,,False,Not in Affinity
70232684-0d84-4da9-bb67-03587e3ad7ed,suntuity renewables,Renewable energy solutions provider,,"Holmdel, NJ",,,,,,,False,Not in Affinity
3641d31c-a6bb-44fa-8018-838b10d30b68,sunverge,Provider of a distributed energy resource control and aggregation platform,,"San Francisco, CA",,,,,,,False,Not in Affinity
f3367165-31fb-4822-8ed6-e3df65ceb0d0,sunvigo,Solar-as-a-service startup,,Germany,,,,,,,False,Not in Affinity
8a90374f-af58-4f12-8e4a-ebcb5b373b34,super73,Electric bike company,https://www.super73.com/,"Irvine, CA",,,,,,,False,Not in Affinity
edebd388-8316-4309-ad8c-8f6dbcb9d582,supercircle,Recycling logistics platform,,"New York City, NY",,,,,,,False,Not in Affinity
f240a366-c63a-422a-8869-96e0b6867e3f,supercritical,Maker of climate impact measuring software,,UK,,,,,,,False,Not in Affinity
b74d97a9-f74e-456a-aaba-5a36f3352d65,supercritical solutions,Electrolyzer developer for producing low-cost hydrogen,https://www.supercritical.solutions/,"Berkshire, U.K.",,,,,,,False,Not in Affinity
fcaabe19-aa8d-4b9d-8fce-f7b3103ab06e,supernode,Superconducting technology manufacturer,https://www.supernode.com/,"Dublin, Ireland",,,,,,,False,Not in Affinity
ec6035d2-819e-4c18-bdd6-67168abb571e,supernova invest and crédit agricole group,Investment firms,,"Paris, France",,,,,,,False,Not in Affinity
8fe8f0e1-995a-4976-9d4b-46c5dc6a09de,superpedestrian,Micromobility startup,https://www.superpedestrian.com/,Boston,,,,,,,False,Not in Affinity
7df99e30-02f1-46d1-a3a3-5573e4225804,superplum,Sustainable fruit and supply chain traceability,https://superplum.com/,India,,,,,,,False,Not in Affinity
44d9bab3-ce72-4869-991d-caa530658cca,supplant,Efficient irrigation system startup,https://supplant.com/,Israel,,,,,,,False,Not in Affinity
96831120-3957-4c61-9850-8088eafded93,supplyshift,Developer of software designed to monitor and improve the ESG impact of company supply chains,,"Santa Cruz, CA",,,,,,,False,Not in Affinity
353affd1-2985-40e1-b69a-7a7ceff49b29,suprema,Produce superconductive tapes used in fusion reactors,,"Rome, Italy",,,,,,,False,Not in Affinity
dad0eee0-8036-45e6-b1ac-818054ee7f7e,sureimpact,Impact management and reporting solution,https://www.sureimpact.com/,"Powell, OH",,,,,,,False,Not in Affinity
5cb8d9a4-cd5b-4a98-bd2a-20f3525c95dd,suryanesia,Residential solar installer,,Indonesia,,,,,,,False,Not in Affinity
2018a668-f539-4b7d-b167-fae31f519b93,sust global,Climate risk data startup,https://sustglobal.com/,UK,,,,,,,False,Not in Affinity
6a573cbf-a9b1-4f0d-9949-62996aa32c79,sustaera,Direct air capture (DAC) carbon dioxide removal company,,"Cary, NC",,,,,,,False,Not in Affinity
209ddccd-d476-4c96-b0f5-0de9c00b95f9,sustain.life,SaaS platform helping companies adopt more sustainable practices,https://sustain.life/,"Jersey City, NJ",,,,,,,False,Not in Affinity
8393b723-0e89-4a19-aa92-75b49aadbbd1,sustainability group,Sustainability management and ESG reporting platform,,"London, U.K.",,,,,,,False,Not in Affinity
693457f6-72e8-4e3e-a697-d4fb42082116,sustaincert,Climate impact verification platform,https://sustaincert.com/,Luxembourg,,,,,,,False,Not in Affinity
6cd5894d-27ec-4161-ab1a-d0ee6b76b1d7,sustainkart,Ecommerce marketplace for sustainable products,,India,,,,,,,False,Not in Affinity
cc84d6f4-91f5-4889-b54c-63c7f883f792,susteon,DAC and SAFs developer,https://susteon.com/,"Cary, NC",,,,,,,False,Not in Affinity
1722e866-4205-44f7-87f6-41a2da68c29f,svante,Solid sorbent carbon capture technology developer,,Canada,,,,,,,False,Not in Affinity
5b5f1f97-fc3e-4ac2-923c-fa88ea0394ce,svante technologies,Carbon removal business,,"Vancouver, Canada",,,,,,,False,Not in Affinity
53f10322-6110-4378-9339-645d2e2e35e9,svx,Sustainable energy technology company,,"Sunnyvale, Calif.",,,,,,,False,Not in Affinity
8eddb268-5bdf-47f3-9526-ae84470c0aaf,swantide,GTM tech stack management platform,https://swantide.com/,"San Francisco, CA",,,,,,,False,Not in Affinity
5e37ca07-a2de-43db-8fcc-5153a3e71892,swap,Swappable batteries for e-motorcycles,,"Jakarta, Indonesia",,,,,,,False,Not in Affinity
2c4ed445-ead6-46a5-bdf8-46be73a90192,swap energy,Smart battery swapping network for e-motorcycles,,Indonesia,,,,,,,False,Not in Affinity
e7b5d239-8adf-4f50-8438-c631cf4c3697,swap robotics,Robotic vegetation-clearing for solar projects,https://swaprobotics.com/,"Kitchener, Canada",,,,,,,False,Not in Affinity
19167dbe-39de-4a23-a145-3d6238d23732,swapp,Construction planning company,,Israel,,,,,,,False,Not in Affinity
5fac73f2-9a6a-4ece-9b34-5eef456ee2bf,swarm engineering,Provider of food supply chain software,https://www.swarmengineering.com/,"Irvine, CA",,,,,,,False,Not in Affinity
9029c01e-541b-49eb-aa41-25ccd9228a27,swarmfarm robotics,Provider of autonomous farming robotics services,https://swarmfarm.com/,"Gindie, Australia",,,,,,,False,Not in Affinity
f911c3c6-aef7-45b6-928b-74a1a366a20e,sway,Maker of seaweed-based compostable replacements for single-use plastic packaging,https://www.swaypackaging.com/,"Berkeley, CA",,,,,,,False,Not in Affinity
b3438305-4efd-4f40-a94a-06aa40b333fc,sweep,Carbon reduction management startup,,"Paris, France",,,,,,,False,Not in Affinity
26d22a73-e2aa-4f57-b3df-ff9fca70fabd,sweetch energy,Provider of osmotic energy from saltwater,,"Rennes, France",,,,,,,False,Not in Affinity
2ba77e10-231b-4620-8808-55c53982e9f6,swell energy,Provider of residential renewable energy,https://www.swellenergy.com/,"Los Angeles, CA",,,,,,,False,Not in Affinity
5ce74ea4-a32a-44d0-bfdd-d9b82ca705c7,swift solar,Solar technology company,https://www.swiftsolar.com/,"San Carlos, CA",,,,,,,False,Not in Affinity
4f1fe800-3494-41ad-9b5a-5df2eed43727,swiftmile,Startup providing micromobility parking and charging stations,,"San Mateo, CA",,,,,,,False,Not in Affinity
79a9464e-03ea-46f8-ae7f-f2b18ae25ceb,switch bioworks,Biofertilizers with microbes for chemical application,https://www.switchbioworks.com/,San Carlos,,,,,,,False,Not in Affinity
bc0334f7-0e8f-460f-bad6-d71146c7fa83,switch maritime,Hydrogen and electric ferries manufacturer,https://switchmaritime.com/,"Jackson, WY",,,,,,,False,Not in Affinity
fb7fbf79-1c15-42bd-9c47-501475025f4c,switchboard,Data engineering automation platform,,"San Francisco, CA",,,,,,,False,Not in Affinity
b9730027-8f9f-4253-b1f5-13acb92e9abb,switchdin,Distributed energy resources software company,https://www.switchdin.com/,Australia,,,,,,,False,Not in Affinity
ac83abe6-28bc-4c5b-95a2-954b74cd463d,switchee,Help homeowners lower their heating bills via its smart thermostat,https://www.switchee.com/,"London, U.K.",,,,,,,False,Not in Affinity
ea49cfde-a501-4fd7-9f43-a7132964e960,swobbee,Micromobility battery swapping company,https://swobbee.com/,"Berlin, Germany",,,,,,,False,Not in Affinity
12f1d2e5-545d-480b-871f-b93da340883c,swtch energy,EV chargers in apartments and condos,https://www.swtchenergy.com/,"Toronto, Canada",,,,,,,False,Not in Affinity
c350cd47-8857-4fac-8351-f80961c1e1ff,swytch,Producer of a pocket-sized ebike battery,,UK,,,,,,,False,Not in Affinity
a577d815-6e03-4b22-888b-c4154b9960dd,sylvera,Carbon offset ratings provider,https://www.sylvera.com/,"London, UK",,,,,,,False,Not in Affinity
a5365064-d2b8-4c1a-b290-2626b1a9e1d4,symbrosia,Seaweed feed additive startup,,"Kailua-Kona, Hawaii",,,,,,,False,Not in Affinity
7945a22c-e1c7-45f1-8bd4-1612bb347160,sympower,Provide demand response and energy flexibility services,https://sympower.net/,Amsterdam,,,,,,,False,Not in Affinity
f9f79e3d-9e01-4330-9f59-7c01dd4d5d36,synaptec,Passive electrical sensor networks developer,,"Glasgow, UK",,,,,,,False,Not in Affinity
03eaa8a5-7f21-4721-a58a-3514f543d4b9,sync computing,Cloud infrastructure optimization company,,"Cambridge, MA",,,,,,,False,Not in Affinity
b8fc84f9-ae8a-4725-878f-a9384d70cd74,synergi,Software that helps consumers and utilities participate in flexible electricity markets,https://synergi.com/,"Helsinki, Finland",,,,,,,False,Not in Affinity
5ffeb96d-aa72-4801-97c2-f91cc86b21ae,Synhelion,Solar fuel producer,synhelion.com,Switzerland,,,,,,,False,200338553
3692b4a5-78ef-4352-a3f3-e69f4455dd03,synonym biotechnologies,Financing and development platform for bio-manufacturing facilities,https://synonymbio.com/,"New York, NY",,,,,,,False,
bb1ada70-21c6-43a1-bdc9-1f15413cadf0,Synop.ai,Electric vehicle fleet operations platform,synop.ai,"New York, New York",30.0,-18.92,Series A,10100000.0,Obvious Ventures,Gagan Dhillon (Co-Founder): https://linkedin.com/in/gagan-dhillon-6b5b5116,True,286790356
3ba37e54-206f-4727-b8d5-3381e4fc27db,Syntetica,Nylon recycling company,syntetica.co,"Paris, France",,,,,,,False,297574153
5ec80ba2-5c19-415a-b05c-02f167311ae8,Synthesia,AI video generation,synthesia.io,"London, UK",,,,,,,False,137591238
00414b78-d610-415f-98d8-7902fef35f7f,Synthetaic,AI-powered visual data analysis software,synthetaic.xyz,"Delafield, Wis.",,,,,,,False,264977273
9958d4b8-2df3-4cd3-b362-e3a1daaa02d6,synthica,RNG project developer,,"Blue Ash, OH",,,,,,,False,
aca694fc-c0d9-42e7-86b1-65f9bd06d656,SYRE,Developer of textile recycling technology,syre.com,"Stockholm, Sweden",,,,,,,False,279176211
d813f572-0657-452e-b98e-668cbca5721f,syso,Renewable energy management company,,"Boston, Mass.",,,,,,,False,
431e4933-57aa-4841-a40d-e906a844b5c5,Syso Technologies,Market operator for renewable energy and battery storage developers,sysotechnologies.com,"Boston, Massachusetts",29.0,11.54,Series B,14500000.0,Kimmeridge,Christopher Gosline (Co-Founder + Chief Executive Officer): https://linkedin.com/in/christopher-gosline-919a1b61,True,263564517
742b35ff-05bf-4ea2-a60c-34fcf0c1c2fe,Syzygy Plasmonics,Photocatalytic reactor developer for industrial applications,plasmonics.tech,"Houston, Texas",103.0,-8.04,Series C,76000000.0,angel investors from the Creative Destruction Lab program and the Houston area,,True,161812293
45d6af3d-c5a3-40dc-ab15-7715cb0e112c,T-Robotics,Robotic programming developer,t-robotics.ai,"San Francisco, California",9.0,125.0,Seed,5400000.0,Berkeley Skydeck,,True,295915882
ef404fd6-0ea6-4af9-b3d4-9235ebd5cab0,TablePointer,Energy management platform,tablepointer.com,Singapore,,,,,,,False,282565389
b561ce54-f169-4e24-9e8b-b935803b792f,Tackle.io,Software company for cloud marketplace,tackle.io,"Boise, Idaho",175.0,-11.62,Series C,100000000.0,Bessemer Venture Partners,Dillon Woods (Founder): https://linkedin.com/in/dewoods,True,202531563
532b8ef9-af98-4f28-b16c-b9c4cd2ffeb9,tado°,Intelligent home energy management startup,tado.com,"Munich, Germany",215.0,-5.29,Other,32626200.0,Statkraft Ventures,Valentin Sawadski (Co-Founder): https://linkedin.com/in/sawadski,True,1620456
36ebc1b2-930a-4122-9ca9-9b9bb4a98685,tado°,Smart thermostats manufacturer,tado.com,"Munich, Germany",215.0,-5.29,Other,32626200.0,Statkraft Ventures,Valentin Sawadski (Co-Founder): https://linkedin.com/in/sawadski,True,1620456
1a93c3f4-4985-43b6-af67-2e540982f030,TAE Technologies,Hydrogen-boron nuclear fusion company,tae.com,"Lake Forest, California",203.0,-6.02,Other,150000000.0,Chevron,,True,147497280
d84c07ed-633d-49a4-bf52-ae4aeff85aa6,"TakeOff Technologies, Inc.",Online grocery-shopping marketplace,shoptakeoff.com,"Waltham, MA",,,,,,,False,291710524
93fa5614-fa1e-43f8-99fe-d32c9cd9cc2a,tala,Sustainable activewear brand,,"London, UK",,,,,,,False,Not in Affinity
63aaf5e2-c24b-4388-a94d-4f1d69eca460,tallarium,Price discovery analytics platform for OTC energy markets,,"London, UK",,,,,,,False,Not in Affinity
1e9b7262-deab-4345-a9a2-ebe8fc8c78e1,tan90,Provider of portable cold storage for temperature-controlled products,,India,,,,,,,False,Not in Affinity
62ae3e56-022c-4813-afdf-7cec09e57ec7,tandem pv,Developer of solar panels that pair perovskite with traditional silicon,https://www.tandempv.com/,San Jose,,,,,,,False,Not in Affinity
ebf944ca-4476-427f-a64d-01c742068f05,tangible,Software for construction decarbonization and emissions quantification,https://tangible.com/,San Francisco,,,,,,,False,Not in Affinity
ffcb0522-834a-4ef2-baeb-d42170047c19,taranis,Agricultural technology company,,"Sunnyvale, CA",,,,,,,False,Not in Affinity
8e41c5ef-67cd-451d-9098-ae228a5f5fe4,tata motors,EV business,,India,,,,,,,False,Not in Affinity
0a9e7919-7930-4508-b496-f748f76d9975,tau group,EV motors developer,,"Torino, Italy",,,,,,,False,Not in Affinity
547d45b3-14ec-4e20-a972-4dae37efb99e,taur,E-scooter manufacturer,,UK,,,,,,,False,Not in Affinity
8411c59b-8f1d-443e-a080-809c866c360c,tcab tech,Electric vertical takeoff and landing aircraft,,Shanghai,,,,,,,False,Not in Affinity
e2b6719b-531d-4dff-89d4-3194aa701a97,tdk ventures,Fund for early-stage deep tech startups,,"San Jose, CA",,,,,,,False,Not in Affinity
460701ed-e940-447e-aa84-3d2d59d55089,tealbook,A data platform to improve supplier data visibility,,"Toronto, Canada",,,,,,,False,Not in Affinity
18ee5b7d-4519-493f-b77a-8ca822a730e9,tebrio,Breeding and processing mealworms for animal feed and bioplastics,https://tebrio.com/,"Salamanca, Spain",,,,,,,False,Not in Affinity
6aff935c-ea9b-4c44-9897-5aeca45e3147,techmet,Investments in critical minerals mining,https://www.techmet.com/,"Dublin, UK",,,,,,,False,Not in Affinity
3c19d0bd-6de7-4e1f-8b2b-e836d9ac0c53,technosylva,Wildfire and catastrophic event simulation modeling technologies,https://technosylva.com/,"San Diego, CA",,,,,,,False,Not in Affinity
e97a1909-f846-4d6d-a488-1783e1068f6c,techvision,Augmented reality training solutions,https://www.techvision.com/,"Austin, TX",,,,,,,False,Not in Affinity
7a0742b9-3ec4-4965-832e-e4be7339ff81,tekever,Unmanned aerial vehicles for data collection,https://www.tekever.com/,"Lisbon, Portugal",,,,,,,False,Not in Affinity
375ee931-5bec-4981-9f4d-32ad74488db1,tekoma energy,Solar development business focused on Northern Asia,,Tokyo,,,,,,,False,Not in Affinity
7a5c1220-f19e-4d55-81cb-8586697c1dc5,teleo,Retrofit heavy construction equipment,https://teleo.ai/,"Palo Alto, CA",,,,,,,False,Not in Affinity
0b33c00d-b8fe-47dc-b80a-705544493c59,telescope,Sustainability risk management for real estate,,Norway,,,,,,,False,Not in Affinity
273c15f2-44c6-4a1a-b90a-8f044b876b5c,telesense,Agricultural IoT startup,https://www.telesense.com/,"Sunnyvale, CA",,,,,,,False,Not in Affinity
46ee076f-53ff-43e8-bbe9-20ce048e5ab2,Telo,Electric vehicle company,telo.lt,"San Carlos, CA",,,,,,,False,1800919
d62f1be0-fcd3-4ee4-9b76-2d5e1dab892f,Telo Trucks,Manufacturer of small electric trucks,telotrucks.com,"San Carlos, CA",,,,,,,False,289445660
6987c84c-48d6-4a05-9237-eb32aa907124,TEM,Help UK businesses buy energy from renewable projects,meutem.com.br,"London, U.K.",,,,,,,False,213995900
baf358cf-54bb-47d2-bd47-a721c7ea4602,tem.,Energy serving and pricing platform,tem.energy,"London, United Kingdom",35.0,52.17,Series A,13700000.0,Nilan Peiris,Jason Stocks (Co-Founder): https://linkedin.com/in/jason-stocks-ab97476b,True,286459041
777d99ba-88aa-4197-950d-fef2a61b5c7d,tembici.,Micro mobility startup operating Latin America,tembici.com,"São Paulo, Brazil",,,,,,,False,204072153
5426b27b-ee60-43ca-aa65-24fc68c9c2d7,temo,Electric propulsion developer,temo.co.uk,"Nantes, France",,,,,,,False,283533494
6e984435-aebb-410e-b810-4577a61fb340,TemperPack,Sustainable packing startup,temperpack.com,"Richmond, VA",,,,,,,False,122979129
40eeeec2-25cf-4ca4-b429-2833b8017e13,Temporal,"Open source, stateful, microservices orchestration platform",tmprlux.com,"Seattle, WA",,,,,,,False,286536394
8d4c1eae-a7ce-4e77-9a58-8519bcef9260,Tempus,Technology company focused on precision medicine,tempus.com,"Chicago, Illinois",2345.0,2.27,Public Markets,200000000.0,Baillie Gifford International,Eric Lefkofsky (Founder and CEO): https://linkedin.com/in/ericlefkofsky,True,100247068
3e71284e-519f-40f7-b1b7-7448a48fe0fa,Tender Food,Creator of alternative meats,tenderfood.bg,"Somerville, MA",,,,,,,False,303512145
7ec6d72b-0efb-4351-8ded-039ca14e85ed,Tenderd,Analytics platform for heavy equipment and transportation,tenderd.com,"Abu Dhabi, United Arab Emirates",50.0,-18.03,Series A,30000000.0,Saurya Prakash,Arjun Mohan (Founder & CEO): https://linkedin.com/in/mohanarjun,True,164005770
77305738-7cec-48fe-b84b-c76ca9b6b3b5,Tenet,EV financing platform,tenet.com,"New York, New York",14.0,-41.67,Series A,30000000.0,angel investors,"Andreas Wallendahl (Co-founder, COO): https://linkedin.com/in/awallendahl",True,225086899
d40757cf-7268-47c9-b760-e08b89e52690,tenet energy,EV financing services platform,,"New York City, NY",,,,,,,False,
2e29148f-ba01-4dcf-b121-22e5133e30bc,Tensor Ventures,"Invest in deep tech startups, including climate tech",tensor.ventures,Prague,,,,,,,False,225102051
740a4583-9ae5-44f4-bd3e-76a3e7f10cf3,tenways ebike,Electric bike manufacturer,https://tenways.com/,Hong Kong,,,,,,,False,
7e551da7-185d-4bc1-a25d-376add7f60c6,Tepbac,IoT-enabled hardware and data system for shrimp farmers,tepbac.com,"Ho Chi Minh City, Vietnam",,,,,,,False,282670517
ca1c94e1-b2a5-49fb-9aa7-5d7e51a5ec4d,tepeo,Developer of a low carbon boiler,tepeo.com,"Wokingham, U.K.",,,,,,,False,262690471
e493d928-6459-4cd5-916c-90b428def2d1,Terabase Energy,Solar power digital and automation solutions provider,terabase.energy,"Berkeley, California",139.0,14.88,Series C,130000000.0,existing and new strategic investors,"Dan Cohen (EVP, Technology & Operations, Co-Founder): https://linkedin.com/in/dan1cohen",True,224081227
decbfbc8-2561-4e69-8c03-54ef216f2546,TeraPore Technologies,Nanofiltration membrane systems developer for biomanufacturing,terapore.com,"San Francisco, CA",,,,,,,False,276211630
00e70c66-086b-481e-bc59-ff13ed92a9de,TeraWatt Infrastructure,EV charging company focusing on medium and heavy-duty transportation,terawattinfrastructure.com,"San Francisco, California",66.0,-2.94,Series B,1000000000.0,Cyrus Capital,Brian Kibby (Commercial Advisor to CEO): https://linkedin.com/in/briankibby,True,282618800
b54b0999-1415-437a-93cc-5d8a784b2760,Tereform,Molecular recycling process developer,tereform.com,"Denver, CO",,,,,,,False,290897461
3eb032ea-5b4c-49f7-89d3-4b9d7afd0168,Termina,Automatic energy account switcher service,termina.ai,"Melbourne, Australia",,,,,,,False,292524554
c5df6967-5ffb-498a-9e17-7798dac95451,tern ai,AI-powered alternative to the GPS,https://tern.ai/,"Austin, TX",,,,,,,False,
a0f4348a-f8ff-409a-b33b-a3aa28eccd07,ternel,Invest in climate change and biodiversity startups,,"Paris, France",,,,,,,False,
7bc56503-9181-43ae-b597-6117178b0470,Terra CO2 Technologies,Low-carbon alternatives producer for cement production,terraco2.com,"Golden, Colo.",,,,,,,False,255177394
cccbc3a3-b58e-482d-8e4a-a1c59244f264,terra one,Battery storage company,,"Berlin, Germany",,,,,,,False,
adf5fe10-7a24-48e2-a874-6d0b5a7e9507,Terra.do,Global climate career platform,terra.do,"Stanford, California",5.0,25.0,Seed,5000000.0,Stanford Angels & Entrepreneurs,Kamal Kapadia (Co-Founder and Chief Learning Officer): https://linkedin.com/in/kamal-kapadia-bb0a181,True,262418988
ce33f108-c1da-4aa2-bfa9-108b32428e8e,Terradepth,Ocean data and dissemination company,terradepth.com,"Austin, Texas",35.0,29.63,Other,20000000.0,Seagate Technology,Judson K. (Co-Founder and Director): https://linkedin.com/in/judson-k-01468131,True,224200689
08e23fda-cb6c-4fc0-b0fb-1b2a2a9f64aa,Terradot,Enhanced rock weathering (carbon removal) business,terradot.earth,San Francisco,,,,,,,False,291923919
b259a514-7370-4257-abce-e4886534204d,Terraformation,Startup supporting the scaling of forest restoration projects,terraformation.com,"Waimea, Hawaii",90.0,-2.17,Series A,30000000.0,,Tyler Levine (Internship with Terraformation/Founder and CEO for SEEDS of Honua): https://linkedin.com/in/tyler-levine-905779226,True,279149359
47cf37fc-bdb7-4b7b-a709-d4589f0d533b,Terragia Biofuel,Ethanol for SAF from waste biomass,terragiabiofuel.com,"Hanover, NH",,,,,,,False,291586233
caed3277-2dbd-44a2-8350-6568b11ac851,terralayr,Grid-scale battery management platform,trlyr.com,"Zug, Switzerland",39.0,69.57,Seed,77000000.0,Norrsken VC,Ludwig Wurlitzer (Founder & COO): https://linkedin.com/in/ludwig-wurlitzer-7a61b587,True,287894032
8a3cf41c-fcb4-46bc-9dd8-826c0be0b552,Terramera,Developer of plant-based pesticides and fertilizers,terramera.com,Canada,,,,,,,False,26090454
965b992c-31d1-40fb-912d-27e35a54aede,Terrantic,"Help farmers, food packers, and food processors optimize operations",terrantic.com,"Seattle, U.S.",,,,,,,False,289540239
d0a057cc-72cd-4b28-a01c-5aa9cee8c8fa,TerraPower,Nuclear reactor and storage developer,terrapower.com,"Bellevue, Washington",729.0,8.97,Other,750000000.0,Microsoft,Christopher Levesque (President and CEO): https://linkedin.com/in/christopher-levesque-9ab1326a,True,1637312
69de006f-e46f-4a29-9193-070e82b32eee,Terrathermo,Hot dry rock geothermal developer company,terrathermo.eu,"Dublin, Ireland",,,,,,,False,296992411
23908f54-fce1-4eac-914f-f92278ec57c0,Terrestrial Energy,Nuclear fission-focused molten salt reactor technology,terrestrialenergy.com,"North Carolina, USA",,,,,,,False,30881851
0f9fc550-5556-4260-9075-706ec2094d3c,Terreva Renewables,RNG developer,terrevarenewables.com,"Atlanta, GA",,,,,,,False,294088398
2b111ab5-c9fe-4246-8e63-dccdd6a28c2e,TerViva,Produce more feedstocks for renewable fuels,terviva.com,"Oakland, California",80.0,-17.53,Other,54000000.0,Florida agricultural family offices,"Sudhir Rani (Co-founder, Chief Corporate Development Officer): https://linkedin.com/in/sudhir-rani-a1a70712",True,1747709
c9164f31-94a0-4785-b17c-78b7727e96fe,Tesseract,Energy company,tesseract.co.uk,"London, UK",,,,,,,False,94248513
77591672-5236-4a9e-8e83-8d8ddda068f2,TestFit,A.I.-powered real estate feasibility software developer,testfit.io,"Dallas, Texas",36.0,-29.41,Series A,20000000.0,Parkway Venture Capital,Clifton Harness (Chief Executive Officer): https://linkedin.com/in/cliftonharness,True,224783534
086eb059-53d6-4c63-be45-3b5b988e4051,Tether,EV grid integration and V2G platform,tether.com,Spain,,,,,,,False,1671859
cc56b60c-707b-426c-90fb-8413b945ec6f,Tetrate,Cloud application networking,tetrate.io,"San Francisco, CA",,,,,,,False,203268563
3d8752af-fbf0-4b8a-a242-9a9cf174f803,Tewke,Energy-efficient light switches,tewke.com,"London, United Kingdom",12.0,9.09,Seed,3100000.0,UK Net Zero Pre-Commercialisation Support Fund,,True,283719911
e0894a43-6ff0-4e8b-9587-e9c688c3f4cc,Texture,Data and communication platform for the distributed energy economy,texture.energy,"New York, New York",5.0,67.0,,5000000.0,,Nicholas Alan Brown (Co-founder and Chief Product Officer): https://linkedin.com/in/nicholasalanbrown,True,292895391
07d24e15-7016-4f8a-9a09-71ae948e94fa,TG0,Human-machine interface technology developer,tg0.co.uk,"London, UK",,,,,,,False,17016723
de42ed65-eab3-4093-8d59-ff9d08107772,the ancient environmental genomics initiative for sustainability,Sequence DNA fragments from soil samples,,U.S.,,,,,,,False,
407d2fe2-f1e4-4d8f-a7dd-ec1356e7fbc6,The Bee Corp,Agtech startup for beekeepers,thebeecorp.com,"Indianapolis, IN",,,,,,,False,131082028
1aaed28b-4a9c-4a77-b8cc-0b600adfb730,The Better Meat Co.,Mycoprotein ingredients developer,bettermeat.co,"West Sacramento, California",24.0,-14.29,Other,1480000.0,Johnsonville,Bruce Demont Nelson (Chief Executive Officer): https://linkedin.com/in/bruce-demont-nelson-067467232,True,220165515
a29de680-0f45-4659-94c8-c21beab2a028,THE CLIMATE CHOICE,Climate intelligence software platform,theclimatechoice.com,"Berlin, Germany",15.0,0.0,Series A,2000000.0,Gutter Capital,Dr. Rey Farhan (Co-Founder & Chief Data Scientist): https://linkedin.com/in/reyfarhan,True,262386996
e8d596d5-0e7a-4e68-8941-7f8fa273d53d,The Climate Service,Provider of climate risk analytics,theclimateservice.com,"Durham, North Carolina",4.0,0.0,Series A,3825000.0,Association of International Certified Professional Accountants (AICPA),James McMahon (CEO): https://linkedin.com/in/jamesrmcmahon,True,164009796
1bee226f-9021-4ca5-9c4b-3b6fd970e135,The Cool Down,Climate media startup,thecooldown.com,"Bend, Oregon",76.0,35.71,Other,5700000.0,Upfront Ventures,"Anna Robertson (Co-Founder, Chief Content Officer): https://linkedin.com/in/anna-robertson-90043b9",True,285079033
986fb051-4baa-4d25-a4fa-445abf258f43,the crop project,Developer of regenerative crops for food and beauty products,thecropproject.com,"Brooklyn, NY",,,,,,,False,262878127
28dd9810-df40-4ae6-b0b6-14858c646851,The Demex Group,Weather risk analytics for insurance companies,thedemexgroup.com,"Washington, District of Columbia",21.0,16.67,Series A,10300000.0,MetaProp,William Clark (President and CEO): https://linkedin.com/in/williamclarkceo,True,263209178
a6545dd5-f03f-4fd0-b23a-08af8ab3b248,The Energy Company,EV battery manufacturer,theenergycompany.co.uk,"Bengaluru, India",,,,,,,False,283498794
b69b0638-4ae1-43c1-9a54-6b16c8cf4b24,the engine ventures,"Invest in climate tech, health, and other sectors",,"Cambridge, MA, U.S.",,,,,,,False,
4eaa4f9c-d6be-4ae9-add9-3954b5ccc395,The EVERY Company,Producer of alternative proteins through precision fermentation technology,theeverycompany.com,"Daly City, California",101.0,-19.2,Series C,175000000.0,Rage Capital,Arturo Elizondo (CEO): https://linkedin.com/in/arturoe,True,283597210
8a9f57f7-e871-4849-91bd-f9af9d406886,the growhub innovations,Web3 platform for food traceability,,Singapore,,,,,,,False,
70e29147-b2f1-4f89-be56-64b115004bed,the indigenous power & light fund for energy sovereignty,Revolving fund for tribal clean energy,,U.S.,,,,,,,False,
4f4ac17b-9f00-4220-a622-ec0bd7b14f64,The ISH Food Company,Producer of plant-based seafood alternatives,ishfood.com,"Wilmington, DE",,,,,,,False,283465042
58ccac9e-685c-4a8f-9f8f-8f1062a2bd48,The Jackfruit Company,Jackfruit-based meat alternatives,thejackfruitcompany.com,"Boulder, CO",,,,,,,False,204067874
d868d324-6836-4d3f-8c79-3ff764280b2b,The Lion Electric,Canadian electric truck and bus maker,thelionelectric.com,"Saint-Jérôme, Canada",358.0,-40.43,Other,,Desjardins Capital Markets,,True,222287283
3760a3e9-d4fb-4080-a812-4ac2a907b471,the mit sloan school of management,Focus on climate policy,https://mitsloan.mit.edu/,"Cambridge, MA",,,,,,,False,
8159dba6-b4f9-432b-ba88-837e7dbf115a,the new york state common retirement fund,Climate Transition Index fund,,,,,,,,,False,
ce0051c5-e154-448c-abf4-0033da926010,the not company,Plant-based meat and dairy producer,https://www.notco.com/,Chile,,,,,,,False,
a8d944b5-edca-47b8-8ee3-2d23f22bb591,The Nuclear Company,Large-scale nuclear power plants using existing reactor designs,thenuclearcompany.com,"Lexington, Kentucky",25.0,212.5,,53519400.0,,,True,293366656
2b973a7c-1e16-4e92-b419-c42048738bc9,the oman investment authority,Future Fund Oman for large-scale projects,,"Muscat, Oman",,,,,,,False,
5583b6df-fef5-4bef-ba02-6e76c0b9c81c,The Protein Brewery,Maker of non-animal-based proteins,theproteinbrewery.nl,Netherlands,,,,,,,False,263598957
ae0d990c-e204-47bb-8d20-671c3caf09a3,The Rounds,Zero-waste delivery and refill service for household items,therounds.com,"Philadelphia, PA",,,,,,,False,1696461
548507e1-c550-4aa5-b484-ff56097b5494,The Routing Company,Startup building routing and vehicle management solutions for transit providers,theroutingcompany.com,"Boston, Massachusetts",39.0,-7.14,Seed,5000000.0,The Engine,Menno van der Zee (Co-Founder): https://linkedin.com/in/mennovanderzee,True,223896112
60bd8bef-da0d-4bca-974e-74a4f78128a2,The Ugly Company,Startup upcycling ugly fruit into snacks,theugly.company,"Farmersville, CA",,,,,,,False,279105556
c8bc36da-5f78-4588-ad79-612d9e60357d,The Upright Project,Impact measurement platform,uprightproject.com,"Helsinki, Finland",48.0,17.07,Seed,5000000.0,First Fellow Partners,Juha Saarnilampi (Co-Founder): https://linkedin.com/in/juhaveps,True,220093951
f7e66b46-16b4-46e1-89ca-7dc1993cd3ff,The Westly Group,"Invest in seed-stage companies across climate, energy, and industry",westlygroup.com,"Menlo Park, CA",21.0,-4.55,Seed,100000000.0,,,True,1526960
966d5b23-e714-4b00-a058-f0a13cf69184,The Yield,IoT agricultural technology startup,theyield.com,Sydney,,,,,,,False,17375714
791ae1c4-baae-4271-821a-01895230160c,theion,Advanced lithium-sulfur batteries,,"Berlin, Germany",,,,,,,False,Not in Affinity
6a2f0573-e84b-4ad4-88a7-2f763979c487,therma,Manages and monitors temperature and eliminates energy waste,,"San Francisco, CA",,,,,,,False,Not in Affinity
81d284c9-0af5-465c-a476-5f4e33e04442,thestorage,Sand-based industrial heat batteries,,"Tampere, Finland",,,,,,,False,Not in Affinity
5dd75a34-702d-4bf9-97e6-82a72cf6133e,theta lake,Cybersecurity and compliance solutions for video conferencing software,https://www.thetalake.com/,"Santa Barbara, CA",,,,,,,False,Not in Affinity
2aede79d-26a2-4dc8-916b-3b3b73dfd23d,thiozen,Clean hydrogen production from waste streams,https://www.thiozen.com/,"Pasadena, CA",,,,,,,False,Not in Affinity
02dd5b3f-ec1e-4152-bf9d-007bf43def1b,third wave automation,Machine learning company,,"Union City, CA",,,,,,,False,Not in Affinity
32b3209d-54ee-4f25-a3ce-7bb045dfdb60,this,Plant-based food maker,https://this.co.uk/,"London, England",,,,,,,False,Not in Affinity
5b3a55a1-b5c7-40fc-be83-2bb9605b348e,thorizon,Molten salt reactor technology using nuclear waste as fuel,,"Amsterdam, Netherlands",,,,,,,False,Not in Affinity
133d1435-5dd8-455a-8a5c-ef13ae3e034a,thought machine,Cloud-based banking software firm,https://thoughtmachine.net/,"London, UK",,,,,,,False,Not in Affinity
783e685b-b09e-414f-b9bd-fe775c04a754,thoughttrace,Contract analytics software provider,,"Houston, TX",,,,,,,False,Not in Affinity
7a6a394d-399e-4fbb-b4e6-646b048ce427,three-sixty aquaculture,Sustainable land-based prawn farm,https://360aquaculture.com/,"Swansea, U.K.",,,,,,,False,Not in Affinity
5bde3d47-c44f-49e7-884b-ad33e01bec63,threekit,Augmented reality company focused on e-commerce,https://www.threekit.com/,"Chicago, IL",,,,,,,False,Not in Affinity
61760d9a-c28e-4eca-8a7c-ae18b2cb2a9e,thrilling,E-commerce platform for second-hand stores,,"Los Angeles, CA",,,,,,,False,Not in Affinity
fd722a5f-8bfb-4df0-8156-4338fc148f99,thruwave,Developer of 3D millimeter wave imaging for supply chain and logistics,,"Seattle, WA",,,,,,,False,Not in Affinity
6f386001-cdf3-4127-914f-b32f00d400ec,thryve,Carbon project development platform,,"Singapore City, Singapore",,,,,,,False,Not in Affinity
ebdbd672-2ad1-40ee-a7b7-6bff62839b75,thryve.earth,Platform for nature-based carbon projects,https://thryve.earth/,Singapore,,,,,,,False,Not in Affinity
29723e20-28a7-4813-a82f-cf20c4aebfd0,tibber,Company seeking to make electricity cheaper and greener,https://tibber.com/,"Førde, Norway",,,,,,,False,Not in Affinity
8d02eb24-d88d-4e96-9655-96d48c4c90ab,tibo energy,Provider of energy management software,https://www.tibo.energy/,"Eindhoven, Netherlands",,,,,,,False,Not in Affinity
75fd3d50-d11b-4561-99c6-032b97f72331,tickr,Investing app in the ESG space,https://www.tickr.com/,U.K.,,,,,,,False,Not in Affinity
4340bff7-714c-46a9-a6c3-70703d8a4358,tidal,AI and computer vision product for salmon farmers,,"Trondheim, Norway",,,,,,,False,Not in Affinity
824cf68d-cc40-45bf-97a3-01e3d06c996c,tidal metals,Make magnesium from saltwater,,"Hamilton, NJ",,,,,,,False,Not in Affinity
dc659e7b-66ac-400a-bc06-71db58fd73f2,tidal vision,Turns crab shells into biodegradable chitosan,https://www.tidalvision.com/,"Bellingham, Washington",,,,,,,False,Not in Affinity
314f4649-a4b1-4ee5-b299-a8cec8d6d1b8,tidelift,Solutions provider for open source software supply chain resilience,https://www.tidelift.com/,Boston,,,,,,,False,Not in Affinity
a8c3ca55-c960-40d6-a0c5-145640bc4071,tier,Electric scooter startup,https://www.tier.app/,"Berlin, Germany",,,,,,,False,Not in Affinity
e001dd9c-4312-492b-a591-25cde0bc3eac,tier mobility,Provider of micro-mobility solutions,https://tier.app/,Germany,,,,,,,False,Not in Affinity
2ed0829b-ccb0-430b-b9c1-699d66ea4091,tierra biosciences,AI-guided protein synthesis platform,https://www.tierrabiosciences.com/,"San Leandro, CA",,,,,,,False,Not in Affinity
c165b986-6026-4401-aeb7-fa505ca7c1da,tigergraph,Scalable graph database for the enterprise,,"Mountain View, CA",,,,,,,False,Not in Affinity
c75d2318-f527-473c-a98e-740cb9bae693,tigo energy,Solar and energy storage solutions,https://www.tigoenergy.com/,"Campbell, CA",,,,,,,False,Not in Affinity
e2f51574-2fcd-4fcd-a377-c6e2566ddd85,tinybird,Software developer that builds data products,https://tinybird.co/,"New York, NY",,,,,,,False,Not in Affinity
79c74e53-3398-4020-b93f-4c9515cddd98,tipa,Compostable packaging startup,,Israel,,,,,,,False,Not in Affinity
cdfdd890-9f6c-4365-92ec-4b634ff7c02b,tirex transmission,EV charging startup,,India,,,,,,,False,Not in Affinity
5690a818-4646-4bf5-b166-539f847ba919,tive,Supply chain visibility and insights company,https://tive.com/,Boston,,,,,,,False,Not in Affinity
12b59231-81c7-4a9d-91be-89e2f6429f35,toffeeam,Software design company for green manufacturing,,"London, UK",,,,,,,False,Not in Affinity
a70d7b27-1a75-4a6c-9bfb-5a91e9612f7c,togal.ai,Construction software company,,"Miami, FL",,,,,,,False,Not in Affinity
7a56271a-3e6c-4f3c-beaa-8b5f272c7b6a,tokamak energy,Develop tokamaks for nuclear fusion,https://tokamakenergy.co.uk/,"Abingdon, UK",,,,,,,False,Not in Affinity
920c476c-899b-48c8-9184-017651e38c89,tomato jos,Agro-processing venture focused on local production of high-quality tomato paste,,Nigeria,,,,,,,False,Not in Affinity
8faa7033-068b-49ed-9c38-57f9b4f0778b,tomorrow farms,Sustainable food-tech company,,"New York, USA",,,,,,,False,Not in Affinity
4d5e1db8-ee89-41a4-a593-aebd338b2107,tomorrow.io,Weather intelligence platform,https://www.tomorrow.io/,"Boston, MA",,,,,,,False,Not in Affinity
5a0af2b3-e44f-45d8-b1a5-571b01980467,too good to go,Startup combating food waste,https://toogoodtogo.com/en-us,Denmark,,,,,,,False,Not in Affinity
ffc969c3-2365-4462-8fa5-8fc94fe018ac,topanga,Reduce food waste and packaging costs,,"Los Angeles, CA",,,,,,,False,Not in Affinity
40730fed-f0e1-49eb-a70d-266f70678ed7,tophat,Low-carbon modular housing company,https://www.tophat.com/,"London, UK",,,,,,,False,Not in Affinity
2e887ae9-bc35-42d0-bd84-454b3621c7b5,topl,Blockchain platform helping companies prove ethical and sustainable supply chains,https://topl.co/,"Houston, TX",,,,,,,False,Not in Affinity
39cecaa4-03f7-4637-91c1-abd15c91a11d,topolytics,Verifiable data platform for waste,,"Edinburgh, United Kingdom",,,,,,,False,Not in Affinity
32ea4c14-f768-4b2c-9384-d317260eafcf,torch,Digital freight network focused on short-haul trips,https://www.torch.com/,"Chicago, IL",,,,,,,False,Not in Affinity
69d095eb-f2b0-4098-9a3d-21c7e4e24afe,torev motors,Axial flux electric motors maker,,Washington D.C.,,,,,,,False,Not in Affinity
0a5efd62-7a8b-462c-be2e-3d31f429d057,tortoise acquisition ii,Energy-focused SPAC,,,,,,,,,False,Not in Affinity
b58e8291-147b-477a-a878-a90d6f186137,tortuga agtech,Farming robotics company,https://www.tortugaagtech.com/,"St. Louis, MO",,,,,,,False,Not in Affinity
eb403cbe-caf0-4788-9226-57e18a8fc7fc,torus,Manufacturer of energy storage and management products,,"South Salt Lake, Utah",,,,,,,False,Not in Affinity
4c5b4935-a86f-4dbd-8043-947521a01feb,toyota ventures,Investment firm,,"Los Altos, CA",,,,,,,False,Not in Affinity
ecab1ac3-987a-44e6-bf8e-afabc27991ff,tozero,Recover valuable materials from lithium-ion batteries,,"Munich, Germany",,,,,,,False,Not in Affinity
0d877495-376c-4a76-a178-ff51821688dc,tpg,Climate-focused private equity infrastructure fund,,San Francisco,,,,,,,False,Not in Affinity
94ad289e-aeaf-4f6d-9b2d-04d70a7b3538,tpg rise climate,Digital energy platform active in 18 countries,https://www.tpg.com/,"San Francisco, U.S.",,,,,,,False,Not in Affinity
040593dc-d3ed-41e8-affa-cc699846fa11,traace,Emissions traceability and management platform,,France,,,,,,,False,Not in Affinity
4a887772-f2a5-484a-bada-b827862a91c8,trace,Carbon management platform,,Australia,,,,,,,False,Not in Affinity
a479999a-2607-4e47-9064-f714d5555584,trace genomics,Soil testing kits,https://tracegenomics.com/,"Ames, Iowa",,,,,,,False,Not in Affinity
1aa6bb21-3974-43f4-8731-0d90b2378bb1,trace midstream,Developing carbon capture and sequestration assets,,"Houston, TX",,,,,,,False,Not in Affinity
912f0564-7992-4b72-8e07-d11956ac19fc,traceless materials,Turns agricultural leftovers into plastic alternatives,https://www.traceless.eu/,"Hamburg, Germany",,,,,,,False,Not in Affinity
655159ba-7be8-4375-aa12-8ba27657bfb8,tracer,Data intelligence platform,https://www.tracer.com/,"New York, USA",,,,,,,False,Not in Affinity
2237f388-c8f5-4b80-96c1-e977e9a2d1e6,track3d,AI platform for the construction industry,,"San Francisco, CA",,,,,,,False,Not in Affinity
45538c3c-2b8f-45e2-8209-4967e01cbdde,tract,Software for agriculture supply chain transparency,https://tract.com/,"Amsterdam, Netherlands",,,,,,,False,Not in Affinity
d5ffe291-41df-4039-86ba-250d56e543f0,tractian,Industrial monitoring platform,https://tractian.com/,"Atlanta, USA",,,,,,,False,Not in Affinity
9af5f4d2-6dd6-4bae-9c4e-e0c728e803ac,tradespace,AI-powered IP management platform,,"San Francisco, CA",,,,,,,False,Not in Affinity
52c94bc0-8a32-4c80-aa2b-03c03b5f53a8,tradeverifyd,AI-powered supply chain risk management,,"Bozeman, Mont.",,,,,,,False,Not in Affinity
6aa7a99c-ebcd-488f-af62-14947eaa611a,tradim,Providing waste collection and management software,https://www.tradim.com/,France,,,,,,,False,Not in Affinity
92ac91ee-0c41-42e5-8682-22f5d5400550,trala,Music education software teaching violin,https://trala.com/,"Chicago, IL",,,,,,,False,Not in Affinity
cc322cd4-d95a-4530-ac16-db5a8de65183,transaera,Manufacturing energy-efficient air conditioning systems,https://www.transaera.com/,"Boston, MA",,,,,,,False,Not in Affinity
d3697ffa-fd7b-4b66-9506-9d921c0a57a0,transcend,Data privacy infrastructure company,https://transcend.io/,"San Francisco, CA",,,,,,,False,Not in Affinity
e44149d2-8e57-4f79-8858-53ad17da325d,transect,Environmental risk for energy and infrastructure,,"San Antonio, TX",,,,,,,False,Not in Affinity
e7482157-0d0d-4bc1-be53-34b3d3cdbbd9,transficc,E-trading platform,https://www.transficc.com/,"London, UK",,,,,,,False,Not in Affinity
e0128367-3336-40c4-afa5-6220bcfc4000,transition,Venture capital firm,,"London, UK",,,,,,,False,Not in Affinity
e8a5e0cb-dde5-49a3-abe3-4b6d815ed730,Transmutex,Nuclear waste transmutation technology developer,transmutex.com,"Genève, Switzerland",,,,,,,False,278696098
f2eb2d16-4eba-4630-8dba-ccc772bcf765,TransVoyant,Supply chain execution platform,transvoyant.com,"Alexandria, VA",,,,,,,False,1665219
d7a85149-c7ba-4a85-a31e-f1c38a179442,Trapview,Pest monitoring and forecasting company,trapview.co,Slovenia,,,,,,,False,280308404
824882d4-5807-4405-b7b4-680955bb684b,travertine technologies,Helps critical element producers remove environmental waste and carbon emissions,,"Boulder, CO",,,,,,,False,
e7844d58-7114-4108-8cf8-35c4f8aa98ba,TRAWA Film,Sustainable electricity procurement platform,trawa.de,"Berlin, Germany",43.0,48.28,Series A,24000000.0,Julian Teicke,David Budde (Co-Founder & CEO): https://linkedin.com/in/dbudde,True,288708252
4f4a6b3c-225f-4afb-ab97-e4481aaff240,trax,Provider of computer vision and analytics solutions,,Singapore,,,,,,,False,Not in Affinity
fd3ae510-f76b-40bb-90c8-3c84e9a727c3,trayd,Construction payroll and compliance solutions provider,,"New York City, NY",,,,,,,False,Not in Affinity
d26f4ceb-c481-47c4-a01d-0498b0389763,treatech,Provider of hydrothermal gasification technology to convert waste streams into products,,"Lausanne, Switzerland",,,,,,,False,Not in Affinity
19c3616c-65af-42f5-b044-402787252007,trebellar,Smart building data platform,,"San Francisco, CA",,,,,,,False,Not in Affinity
3f4f41ed-0ed8-479d-a60f-6f12edd42717,tree energy solutions,Green hydrogen producer,,"Brussels, Belgium",,,,,,,False,Not in Affinity
25a8116d-2142-4538-b56c-46dd93060549,tree.ly,Forest-protection projects across Europe,https://tree.ly/,"Dornbirn, Austria",,,,,,,False,Not in Affinity
ac62b03b-f75d-4799-a676-4d9043743736,treecard,Credit card startup that plants trees,https://treecard.org/,UK,,,,,,,False,Not in Affinity
b829c8d7-1174-4c8a-bb9d-1df01566ad45,treedots,B2B marketplace for reducing food waste,,Singapore,,,,,,,False,Not in Affinity
aacf1f93-5fc4-49fc-8051-cff8eddcc897,treefera,AI-enabled data platform for reporting nature-based assets,https://treefera.com/,"London, England",,,,,,,False,Not in Affinity
d8de7277-e7a8-47fb-bfa6-44e0b0623198,treehouse,Residential EV charging infrastructure developer,https://www.treehouse.com/,"San Francisco, CA",,,,,,,False,Not in Affinity
1287640a-7820-4ab2-89e2-c437c502bfca,treesplease games,Gaming platform for planting trees,https://www.treespleasegames.com/,"London, UK",,,,,,,False,Not in Affinity
8d566c09-fefe-4e68-a0a9-487ea3d1fe4c,treet,Retail resale platform,,"San Francisco, CA",,,,,,,False,Not in Affinity
34ca3dc4-f497-478d-9011-87ae4a1678b4,treetoscope,Irrigation management company for crops,https://www.treetoscope.com/,"Mikveh Israel, Israel",,,,,,,False,Not in Affinity
0039ce9b-3f19-4a27-bac5-ee5e495dc1fe,trellis data,Machine learning platform,,"Canberra, Australia",,,,,,,False,Not in Affinity
ea706b48-75aa-4c41-b4eb-ceac48a33ef7,tribaldata,Platform to help media and advertisers get to net zero,https://tribaldata.com/,Spain,,,,,,,False,Not in Affinity
6cd76e37-c4c2-4085-8ff7-8239d3907be0,trio mobil,IoT-powered safety and efficiency systems,https://www.triomobil.com/,"Marietta, GA",,,,,,,False,Not in Affinity
b8239578-90f1-4f11-a308-607e415f1580,triplebar,Biomaterials discovery platform,,"Emeryville, CA",,,,,,,False,Not in Affinity
855e91a7-c4e1-48aa-8454-41acfa499215,triplew,Startup producing biodegradable plastic from food waste,https://triplew.com/,Israel,,,,,,,False,Not in Affinity
b70729a1-d8f5-4cf4-890d-a997bdae2bd6,triton anchor,Offshore wind turbine anchor developer,https://www.tritonanchor.com/,"Chelmsford, MA",,,,,,,False,Not in Affinity
aa63f72f-0142-4607-a8af-38b47cdc5bae,triumvirate environmental,Sustainable environmental solutions provider,,"Somerville, MA",,,,,,,False,Not in Affinity
2b1f68b4-ab2e-4a21-8141-941a3cb79c35,troes,Modular battery energy storage systems provider,,"Markham, Canada",,,,,,,False,Not in Affinity
9bf2e057-ddae-42c4-939a-b726ed7bcc9b,trojan energy,On-street EV charging provider,https://trojan.energy/,"Stonehaven, UK",,,,,,,False,Not in Affinity
11cc149c-de77-47f5-b614-e5fd7f93cabb,tropic bioscience,Ag-tech company focused on tropical crops,https://tropicbioscience.com/,UK,,,,,,,False,Not in Affinity
c8e417bb-8629-4a95-9622-29d102ce6478,tropic biosciences,Utilizing innovative gene-editing technology to address commercial crop challenges,https://tropicbiosciences.com/,UK,,,,,,,False,Not in Affinity
c6e0bc16-a3ce-476e-befa-1501cef6e1be,trove,E-commerce infrastructure company powering circular shopping,,"Brisbane, CA",,,,,,,False,Not in Affinity
949e8f2a-0485-4bda-8cfd-4c3e0aba7c25,trucklabs,Trucking decarbonization solutions provider,https://trucklabs.com/,"Phoenix, AZ",,,,,,,False,Not in Affinity
da23def7-80b6-40d1-9875-b206f729e6e2,trucks venture capital,Invest in pre-and seed deals focused on transportation,,San Francisco,,,,,,,False,Not in Affinity
1875e831-a317-47ae-9b30-88defc08b084,true anomaly,Space security and sustainability company,https://www.trueanomaly.com/,"Centennial, CO",,,,,,,False,Not in Affinity
76d4ec6f-0457-467e-82e7-944feaea246f,truefort,Cybersecurity company,https://www.truefort.com/,"Weehawken, NJ",,,,,,,False,Not in Affinity
4e3382f8-2828-4eb8-be08-a294ac300750,trusttrace,Sustainability-focused supply chain traceability platform,,Sweden,,,,,,,False,Not in Affinity
ed149fa0-ab95-4cec-adf9-54dea437b406,ts conductor,High-capacity power transmission lines production,https://www.tsconductor.com/,"Huntington Beach, CA",,,,,,,False,Not in Affinity
5c907b19-d258-4c39-9179-0c4e212b5c22,tset,,https://tset.com/,"Vienna, Austria",,,,,,,False,Not in Affinity
6fb86bcc-ded4-4681-b1bb-528feaf0217d,tsubame bhb,Lower-carbon ammonia production plants,,"Kanagawa, Japan",,,,,,,False,Not in Affinity
62b1161b-aaa5-4abe-9c97-11c5f769efa2,tsun,Solar panel manufacturer,,"SuZhou, China",,,,,,,False,Not in Affinity
ff4c6dae-ad77-4cd8-b421-578a0af9d217,tumeke,Automatically assess workplace safety risks through pictures,,"San Mateo, Calif.",,,,,,,False,Not in Affinity
319afd8d-6ba2-4370-9269-2a462105bfb3,tupu,Urban mushroom farming developer,,"Berlin, Germany",,,,,,,False,Not in Affinity
3982980d-20dd-400e-8d40-3924acf93079,turing,AI-powered water management platforms,,"Boston, MA",,,,,,,False,Not in Affinity
fe010838-5971-44ec-9e1c-2462eaac96e9,turingdream,Multi-agent-based applications creation and management platform,,"Madrid, Spain",,,,,,,False,Not in Affinity
664e5854-3b6e-44d6-8db0-0d2f40e35334,turn2x,RNG from methanation producer,https://turn2x.com/,"Munich, Germany",,,,,,,False,Not in Affinity
cb8f1f02-faf5-49a8-86d6-c08272bfb4c6,turnkey group,Platform providing ESG software and analytics,,Singapore,,,,,,,False,Not in Affinity
0abff369-645c-4bae-bcb2-412a61e107a5,turno,Commercial EV distribution and financing platform,,"Bengaluru, India",,,,,,,False,Not in Affinity
a1c6472d-e9d8-41c3-b6b3-09a228535830,turnover labs,Decarbonization technology developer for the chemical manufacturing industry,,"New York City, NY",,,,,,,False,Not in Affinity
2e69cb79-9040-4283-a7af-5f919fdf53df,turntide technologies,Electrification and sustainable operations technologies developer,,"Sunnyvale, CA",,,,,,,False,Not in Affinity
b5d2e7a7-2f10-4d44-b04e-0e1b0b46d946,turtletree,Biotech startup using cell-based technology in milk production,https://turtletree.com/,Singapore,,,,,,,False,Not in Affinity
5e311a58-0fd0-409c-bdf3-9229f5e80e63,turtletree labs,Food tech firm producing cell-based milk,,Singapore,,,,,,,False,Not in Affinity
ec2ed462-6ee7-4692-bdf1-8e63e63dbb85,tusimple,Self-driving truck startup,,"San Diego, CA",,,,,,,False,Not in Affinity
d45daf83-d31e-4e37-932b-68a8f05f5ad0,tvarit,Zero-waste metal manufacturer,https://www.tvarit.com/,"Frankfurt am Main, Germany",,,,,,,False,Not in Affinity
24268255-7298-4abc-9a7e-34453134eeba,twaice,Analytics software for batteries in electric vehicles,https://www.twaice.com/,"Chicago, IL and Germany",,,,,,,False,Not in Affinity
8555482d-b52c-4ac6-8bb9-6b6805d0d2c5,twelve,CO2 to chemical intermediates developer,https://www.twelve.co/,"Berkeley, CA",,,,,,,False,Not in Affinity
97fcd449-ccfc-49b6-b93c-b6973e0b1177,twelve labs,Video search and understanding platform,,"San Francisco, CA",,,,,,,False,Not in Affinity
e5340b9a-dc55-470c-bf88-f304735470dc,two fifty seven,Residential energy data platform provider,,"San Francisco, CA",,,,,,,False,Not in Affinity
792d1365-e2a5-4149-862c-d09fd3013b09,two point o capital,Finance residential solar and energy efficiency upgrades,,India,,,,,,,False,Not in Affinity
33c4a541-8479-4616-ac1a-a0a97acdbbf8,txnm energy,Electric utility service,,"Albuquerque, NM",,,,,,,False,Not in Affinity
1899858c-d499-411e-a28a-9f08851ba468,tyba,Energy storage optimization solutions provider,,"San Francisco, CA",,,,,,,False,Not in Affinity
2edb7027-49ad-4c3a-99d0-186143bfaced,tynt technologies,Developer of smart windows,https://www.tynt.com/,"Boulder, CO",,,,,,,False,Not in Affinity
8277e75b-c9e0-43ef-bb78-77b2928fb93e,type one energy,Developer of fusion technology designed to produce power with zero emissions,https://www.typeoneenergy.com/,"Oak Ridge, TN",,,,,,,False,Not in Affinity
ce5a22d1-c546-4c3a-a2ea-a0c4b68b775f,ubco,Electric utility bike startup,https://www.ubco.com/,New Zealand,,,,,,,False,Not in Affinity
b1df054a-3cba-42ad-a907-92016009694f,ubicquia,"Smart city, small cell, and smart grid startup",https://ubicquia.com/,"Fort Lauderdale, FL",,,,,,,False,Not in Affinity
01253bb2-820e-4758-be96-b37e95f217d7,ubiqd,Quantum dot technology developer,https://ubiqd.com/,"Los Alamos, NM",,,,,,,False,Not in Affinity
e3cc23d7-1b2a-498e-92c6-e491b1a1f54f,ubiquitous energy,Solar technology company for residential and commercial building occupants,https://ubiquitous.energy/,"Redwood City, CA",,,,,,,False,Not in Affinity
ef6b4953-6545-4573-bcf6-3516b9f0b36d,ubitricity,Owner of the U.K.’s largest public electric vehicle charging network,,UK,,,,,,,False,Not in Affinity
b3655083-a690-4c61-8888-89f94dd0ffa2,ubq materials,Developer of climate-positive thermoplastics,https://ubqmaterials.com/,"Tel Aviv, Israel",,,,,,,False,Not in Affinity
1fcf5a54-d463-435a-b8e2-6605648c07aa,ucaneo,,https://ucaneo.com/,"Berlin, Germany",,,,,,,False,Not in Affinity
887acf2e-44f0-42bc-afcf-276f0dfce401,ufodrive,Electric-car rental company,https://ufodrive.com/,Ireland,,,,,,,False,Not in Affinity
2386beb7-db71-41f8-8dd6-a7ce8acd812a,ugowork,Provider of Energy-as-a-service solutions for industrial vehicles,https://ugowork.com/,Canada,,,,,,,False,Not in Affinity
824328e5-4fb8-45aa-92ee-364723182ae7,uiflow,Platform for development teams,,"San Francisco, CA",,,,,,,False,Not in Affinity
d5cbeee9-7770-4298-8cf1-a2d192acd835,uipath,Enterprise automation and robotic process automation software,https://www.uipath.com/,"New York, NY",,,,,,,False,Not in Affinity
ca935f91-8ea6-4a77-acea-d3563ed042fe,ulemco,Converting commercial vehicles to hydrogen,https://ulemco.com/,"Liverpool, U.K.",,,,,,,False,Not in Affinity
5cb59fb9-4b5c-4ca0-85e4-4634e0e19d42,ultihash,Provider of data storage solutions designed to make data storage more sustainable,,"San Francisco, CA",,,,,,,False,Not in Affinity
e888459d-d7f9-4242-8aa1-7f8cc13387bf,ultraviolette,Electric motorcycle company,https://www.ultraviolette.com/,India,,,,,,,False,Not in Affinity
13a4f432-92d5-47f0-ae8c-1aa1e61a3214,ultraviolette automotive,Electric two-wheeler vehicle developer,https://www.ultraviolette.com/,"Bangalore Urban, India",,,,,,,False,Not in Affinity
5468c08c-937e-48bc-bd11-62be385fc174,umagrauemeio,Software and data solutions to mitigate forest fires,,"umagrauemeio, Brazil",,,,,,,False,Not in Affinity
1f541e3f-2f71-48a6-8f77-c32295bfe325,umami bioworks,Lab-cultured seafood platform,,"Singapore, Singapore",,,,,,,False,Not in Affinity
ae8dcb59-0193-4fca-87cd-81498329f9d8,umaro foods,Seaweed-based bacon,https://umarofoods.com/,"San Francisco, CA",,,,,,,False,Not in Affinity
a217ccec-ad9a-455d-94d2-1526c450a967,umiami,Plant-based meat developer,,"Paris, France",,,,,,,False,Not in Affinity
27a379da-1a2d-4cff-a396-9efc86d729bd,umincorp,Sustainable plastic recycling company,https://umincorp.com/,Netherlands,,,,,,,False,Not in Affinity
5a2a5ef8-201f-4de6-9093-aa3e2279ca8f,umob,Sustainable urban transport booking app,,"Rotterdam, Netherlands",,,,,,,False,Not in Affinity
707d5345-7de1-4d24-b9c5-a2a75215e5fc,unagi,Maker of portable electric scooters,https://unagiscooters.com/,"Oakland, CA",,,,,,,False,Not in Affinity
f3bfee1b-6794-4ef5-a07b-0ad5cb8eac89,unagi scooters,Electric scooter manufacturer,https://unagiscooters.com/,"Oakland, CA",,,,,,,False,Not in Affinity
2c90efab-3383-4e88-b335-62d6c2ff5002,uncaged innovations,Sustainable leather alternatives platform,https://uncagedinnovations.com/,New York,,,,,,,False,Not in Affinity
72b669e2-e5e5-4d87-be2d-734d6262d7fb,understory,Provider of insurance solutions designed for climate change-related risk,https://www.understoryweather.com/,"Madison, Wisc.",,,,,,,False,Not in Affinity
b4f32b3a-eba9-470b-bf3c-f9359ee43e10,undo,Enhanced rock weathering carbon removal company,,"London, UK",,,,,,,False,Not in Affinity
48085035-3d18-4b7c-bf16-ab139b8c226e,unearth technologies,SaaS startup for the construction sector,,"Seattle, WA",,,,,,,False,Not in Affinity
8f9b3015-9a6a-464e-9bc7-43b572d64b10,unfold,Vertical farming company,,"Sacramento, CA",,,,,,,False,Not in Affinity
46ac25bc-db11-4597-8562-92dbe1474674,unibloom world,Software that integrates climate data into business,,"London, U.K.",,,,,,,False,Not in Affinity
05be23d2-aa24-4467-89b2-de2d68f3f9a2,unigrid,Make sodium-ion batteries,,"San Diego, CA",,,,,,,False,Not in Affinity
bdd51bdd-1cbb-416e-b3c9-09115de58fbb,unigrid battery,Sodium-ion battery maker,,"San Diego, CA",,,,,,,False,Not in Affinity
0e013ee2-994d-4ad3-af35-e38732e13420,union square ventures,Climate-tech focused venture fund,,,,,,,,,False,Not in Affinity
97820e24-5ef8-47fa-b411-15d92f35a70f,unisieve,Developer of molecular membrane solutions reducing energy usage,https://unisieve.com/,"Zürich, Switzerland",,,,,,,False,Not in Affinity
1e67f90f-a1c0-4cba-9499-aab05c51ad9a,unit21,Fraud monitoring platform,https://unit21.ai/,"San Francisco, CA",,,,,,,False,Not in Affinity
91a86840-3cb9-4fc9-a0f6-dac803be61b2,uniti,EV company,https://uniti.earth/,"Stockholm, Sweden",,,,,,,False,Not in Affinity
d70bd951-ddb6-40fc-895f-be47feac687f,unito,Workflow management company,,"Montréal, Canada",,,,,,,False,Not in Affinity
23fb560a-5b06-413e-8648-acb7c88de699,universal fuel technologies,SAF & renewable chemicals producer,,"Los Altos, CA",,,,,,,False,Not in Affinity
6c1b7a42-aaa2-4c62-bf86-a9a2a350f215,universal hydrogen,Green hydrogen distribution company,,"Los Angeles, CA",,,,,,,False,Not in Affinity
1ca2376d-fadf-460c-945d-871b795e4972,university of new mexico,Establishing a regional satellite for sustainability initiatives,,New Mexico,,,,,,,False,Not in Affinity
4c53f570-e566-4a70-b919-de47adc7f831,unless ventures,"Invest in cleaner manufacturing, shipping, power generation",,"Boulder, CO",,,,,,,False,Not in Affinity
077682af-fbff-44c1-a20d-1826cb9be454,unseenlabs,Using satellite imagery to track ships and maritime traffic,,"Rennes, France",,,,,,,False,Not in Affinity
5e5f4bd8-3cad-4795-9475-7b9d0491dfd1,unspun,Robotic manufacturing startup eliminating waste in jeans production,https://unspun.io/,"San Francisco, CA",,,,,,,False,Not in Affinity
bdf02948-5c81-4b91-a113-dffc2c4180a9,unum aircraft seating,Develop lighter business-class aircraft seats to help airlines save fuel,,"Crawley, U.K.",,,,,,,False,Not in Affinity
53402e6f-60cb-49fb-b5d2-366aea0be8c7,unwritten,Climate risk intelligence and data for investors,,"London, U.K.",,,,,,,False,Not in Affinity
b72bdb11-38de-477d-a3ad-d0b8c52b6e25,up catalyst,Sustainable carbon nanomaterials and graphite manufacturer,https://www.upcatalyst.com/,"Tallinn, Estonia",,,,,,,False,Not in Affinity
503b8512-1ee7-4dc5-9d99-74ccf912ac22,up2you,Emissions management platform,,Italy,,,,,,,False,Not in Affinity
f078cf22-39e4-4360-a813-6820c7c2b912,uplift360,Recycling technologies developer for advanced industrial materials,,Luxembourg,,,,,,,False,Not in Affinity
9508f6fb-4931-44c6-892b-85de02e90a25,upside foods,Producer of cultivated meat and seafood,https://upsidefoods.com/,"Berkeley, CA",,,,,,,False,Not in Affinity
bd7f9181-9d74-4290-8942-c77230c89070,upward farms,Aquaponic operation firm,,"Brooklyn, NY",,,,,,,False,Not in Affinity
79a50de7-b92b-4184-83b0-74a6f6ce9efc,upway,Startup that sells secondhand electric bikes,https://upway.fr/,France,,,,,,,False,Not in Affinity
616ed829-5235-4a07-b7e9-ad45575a214c,upwell water,Sustainable water infrastructure development,https://www.upwellwater.com/,"San Francisco, CA",,,,,,,False,Not in Affinity
c83687d9-4e7b-4a68-9455-3f63804743c8,uranium digital,Blockchain-based trading platform for physical uranium,https://www.uraniumdigital.com/,"New York, New York",,,,,,,False,Not in Affinity
797f1e77-cf98-4c91-8c6d-01dd63d6ba07,urb-e,Compact container delivery company,https://urb-e.com/,"Los Angeles, CA",,,,,,,False,Not in Affinity
a76adc2d-6397-43cd-b3fe-811caa658db6,urban sky,High-altitude balloon startup focused on imaging,https://www.urbansky.com/,"Denver, CO",,,,,,,False,Not in Affinity
985c672b-9d4d-44ed-bbec-04b3a2e8a893,urban x,Urban mobility solutions for cities,,"Berlin, Germany",,,,,,,False,Not in Affinity
e00a9695-4750-4501-8a33-0bc0ba9b6ad1,urbanchain,Peer-to-peer energy services company,https://urbanchain.com/,"Manchester, United Kingdom",,,,,,,False,Not in Affinity
7c6c8837-09e9-4285-ae00-27aa991b1539,urbanfootprint,Intelligence and urban planning software,,"Berkeley, CA",,,,,,,False,Not in Affinity
e61d3b37-e3bf-42d2-adf6-e152be7f96cb,urbangardens,Smart urban gardening solutions,,"Singapore, Singapore",,,,,,,False,Not in Affinity
2a48edd4-3764-455d-983a-ebaf27a7ec6f,urbanleap,Marketplace and discovery solution connecting governments with tech companies,,"San Francisco, CA",,,,,,,False,Not in Affinity
8169e953-d462-4876-919a-714caf4fbacc,urbanvolt,Clean energy provider with a solar-as-a-service model,,"Dublin, Ireland",,,,,,,False,Not in Affinity
da51648f-d9ac-4483-92a9-ca0f4c78840a,urbint,AI for utility safety and field risk management,https://www.urbint.com/,"New York, NY",,,,,,,False,Not in Affinity
7ff108d4-6222-423b-91ab-fc070112c7ce,urbio,Clean energy software company,,Switzerland,,,,,,,False,Not in Affinity
9a896441-c2d3-4c8f-8a56-e6e24eeaf8d8,urbyn,SaaS waste management platform,https://urbyn.com/,"Paris, France",,,,,,,False,Not in Affinity
11c1f284-a395-41a5-b6b9-e66c5866b506,urent,E-scooter and bike sharing service,,Russia,,,,,,,False,Not in Affinity
96102a07-cce9-43b9-8d72-c7b5b4b8f335,us wind inc.,Offshore wind energy development,, ,,,,,,,False,Not in Affinity
880684da-d88f-421e-96de-868e465c8abe,usv,Climate-focused fund,,,,,,,,,False,Not in Affinity
cd673de8-a5e7-4e18-aec9-5210145103e7,util,Machine learning ESG metric investment tool,,UK,,,,,,,False,Not in Affinity
8607640c-2f92-4321-9a83-5101ef12c578,utilidata,Grid-edge software platform,https://utilidata.com/,"Providence, RI",,,,,,,False,Not in Affinity
cc93a78a-babd-4230-9780-f2a776b20095,utility global,Make hydrogen from steel off-gas,https://utilityglobal.com/,"Houston, TX",,,,,,,False,Not in Affinity
e8aceb31-2833-4fef-9113-86ddae9a91f5,utilityapi,Provider of data sharing software for electric utilities,https://utilityapi.com/,"Oakland, CA",,,,,,,False,Not in Affinity
7cd91982-66f3-41d9-8be1-e8cbf1ba7b37,utilizecore,Power service management tech provider,,"New York City, NY",,,,,,,False,Not in Affinity
cf6b349b-5343-4f7d-b7fe-a50e49b11b98,uveye,Automated vehicle inspection systems using AI,https://uveye.com/,"Teaneck, NJ",,,,,,,False,Not in Affinity
4b709856-61fd-484a-82e4-3afb1dcb160e,v2food,Alternative protein company,,Australia,,,,,,,False,Not in Affinity
7f3c73e2-2e0a-4dd6-91a9-a68df9543b3b,vaayu,Carbon tracking platform for retailers,,Germany,,,,,,,False,Not in Affinity
7e639f58-9489-4b82-9669-92dd81822af6,vaeridion,Technologies for electric aviation,https://vaeridion.com/,"Munich, Germany",,,,,,,False,Not in Affinity
70470384-9a83-4017-b755-427f780b5ca9,vaire computing,More efficient silicon chips for computation,,London,,,,,,,False,Not in Affinity
dfddab57-c2c6-4932-832c-05d77ac0ca71,valar atomics,Nuclear energy technology developer,,"El Segundo, CA",,,,,,,False,Not in Affinity
348232cc-1ad8-4d56-ac72-0629d7777343,valerann,Intelligent transportation company serving road operators,https://valerann.com/,"London, UK",,,,,,,False,Not in Affinity
748304eb-6a51-4f9d-a00c-b195d22baf49,validere,Informatics platform that helps energy companies realize efficiencies,,Canada,,,,,,,False,Not in Affinity
c270a132-06fe-4609-b585-075c7e537f79,value group,CO₂ processing hub,,"Rotterdam, Netherlands",,,,,,,False,Not in Affinity
3b5ec407-1140-4c92-be67-21c17ba81704,vamo,Software for transitioning from heating oil to heat pumps,,"Cologne, Germany",,,,,,,False,Not in Affinity
64c2f1ad-c2e7-47e5-a633-25c6ea667c87,van heron labs,Cell growth-focused technologies for alternative proteins,,"Houston, TX",,,,,,,False,Not in Affinity
cf54f910-6adf-4050-8d22-03e9f9001429,vanmoof,E-bike startup,https://www.vanmoof.com/,Amsterdam,,,,,,,False,Not in Affinity
7ed9a3f1-2936-460d-92a6-b2cd6f0d52f1,vapaus,Corporate mobility programs platform,,"Espoo, Finland",,,,,,,False,Not in Affinity
18a985fc-ecfd-414d-9201-b22f5c8c8006,varden,Company converting waste material from sugarcane into packaging product,,Australia,,,,,,,False,Not in Affinity
f34475b5-37d7-4afc-81b0-de19b93a4144,varentec,Provider of grid-edge intelligence and control,,"Santa Clara, CA",,,,,,,False,Not in Affinity
d275032b-bc1e-4ff5-a2cd-34e2ed7a6882,varhara,Carbon removal business,,"Gurugram, India",,,,,,,False,Not in Affinity
7d7eba70-fbf4-4c61-9244-82aa6df846c1,varm,Provider of home insulation designed to reduce CO2 usage,https://www.varm.io/,"Berlin, Germany",,,,,,,False,Not in Affinity
84c23220-4e6f-451d-8a1a-9f2e183784de,vatn systems,Make autonomous underwater vessels,https://www.vatnsystems.com/,"Portsmouth, RI",,,,,,,False,Not in Affinity
9d7d27f6-5d29-4200-96f7-86e4757975ef,vaulted deep,Biomass carbon removal and storage developer,https://vaulteddeep.com/,"Houston, TX",,,,,,,False,Not in Affinity
f042e8f1-e89a-41fa-b717-e9574fa7849a,veckta,Online energy marketplace,,"San Diego, CA",,,,,,,False,Not in Affinity
e5f5920a-d4c7-42d2-8f74-112d85a88311,vecmocon technologies,Manufacturer of EV components,https://vecmocon.com/,India,,,,,,,False,Not in Affinity
78342c35-b1d1-4c45-af95-f3df108b043d,vectorize,AI-powered data integration platform,https://www.vectorize.ai/,"Boulder, CO",,,,,,,False,Not in Affinity
377575a0-4a2e-4e5e-be43-7378499b3919,veerum,Maker of software to visualize physical assets,,Canada,,,,,,,False,Not in Affinity
984d1d23-5f9e-47a8-b544-6e7e806ddba3,vegh,Electric two wheelers manufacturer,,"Bhatinda, India",,,,,,,False,Not in Affinity
6552a136-bbcc-4cb6-bcba-d310302b5826,veir,Developer of high temperature superconductors for electricity transmission,https://www.veir.com/,"Woburn, Mass.",,,,,,,False,Not in Affinity
3dbea328-4d3e-456d-b126-4982adde9d81,vela,Make wind-powered cargo ships,,"Bourgogne, France",,,,,,,False,Not in Affinity
7593a32b-aac0-4ff1-9480-c4ba9523f594,veloce energy,EV charging infrastructure platform,,"Los Angeles, CA",,,,,,,False,Not in Affinity
4c6a7a38-3b92-4dae-9ca0-680f6717cb39,velocys,Sustainable aviation fuels,https://www.velocys.com/,"Oxford, U.K.",,,,,,,False,Not in Affinity
be5de4b8-8dbc-42c6-a3b9-8df89cd26a87,velotric,E-bike provider,https://velotricbike.com/,"Shenzhen, China",,,,,,,False,Not in Affinity
dff24170-008e-41d1-9cb3-6ea186ac5d04,vema hydrogen,Hydrogen developer,,"Wilmington, Delaware",,,,,,,False,Not in Affinity
15b9e6f4-5999-44dd-b402-3f0115cefde2,vence,Startup enabling rotational grazing with virtual electric fences,https://vence.io/,"San Diego, CA",,,,,,,False,Not in Affinity
89ff6b48-610d-474b-b9f0-38082e3e0774,vendia,Data and code sharing platform,,"San Francisco, CA",,,,,,,False,Not in Affinity
4937891f-d0a8-4a38-8c27-71d34a870dc4,vendict,Generative A.I. security and compliance startup,https://www.vendict.com/,"Tel Aviv, Israel",,,,,,,False,Not in Affinity
055d39b8-c131-4960-9e6c-2752a21fcc66,vendorpm,Software-enabled marketplace to connect property managers and trusted vendors,,"Toronto, Canada",,,,,,,False,Not in Affinity
5c76c73d-49c6-48d6-bbb3-5a00e2d5f50c,vensum power,Power converter technology developer,https://vensumpower.com/,"Espoo, Finland",,,,,,,False,Not in Affinity
42d81bd2-4060-4729-9df6-1eb37c9548b7,venti technologies,Autonomous logistics company,,"Boston, MA",,,,,,,False,Not in Affinity
ad7b965f-7c82-4702-b409-117cd3ee4357,ventive,Developing efficient heat pumps for homes,,UK,,,,,,,False,Not in Affinity
6e5eb90e-bfa8-4562-b081-d546ab46c87c,veo,E-scooter sharing,,"Chicago, IL",,,,,,,False,Not in Affinity
2b4f46de-1898-4729-9428-444e4beefc70,verai,AI mineral exploration and discovery platform,,"Boston, MA",,,,,,,False,Not in Affinity
da6ed89d-158d-48fd-b408-d05b5c9b79ba,verdafresh,Startup producing fully recyclable barrier films for food packaging,,"Wayne, PA",,,,,,,False,Not in Affinity
b1594096-89bb-4556-b48c-c399ab835907,verdagy,Water electrolysis technology company for the production of green hydrogen,,"Moss Landing, CA",,,,,,,False,Not in Affinity
7f746a6c-5076-4b7d-88ad-cb830a751a2a,verdane,Investing in digitization and decarbonization applications,https://www.verdane.com/,"Oslo, Norway",,,,,,,False,Not in Affinity
62db5c17-7c70-4f95-adba-572a6314894e,verdant robotics,RaaS company providing regenerative agriculture solutions,https://verdantrobotics.com/,"Hayward, CA",,,,,,,False,Not in Affinity
483b4154-8052-4eff-a290-b14b4a06f6f5,verde clean fuels,Natural gas-to-gasoline production plants,https://www.verdecleanfuels.com/,"Houston, TX",,,,,,,False,Not in Affinity
14499abc-0ada-476f-a7db-7d204826dc6e,verdigris technologies,Building energy management platform,,"Santa Clara County, CA",,,,,,,False,Not in Affinity
32e5ca2b-d1cd-4326-bd85-4d5181b4d18a,verge,AI powered interactive software that enables efficient field operations,,Canada,,,,,,,False,Not in Affinity
e772e3f1-2f3b-4adb-a93e-2d60e5967663,vericool,Manufacturer of compostable cold chain packaging,https://www.vericool.com/,"Livermore, CA",,,,,,,False,Not in Affinity
05a013a9-32e4-4284-9fc0-2756bf8a74a6,veritree,Nature restoration verification platform,,"Vancouver, Canada",,,,,,,False,Not in Affinity
7e90c7e8-275e-4ea7-8dd4-86622d4ac201,verity,Autonomous inventory drone company,https://www.verity.ch/,"Zurich, Switzerland",,,,,,,False,Not in Affinity
e4fee2fa-febb-4b68-8d0d-df92f1b6d31d,Verkor,Battery gigafactory construction,verkor.fr,"Grenoble, France",,,,,,,True,283913362
512021dc-9eaf-498f-bede-a6e37ea57e94,Verlume,Developer of subsea battery storage for offshore energy,verlume.world,"Aberdeen, United Kingdom",,,,,,,False,284791179
202bd637-34e2-4862-b03b-4a3525abaa67,Verne,Developing urban autonomous mobility ecosystem centered around robotic taxis,verne-ai.com,"Zagreb, Croatia",,,,,,,False,132103176
70eeab59-ee26-4aef-a45e-dbca020b0ace,versatile natures,Using machine learning and AI to optimize construction processes,vnatures.net,Israel,,,,,,,False,291803709
d82cdc8b-381f-4bf6-8020-a06cb6145d4b,Verse,Clean energy procurement and management company,verse.inc,"San Francisco, California",28.0,33.33,Series A,20500000.0,CIV,"Seyed H. Madaeni, Ph.D. (Co-Founder & Chief Executive Officer): https://linkedin.com/in/seyed-h-madaeni-ph-d-5697a749",True,287541401
adb2643a-e33f-4b3e-9f74-017ef636a337,Versiro,Real-time analysis software for power producers,versiro.com,"Trondheim, Norway",13.0,30.0,Series C,2300000.0,Superside founder Fredrik Thomassen,Simon Risanger (CEO and co-founder): https://linkedin.com/in/simon-risanger-8b96b0128,True,287878236
80754eb2-8a4a-4b32-b4ae-8344ee6e03bc,Versogen,Developer of electrolyzers to produce green hydrogen,versogen.com,"Wilmington, DE",,,,,,,False,280839088
5202ad62-7454-4802-9ac7-155ea9ac3693,Vertical Future,Vertical farming system developer,verticalfuture.co.uk,"London, UK",,,,,,,False,203297176
3f6f25d0-7918-4135-9428-0fe38c1c250e,Vertical Harvest,Hydroponic vertical farming company,verticalharvestfarms.com,"Jackson, WY",,,,,,,False,1759304
64ea2c5d-1310-4b3c-aaed-87f5d568a0cc,vertus energy,Waste-to-X technologies provider,vertusenergy.com,"Auckland, New Zealand",,,,,,,False,283552177
f45f10dc-5106-49a9-9fc9-170ef25b292b,Veryfi,AI-based data accounting automation platform,veryfi.com,"San Mateo, CA",,,,,,,False,141753728
b8bd032a-f8a3-4ee8-b2ff-d182eb986df6,The Vespa Engine,AI-integrated search engine and data management platform,vespa.ai,"Trondheim, Norway",,,,,,,False,278711563
8e8721b1-0e27-4ba2-927d-b972c186e7e5,vespene energy,Methane mitigation company converting methane waste into electricity,https://vespene.energy/,"Berkeley, CA",,,,,,,False,
0016cb0c-b813-4902-9b3c-add70e6a7b1b,vessel,Travel & adventure planning platform,,"San Francisco, CA",,,,,,,False,Not in Affinity
eb959533-a753-45bb-a1a0-862c211ee9ba,vestas,Global wind turbine manufacturer,https://www.vestas.com/,,,,,,,,False,Not in Affinity
87582682-71fe-4c34-a74f-d7a2b164d344,vested impact,Measure environmental and social impact,,London,,,,,,,False,Not in Affinity
21d13f74-28fa-4757-8cbe-b42c18afb693,vev,Platform for developers and content creators to design interactive websites,,Norway,,,,,,,False,Not in Affinity
97118d1f-9b7e-4ad6-aca4-7d249ffd11b2,vfc foods,Plant-based protein foods producer,,"York, United Kingdom",,,,,,,False,Not in Affinity
c4b5163c-eca7-4b71-8e95-6de72a88fc10,vflowtech,Redox flow energy storage solution provider,https://www.vflowtech.com/,Singapore,,,,,,,False,Not in Affinity
ab14bc0e-b5b1-4e8c-a33e-e0b2bd425740,vhive,Software company using autonomous drones to capture data,https://www.vhive.ai/,"Herzliya, Israel",,,,,,,False,Not in Affinity
8f7e32c3-2bc1-49dd-bd51-03af6ddcede5,via,Blockchain and A.I. company for the energy industry,https://www.ridewithvia.com/,"New York, NY",,,,,,,False,Not in Affinity
848a83a6-baa7-44f1-81c6-52f4ff5b566b,via separations,Decarbonization company,,"Watertown, Mass.",,,,,,,False,Not in Affinity
aa06550e-c310-47c6-9576-a64ae564baaf,viact,AI construction management software,https://viact.ai/,"Kwun Tong, Hong Kong",,,,,,,False,Not in Affinity
df98bcb1-7939-4f96-a8ad-fdaf1a400d0d,viaduct,Help manufacturers and fleet operators manage quality and maintenance data,https://viaduct.com/,"Menlo Park, CA",,,,,,,False,Not in Affinity
1ede596c-c73d-4807-941f-440e346235bc,viakoo,IoT device security platform for companies,,"Mountain View, CA",,,,,,,False,Not in Affinity
96808c3a-13ea-4f9f-bbcd-180f97cd8141,viam,AI for real-time data from robots and sensors,https://www.viam.com/,New York,,,,,,,False,Not in Affinity
11f07ce1-d33f-4b6d-9f64-3560730c9e91,vianode,Sustainable anode materials manufacturer,https://vianode.com/,"Oslo, Norway",,,,,,,False,Not in Affinity
d70a9fc9-2db0-43f1-9d24-f1b5bca02e66,vianova,Providing data analytics for shared sustainable transportation,https://vianova.io/,France,,,,,,,False,Not in Affinity
91f3d75b-947e-4b44-b253-8a17c496b807,viboo,Predictive control for energy efficiency platform,,"Dübendorf, Switzerland",,,,,,,False,Not in Affinity
54bd967a-a76a-4ffd-ba56-0147e48b5083,vibrant energy,Renewable energy solutions company for C&I,,"Hyderabad, India",,,,,,,False,Not in Affinity
0e78cd02-8aec-434b-9216-8e37326a9fcd,vibrant planet,Forest restoration and land management platform,https://www.vibrantplanet.com/,"San Francisco, CA",,,,,,,False,Not in Affinity
4482fd9b-5264-4d94-9bd9-02c05ddf9f0a,vicarius,Software designed to autonomously remediate security vulnerabilities,,"New York City, NY",,,,,,,False,Not in Affinity
f3076efe-eca4-4d92-858d-f66c3f81d6f7,victory farms,Aquaculture farm start-up,,"Nairobi, Kenya",,,,,,,False,Not in Affinity
dbacd32f-3a6b-4308-8213-395877671d9c,vida,ESG risk platform,,"Munich, Germany",,,,,,,False,Not in Affinity
07712a41-2071-4e4c-96b2-31222d832416,vidyut,EV financing and vehicle management technologies,,"Bengaluru, India",,,,,,,False,Not in Affinity
d30c4c4a-87f0-4b1e-880c-6a28d89be785,vie technologies,Electric transformer reliability company,https://vietechnologies.com/,"San Diego, CA",,,,,,,False,Not in Affinity
ea117680-0ee4-4693-a2c8-f7f087a2c726,vilisto,Commercial building heat management platform,https://vilisto.com/,"Hamburg, Germany",,,,,,,False,Not in Affinity
46217956-c77d-42a0-bd93-f4830d50f4c9,villa,Backyard building company,,"San Francisco, CA",,,,,,,False,Not in Affinity
0988e1ff-508e-44c9-acc5-9e937a0d72e7,villari,Develops crack-detection sensors for steel infrastructure,,"Delft, Netherlands",,,,,,,False,Not in Affinity
fa52e609-3fe7-43bc-be91-6779073bd68e,vimano,Advanced materials manufacturer,,"Bengaluru, India",,,,,,,False,Not in Affinity
9f168179-b668-4c3b-98c2-1d28a6bdb3a1,vind ai,Wind park design AI platform,,"Oslo, Norway",,,,,,,False,Not in Affinity
a5a3e7fb-5b25-425e-8ba3-7ec8eb332a9a,vinehealth,Data science and behavioral science digital application,,"London, UK",,,,,,,False,Not in Affinity
9da178cd-9b18-487a-a42a-2f99a18bcf70,viotas,Smart electricity management platform,,"Limerick, Ireland",,,,,,,False,Not in Affinity
0cc29cd9-8ede-4a62-8085-09b6caded7c9,virescent ventures,Invest in climate tech startups,https://virescentventures.com/,"Sydney & Melbourne, Australia",,,,,,,False,Not in Affinity
e35ad6c5-9d34-4373-9fcb-722e362f5589,viridi parente,Developer of lithium ion battery storage technology,https://viridiparente.com/,"Buffalo, NY",,,,,,,False,Not in Affinity
a34ff569-38e1-4e3c-969b-089f8c4ab62e,viridian renewable technology,Convert food waste into insect-based protein,,Melbourne,,,,,,,False,Not in Affinity
e9216a06-23ba-4abe-8767-9768ad28390c,viridico2,Developer of carbon utilization tech,,"Southampton, UK",,,,,,,False,Not in Affinity
dac1a180-96c5-4fb2-8448-7f8dd02f3b18,viridos,Developing sustainable algae biofuel,https://viridos.com/,"La Jolla, CA",,,,,,,False,Not in Affinity
af2ad0aa-fed2-4ae2-a2e9-e185a3dd5f62,virridy,"Developer of technologies for monitoring and managing water, energy and agricultural resources",,"Boulder, CO",,,,,,,False,Not in Affinity
bc292114-7458-4423-81c3-e342ce7bb157,virta,Electric vehicle charging platform,,"Helsinki, Finland",,,,,,,False,Not in Affinity
484dfc17-e83e-4e62-a912-a157d5c5dd44,virtual peaker,Distributed energy resource management platform,,"Louiseville, KY",,,,,,,False,Not in Affinity
c3508f12-d000-406a-bd84-e646f87a427b,visibly,Training and education platform for the infrastructure workforce,https://www.visibly.com/,"London, U.K.",,,,,,,False,Not in Affinity
ed2914ac-32f3-4274-a189-67646feea338,visibuilt,Disrupt asphalt industry with fermentation-based binder,,TK,,,,,,,False,Not in Affinity
abc18ca7-c04f-420f-bee7-c625e0526daf,vision marine technologies,Electric powertrains for boats,,Quebec,,,,,,,False,Not in Affinity
77930c5b-29c2-4e19-a66a-2b8bc938e313,vision rng,Landfill gas (LFG) infrastructure developer,,"Canonsburg, PA",,,,,,,False,Not in Affinity
bfad9c5a-f038-432a-ba88-e59291e1ea65,visolis,"Developing carbon-negative, bio-based chemicals",,"Berkeley, CA",,,,,,,False,Not in Affinity
25e62f1c-b658-4e98-a338-c05c65490ade,vitalfluid,"'Plasma-activated water', an alternative to conventional pesticides",https://vitalfluid.com/,"Eindhoven, Netherlands",,,,,,,False,Not in Affinity
6ad495b9-3ca5-41a4-be35-ab006bdec6cf,vitro labs,Making cell-cultivated leather,https://vitrolabs.com/,"Milpitas, CA",,,,,,,False,Not in Affinity
346dd333-9aad-4cba-ba6e-e6373eb9edc0,vive crop protection,Precision pesticides,https://vivecrop.com/,Toronto,,,,,,,False,Not in Affinity
22415186-af7e-4ad4-bce1-9750a4646997,vivici,Animal-free dairy proteins using precision fermentation,https://vivici.com/,"Delft, Netherlands",,,,,,,False,Not in Affinity
903cd3db-523a-4818-96c8-f0a708794039,vivid machines,Computer vision monitoring platform for fruit crops,https://www.vividmachines.com/,"Toronto, Canada",,,,,,,False,Not in Affinity
465c90f4-2c89-4ea7-8e95-76ceaaf7f54c,vizcab,Platform to measure and reduce carbon impact of construction projects,,"Lyon, France",,,,,,,False,Not in Affinity
e36deac6-c342-4d91-9084-18dcb8233bf1,vizit,Image analytics software for brands and retailers,https://www.vizit.com/,"Boston, MA",,,,,,,False,Not in Affinity
caec5b6d-4d0d-4f31-9973-af03c3f7b53d,vls environmental solutions,Sustainability solutions and ESG-focused waste services,,"Houston, TX",,,,,,,False,Not in Affinity
389c4f71-cb7d-4fbf-aa7c-b4d9b6025964,vlyfoods,Maker of plant-based dairy alternatives,https://vlyfoods.com/,"Berlin, Germany",,,,,,,False,Not in Affinity
92c77ff3-b8eb-4de9-997c-36a0817b1243,voi,E-scooter startup,https://www.voiscooters.com/,Sweden,,,,,,,False,Not in Affinity
af896750-595b-4a41-b249-3f7d0b9f7cdd,voi technology,Electric scooter company,https://www.voi.com/,Sweden,,,,,,,False,Not in Affinity
f13b50a5-4f51-4b73-91a6-fab30788e39f,vok bikes,Heavy-duty electric cargo bikes developer,https://vokbikes.com/,"Tallinn, Estonia",,,,,,,False,Not in Affinity
eca12299-08fe-49e8-8c1c-504a88b153be,volare,Insect protein plant using zero-waste technology,,Finland,,,,,,,False,Not in Affinity
2f7248c6-5d57-4b36-ae47-59f71f07cd4b,volexion,Developer of a graphene coating for lithium-ion batteries,,Chicago,,,,,,,False,Not in Affinity
722da85e-6748-43e2-a0a3-e205e2620eb2,voliro,Aerial robotics technology applicable to infrastructure inspection drones,https://www.voliro.com/,"Zurich, Switzerland",,,,,,,False,Not in Affinity
813b7b77-eee0-4129-b85c-ab7b84acb8ef,volkswagen group,Backing companies focused on decarbonization,,,,,,,,,False,Not in Affinity
0cb10910-3d0c-4a3a-9832-e4cda9915762,volo earth ventures,Firm focused on climate tech,,Colorado,,,,,,,False,Not in Affinity
06e3e81d-cd0d-4c9e-b4da-ca049c0e969e,volocopter,Battery-powered aviation startup,https://www.volocopter.com/,Germany,,,,,,,False,Not in Affinity
02880039-2254-4be5-b457-6109dd47caac,volta,Developer of electric vehicle charging networks,https://voltacharging.com/,"San Francisco, CA",,,,,,,False,Not in Affinity
347046dd-31a3-4441-ad9e-522f799d7da4,volta energy technologies,Energy VC firm,,Illinois,,,,,,,False,Not in Affinity
054fd60f-1bcd-4aa9-a38e-c8e020e35a47,volta greentech,Feed additives to reduce methane from cows,https://voltagreentech.com/,"Stockholm, Sweden",,,,,,,False,Not in Affinity
1d86f11d-d57e-4a4b-9ebb-4b59a1ec2789,volta industries,Electric vehicle charging network,,"San Francisco, CA",,,,,,,False,Not in Affinity
eb1cc439-f3b9-4838-a974-2eafd19614e8,volta trucks,Commercial electric vehicle manufacturer,https://voltatrucks.com/,Sweden,,,,,,,False,Not in Affinity
8a065d72-b4fe-4a13-a0c0-201a181a10fa,voltan energy,Ground-source heat systems developer,,"Helsinki, Finland",,,,,,,False,Not in Affinity
73384cd6-8d42-46fb-85e2-d99b58123ff7,volter,Operating system for rooftop solar and distributed energy,https://volter.com/,"London, U.K.",,,,,,,False,Not in Affinity
a4616505-86b1-47dd-a3de-7a39da4af7bb,voltera,EV fleet charging infrastructure provider,,"Palo Alto, CA",,,,,,,False,Not in Affinity
f570f351-9217-4830-b030-871272953a0c,volteras,Data streaming tools for EV developers and fleet operators,,"London, United Kingdom",,,,,,,False,Not in Affinity
9a475b29-3acd-4fa4-9ed4-beeb53276f68,voltfang,Company repurposing batteries from cars for energy storage,https://voltfang.de/,"Aachen, Germany",,,,,,,False,Not in Affinity
0bdba02a-f997-49ae-a412-d6e29e276707,voltiris,Optimize solar energy usage for greenhouses,https://voltiris.com/,Switzerland,,,,,,,False,Not in Affinity
6d3f04b7-db57-4798-9cfa-8ee41e69109f,voltpost,EV charging company that transforms lampposts into public smart charging stations,,"Brooklyn, NY",,,,,,,False,Not in Affinity
43d516bb-dcda-4cc8-9f55-06779b394450,voltr,To manufacture and reprocess lithium-ion batteries,https://voltr.com/,"Angers, France",,,,,,,False,Not in Affinity
6a3fb008-6f96-4b15-a185-86eb7641c064,voltra,Unified API platform for EV chargers and microgrids,https://www.voltra.com/,"San Francisco, Waterloo, Canada",,,,,,,False,Not in Affinity
cce67b57-ad02-44e2-9bd1-2acc78a1f8ed,voltrac,Autonomous electric tractors for agriculture,https://voltrac.com/,"Valencia, Spain",,,,,,,False,Not in Affinity
e314a224-fc5a-40dd-b9e8-b38523d87604,voltstorage,Providing solar energy storage systems,https://www.voltstorage.com/,Germany,,,,,,,False,Not in Affinity
6b55e5c9-ff62-4876-a382-e3bc44d3ffce,voltus,Platform for electricity reduction among industrial customers,,"San Francisco, CA",,,,,,,False,Not in Affinity
d3278d3d-026f-424d-9f50-98472a64eef0,voltz,Electric motorcycle company,,Brazil,,,,,,,False,Not in Affinity
201ec5b1-3956-4c9a-9d4e-9b41941855db,vool,Provider of EV charging station hubs,https://vool.com/,"Tallinn, Estonia",,,,,,,False,Not in Affinity
2649571b-8162-4e31-8dc5-0188b6d30149,vortex-io,Hydrological data and flood risk analytics,,"Toulouse, France",,,,,,,False,Not in Affinity
ea1b6055-15d5-4879-bdea-476dfaafec09,vortexa,Energy intelligence provider,https://www.vortexa.com/,"London, England",,,,,,,False,Not in Affinity
a8f1d0f4-a6f3-458e-ad1c-94cbe6e72b1a,voyage,Autonomous vehicle startup,,"Palo Alto, CA",,,,,,,False,Not in Affinity
2b809ed0-54c3-4e06-9273-d5422a9baee4,voyage foods,Creating environmentally sustainable food alternatives,,"Oakland, CA",,,,,,,False,Not in Affinity
623d9b13-ccd2-425f-9dd7-ea57f941ddab,vrb energy,Developer of vanadium redox batteries,https://vrbenergy.com/,British Columbia,,,,,,,False,Not in Affinity
f0c710a3-f158-487b-b8a0-c1d9d73c6c5d,vrify,AI-powered mineral exploration software,https://www.vrify.com/,Vancouver,,,,,,,False,Not in Affinity
bde1db88-d6f5-4e06-a59a-8bbdebbdd823,vsparticle,Nanoparticle synthesis technologies that have applications in green hydrogen,https://vsparticle.com/,"Delft, Netherlands",,,,,,,False,Not in Affinity
343cce40-4bd2-4f23-9cf8-2435bc16074d,vsquared ventures,"Invest across a variety of sectors, including energy transition",,"Munich, Germany",,,,,,,False,Not in Affinity
e6b70e26-53bb-494e-8938-57a7e1769794,vulcanx,Efficient hydrogen production producer,,"Edmonton, Canada",,,,,,,False,Not in Affinity
27ed7dd7-8ea5-4e95-825f-374e9e377ff6,vulcanx energy,Pyrolysis technology from natural gas,,"Vancouver, Canada",,,,,,,False,Not in Affinity
b04fa993-b806-4e20-89b4-e38901408d39,vulog,Provider of shared mobility solutions,https://www.vulog.com/,France,,,,,,,False,Not in Affinity
accec729-7da2-473f-9737-9dcae230aa0f,vutiliti,Smart utility monitoring company,https://www.vutiliti.com/,"Salt Lake City, Utah",,,,,,,False,Not in Affinity
2f23278f-2400-49bc-9401-953bc1532a67,vycarb,Ocean-based carbon removal service,,"Brooklyn, NY",,,,,,,False,Not in Affinity
6c9bcfab-83e6-467c-bae9-aeca99ce0da9,vyld,Seaweed-based menstrual product developer,,"Berlin, Germany",,,,,,,False,Not in Affinity
59e2d110-63ed-4909-9e36-32f7168607d5,vyro,Online EV dealership company,,Australia,,,,,,,False,Not in Affinity
3a9eb7b6-8656-497e-bba9-4e0d69695d90,vytal,Reusable packaging for restaurants and the food service industry,https://www.vytal.org/,"Cologne, Germany",,,,,,,False,Not in Affinity
d50c207b-7ac3-4c9b-8bb9-b722e7c1b4df,vytelle,Precision livestock technology company,,"Lenexa, KS",,,,,,,False,Not in Affinity
3b7a45eb-fcab-4f53-8ea9-7521693159aa,vässla,Maker of e-bikes and e-mopeds,https://vassla.com/,Sweden,,,,,,,False,Not in Affinity
eb234c3a-61c0-468d-8325-7972a24d3d98,völur,Software for sustainable outcomes in the meat industry,https://volur.no/,"Oslo, Norway",,,,,,,False,Not in Affinity
7c04bff6-40ef-48a5-9486-bccce8f9f6ac,waabi,Make fully driverless trucks,,"Toronto, Canada",,,,,,,False,Not in Affinity
bb1f599b-7d16-4fd4-8ed5-1d1c6aaa59cb,wakeo,Multimodal real-time tracking platform,https://www.wakeo.co/,"Paris, France",,,,,,,False,Not in Affinity
5617dfb8-4e92-4ea3-af43-4b5489bdbce1,wallbox,Smart electric vehicle charging and energy management solutions,https://wallbox.com/,Barcelona,,,,,,,False,Not in Affinity
3e2a8216-4e18-49ee-a8ca-09b9fd6f5cdf,wanda fish,Cell-cultured seafood platform,https://wandafish.com/,"Tel Aviv, Israel",,,,,,,False,Not in Affinity
d3f0d532-5cad-4713-9545-9352fb747a6a,wandercraft,Humanoid robots for manufacturing,https://www.wandercraft.eu/,"Paris, France",,,,,,,False,Not in Affinity
926c3dbe-b86a-4324-bd29-785218523fb5,wase,Biogas from wastewater via waste-to-energy conversion,https://www.wase.com/,"Bristol, U.K.",,,,,,,False,Not in Affinity
d5b36b14-8a1d-44d0-9bc2-beefc1e24ef4,waste robotics,Autonomous recycling provider,,"Trois-Rivières, Canada",,,,,,,False,Not in Affinity
8c383eea-675f-43c0-b7ef-ee047302dad3,waste4change,Startup developing digital waste management infrastructure,,Indonesia,,,,,,,False,Not in Affinity
8cafc121-91a7-4a9a-921c-03d0f47cfa5a,wasted*,Eco-friendly porta-potty company that turns human waste into fertilizer,,"Burlington, Vt.",,,,,,,False,Not in Affinity
42af07af-4af2-46ad-a6ab-58181cb20a2f,wastefront,Tire recycling company,,"Oslo, Norway",,,,,,,False,Not in Affinity
ccc5f9b3-d975-4bf0-941d-21b447900492,wastefuel,Developer of low-carbon fuels from waste,https://wastefuel.com/,"Los Angeles, CA",,,,,,,False,Not in Affinity
d795da56-3a0d-4637-91a2-a592796810e1,watermeln,Producer of mobile hydrogen generators,,"Noord-Holland, Netherlands",,,,,,,False,Not in Affinity
d0305e72-2777-402c-b8f0-d519027dcc6d,waterplan,Water resilience planning SaaS platform,https://www.waterplan.com/,"San Francisco, CA",,,,,,,False,Not in Affinity
4ba5c22c-de20-4550-9df8-853c7e956d53,watershed,Platform designed for companies to report and manage their emissions,https://www.watershed.com/,"San Francisco, CA",,,,,,,False,Not in Affinity
06749a13-badd-483f-9727-0a0e72cf612c,wattalps,"Modular, high-performance lithium-ion batteries",,"wattalps, France",,,,,,,False,Not in Affinity
d1430d8e-670b-4a04-bd9c-87ba4828484d,wattbuy,Online electricity marketplace,https://www.wattbuy.com/,"Bellevue, WA",,,,,,,False,Not in Affinity
2e8cda5d-c369-4134-b684-9b24de7db970,wattcarbon,Temporal carbon tracking platform,,"Lafayette, CA",,,,,,,False,Not in Affinity
08172f60-118f-4bfc-a0c5-4099dbd17881,watter,Harnessing wasted heat to warm water,https://www.watter.com/,"Dallas, CA",,,,,,,False,Not in Affinity
45fcd925-3dd4-44d0-8d3d-ef1e3d0a449a,wattev,Heavy-duty freight electrification platform,https://wattev.com/,"Long Beach, CA",,,,,,,False,Not in Affinity
11b26f09-823b-4351-ae28-48c15d71baa1,wattnow,B2B hardware and software business for energy usage,,Tunisia,,,,,,,False,Not in Affinity
6fed2c59-713c-4491-8c11-caa238e1e0e7,watttron,Digital heating systems for the packaging industry,https://www.watttron.com/,"Freital, Germany",,,,,,,False,Not in Affinity
ab36f2e7-590a-460d-9dd0-4942debd88b0,waycare,AI-based connected mobility platform for transportation agencies,,Israel,,,,,,,False,Not in Affinity
d6e07ca4-6730-4d93-8fab-8e63d3c35bac,ways2h,Developer of solutions that converts waste into hydrogen fuel,,"Long Beach, CA",,,,,,,False,Not in Affinity
b7a51427-8e3a-4fc4-902d-ebfdde4984cb,wayve,AI developer for autonomous driving,,U.K.,,,,,,,False,Not in Affinity
153d2774-e41e-4365-aae4-3c1449094e65,weav,Maker of an API for commerce platforms,https://www.weav.com/, ,,,,,,,False,Not in Affinity
cd58df23-0e85-4e6d-8b8e-c6c5b91433be,weavegrid,Software that manages how EV fleets interact with and charge from the grid,https://www.weavegrid.com/, ,,,,,,,False,Not in Affinity
0d945bd7-8e56-480c-96d7-b6775a9720e5,weaviate.io,Vector database developer,https://weaviate.io/,"Amsterdam, Netherlands",,,,,,,False,Not in Affinity
fb318a90-2566-4e69-9442-321dd55701a7,webiny,Platform for building apps and websites,https://www.webiny.com/, ,,,,,,,False,Not in Affinity
3713f499-9ca9-49e1-bc27-536e2cfecafe,weedout,Bioherbicide solutions,,"Ness Ziona, Israel",,,,,,,False,Not in Affinity
87ea8f5c-7d8a-43cc-9716-e97af3502353,weefin,ESG data management platform,https://weefin.com/,"Paris, France",,,,,,,False,Not in Affinity
5d635fb1-08b6-43bb-a217-d4ffb5ca20f6,weenat,Enhanced weather data for farmers,,"Nantes, France",,,,,,,False,Not in Affinity
8f3b573e-f6bf-4374-9d41-3ee2249f6fb2,weev,EV charging provider,,"Belfast, United Kingdom",,,,,,,False,Not in Affinity
f10d46fb-4397-44b0-abcb-2f1339311a08,wegatech,Sustainable energy solutions company specializing in photovoltaic systems,,Germany,,,,,,,False,Not in Affinity
dfa1142a-ff4e-4e2d-b373-5add427ebf4f,weights & biases,Machine learning operations company,,,,,,,,,False,Not in Affinity
ebe963e0-38b6-41c8-9ade-9ec2fbd26615,welcome homes,Online home building and purchasing platform,,"New York, NY",,,,,,,False,Not in Affinity
140af718-7d38-4e7d-8a80-2141f7f76898,wellsaid labs,Maker of synthetic speech,https://wellsaidlabs.com/,"Seattle, WA",,,,,,,False,Not in Affinity
39f344aa-84ff-451b-9b9b-5e4d60b90a4f,wemo scooter,E-scooter rental service platform,https://www.wemoscooter.com/,"Taipei, Taiwan",,,,,,,False,Not in Affinity
595ae5d1-e78e-48a7-a249-921fcc444e8a,werewool,Sustainable performance fibers company,,"New York, NY",,,,,,,False,Not in Affinity
d16c185b-3572-42ca-b57a-879ac72624f0,wesky,In-seat aviation power systems,,"Vilnius, Lithuania",,,,,,,False,Not in Affinity
a123651d-bd99-44ef-8f92-a7697a7e34d4,westinghouse electric company,Developer of nuclear reactors and fuel,https://www.westinghousenuclear.com/,"Cranberry, PA",,,,,,,False,Not in Affinity
05b54939-7e1c-447d-8a9f-e8f53c5ca521,wheelocity,Make efficient supply chain networks for fruits and vegetables,https://www.wheelocity.com/,"Chennai, India",,,,,,,False,Not in Affinity
cc18d52a-5ca8-4654-899f-2dbd1f67d3fb,whereismytransport,Developer of an urban transportation and journey planner mobile app,https://whereismytransport.com/,"London, UK",,,,,,,False,Not in Affinity
6648d672-4e5e-47ed-b6d3-479b7b4c1179,wherobots,Cloud-based software to analyze and process spatial data,https://wherobots.com/,"Scottsdale, AZ",,,,,,,False,Not in Affinity
9fe44e27-0c88-4ea2-a51c-e502a76f349f,whip around,Fleet inspection and maintenance software startup,https://whiparound.com/,New Zealand,,,,,,,False,Not in Affinity
29f98a3f-725a-4e53-8c27-209a4eb833ab,whizz,Easier access for gig workers to e-bikes on subscription,https://whizz.bike/,"New York, NY",,,,,,,False,Not in Affinity
b3d9d6ac-c2e1-4cdf-a393-a792c61341ab,wibotic,Specializes in wireless charging for robots,https://www.wibotic.com/,"Seattle, WA",,,,,,,False,Not in Affinity
d68936bd-c112-47f6-88e7-4b1aadafd4cd,wicked kitchen,Plant-based food company,https://wickedkitchen.com/,U.K.,,,,,,,False,Not in Affinity
7f453488-da11-4530-bd55-c9d1e9b979cd,wild microbes,Using microbes to create sustainable products,https://www.wildmicrobes.com/,"Cambridge, MA",,,,,,,False,Not in Affinity
26f51389-5118-4e01-9d78-5fa00eb9880c,wildcat discovery technologies,Developing new battery materials,https://wildcatdiscovery.com/,"San Diego, CA",,,,,,,False,Not in Affinity
7021e067-56af-4af9-8eec-ac99a82ccb4f,wilk,Lab-cultured cow milk company,,"Rehovot, Israel",,,,,,,False,Not in Affinity
91f0632f-593c-47ac-b972-b009e4cf380b,winbat,Hemp carbon batteries,,"Portage, WI",,,,,,,False,Not in Affinity
5d54ea05-1bbc-4fa2-ac37-2ff8be8f247c,wind capital,Invest in seed through Series A deep tech,,"Paris, France",,,,,,,False,Not in Affinity
6f4ce7f2-aa1a-4675-8bf8-0ed7b81e7ae5,wind catching systems,Developer of floating offshore wind designs,,Norway,,,,,,,False,Not in Affinity
36a2d4e7-8a57-47ee-afd6-c69fbcf3b3bd,windborne,AI-powered weather forecast platform,,"Palo Alto, CA",,,,,,,False,Not in Affinity
e4f04742-5691-4af4-ad54-25f39058fa45,windborne systems,Long-duration smart weather balloons maker,https://windbornesystems.com/,"Stanford, CA",,,,,,,False,Not in Affinity
2fda8db9-e869-4482-8741-7d4aea00f8cb,windesco,Software startup focused on wind farms,https://www.windesco.com/,"Burlington, MA",,,,,,,False,Not in Affinity
2cd1516f-b910-4ad0-9897-e2004765e2d5,windfall bio,Technology designed to turn methane into organic fertilizer,https://www.windfallbio.com/,"Menlo Park, CA",,,,,,,False,Not in Affinity
a6ae9ec5-62cc-4b67-a0cd-60c8502c90a9,windmill,Energy-efficient air conditioners and air purifiers,,New York,,,,,,,False,Not in Affinity
7acded0c-f889-4035-8ce9-4bb5eff90c4d,windrose technology,Electric heavy-duty trucks,,"Hefei, China",,,,,,,False,Not in Affinity
48054c73-1600-47a2-9e7e-ed4c2049c198,wing cloud,Software solutions provider for developers and DevOps teams,,"Tel Aviv, Israel",,,,,,,False,Not in Affinity
fe23e7c7-1e15-4c98-811c-45360492a185,wing security,Security management platform for software applications,,"Tel Aviv, Israel",,,,,,,False,Not in Affinity
2634c79d-d608-4d6a-8b7c-fd55abb87c71,wingcopter,Delivery drone manufacturer and service provider,https://wingcopter.com/,"Weiterstadt, Germany",,,,,,,False,Not in Affinity
e3c540c8-d833-4be4-a372-f3f3234232d7,wingtra,Mapping drone manufacturing and software,https://wingtra.com/,"Zurich, Switzerland",,,,,,,False,Not in Affinity
d3440609-40c6-4274-9ec6-609cc2e53223,winter farm,Vertical farming for strawberries,,Canada,,,,,,,False,Not in Affinity
6a86bc7a-da95-47b9-8e09-34ba7f972eec,wirelane,EV charging provider,https://www.wirelane.com/,"Munich, Germany",,,,,,,False,Not in Affinity
019dc7b7-7698-45c6-b660-bf2426cf9cdd,wisewell,Clean water tech company,https://wisewell.com/,"Brooklyn, NY",,,,,,,False,Not in Affinity
9d9ba93c-e758-4492-9702-808360da066e,withthegrid,Asset monitoring platform for energy infrastructure,https://withthegrid.com/,"Utrecht, Netherlands",,,,,,,False,Not in Affinity
9c1f6a82-a8af-4966-9860-b684014e9ec1,witricity,Wireless charging solution maker,https://www.witricity.com/,"Watertown, MA",,,,,,,False,Not in Affinity
b1b7e0a9-0038-48ee-bb56-65fabce23167,witricity corporation,Wireless EV charging startup,https://www.witricity.com/,"Watertown, MA",,,,,,,False,Not in Affinity
b2cfc0ca-9592-45b8-b668-ed17b2cbe947,wm motor,One of the highest-funded China-based EV startups,,China,,,,,,,False,Not in Affinity
c857c370-b7f7-4914-a4f9-397240f29320,wnwn food labs,Company producing cocoa-free chocolate through fermentation,,"London, UK",,,,,,,False,Not in Affinity
cbbf9f4d-c212-4efc-bc0a-e5ea1603ff96,woltair,Decentralized heating and energy solutions platform for buildings,https://woltair.com/,Prague,,,,,,,False,Not in Affinity
c4aa2ac7-6204-483f-b24c-8a2d18520291,woodio,Sustainable wood composite products developer,https://woodio.fi/,"Helsinki, Finland",,,,,,,False,Not in Affinity
34ccc874-6436-4dd5-ae02-8edf72dcea23,woodoo,Augmented wood solutions company,https://www.woodoo.fr/,"Paris, France",,,,,,,False,Not in Affinity
b38764a0-0d0e-4546-ad2e-442761730c48,woola,Creating wool-based packages to replace bubble wrap,,Estonia,,,,,,,False,Not in Affinity
9ab26499-fcee-4ece-b7e5-fa1f48d711e8,world fund,Invest in climate tech companies,https://worldfund.vc/,"Berlin, Germany",,,,,,,False,Not in Affinity
9a7ec05f-fc9a-4884-b2db-b5362f1f817f,world water works,Advanced wastewater treatment service provider,http://www.worldwaterworks.com/,"Oklahoma City, OK",,,,,,,False,Not in Affinity
77c14555-2c20-4dd3-80c8-007e220fb248,worldfavor,Sustainability platform,https://worldfavor.com/,"Stockholm, Sweden",,,,,,,False,Not in Affinity
d4074981-0165-4673-b6bc-5a77e5b2849d,Worlds,Spatial AI company,worlds.io,"Dallas, Texas",51.0,18.6,Series A,21000000.0,PerotJain,Ben Lamm (Co-Founder & Board Member): https://linkedin.com/in/benlamm,True,224996495
7e854362-e62f-483d-abee-359b90259191,Worn Again,Textile recycling startup converting materials back to raw,wornagain.co.uk,London,,,,,,,False,156977646
4eb728ca-db03-40d2-9b5f-9be6176f5f79,WovenEarth Ventures,Investing in climate tech funds,wovenearth.ventures,"Palo Alto, CA",9.0,12.5,Investment Fund,152000000.0,,"Jane Woodward (Founder, Managing Partner): https://linkedin.com/in/jane-woodward-12298b147",True,285313811
906b6f5b-5877-44ef-9be8-95a86179aeaf,Wraithwatch,Defense systems against AI-integrated cyber attacks,wraithwatch.com,"Bozeman, Montana",6.0,0.0,Seed,8000000.0,Human Capital,,True,293308898
f7b85467-fa4e-4ddf-9513-8cfb52f5af23,Wright Electric,Ultra-light batteries for passenger planes,wrightelec.com,"New York City, NY",,,,,,,False,278716043
80702162-0d08-4243-8dcb-b52639295baf,WSC Sports,AI sports video technology company,wsc-sports.com,"Givatayim, Israel",,,,,,,False,1627955
bafaf198-adb0-4216-8014-ff09a61359dd,Wunder Mobility,Mobility technology company,wundermobility.com,"Hamburg, Germany",66.0,15.79,Other,11890236.0,KCK Group,Sam Baker (President & Co-Founder ): https://linkedin.com/in/samuelrossbaker,True,1650856
26fb590a-02d8-453a-89e5-125462bca039,WunderGraph,Open-source GraphQL federation platform developer,wundergraph.com,"Miami, FL",,,,,,,False,282096061
4d745820-f75b-4d4c-935c-f12dd0110f2c,X Shore,Climate technology and electric boat company,xshore.com,"Nyköping, Sweden",,,,,,,False,221868812
061f55c4-91e6-4314-860a-91490adce4d1,X-Elio,Solar energy EPC,x-elio.com,"Madrid, Spain",301.0,0.67,Debt,38546550.0,"Bankinter, S.A.",Blanca Jiménez Moreno (CEO Office Specialist): https://linkedin.com/in/blanca-jim%C3%A9nez-moreno-2b135a193,True,224958955
7f5d38b2-7ebe-4486-acd6-e44e4879393b,Altai Gold LLC and X-energy LLC,Nuclear reactor & fuel design engineering service provider,altaigold.mn,"Rockville, MD",,,,,,,False,279495079
9bdb06e9-6475-4739-8e47-0135e8f9b5f2,Xavveo,Distributed radar sensors for autonomous vehicles,xavveo.com,Berlin,,,,,,,False,293076404
cc417b4a-9549-4ad4-a164-d7fe532d6a60,Xcel Energy,Electric utility,xcelenergy.com,"Minneapolis, Minnesota",7221.0,0.42,Public Markets,742600000.0,,,True,1817400
9aadee43-a784-44cf-aecb-64cc2bc96914,Xcelerate,ESG and compliance software startup,xcelerate.com,Singapore,,,,,,,False,3586262
833086fd-0cc2-4f32-8d0a-4d4ae979c544,XCharge,DC fast chargers and EV technologies,xcharge.com,"Beijing, China",,,,,,,False,136328379
2c007c25-e9ec-4aa9-a29d-0edf87166fc4,Xeal,EV charging stations technology firm,xealenergy.com,"New York, New York",60.0,-3.23,Series B,40000000.0,Ramez Naam,Alexander Isaacson (Co-Founder & CEO): https://linkedin.com/in/alexander-isaacson-ab6b05aa,True,262430904
f6e4e102-8986-4786-9c4d-ee21f5ee45b5,XEFCO,Use plasma for efficient and water-free textile dyeing,xefco.com,"Sydney, Australia",,,,,,,False,280004908
e8d49512-31d7-400a-b129-41e4db6c3d61,Xendee,Software specializing in planning and operation of distributed energy resources,xendee.com,"San Diego, California",24.0,-4.0,Series A,12000000.0,Anzu Partners,Scott Mitchell (Co-Founder and Chief Software Architect): https://linkedin.com/in/scott-mitchell-2b0b3a132,True,280232038
e6c9cc4d-1c4f-4edb-bb84-1e436d4ef9c0,xFarm Technologies,Digital farming startup developing SaaS solutions for sustainable agriculture,xfarm.tech,"Manno, Switzerland",25.0,,Series B,19507500.0,United Ventures,Andrea Moroni Stampa (Co-Founder - IoT Consultant (former Head of IoT)): https://linkedin.com/in/andrea-moroni-stampa-42552656,True,288899310
8224b490-c57f-4675-a467-d69e49cbcaa3,Xfloat,Maker of floating solar PV systems,xfloat.co,Israel,,,,,,,False,278726356
fd4dc491-76d3-442d-8517-627b23c1f258,XFuel,Converting biomass waste into drop-in low-carbon fuels,xfuel.com,Ireland,,,,,,,False,282581872
1218ae67-2ccc-4766-95d2-c275f0c3e083,XGS Energy,Geothermal harvesting technology developer,xgsenergy.com,"Palo Alto, California",14.0,27.27,Other,13000000.0,MIH Capital,Andreia Vieira (Chief Executive Officer): https://linkedin.com/in/andreia-vieira-98409988,True,289747864
bfe74258-6974-47a4-ae7a-55fac79a2489,Xiaolinggou,New energy vehicle rental unit,xlg.cn,China,,,,,,,False,262780966
d8cd7325-84bf-488c-91a6-1ab99cfd6e32,Xiaomi,Expanding EV business,mi.com,"Beijing, China",,,,,,,False,163278967
d188483d-6c54-403b-980b-68a408db418b,Xilva,Regenerative forest investment marketplace,xilva.global,"Zürich, Switzerland",13.0,8.33,Seed,1800000.0,Brainforest,"Jamie Micah Lawrence (Co-Founder, Forests.): https://linkedin.com/in/lawrensilva",True,284404944
96c8f35a-050a-49ea-9ed7-c3812d9cd73b,Xl Batteries,Energy storage battery company,xlbatteries.com,"Marlborough, MA",,,,,,,False,290342995
894081d8-ef52-4480-8919-2c63482b3f09,XL Fleet,Vehicle electrification company,xlfleet.com,Boston,,,,,,,False,1564590
42c38409-fac9-4152-9c4c-812479bc8c16,Xlinks,Renewable electricity connection infrastructure developer,xlinks.co,"Billericay, United Kingdom",,,,,,,False,279132110
b4cf3dc9-7c8e-43e7-86d5-b60bb31a4913,Xnergy Autonomous Power Technologies,Make wireless charging technologies for EVs and industrial electric robots,xnergytech.com,Singapore,,,,,,,False,223862467
5e9f3610-c3c7-4b7a-b491-6ca40f5b6052,Xocean,Ocean data provider for offshore energy operations,xocean.com,"Dundalk, Ireland",251.0,21.26,Series C,115000000.0,Morgan Stanley's 1GT fund,James Ives (Founder & CEO): https://linkedin.com/in/james-ives-93935b1bb,True,219805600
3a9707e5-3f34-402e-b468-cae1300a27cd,XONA,Remote access platform for critical infrastructure,xonasystems.com,"Annapolis, Maryland",36.0,71.43,Other,19026905.0,Energy Impact Partners LLC,,True,219983592
001f7582-65dc-4270-94b9-743a9c4c765a,XONAI,Cloud optimization platform,xonai.io,"London, UK",,,,,,,False,282428246
d87c6de7-4dde-487b-bd31-10c7e4b0983e,xoople,Earth observation analytics platform,xoople.com,"Madrid, Spain",,,,,,,False,291513431
6dc969e8-5375-4d00-a468-eae73fe9c032,Xos Trucks,Manufacturer of electric commercial vehicles,xostrucks.com,"Los Angeles, California",122.0,-18.12,Public Markets,20000000.0,Proeza Ventures,"Giordano Sordoni (Co-Founder, COO): https://linkedin.com/in/giordano-sordoni-3a12993b",True,221176655
1299fe5d-a6e5-4fd2-a672-db3d45d1c8a4,Xpansiv,"Market for ESG commodities including RECs, carbon offsets, and differentiated fuels",xpansiv.com,"San Francisco, California",157.0,7.53,Other,400000000.0,BP Ventures,,True,152149366
23f4a8bf-c035-4bcd-b30e-8b89052889c4,XPENG,Electric luxury car maker,heyxpeng.com,"Guangzhou, China",,,,,,,False,291794217
e645ad47-702e-48ac-bc9c-53571cad8654,xpeng aeroht,Electric flying car manufacturer,https://www.xpeng.com/,"Guangzhou, China",,,,,,,False,
14270170-3c4f-487c-977f-aca7fac91a74,Xpeng Motors,Electric and autonomous vehicle startup,xiaopeng.com,China,,,,,,,False,139435936
b4ea3cda-5b3c-41bf-8a42-088aa46eeb26,Xurya,Solar power rental and installation company,xurya.com,Indonesia,,,,,,,False,224635130
b28639d3-ec06-4266-9fac-3c0e22307333,XWING,Autonomous aviation company,xwing.com,"San Francisco, CA",,,,,,,False,160424512
9e393095-afd4-4b07-8940-ef84b66e05e0,Yali Bio,Developer of synthetic biology platform to make climate-smart foods,yalibio.com,"San Francisco, CA",,,,,,,False,283203514
b2b935ab-5b1c-4e36-b66b-810755b2decc,yama,Hybrid electrochemical technology direct air capture technology,,"Paris, France",,,,,,,False,Not in Affinity
be215846-aa7a-43a3-84b4-ababfa7a20ee,yard stick,Soil carbon measurement provider,https://www.yardstick.com/,"Cambridge, MA",,,,,,,False,Not in Affinity
25bbc74d-5e07-45f8-93f6-d8c235bc46b6,yardstik,"Screening, verification and training solution for gig marketplaces",,"Minneapolis, MN",,,,,,,False,Not in Affinity
2e3896d4-2258-4e82-96c2-f433ba00f667,yaydoo,B2B software and payments company,https://www.yaydoo.com/,"Mexico City, Mexico",,,,,,,False,Not in Affinity
9072f1c3-b443-4981-b1b5-c746878ad252,yeastup,Upcycles spent brewer's yeast,,"Brugg, Switzerland",,,,,,,False,Not in Affinity
c7d0701a-8d85-4dde-880d-dcf2c79ce1cb,yellow,Pay-as-you-go (PAYG) solar energy provider,,"Cape Town, South Africa",,,,,,,False,Not in Affinity
862e3078-f15d-42ec-bf89-bdf64c056084,ynsect,Insect-based protein developer,https://www.ynsect.com/,"Amiens, France",,,,,,,False,Not in Affinity
3bd38cb7-9db7-480a-a3ba-22128283de08,yosemite clean energy,Waste gasification plants developer,,"Mariposa, CA",,,,,,,False,Not in Affinity
4553adb8-de96-4c6a-81a5-c5705171be01,yotascale,Cloud cost management software,,"San Francisco, CA",,,,,,,False,Not in Affinity
9bb0ab29-52d4-4881-b184-ee7d541179d3,yotta,Energy storage company,,"Austin, TX",,,,,,,False,Not in Affinity
80f8706d-1828-4865-8c83-3be8cf15481f,yotta energy,Developer of battery tech that can integrate directly with almost any solar panel design,https://yottaenergy.com/,"Austin, Texas",,,,,,,False,Not in Affinity
5d74a335-d53f-41f4-8e15-050313bb86e9,yulu,Platform renting out electric two-wheelers,https://www.yulu.bike/,"Bangalore Urban, India",,,,,,,False,Not in Affinity
d2ae7591-b8a5-4a8f-a2b3-413ddffcf868,yvesblue,Provider of automated ESG reporting for portfolios,,"New York, NY",,,,,,,False,Not in Affinity
e2f62840-d2fa-4ada-a6c5-f09456334b66,ÿnsect,Insect farming startup,https://www.ynsect.com/,"Paris, France",,,,,,,False,Not in Affinity
7b43fcb2-2b6d-4806-a08e-c4cb9a1e84c6,zacua ventures,Investing in construction tech companies,,"San Francisco, U.S.",,,,,,,False,Not in Affinity
4e9cb615-b8f3-4960-a3ea-615ff852f458,zaf energy systems,Developer of battery tech,,"Joplin, MO",,,,,,,False,Not in Affinity
1148b665-9bb6-4630-b382-8909b76ef0e3,zanskar,AI geothermal exploration and discovery,https://zanskar.com/,"Salt Lake City, UT",,,,,,,False,Not in Affinity
ea781e39-3a1b-43bb-9484-04dc5839e3ef,zap energy,Develop fusion energy with its ‘z pinch’ approach,https://zap.energy/,"Seattle, WA",,,,,,,False,Not in Affinity
94203d8b-5d68-4554-bfa3-ee4f9eb99205,zap-map,Electric vehicle point mapping service,https://zap-map.com/,UK,,,,,,,False,Not in Affinity
96c356d1-8e37-4f60-b5eb-69c675cffca1,zaphiro technologies,Smart grid IoT software platform,,Switzerland,,,,,,,False,Not in Affinity
4f1a2b72-88c5-4226-970f-49fba23e4668,zapmap,Electric vehicle network mapping platform,https://www.zap-map.com/,"Bristol, England",,,,,,,False,Not in Affinity
fdcd8f39-97a2-4314-83a5-8a97bcc12144,zd power,Provider of virtual power plant technology,,China,,,,,,,False,Not in Affinity
0d57a9d6-37dc-4d00-bc72-d1e3298b8e25,ze energy,Hybrid solar power and battery energy storage systems,,Paris,,,,,,,False,Not in Affinity
6251bea4-71ce-4196-b3a2-f0e5ef38c7eb,zededa,Orchestration for the distributed edge,,"San Jose, CA",,,,,,,False,Not in Affinity
014a8aa9-34f7-46b6-a4a4-f4dc6e79bc8c,zedify,Low-carbon delivery services,,"Cambridge, England",,,,,,,False,Not in Affinity
4219793a-3d57-49a7-b136-198391d81648,zeedz.io,Video game designed to educate players on climate change,,"Berlin, Germany",,,,,,,False,Not in Affinity
e8b9cb3b-508e-48bf-8d62-5231629cdf3e,zeekr,Electric vehicle company,https://www.zeekr.com/,"Beijing, China",,,,,,,False,Not in Affinity
293a3d1b-6911-4bc5-91fd-b36ccb7757e2,zeem solutions,Zero emission commercial vehicles provider,https://zeemsolutions.com/,"Inglewood, CA",,,,,,,False,Not in Affinity
9ba8bb8a-c014-4bdb-8302-6de8a39ad4f8,zeet,DevOps automation platform,https://www.zeet.com/,"San Francisco, CA",,,,,,,False,Not in Affinity
5c5d6fba-73ec-44f4-8e1a-448b1f92d546,zeitview,AI and drone technology platform for infrastructure inspections,https://www.zeitview.com/,Los Angeles,,,,,,,False,Not in Affinity
b549469e-f1a2-4a2e-8f06-d791fc7de79e,zeleros,Hyperloop company,https://zeleros.com/,Spain,,,,,,,False,Not in Affinity
c26b40aa-a50a-4e88-9195-e8f16b653c61,zen energy,Battery energy storage project,,"Rose Park, Australia",,,,,,,False,Not in Affinity
06ec36ab-7be4-462c-ad46-0fa730bc4dfc,zendo energy,Data centre energy optimisation software,,"London, England",,,,,,,False,Not in Affinity
97920d6d-92a2-4dd4-aaaa-388cfa5d85c8,zenith energy,"Microgrid development for solar, wind, and battery storage for remote mining sites",,Australia,,,,,,,False,Not in Affinity
31f7dbe2-91d9-4ec7-ba2c-600f7f4171bd,zeno power,Radioisotope power systems developer,https://www.zenopower.com/,"Washington D.C., DC",,,,,,,False,Not in Affinity
02314027-fa6c-480a-a184-7582aa4551c7,zenobe,Fleet electrification and battery storage business,https://zenobe.com/,"London, U.K.",,,,,,,False,Not in Affinity
6197af02-983f-486b-aef7-dd4edfcb292f,zepp.solutions,Hydrogen fuel cell system developer,,"Delft, Netherlands",,,,,,,False,Not in Affinity
8a0f6e0f-de7e-4b63-8fde-5bedf49e7985,zero,"Plastic-free grocery, home, and personal care delivery startup",,"Sanger, CA",,,,,,,False,Not in Affinity
68ce7944-e54a-4524-91b0-61a751774b0b,zero carbon capital,Early-stage European climate tech companies,,"London, U.K.",,,,,,,False,Not in Affinity
5792efce-cd2d-4700-8a06-244c1c089c1f,zero cow factory,Animal-free dairy start-up,https://zerocowfactory.com/,"Surat, India",,,,,,,False,Not in Affinity
3af4c455-c962-4537-8f51-e34d2883ef6a,zero egg,Maker of a plant-based egg alternative,https://www.zeroegg.com/,"San Francisco, CA",,,,,,,False,Not in Affinity
71708527-f682-4b57-b87a-b71f6b7da214,zero emission industries,Developer and distributor of power and fueling systems for the maritime sector,,"San Francisco, CA",,,,,,,False,Not in Affinity
e80d5719-bc40-45fe-987e-6e18f68abc1c,zero gravity labs,Decentralized AI operating system software developer,,"San Francisco, CA",,,,,,,False,Not in Affinity
c090f5ed-b7cb-4067-a674-596d58557fd9,zero grocery,Zero-waste grocery delivery service,,"San Francisco, CA",,,,,,,False,Not in Affinity
105ce837-616c-4e13-95e4-88c2676034e3,zero industrial,Thermal energy storage systems,,Charleston,,,,,,,False,Not in Affinity
44d1df01-2360-4f6f-b4ac-3fec8d0b3680,zero mass water,Seeking to make drinking water renewable,https://www.zeromasswater.com/,"Scottsdale, AZ",,,,,,,False,Not in Affinity
52940ba0-119d-4b14-b2a2-05e8887bf44d,zero motorcycles,Electric motorcycle company,https://www.zeromotorcycles.com/,"Scotts Valley, CA",,,,,,,False,Not in Affinity
f55de1f7-cd15-4d19-a682-1652ab8597fe,zero yachts,Zero-emission yachting service,,"Barcelona, Spain",,,,,,,False,Not in Affinity
2210b0a2-c48e-4b2b-84d4-48c778374ab3,zero44,Maritime emissions management software provider,https://zero44.com/,"Berlin, Germany",,,,,,,False,Not in Affinity
ca6bee77-2c7d-4c42-a082-a052c59827e2,zeroavia,Hydrogen-powered airplane engines,https://www.zeroavia.com/,"Hollister, CA",,,,,,,False,Not in Affinity
c378743e-4320-49e3-beb2-f59b0dca0798,zeronorth,Marine vessel optimization software company helping owners and operators reduce CO2 emissions,https://www.zeronorth.com/,Denmark,,,,,,,False,Not in Affinity
5505a820-6cdf-4327-978b-acc1a889514e,zeropoint technologies,Startup developing energy efficient servers,,"Göteborg, Sweden",,,,,,,False,Not in Affinity
367e82d1-f1a1-4864-9934-af457a7d66b3,zerund,Manufacturer of lightweight waste-based bricks,,India,,,,,,,False,Not in Affinity
093a29d8-fba7-407a-b8f5-7e81c9523808,zest,EV charging company,,"London, UK",,,,,,,False,Not in Affinity
1865bab9-bd5c-403e-b147-fc95e94d0c20,zest eco,EV charging company,,UK,,,,,,,False,Not in Affinity
3b9854ff-2804-4beb-943b-367835aed6d7,zeta labs,Developer of AI bots,https://www.zetalabs.ai/,"San Francisco, CA",,,,,,,False,Not in Affinity
07a07a04-ce23-4ad8-a88a-d34925860adc,zeti,Business-critical vehicle fleet management platform,,"London, England",,,,,,,False,Not in Affinity
0f0df133-efe9-4562-ba7b-2a35b02f6ccc,zevero,B2B carbon accounting platform,,London,,,,,,,False,Not in Affinity
c30b996e-0603-4ec5-8240-770cf675dec2,zevo,Electric vehicle-as-a-service platform,https://zevo.com/,"New Delhi, India",,,,,,,False,Not in Affinity
4e418c60-0448-4d25-a0d8-dc86c5749511,zevvy,Provider of D2C electric vehicle financing solutions,,"Hayward, CA",,,,,,,False,Not in Affinity
02e29641-ae81-4cbd-b3b0-3febb8299cce,zhangfei chuxing,24-hour lithium battery-powered bicycle rental and charging services,,China,,,,,,,False,Not in Affinity
5da67cf5-1aa4-4d25-9e3e-745ee1e07873,zhero,Developer of green energy including hydrogen and renewables,,Netherlands,,,,,,,False,Not in Affinity
995a6c94-8f95-4111-b943-a294c9667aa1,zikooin,Provider of meat alternatives,,South Korea,,,,,,,False,Not in Affinity
fc98a102-5fdd-44f3-a206-e0986dd160cf,zincfive,Producer of nickel-zinc (NiZn) battery-based solutions,,"Tualatin, OR",,,,,,,False,Not in Affinity
ddb7417e-b57f-41c8-8e69-9221f70f52f7,zingbus,Network of electric intercity buses,https://zingbus.com/,"Gurgaon, India",,,,,,,False,Not in Affinity
4d272f7f-5226-4318-8365-17007f33b8f6,zitara,Battery management software,https://zitara.com/,"San Francisco, CA",,,,,,,False,Not in Affinity
0eeb82cd-97dd-49d2-8b74-991f21fcd505,zola electric,Solar energy installer focused on sub-Saharan Africa,https://zolaelectric.com/,Netherlands,,,,,,,False,Not in Affinity
646ee818-d192-4543-a3ad-8ab36601cb9c,zolar,Providing homeowners with an easy way to buy or lease customized solar installations,https://www.zolar.de/,"Berlin, Germany",,,,,,,False,Not in Affinity
c28ee852-6637-42f2-b976-2bc64dc3b3e1,zoomo,Maker of electric last-mile delivery vehicles,,New York City,,,,,,,False,Not in Affinity
0a83e299-9cc3-48d3-818c-340cb39a9c74,zordi,Autonomous greenhouse developer,,"Boston, MA",,,,,,,False,Not in Affinity
0a605876-4df8-46a3-88ff-d54987fd685e,zparq,Developer of ultracompact electric marine motors,,"Älta, Sweden",,,,,,,False,Not in Affinity
8150fc3f-6acd-4206-835b-98187b828751,zuri,eVTOL aircraft manufacturer,https://www.zuri.com/,"Prague, Czech Republic",,,,,,,False,Not in Affinity
1eb88634-d402-46d7-9fb5-6a3139c567c7,zuuse,Provider of construction payment management SaaS solutions,,"Portland, OR",,,,,,,False,Not in Affinity
b2b8a2a7-4dc7-4171-87f5-2bb6957e4202,zwitterco,Fouling-resistant membrane technologies provider,,,,,,,,,False,Not in Affinity
ad455c91-f75e-4f6a-8623-896ba7572f35,zymofix,Solid-state fermentation technology for fertilizers,https://www.zymofix.com/,"Ghent, Belgium",,,,,,,False,Not in Affinity
1ba6743b-c54b-4acb-8388-8263f358f4fe,zymvol,Biotech enzyme discovery platform,,"Barcelona, Spain",,,,,,,False,Not in Affinity
2013057e-8760-458e-89f1-856ae59d9d38,zyngo ev,Sustainable last-mile solutions company,,"Haryana, India",,,,,,,False,Not in Affinity
73dfaedb-6059-4e9b-a5f6-1ce88b3844b5,zypp electric,Last-mile delivery EV rental service,https://zypp.app/,"Gurugram, India",,,,,,,False,Not in Affinity
