id,name,domain,Location,LocationEmployees (Current),Employees: Growth YoY (%),Investment Stage,Last Funding Amount (USD),Investors,LinkedIn Profile (Founders/CEOs),In Energize Affinity,Employees (Current)
88f0c179-955e-4b58-9ef0-9355f0929a94,100ms,https://100ms.live/,"San Francisco, CA",,,,,,,False,
53675ec4-2344-4b9b-8e11-c267430a857a,1build,https://www.1build.com/,"Los Angeles, CA",,,,,,,False,
283677000,1KOMMA5°,1komma5grad.com,"Hamburg, Germany",,31.36,Series B,52500000.0,LBBW,,True,620.0
d780f9f7-7a0a-4333-8ce7-bbd5de5594aa,1mt nation,,"Tallinn, Estonia",,,,,,,False,
268252178,1PointFive,1pointfive.com,"Houston, TX",,,,,,,False,
279261170,1s1 Energy,1s1energy.com,"Portola Valley, CA",,,,,,,False,
66fcbdd7-d4ae-4070-afe5-73f432ce30fc,2150,,"London, U.K.",,,,,,,False,
1555826,24M Technologies,24-m.com,"Cambridge, Massachusetts",,-22.34,Late Stage,87000000.0,Nuovo+,W. Craig Carter (Co Founder): https://linkedin.com/in/w-craig-carter-42808524,True,153.0
fa0ee1f6-0705-4792-a686-09b5add1da71,257,,"New York City, USA",,,,,,,False,
290584264,280 Earth,280.earth,"Palo Alto, California",,25.0,Series B,50000000.0,Builders VC,,True,15.0
ee55c637-2194-4c94-a69a-4cbf97dc1e84,3deo,,Los Angeles,,,,,,,False,
89d9f254-5702-41ab-bf77-3b4034ca68bc,3e nano,https://www.3enano.com/,"Toronto, Canada",,,,,,,False,
297884313,3V Infrastructure,3vinfrastructure.com,"New York, New York",,,,40000000.0,Greenbacker Capital Management,,True,11.0
287971148,42watt,42watt.de,"Munich, Germany",,15.15,Seed,,PropTech1 Ventures,Nina Weingarten (Founder Associate): https://linkedin.com/in/nina-weingarten,True,38.0
ce75a733-329e-4462-a948-442f3a92bb60,44.01,,Oman,,,,,,,False,
da418c24-8ee8-47c5-b13f-f42fd9c00e4b,4impact capital,,"The Hague, Netherlands",,,,,,,False,
7d1fa862-736f-44b7-ae46-5f5d1e4fadcf,4m analytics,,Israel,,,,,,,False,
286194309,51tocarbonzero,51tocarbonzero.com,"London, England",,,,,,,False,
222181321,5B Australia,5b.com.au,"Sydney, Australia",,,Series A,8600000.0,The AES Corporation,Eden Tehan (Co-Founder): https://linkedin.com/in/eden-tehan-b34979102,True,109.0
05c39eea-f6f5-49f4-830f-f5612c20900a,60hertz energy,,"Anchorage, AK",,,,,,,False,
9c228b64-311e-4214-be18-db68be824cf6,75f,https://www.75f.io/,"Minneapolis, MN",,,,,,,False,
3ae64c28-9110-4df8-85dc-41075eb6c3d6,75f inc.,,"Burnsville, MN",,,,,,,False,
299967428,7Analytics,7analytics.no,"Bergen, Norway",,25.0,Other,4320600.0,Obos VC,Helge Jørgensen (Co-founder and CEO at 7Analytics): https://linkedin.com/in/helge-j%C3%B8rgensen-bb734651,True,25.0
50bd1d04-9b18-464c-aeb4-b1892026a8b7,7bridges,https://www.7bridges.com/,"London, UK",,,,,,,False,
283486185,Generational Ruminations,7gen.com,"Vancouver, Canada",,6.06,Series A,8000000.0,Siemens Financial Services,Shayna Rector Bleeker (Cofounder & VP Strategic Partnerships): https://linkedin.com/in/shaynarector,True,35.0
d1359475-343d-4b39-918c-f22b18a111ac,8 rivers,,"Durham, CA",,,,,,,False,
162592950,80 Acres Farms,80acresfarms.com,"Hamilton, Montana",,-5.26,,115000000.0,Barclays Climate Ventures,Mike Zelkind (CEO): https://linkedin.com/in/mike-zelkind-5113624,True,162.0
287621926,8090 Industries,8090industries.com,"New York, NY",,20.0,,,,"Rayyan Islam (Co-Founder and General Partner, Industrial Decarbonization): https://linkedin.com/in/rayyanislam",True,12.0
125394565,8base,8base.com,"Miami, FL",,,,,,,False,
296722047,8inks,8inks.com,"Schlieren, Switzerland",,,,,,,False,
272564602,900.care,900.care,"Paris, France",,,,,,,False,
284887450,99 Counties,99counties.com,"Chicago, Illinois",,0.0,Other,3724999.0,,Christian E. (Chief Executive Officer): https://linkedin.com/in/cebersol,True,5.0
3e15f743-b1be-4990-a377-24e9eb2af7ea,99minutos,https://99minutos.com/,"Mexico City, Mexico",,,,,,,False,
9adac7d1-bc96-4ee0-94c0-8d3b62ed873c,aalo atomics,https://www.aaloatomics.com/,"Toronto, Canada",,,,,,,False,
5abde552-b72c-4996-9f70-3236583beedf,ab carval,,"Minneapolis, MN",,,,,,,False,
283093744,Abatable,abatable.com,"London, United Kingdom",,17.65,Other,13500000.0,Azora Capital,Valerio Magliulo (Co-Founder): https://linkedin.com/in/valerio-magliulo-51541531,True,40.0
291704117,ABB E-Mobility,e-mobility.abb.com,"Zurich, Switzerland",,,,,,,False,
129647a5-78c8-46e3-9cc4-f40d609594e6,abodu,,"Redwood City, CA",,,,,,,False,
04b73059-76ca-443e-8719-541ca570bf33,abolis,,"Evry, France",,,,,,,False,
291379405,About:Energy,aboutenergy.io,"London, United Kingdom",,-6.25,Seed,1500000.0,Mandeep Manku,Gavin White (Founder / CEO): https://linkedin.com/in/gavinwhite-eng,True,30.0
225197154,Absolute Foods,absolutefoods.in,India,,,,,,,False,
42838bf2-6f68-45c6-ba4d-72d064cddad9,accacia,https://accacia.com/,Singapore,,,,,,,False,
287669743,Accelergen Energy,accelergen.com,"Austin, Texas",,0.0,,20000000.0,Overlay Capital,Thomas houle (Chief Executive Officer): https://linkedin.com/in/thomas-houle-0498a4241,True,9.0
294626080,Acceleron Fusion,acceleron.energy,"Cambridge, MA",,,,,,,False,
288577476,Accelsius,accelsius.com,"Austin, TX",,,,,,,False,
280235726,ACCURE - Battery Intelligence,accure.net,"Aachen, Germany",,-3.03,Series B,16000000.0,Incharge Capital Partners,,True,64.0
289181841,ACE Green Recycling,acegreenrecycling.com,India,,,,,,,False,
284879343,Acel Power,acelpower.com,"Vancouver, Canada",,6.67,Series A,10000000.0,Brad Allen of Tau,John Liu (Co-Founder): https://linkedin.com/in/john-liu-a5055988,True,16.0
121080341,Acerta Analytics,acerta.ca,"Kitchener, Canada",,,,,,,False,
167774f1-4931-4ba3-8df7-723dbe7b79b5,aclarity,,"Hadley, MA",,,,,,,False,
1791524,Aclima,aclima.io,"San Francisco, California",,2.0,Debt,13000000.0,Leonid Capital Partners,Davida Herzl (Co-Founder & CEO): https://linkedin.com/in/davida-herzl-44b69123,True,92.0
286719740,ACON S2 Acquisition Corporation,acons2.com,,,,,,,,False,
34968849,Acre Venture Partners,acre.vc,"Santa Monica, CA",,0.0,Investment Fund,140000000.0,,Lucas Mann (Co-Founder & Managing Partner): https://linkedin.com/in/lucas-mann-4370221b5,True,6.0
219981365,AcreTrader,acretrader.com,"Fayetteville, Arkansas",,-29.63,Series B,60000000.0,Revolution's Rise of the Rest Seed Fund,,True,38.0
301356683,ACT-ion Battery Technologies,act-ion.com,"Dallas, TX",,,,,,,False,
163314594,Active Impact Investments,activeimpactinvestments.com,,,0.0,Investment Fund,51028040.0,Co-operators Corporate Venture Capital Fund,Mike Winterfield (Founder and Managing Partner): https://linkedin.com/in/mike-winterfield-827408,True,13.0
c6c06eba-e36f-4619-ab36-89ebe9bd508b,active surfaces,,"Woburn, MA, U.S.",,,,,,,False,
285127419,Adamo Foods,adamofoods.com,London,,,,,,,False,
3c36de5f-9160-4ae5-a08f-da53b027d400,adaptis technologies,,"Toronto, Canada",,,,,,,False,
298684806,Adaptive Insurance,adaptiveinsurance.com,"Austin, Texas",,0.0,Seed,5000000.0,private funders,,True,3.0
a55231b2-bedd-41bb-898a-f55270978e97,adden energy,,"Waltham, MA",,,,,,,False,
4d15cde9-62ad-4aca-a913-8a30ee5e5f65,addenergie,,Quebec City,,,,,,,False,
222258768,ADDIONICS,addionics.com,"London, U.K.",,,,,,,False,
18cbb90e-3dfc-4abf-ab06-ce7f63f4846b,addis energy,https://www.addisenergy.com/,"Somerville, MA",,,,,,,False,
290133214,Adept Materials,adeptmaterials.com,"Somerville, MA",,,,,,,False,
ce93dbcf-c035-48c2-bc82-14b1f1f20a4f,adionics,https://www.adionics.com/,"Les Ulis, France",,,,,,,False,
9edfce5c-e761-4fd2-917f-39b89cd38e8a,adsorbi,https://adsorbi.com/,"Gothenburg, Sweden",,,,,,,False,
e914fa4f-24ee-4c91-9b11-d5f8e4de8254,advanced cooling technologies,,"Lancaster, CA",,,,,,,False,
205501603,Advanced Electric Machines,advancedelectricmachines.com,"Washington, U.K.",,,,,,,False,
4ec09657-f9ea-49be-9c2a-d7896afed8b9,advanced electric machines (aem),,"North Sunderland, UK",,,,,,,False,
205504486,Advanced Farm Technologies,advanced.farm,"Davis, California",,-37.14,Series B,25000000.0,Yamaha Motor Corporation,Marc Grossman (Chief Executive Officer): https://linkedin.com/in/marc-grossman-78051a22,True,22.0
223570042,Advanced Ionics,advanced-ionics.com,"Milwaukee, Wisconsin",,0.0,Other,6700000.0,Argosy Foundation,,True,21.0
f571d06a-d549-4b99-8788-fd37ff72960c,advancedag,,"Raymond, Canada",,,,,,,False,
295753955,Advancing Eco Agriculture,ryanolsenphotographer.com,"Middlefield, OH",,,,,,,False,
74dea0ef-f6c8-45ce-8d66-b228088e461e,advano,,"New Orleans, USA",,,,,,,False,
16914413-ccb4-4203-8152-64261f37880d,advanta seeds,,Dubai,,,,,,,False,
85f644cb-a11a-4eaa-b896-989633fb88e5,advent technologies,,,,,,,,,False,
293412607,Advex AI (PearX S23),advex.ai,"San Francisco, California",,75.0,Seed,3500000.0,Pear VC,Asriel H. (Co-Founder & CTO): https://linkedin.com/in/asrlhan,True,7.0
527c321e-66d4-4435-a2aa-592b7d5683b5,aea-bridges impact corp.,,,,,,,,,False,
221179252,aedifion,aedifion.com,"Cologne, Germany",,18.64,Series B,17000000.0,Phoenix Contact Innovation Ventures,Erik Brümmendorf (Head of Engineering & Co-Founder @ aedifion ): https://linkedin.com/in/erik-br%C3%BCmmendorf-117149155,True,70.0
280531479,Aegir Insights,aegirinsights.com,"Copenhagen, Denmark",,-5.26,Series A,8500000.0,Seaya Andromeda,"Scott Urquhart (CEO, Founder): https://linkedin.com/in/scott-a-urquhart",True,36.0
b5c0f977-7070-4c95-8bd8-961bbe053d4a,aegis energy,,"Wakefield, U.K.",,,,,,,False,
1788073,AEInnova,aeinnova.com,"Terrassa, Spain",,-7.41,,2639250.0,,,True,25.0
78830256,Aemetis,aemetis.com,"Cupertino, CA",,,,,,,False,
283090882,Aepnus Technology,aepnus.com,"Oakland, California",,-16.67,Seed,8000000.0,Gravity Climate Fund,"Bilen Akuzum, Ph.D. (Co-Founder, CTO): https://linkedin.com/in/bilen-akuzum",True,10.0
7541f4bf-f57c-410d-a4bd-c83e644f89a7,aerem,,India,,,,,,,False,
82448a25-85e9-458b-9aef-8080b4630ec7,aerleum,https://www.aerleum.com/,"Strasbourg, France",,,,,,,False,
1545517,AeroFarms,aerofarms.com,"Newark, NJ",,,,,,,False,
6f4d4a86-8349-419b-9792-9062c41f06f8,aerones,https://www.aerones.com/,"San Jose, CA",,,,,,,False,
c189dab9-635a-45c4-934c-9942fa9a1bd0,aeroseal,,"Dayton, OH",,,,,,,False,
0a8a0e9d-383f-4a5e-99bf-69cac8a38d10,aeroshield,,"Cambridge, MA",,,,,,,False,
a4c44097-63da-4e45-89ab-2a46cdfccd25,aeroshield materials,,"Boston, MA",,,,,,,False,
161837722,Aether Bio,aetherbio.com,"Menlo Park, California",,-25.0,Series A,49000000.0,Jay Zaveri at Natural Capital,Chase Armer (Cofounder): https://linkedin.com/in/chasearmer,True,27.0
a7003855-2a2e-4a72-9f2e-2a038fe3034d,aether diamonds,https://www.aetherdiamonds.com/,"New York, NY",,,,,,,False,
290082831,Aether Fuels,aetherfuels.com,"Chicago, Illinois",,27.27,Series A,34000000.0,Doral Energy-Tech Ventures,Conor Madigan (Founder and CEO): https://linkedin.com/in/conor-madigan-1841b513,True,28.0
fd307c49-6312-44b4-892a-40e4d475cfad,aev robotics,,Australia,,,,,,,False,
5e8e6422-713f-438b-ab09-a44e0d296262,afresh technologies,https://www.afresh.com/,"San Francisco, CA",,,,,,,False,
6c88f6f0-bec9-44de-8932-b9fa7f0268fc,afryen neoxy,,"Saint-Avold, France",,,,,,,False,
157666368,AG5,ag5.com,"Amsterdam, Netherlands",,,,,,,False,
a0be9bcd-324b-457d-be5a-ae5e62454724,agbiome,,"Durham, NC",,,,,,,False,
278508917,Agilitas Energy,agilitasenergy.com,"Wakefield, NY",,,,,,,False,
eff5f6b8-e8ea-44ac-a808-c4a1e034904f,agnext technologies,,"Chandigarh, India",,,,,,,False,
ffae300f-72ad-40d4-80c2-810b7f8a65b2,agora systems,,"San Francisco, CA",,,,,,,False,
255152447,Agragene,agragene.com,"San Diego, Calif.",,,,,,,False,
283163312,Agreena,agreena.com,"Copenhagen, Denmark",,19.0,Series B,46000000.0,farmer angel investors,Julie Koch Fahler (Head of Operations & Co-Founder): https://linkedin.com/in/juliekfahler,True,237.0
4ef6bfca-f68c-413b-b8d3-56ae0a0726c0,agricarbon,https://www.agricarbon.com/,"Dundee, United Kingdom",,,,,,,False,
1668800,Agriconomie,agriconomie.com,"Coole, France",,1.49,Series B,60000000.0,Aliment Capital (formerly Pontifax AgTech),Clément Le Fournis (Co-founder and COO): https://linkedin.com/in/cl%C3%A9ment-le-fournis-76362241,True,136.0
e2ae7271-abb1-4859-a103-ff87b2e4760f,agricycle global,,"Milwaukee, WI",,,,,,,False,
4d740913-cbd7-473c-b6b2-4ebfd5f977e7,agrig8,,Singapore,,,,,,,False,
156979793,Agriloops,agriloops.com,"Paris, France",,,,,,,False,
65dd94d2-c359-40f1-9285-41ae23cfd414,agritask,https://agritask.com/,Israel,,,,,,,False,
ebff386f-5bc6-4a25-914f-a9f8957dd575,agritech innovations,,"Nairobi, Kenya",,,,,,,False,
1656862,AgriWebb,agriwebb.com,Australia,,,,,,,False,
4a96ed07-9ecc-4b58-ad89-fb38011326b2,agrobiomics,,"Copenhagen, Denmark",,,,,,,False,
a3f91147-0869-4db0-8cea-0f8274d7569f,agrolend,,"São Paulo, Brazil",,,,,,,False,
262819303,Agrology,agrology.ag,"Alexandria, Virginia",,7.14,Seed,,Active Impact Investments,Tyler Locke (CTO & Cofounder): https://linkedin.com/in/tylerlocke,True,15.0
5c59fd66-45f1-4b9a-97fc-f778eafa77a4,agrospheres,https://www.agrospheres.com/,"Albemarle County, VA",,,,,,,False,
224002751,AgroUrbana,agrourbana.ag,Chile,,,,,,,False,
295897654,Agteria Biotech,agteria.com,"Stolkhom, Sweden",,,,,,,False,
295897654,Agteria Biotech,agteria.com,"Stockholm, Sweden",,,,,,,False,
efb0d2fa-b397-4481-9a60-c7067a6c31fa,agtonomy,https://www.agtonomy.com/,"San Francisco, California",,,,,,,False,
285118245,Agurotech,agurotech.com,Amsterdam,,,,,,,False,
284394072,AgZen,agzen.com,"Somerville, MA",,,,,,,False,
ae99c99d-0cfd-413a-96bb-a7f5050d14c8,aichi automobile co.,,China,,,,,,,False,
8e481fc0-9cd0-41fd-9624-4d92e177276c,aicrete,https://www.aicrete.com/,"Richmond, CA",,,,,,,False,
28db9e33-39f5-4ce1-aab2-86bbd9e0b2c8,aidash,https://www.aidash.com/,"San Jose, CA",,,,,,,False,
290396595,aifleet,aifleet.com,"Austin, Texas",,8.97,Series B,17000000.0,Tom Williams at Heron Rock,"Dániel GERGELY (Co-Founder, Senior Vice President of Engineering): https://linkedin.com/in/dgergely",True,85.0
287770819,Aikido Technologies,aikidotechnologies.com,"San Francisco, California",,28.57,Seed,4000000.0,Anthropocene Ventures,"James Reeves (Chief Engineer, Co-founder): https://linkedin.com/in/james-reeves-6997b324",True,9.0
282691189,Ailytics,ailytics.ai,Singapore,,,,,,,False,
f391216e-14be-41a0-ba99-b73c745b9ca3,aim intelligent machines,,"Redmond, WA",,,,,,,False,
b5c73ff7-bfa2-4737-85a4-4e2efd38b6ea,aip management,,"Nashville, TN",,,,,,,False,
296385050,AIPERIA,aiperia.com,"Großrinderfeld, Germany",,0.0,Series A,7500000.0,LBBW VC,,True,48.0
296474153,Air Aware Labs,airawarelabs.com,"London, England",,,,,,,False,
224646283,Air Protein,airprotein.com,"Pleasanton, CA",,,,,,,False,
e83aa375-5239-4be2-a26c-d65d4013b0de,aira technologies,,"San Francisco, CA",,,,,,,False,
118b6244-eb0e-4364-bfb1-92d9b7bc8435,airbound,https://www.airbound.com/,"Bengaluru, India",,,,,,,False,
dcf5ad61-73cd-4fee-984a-a70a29f5c0c2,aircapture,https://aircapture.com/,"Berkeley, CA",,,,,,,False,
047aa7e5-fb0d-423f-984c-d23d3f18918b,aircarbon exchange,https://www.aircarbon.co/,Singapore,,,,,,,False,
283957526,Airforestry,airforestry.com,"Uppsala, Sweden",,10.0,Seed,10300000.0,Kiko VC,Mauritz Andersson (Co-Founder and CTO): https://linkedin.com/in/mauritz-andersson-8097003,True,33.0
2e86fa67-77e5-4320-9cd1-1c4cf6b9f159,airhouse,https://www.airhouse.io/,"San Francisco, CA",,,,,,,False,
bfea3572-ae05-4963-af67-e5ae5e87e7b1,airjoule technologies,,"Newark, DE",,,,,,,False,
1a4de302-8cd5-460c-a9fe-b6afab607b22,airly,https://airly.eu/,"Krakow, Poland",,,,,,,False,
286688988,Airmo.io,airmo.io,"Weßling, Germany",,29.41,Seed,5700000.0,Antler,Tereza Boynova (Founder Associate): https://linkedin.com/in/tereza-boynova,True,22.0
284820018,AirMyne,airmyne.com,"Berkeley, CA",,,,,,,False,
1721646,Airtable,airtable.com,"San Francisco, California",,5.92,Late Stage,735000000.0,ICONIQ Growth,,True,769.0
129731303,Airthium,airthium.com,"Paris, France",,,,,,,False,
276158026,AirWorks Solutions,airworkssolutions.com,"Boston, MA",,,,,,,False,
9fef7305-95b2-403b-b26f-5ecfbe822514,aistech space,,Barcelona,,,,,,,False,
124896535,Aiven,aiven.io,"Helsinki, Finland",,-14.52,Series D,210000000.0,World Innovation Labs,Dave Dyer (CEO Advisor): https://linkedin.com/in/dyerdave,True,412.0
293412307,Akaysha Energy,akayshaenergy.com,"Cremorne, Australia",,,,,,,False,
280231292,Akorn Technology,akorn.tech,"Berkeley, CA",,,,,,,False,
1643743,Alba Orbital,albaorbital.com,"Glasgow, Scotland",,,,,,,False,
220500976,Alcazar Energy,alcazarenergy.com,Luxembourg,,,,,,,False,
223154585,alcemy,alcemy.tech,"Berlin, Germany",,16.39,Series A,10000000.0,Galvanize Climate Solutions,Leopold Spenner (Co-Founder / CEO): https://linkedin.com/in/leospenner,True,71.0
213995113,Aleph Farms,aleph-farms.com,"Rehovot, Israel",,,,,,,False,
284812517,Alga Biosciences,alga.bio,"San Francisco, CA",,,,,,,False,
b67a02eb-203b-4254-aa9f-0a086c8704d9,algae factory,,"Göteborg, Sweden",,,,,,,False,
1564155,Algebris Investments,algebris.com,London,,,,,,,False,
284981682,Algiecel,algiecel.com,"Odense, Denmark",,,,,,,False,
141755541,AlgiKnit,algiknit.com,New York,,,,,,,False,
262825188,Alight,alight-energy.com,"Stockholm, Sweden",,14.44,Debt,48071840.0,SEB,Richard Nicolin (Founder & CFO): https://linkedin.com/in/richard-nicolin,True,103.0
ce1802e8-4d87-4416-a74e-2f9bd774c896,aligned climate capital,,New York City,,,,,,,False,
2885969,Allbirds,allbirds.com,"San Francisco, California",,-21.96,Public Markets,300000000.0,T. Rowe Price,James Cox (Chief Executive Officer): https://linkedin.com/in/james-cox-371aa4197,True,437.0
cc77a97e-9e3e-4a40-a1ee-dcf02cfae00f,allegro energy,,"Newcastle, Australia",,,,,,,False,
3941036,Allergy Amulet,allergyamulet.com,"Madison, WI",,,,,,,False,
220445243,allinfra,allinfra.com,"None, Hong Kong",,-6.25,Series A,6000000.0,Nomura,Ronnie Potel (Co-founder): https://linkedin.com/in/ronnie-potel-387a4411,True,15.0
265034233,Allonnia,allonnia.com,"Boston, Massachusetts",,1.69,Series A,30000000.0,Wholestack,Nicole Richards (Chief Executive Officer): https://linkedin.com/in/nicole-richards-3268b07,True,60.0
223163227,Allotrope Energy,allotrope.energy,"Alsager, United Kingdom",,0.0,Other,6700000.0,Suzano Ventures,,True,2.0
259494398,Allozymes,allozymes.com,Singapore,,,,,,,False,
136317587,Allstacks,allstacks.com,"Raleigh, NC",,,,,,,False,
223971556,Allume Energy,allumeenergy.com,"Melbourne, Australia",,0.0,Other,1500000.0,The Schmidt Family Foundation,"Nick H. (Co Founder, Business Development Lead): https://linkedin.com/in/nick-h-75658951",True,44.0
197493329,Allumia,allumia.com,"Seattle, Washington",,22.22,Series A,7500000.0,JW Asset Management,"Quintin Barnes (VP, Co-Founder): https://linkedin.com/in/quintinbarnes",True,11.0
291358327,Allye,allye.com,"London, United Kingdom",,5.56,,900000.0,Alpha Future Funds,Lorenzo Bergamaschi (Co-founder & CTO): https://linkedin.com/in/lorenzo-bergamaschi-,True,19.0
05b076c1-98d8-43c3-abdc-4e38a4fe7965,alpha grid,,"San Francisco, CA",,,,,,,False,
286905740,Alrik,alrik.com,"Stockholm, Sweden",,-20.0,Seed,1000000.0,Pi Labs,Axel Enblad (Founder & COO): https://linkedin.com/in/axel-enblad-ab97868b,True,16.0
e3ca67da-c24b-4986-8a3a-c203d2170598,also capital,https://www.alsocapital.com/,New York,,,,,,,False,
286458055,Alsym Energy,alsym.com,"Woburn, MA",,,,,,,False,
2be81d64-1aa9-4476-a5b5-576643192529,alt carbon,,"Bengaluru, India",,,,,,,False,
5a0f6906-d8f3-4cbc-869b-17c79b955d76,alt mobility,,"New Delhi, India",,,,,,,False,
289964060,Alt.Leather,alt-leather.com,"Melbourne, Australia",,,,,,,False,
296129459,Alta Resource Technologies,altatech.io,"Boulder, Colorado",,57.14,Seed,4400000.0,Orion Industrial Ventures,,True,11.0
381d1483-4ea0-4289-a355-70c5d5532bb4,alternō,,Singapore,,,,,,,False,
268031184,AlterPacks,alterpacks.com,Singapore,,,,,,,False,
3a555276-50e7-43c4-83b1-92dff9f108eb,alterβiota,https://alterbiota.com/,"Edwardsville, Canada",,,,,,,False,
b3763da3-32b5-412f-b041-118258e8c285,alteva,,"Cologne, Germany",,,,,,,False,
7d629a29-f21a-4b03-8bed-74dcf137d87a,altigreen propulsion labs,,India,,,,,,,False,
516c7c8c-eed7-46df-bfce-7c4546fc015f,altilium,,"London, U.K.",,,,,,,False,
f0828b70-26d2-4476-b062-af75c1b3cb59,altris,,Sweden,,,,,,,False,
593c0422-2e60-439d-815c-08760d1e468e,altrove,,Paris,,,,,,,False,
d898c1b4-5588-4a4a-afdf-d31dd10a7a10,altruistiq,https://www.altruistiq.com/,U.K.,,,,,,,False,
97d48dd2-cc3a-438e-8493-cd6d37d5122f,altus power,,"Stamford, CT",,,,,,,False,
223689732,Alvéole,alveole.buzz,"Montreal, Canada",,-21.79,Series A,8100000.0,Round13,Étienne Lapierre (Co-founder - Urban Beekeeper): https://linkedin.com/in/etiennelapierre,True,122.0
288622539,Alō Index,aloindex.com,"Hartford, CT",,,,,,,False,
fb7dfe19-9f5d-4ea5-92c8-d2e7800c43aa,am batteries,,"Chelmsford, MA",,,,,,,False,
d883be32-467c-4e31-8ae6-8b400287e8ae,amarenco,,"Cork, Ireland",,,,,,,False,
1a348850-855d-4286-8225-3098c5b12355,amatera,,"Paris, France",,,,,,,False,
190d4f9b-e011-4db4-a899-4ae83c181a35,ambercycle,https://www.ambercycle.com/,Los Angeles,,,,,,,False,
283459165,Ambient Fuels,ambientfuels.com,"New York, New York",,-21.74,Other,250000000.0,SJF Ventures,Jacob Susman (CEO & Co-Founder): https://linkedin.com/in/jacob-susman-44907717,True,18.0
263085567,Ambient Photonics,ambientphotonics.com,"Scotts Valley, California",,-19.05,Series A,30000000.0,Climate Pledge Fund,Sammaiah Thota (Co-founder and Staff Scientist): https://linkedin.com/in/sammaiah-thota-05bb313b,True,51.0
163289750,AMCS Group,amcsgroup.com,"Limerick, Ireland",,2.74,Other,,Ireland Strategic Investment Fund,Jimmy Martin (Chief Executive Officer): https://linkedin.com/in/jimmy-martin-8b992424b,True,825.0
221995599,AMEA Power,ameapower.com,"Dubai, United Arab Emirates",,,,,,,False,
edc8076d-78d9-4e6b-9d83-41e13d34c412,amfg corp.,,"Austin, Texas",,,,,,,False,
289771680,Amini,amini.ai,"Nairobi, Kenya",,-3.57,Seed,4000000.0,a network of angel investors,Kate Kallot (Founder & Chief Executive Officer): https://linkedin.com/in/katekallot,True,27.0
394f2676-6ce2-4ed4-a6b4-bd08385bbb7a,ammobia,,"San Francisco, CA",,,,,,,False,
224685424,AMMP Technologies,ammp.io,"Amsterdam, Netherlands",,0.0,Seed,1150000.0,Point Nine Capital,Hendrik Broering (Chief Product Officer & Co-Founder): https://linkedin.com/in/hendrik-broering,True,14.0
279070159,Amogy,amogy.co,"Brooklyn, NY",,,,,,,False,
1b5ef645-1618-485a-b666-b15fdc2f1ba8,amorsui,https://www.amorsui.com/,New York,,,,,,,False,
8fd50850-1d0b-4bcb-9357-09a6a44ca6b4,amp americas,,"Chicago, USA",,,,,,,False,
1807346,AMP Robotics,amprobotics.com,"Louisville, Kentucky",,4.0,Series C,99000000.0,Microsoft's Climate Innovation Fund,"James Bailey (Co-founder, CTO): https://linkedin.com/in/james-bailey-a927a722",True,262.0
295829180,Amp Robotics Corp,cogrob.org,"Louisville, CO",,,,,,,False,
295829180,Amp Robotics Corp,cogrob.org,"Denver, CO",,,,,,,False,
1799361,Ampacimon,ampacimon.com,"Ans, Belgium",,-1.45,Series C,10600000.0,Noshaq,Javier Ortego (CEO BlueBOX product-line): https://linkedin.com/in/jortego,True,68.0
224662033,Ampcera Inc.,ampcera.com,"Milpitas, CA",,,,,,,False,
220363238,ampcontrol.io,ampcontrol.io,"New York, New York",,-10.34,Series A,10000000.0,AngelPad,Henning Klüver (CO-Founder): https://linkedin.com/in/henningfkluever,True,26.0
1802410,Ampd Energy,ampd.energy,"Sha Tin, Hong Kong",,,,,,,False,
224467433,Ampeco,ampeco.global,"Sofia, Bulgaria",,,,,,"Stefan Ivanov (Co-founder, Chief Revenue Officer): https://linkedin.com/in/sivanovbg",True,
975ffbd9-86d8-4e89-9cef-bc88d5216b73,amped innovation,https://ampedinnovation.com/,"Palo Alto, CA",,,,,,,False,
935d46c0-7d31-451d-8b14-74cf67d4e1ca,ampere.cloud,https://ampere.cloud/,"Berlin, Germany",,,,,,,False,
301697649,Amperecloud,en.amperecloud.com,"Berlin, Germany",,,Series A,3786750.0,Vireo Ventures,Florian Strunck (COO & Co-Founder): https://linkedin.com/in/florianstrunck,True,
9d3078e9-6444-4db4-b874-080f7ac6aaa9,amperon,https://www.amperon.co/,New York,,,,,,,False,
286018472,AmphiStar,amphistar.com,"Ghent, Belgium",,,,,,,False,
293628968,AmpIn Energy Transition (Formerly Amp Energy India),ampin.energy,"New Delhi, India",,,,,,,False,
263211014,Ample,ample.com,"San Francisco, California",,0.54,Other,25000000.0,Mitsubishi Corporation,John de Souza (Co-founder & President): https://linkedin.com/in/johndesouza1,True,185.0
200337883,Amply Power,amplypower.com,"Mountain View, California",,-10.64,Series A,13200000.0,Siemens,SuzieQ Sharky (Founder - Principle Product Designer): https://linkedin.com/in/suzieqsharky,True,42.0
219982884,Ampotech,ampotech.com,Singapore,,,,,,,False,
220547791,AmpUp,ampup.io,"Cupertino, California",,8.0,Series A,15000000.0,TechNexus Venture Collaborative,,True,54.0
112510049,AMSilk,amsilk.com,"Planegg, Germany",,,,,,,False,
219924293,Anaphite,anaphite.com,"Bristol, U.K.",,,,,,,False,
3235497,Andium,andium.com,"New York, New York",,8.82,Series B,21700000.0,Aramco Ventures,André Lucchesi (Co-Founder & Shareholder): https://linkedin.com/in/andr%C3%A9-lucchesi,True,37.0
264981522,ANNEA.ai GmbH,annea.ai,"Hamburg, Germany",,-34.48,Seed,2750000.0,Innoport,Dr. Maik Reder (Founder & CEO): https://linkedin.com/in/maik-reder,True,19.0
286505580,Anode Labs,anodelabs.io,"Austin, TX",,,,,,,False,
1791541,Anodot,anodot.com,"Redwood City, CA",,,,,,,False,
5e77b88e-7c2f-45b1-9cd4-0f5948b97c1f,antheia,,"Menlo Park, CA",,,,,,,False,
263536118,Anthro Energy,anthroenergy.com,"San Jose, California",,41.67,Series A,20000000.0,Nor'Easter Ventures,Jonathan Hess (Co-Founder): https://linkedin.com/in/jonathanthess,True,34.0
809a70d1-785e-4eda-81e0-faf0b1b5aca8,anthrogen,https://www.anthrogen.com/,San Francisco,,,,,,,False,
85b4554a-b838-4050-ac2c-cad823ea0dfb,antithesis,https://www.antithesis.com/,"Vienna, Va.",,,,,,,False,
279335972,Antora Energy,antoraenergy.com,"Sunnyvale, California",,36.59,Series B,150000000.0,NextEra Energy Resources,Andrew Ponec (Co-founder and CEO): https://linkedin.com/in/andrew-ponec-86b67046,True,168.0
1881a1bf-dfac-47d1-b6aa-cb3035d5c4a3,anuvia,,"Winter Garden, FL",,,,,,,False,
200337885,Anvil,useanvil.com,"San Francisco, California",,-22.73,Series A,10000000.0,122 West,"Ben Ogle (Founder, CTO): https://linkedin.com/in/benogle",True,17.0
abc0552a-9f44-4f11-b1e5-e57710f35659,anybotics,https://anybotics.com/,Zürich,,,,,,,False,
54565619,Anzu Partners,anzupartners.com,"Washington, WA",,-2.94,Investment Fund,200000000.0,,,True,66.0
4f7a27c7-c1b2-42dc-bb6f-1b70d323664b,apeel,https://apeel.com/,"Santa Barbara, CA",,,,,,,False,
1f0d8037-4dbe-4518-9e69-0b820b1c784c,apeel sciences,https://www.apeelsciences.com/,"Santa Barbara, CA",,,,,,,False,
88334cc1-f30a-4d41-b5a8-b1467b11b6f4,apeiron bioenergy,https://apeiron.com/,"Singapore, Singapore",,,,,,,False,
1648267,Apex Clean Energy,apexcleanenergy.com,"Charlottesville, Virginia",,0.0,Debt,200000000.0,ZOMA Capital,,True,436.0
124898878,Aphea.Bio,aphea.bio,"Gent, Belgium",,,,,,,False,
293209788,Apheros,apheros.ch,"Zürich, Switzerland",,50.0,Seed,1850000.0,Founderful,,True,9.0
41a62695-e3dc-444e-a4a7-ee76aa18a19d,apiday,https://www.apiday.com/,Paris,,,,,,,False,
122977861,Apollo Agriculture,apolloagriculture.com,Kenya,,,,,,,False,
2e94938b-fd32-4635-9cb2-2c3e43007839,appharvest,,Appalachia,,,,,,,False,
132900111,Apple,apple.com,"Cupertino, California",,0.03,Public Markets,58300000.0,N/A,,True,183174.0
297765954,Applied Carbon,appliedcarbon.com,"New York, New York",,0.0,Series A,21500000.0,Autodesk Foundation,,True,22.0
c767e7e0-e2f3-48b7-8f1c-de0994e8e88a,applied ev,,Australia,,,,,,,False,
197472559,Applied Intuition,appliedintuition.com,"Sunnyvale, California",,38.32,Late Stage,600000000.0,Lux,"Qasar Younis (Founder, CEO): https://linkedin.com/in/qasar",True,740.0
280702166,Applied XL,appliedxl.com,New York,,,,,,,False,
edbe4fb9-ee9e-40bd-8c9b-f3cf1626e098,appwrite,https://appwrite.io/,"Tel Aviv, Israel",,,,,,,False,
294833306,Apricus Generation,apricus.energy,"Boca Raton, FL",,,,,,,False,
de790d14-dd02-4a80-bac0-c87d05812d96,apromore,https://apromore.com/,"Melbourne, Australia",,,,,,,False,
220430419,Aqua Membranes,aquamembranes.com,"Albuquerque, New Mexico",,40.0,Series B,,Osmoflo Water Management,Craig Beckman (CEO): https://linkedin.com/in/craig-beckman-5673706,True,21.0
116046831,Aqua-Yield,aquayield.com,"Draper, UT",,,,,,,False,
bfe0c095-f4c5-49db-88fb-87dba0657e18,aquabattery,https://aquabattery.com/,"Alphen aan den Rijn, Netherlands",,,,,,,False,
124409143,Aquabyte,aquabyte.no,"San Francisco, California",,3.33,Series A,10000000.0,New Enterprise Associates (NEA),Bryton Shang (Founder & CEO): https://linkedin.com/in/bryton-shang-bb675b26,True,62.0
065a6c91-14c8-4a4c-b68d-6df4d944f0c5,aquaconnect,,"Tamil Nadu, India",,,,,,,False,
d6775449-4c75-45d5-9120-f690ecc267a3,aquagreen,,"Roskilde, Denmark",,,,,,,False,
284377736,Aqualung Carbon Capture,aqualung-cc.com,"Oslo, Norway",,,,,,,False,
1662928,Aquicore,aquicore.com,"Washington, District of Columbia",,-37.5,Series A,14000000.0,1776 Venture Capital,Logan Soya (Founder & CEO): https://linkedin.com/in/logansoya,True,5.0
28296408,Arable,arable.com,"San Francisco, California",,-18.52,Series C,40000000.0,iSelect,Adam Wolf (Founder and CEO): https://linkedin.com/in/adamateion,True,66.0
287456746,Arbonics,arbonics.com,"Tallinn, Estonia",,33.33,Seed,5500000.0,Taavet Hinrikus,Kristjan Lepik (Co-founder and CEO): https://linkedin.com/in/kristjan-lepik-0111407,True,32.0
285714101,Arbor,joinarbor.com,"Austin, Texas",,54.55,Seed,9000000.0,First Round Capital,Andrew Meyer (Founder): https://linkedin.com/in/meyer-andrew,True,34.0
d889cdc9-5498-4e76-a45c-b720b29ce70c,arc clean energy canada,,"Saint John, New Brunswick, Canada",,,,,,,False,
291863450,ARC Clean Technology,arc-cleantech.com,"Saint John, Canada",,,,,,,False,
0944ca06-ce9f-4c58-9913-a53091b33f6a,arc electric boats,,"Los Angeles, California",,,,,,,False,
284349786,Arcadia eFuels,arcadiaefuels.com,"Austin, Texas",,13.04,Other,,KGAL's ESPF 6,Amy Hebert (Chief Executive Officer): https://linkedin.com/in/amy-hebert-47710b3a,True,26.0
72c7f3bf-0b74-4811-8d98-c8566af829ed,arcelormittal calvert,,"Mobile, AL",,,,,,,False,
5cb2a81f-e560-4c6a-a120-c1256e216aff,archer aviation,https://www.archer.com/,"San Jose, CA",,,,,,,False,
288661307,Archive,archiveresale.com,"San Francisco, California",,8.77,Series B,30000000.0,Energize Capital,Ryan Rowe (Co-founder & CTO): https://linkedin.com/in/ryan-rowe-4088107,True,62.0
d1642d0d-335a-4e4b-8419-1611bd45f82d,arclight clean transition corp.,,,,,,,,,False,
a7a8f571-059c-401e-a1fe-636c71acaeda,arclight infrastructure partners,,"Boston, U.S.",,,,,,,False,
290865872,Arda Biomaterials,arda.bio,"London, England",,,,,,,False,
bddf79f8-3063-40ce-a1a6-dcc60d5ef994,arenko,https://www.arenko.com/,"London, England",,,,,,,False,
286927156,Arevo AB,arevo.se,"Umeå, Sweden",,,,,,,False,
19c7fe64-e3c3-468e-b5fd-2ad44530b095,arevon energy,,"Scottsdale, AZ",,,,,,,False,
77342e14-1f52-4d0c-8cac-c0a8b0bdae98,aris machina,https://arismachina.com/,,,,,,,,False,
296677604,ARK Capture Solutions,arkcapturesolutions.com,"Brussels, Belgium",,,,,,,False,
286362757,Arkea Bio,arkeabio.com,"Boston, Massachusetts",,36.36,Series A,26500000.0,The51 Food & AgTech Fund,Colin South (CEO): https://linkedin.com/in/colin-south-9456422,True,30.0
1b24c0f8-1b64-4c1c-ba76-61cddc1f7222,arkeon biotechnologies,,Austria,,,,,,,False,
1777736,Arnergy,arnergy.com,"Lagos, Nigeria",,,,,,,False,
188dcc30-508f-4c77-b028-0535f68b0382,aro homes,https://www.arohomes.com/,San Francisco,,,,,,,False,
1600437,Array Technologies,arraytechinc.com,"Albuquerque, New Mexico",,1.66,Public Markets,1050000000.0,,Duncan Palmer (CEO - Array South Africa): https://linkedin.com/in/duncan-palmer-185a4840,True,428.0
161852981,Arrcus,arrcus.com,"San Jose, California",,3.33,Series C,30000000.0,NVIDIA,Devesh Garg (Founder & CEO): https://linkedin.com/in/devesh-garg-3b41b12,True,155.0
2181552,Arrikto,arrikto.com,"San Mateo, California",,0.0,Series A,10000000.0,Unusual Ventures,Constantinos Venetsanopoulos (Founder & CEO): https://linkedin.com/in/constantinos-venetsanopoulos-1aa0639b,True,6.0
9c345931-0c8d-413e-84c9-ec80cdbdb851,arrive recommerce,,"Santa Monica, CA",,,,,,,False,
291478038,Arsenale BioYards,arsenale.bio,"Milan, Italy",,,,,,,False,
164759002,Arturo,arturo.ai,"Chicago, Illinois",,12.5,Series B,25000000.0,Atlantic Bridge Capital,"John-Isaac ""jC"" Clark (Chief Executive Officer): https://linkedin.com/in/johnisaacclark",True,36.0
291785857,Arya,arya.ag,"Noida, India",,,,,,,False,
144272324,Ascend Analytics,ascendanalytics.com,"Boulder, Colorado",,5.38,Other,,Galvanize Climate Solutions,,True,137.0
284504218,Ascend Elements,ascendelements.com,"Westborough, Mass.",,-17.12,Series D,162000000.0,Decarbonization Partners,Mike O'Kronley (Chief Executive Officer): https://linkedin.com/in/mike-o-kronley-32173715,True,213.0
284807166,Aspen Creek Digital,acdigitalcorp.com,"El Segundo, California",,0.0,Series A,8000000.0,Alex Robertson of Tiger Management,Alexandra DaCosta (Chief Executive Officer): https://linkedin.com/in/alexandra-dacosta-9a580783,True,4.0
285760444,Aspen Power Partners,aspenpower.com,"Dallas, Texas",,2.82,Debt,241000000.0,"Mitsubishi UFJ Financial Group, Inc",David Berv (Principal & Co-Founder): https://linkedin.com/in/david-berv-2438b414,True,73.0
1727396,Aspiration,aspiration.com,"Marina del Rey, California",,-38.0,Other,315000000.0,Dan Rosensweig,,True,5.0
0509a617-87d2-4c77-923e-a6a9c3bf838f,aspiration partners,https://www.aspiration.com/,"Marina Del Rey, CA",,,,,,,False,
283715708,Aspiring Materials,aspiringmaterials.com,New Zealand,,,,,,,False,
262001205,Assetcool,assetcool.com,"Leeds, England",,,,,,,False,
df46cf9c-9734-4e62-8e42-207d96df9dba,assetwatch,https://assetwatch.com/,"Westerville, OH, U.S.",,,,,,,False,
220243380,Astanor Ventures,astanor.com,,,2.38,Investment Fund,384278400.0,,Eric Archambeau (Co-Founder): https://linkedin.com/in/ericarchambeau,True,43.0
159740213,Astraea,astraea.earth,"Charlottesville, Virginia",,-20.0,Series A,6500000.0,University of Virginia (UVA) Seed Fund,"Simeon Fitch (Co-Founder, Chief Technology Officer): https://linkedin.com/in/simeon-fitch-643650",True,8.0
f0a29499-9ab1-4a40-9095-3845e905f280,astral systems,https://www.astralsystems.com/,"Bristol, U.K.",,,,,,,False,
285076350,AstroForge,astroforge.io,"Huntington Beach, California",,45.71,Series A,40000000.0,Nova Threshold,Matthew Gialich (Co-Founder and Chief Executive Officer at AstroForge): https://linkedin.com/in/matthew-gialich,True,51.0
9207ecd8-0b0f-479b-be4a-4aaeacfa6ce1,astroscale,,"Tokyo, Japan",,,,,,,False,
300248548,ASUENE Inc.,asuene.com,"None, Japan",,,,5530950.0,,,True,106.0
263366544,At One Ventures,atoneventures.com,"San Francisco, CA",,5.56,Investment Fund,375000000.0,,,True,19.0
7ba62b21-1548-48f4-9ea6-47c7cb7cf3e3,atarraya,https://www.atarraya.com/,Mexico,,,,,,,False,
1687788,Ather Energy,atherenergy.com,India,,,,,,,False,
5ac8e5e5-cd8e-45b0-8337-1d7c3689eda2,athian,,"Indianapolis, IN",,,,,,,False,
f5b33bb9-2e86-4ebf-a708-e82bd69b52e5,ati motors,https://www.atimotors.com/,"Bangalore, India",,,,,,,False,
279426962,Atinary Technologies,atinary.com,"Épalinges, Switzerland",,4.55,Seed,5000000.0,AgFunder,Florian Häse (Co-founder and Head of Research at ChemOS Inc.): https://linkedin.com/in/florian-h%C3%A4se-84059a180,True,23.0
290145168,ATLAS MATERIALS,atlasmaterials.com,"Mount Prospect, Illinois",,-12.5,Series A,27000000.0,Grantham Environmental Trust,,True,7.0
280001868,Atlas Metrics,atlasmetrics.io,"Berlin, Germany",,70.0,Series A,12200000.0,Redstone,Lauren Maupetit (Founder Associate): https://linkedin.com/in/lauren-maupetit-810619170,True,51.0
150792486,Atlas Renewable Energy,atlasrenewableenergy.com,Miami,,,,,,,False,
c7072db2-cd90-467a-bf93-f1e380af64cf,atlast food co,https://atlastfood.co/,"Green Island, NY",,,,,,,False,
c91166e8-354d-4c60-9e43-38b57d278654,atmen,https://atmen.io/,"Eching, Germany",,,,,,,False,
1576714,Atmio,atmio.com,"Hamburg, Germany",,46.15,Seed,5100000.0,VOYAGERS Climate-Tech Fund,,True,19.0
288868811,ATC English version,atmocooling.com,"Seattle, WA",,,,,,,False,
815a9119-7818-4b17-9c30-7c8ac8bf4304,atmosic technologies,,"Campbell, CA",,,,,,,False,
286208874,AtmosZero,atmoszero.energy,"Fort Collins, Colorado",,31.82,Series A,21000000.0,Engine Ventures,Addison Stark (CEO): https://linkedin.com/in/addison-stark,True,29.0
291743889,AtoB,atob.com,"San Francisco, California",,18.48,Series C,130000000.0,Fidji Simo,,True,109.0
27927193,Atomberg Technology,atomberg.com,"Mumbai, India",,,,,,,False,
cb74dedc-1ee0-4e4d-a95e-c2f7f487aea5,atomic canyon,https://www.atomiccanyon.com/,"San Luis Obispo, CA",,,,,,,False,
221910726,Atomo Coffee,atomocoffee.com,"Seattle, WA",,,,,,,False,
5de038c1-0563-49ca-bd08-8c2a7d5fdeed,auar,,London,,,,,,,False,
ba030290-afd8-42be-9e91-28edb57c74f9,augmentus,https://www.augmentus.tech/,Singapore,,,,,,,False,
2427940f-ce37-42c2-b32e-042de6311683,augury,,New York,,,,,,,False,
26be284f-db2e-4e40-8a67-90a900ef7457,aura power,,"Bristol, England",,,,,,,False,
204035538,Aurea Imaging,aureaimaging.com,"Utrecht, Netherlands",,,,,,,False,
292526040,Auriga Space,aurigaspace.com,"Los Angeles, CA",,,,,,,False,
33107890,Aurora Solar,aurorasolar.com,"San Francisco, California",,-19.0,Series D,200000000.0,Pear VC,Christopher Hopper (Co-Founder): https://linkedin.com/in/christopher-hopper,True,371.0
65a6b44d-7129-4c06-bdbe-94d6a2abe2c9,autodrive,,"Los Angeles, CA",,,,,,,False,
200339136,Autofleet,autofleet.io,"Tel Aviv-Yafo, Israel",,8.33,Series A,7500000.0,Maniv Mobility,Kobi Eisenberg (Co-Founder & CEO): https://linkedin.com/in/kobieisenberg,True,78.0
ef81bc07-94d3-4b42-bd3f-b5e84c740874,autoflight,,"Shanghai, China",,,,,,,False,
4725f84f-5353-44eb-843b-f622757f402c,automated architecture,,"London, U.K.",,,,,,,False,
283633976,ACC - Automotive Cells Company,acc-emotion.com,"Paris, France",,,,,,,False,
a26d8a20-2ce1-46c5-84fe-1b2acaf29ee0,automotus,,"Los Angeles, USA",,,,,,,False,
221911828,AutoNxt Automation,autonxt.in,"Bhiwandi, India",,,,,,,False,
f5c44165-ef42-4788-b8b0-65d3e81387b9,avaada,,"Mumbai, India",,,,,,,False,
f3791201-3417-4749-86ae-b47d1d2d9c6e,avangrid,,New Mexico,,,,,,,False,
ba792614-598a-4f2c-afcb-7e938a50bd30,avantus,https://avantus.com/,"Los Angeles, U.S.",,,,,,,False,
87570b21-2bc2-4c1c-8bcc-54cf42448a12,avidxchange,,"Charlotte, NC",,,,,,,False,
a18605f2-1738-4151-9f43-12602b2b5077,avisomo,,"Gardermoen, Norway",,,,,,,False,
a3aefe28-122a-4c10-b84e-c800ee7aa158,aviwell,https://aviwell.com/,"Toulouse, France",,,,,,,False,
784353d3-56fd-4d15-8950-450f9fb27c92,avnos,,"Los Angeles, CA",,,,,,,False,
286456107,Avoxt,avoxt.com,"Eindhoven, Netherlands",,,,,,,False,
78691a54-960b-47e0-92a9-ca207547c2da,axeleo capital,,"Paris, France",,,,,,,False,
1596858,Axine Water Technologies,axinewater.com,"Vancouver, Canada",,,,,,,False,
3c8161f1-8cba-4eed-86b5-6647af0237b7,axiom cloud,,"San Jose, Calif.",,,,,,,False,
291106119,axle energy,axle.energy,"London, UK",,85.71,Seed,9000000.0,Accel,Archy de Berker (Co-Founder): https://linkedin.com/in/archy-de-berker,True,13.0
286976378,Aymium,aymium.com,"St. Paul, MN, U.S.",,,,,,,False,
289563912,AYPAL: Building API Community Power since 1998,aypal.org,"Austin, TX",,,,,,,False,
6392f86a-99d0-4ca0-8acf-0e2362210d73,baaz bikes,,"New Delhi, India",,,,,,,False,
5fa684f8-c965-449b-8cec-f0a925a27d9b,babylon micro-farms,https://www.babylonmicrofarms.com/,"Richmond, VA",,,,,,,False,
d45ff0ae-ad83-4fca-a9ef-d8aacba8aff1,bacta,,"Paris, France",,,,,,,False,
1756930,Balena,balena.io,"Seattle, Washington",,1.43,Series B,14400000.0,OpenView,Ralf Kernchen (Co-Founder and Director): https://linkedin.com/in/ralfkernchen,True,71.0
285947888,BalkanID,balkan.id,"Austin, TX",,,,,,,False,
2d181344-89c6-491b-aca9-ec26f406be2f,ballard power systems,,"Burnaby, Canada",,,,,,,False,
296120812,Balto Energy,baltoenergy.com,"Palo Alto, California",,66.67,Seed,1000000.0,,,True,5.0
223241326,Bambrew,bambrew.in,"Bengaluru, India",,,,,,,False,
220090635,Banyan Infrastructure Corporation,banyaninfrastructure.com,"San Francisco, California",,-23.44,Series B,25000000.0,SE Ventures,"John Ryan (Co-Founder, president): https://linkedin.com/in/johnconorryan",True,49.0
289967331,Banyu Carbon,banyucarbon.com,"Seattle, WA",,,,,,,False,
287147942,Barton Blakeley Technologies,bartonblakeley.com,"Harpenden, U.K.",,,,,,,False,
3edfd38a-d755-4182-b30e-edc6baf71852,base power,https://www.basepower.com/,"Austin, USA",,,,,,,False,
262894690,Basecamp Research,basecamp-research.com,"London, United Kingdom",,10.81,Series B,60000000.0,Royal Philips,Glen Gowers (Co-Founder): https://linkedin.com/in/glen-gowers,True,41.0
220431233,Baseload Capital,baseloadcap.com,"Stockholm, Sweden",,,,,,,False,
283041586,BasiGo,basi-go.com,"Nairobi, Kenya",,,,,,,False,
c67f41da-3579-4e68-9423-4240ba470cee,basis climate,,"New York, NY",,,,,,,False,
198217878,BastCore,bastcore.com,"Montgomery, AL",,,,,,,False,
152820114,Battery Resourcers,batteryresourcers.com,"Westborough, Massachusetts",,,Series B,70000000.0,Doral Energy-Tech Ventures,Mike O'Kronley (Chief Executive Officer): https://linkedin.com/in/mike-o-kronley-32173715,True,109.0
279596661,Battery Smart,batterysmart.in,"Gurugram, India",,8.69,Series B,33000000.0,British International Investment (BII),Pulkit Khurana (Co Founder): https://linkedin.com/in/pulkitkhurana,True,513.0
262852732,BattGenie,battgenie.life,"Seattle, Washington",,0.0,Other,300000.0,,Manan Pathak (Chief Executive Officer): https://linkedin.com/in/manan-pathak-73788a197,True,10.0
283089645,Battle Approved Motors,battleapproved.com,"New Philadelphia, OH",,,,,,,False,
5f6527bb-195f-4173-b32d-10c7b6e3155f,battolyser systems,,"Schiedam, Netherlands",,,,,,,False,
291716964,BatX Energies,batxenergies.com,India,,,,,,,False,
a6091350-a9b0-4e14-b245-2e4253074f8d,bayotech,,"Albuquerque, Canada",,,,,,,False,
285624775,Be.EV,be-ev.co.uk,"Manchester, U.K.",,,,,,,False,
cdf71541-6043-4fd5-a494-e47cfd3240b2,beacon power services,,Nigeria,,,,,,,False,
205504935,"One Hundred Feet, Inc.",beans.ai,"Palo Alto, California",,-10.14,Other,17000000.0,Saama Capital,Akash Agarwal (Founder & Chief Business Officer): https://linkedin.com/in/akash-agarwal-79953917,True,62.0
164006176,Bear Flag Robotics,bearflagrobotics.com,"Newark, CA",,,,,,,False,
222330146,Bearing,bearing.ai,"Palo Alto, California",,-28.57,Seed,7000000.0,AI Fund,Dylan Keil (Cofounder & CEO): https://linkedin.com/in/dylankeil,True,30.0
4897e8a3-8be3-4471-ba1f-2a9453c37fc9,bedrock energy,https://bedrockenergy.com/,"Austin, TX",,,,,,,False,
611a3a85-909f-4a1b-93a5-265074b07bad,bedrock materials,,"Chicago, U.S.",,,,,,,False,
224204698,Bedrock Ocean Exploration,bedrockocean.com,"New York, New York",,-11.9,Series A,25500000.0,Eniac Ventures,Anthony DiMare (CEO & Co-founder): https://linkedin.com/in/anthonydimare,True,37.0
292893089,beebop.ai,beebop.ai,"New York, New York",,35.71,Seed,5500000.0,Contrarian Ventures,Jan-Willem Rombouts (Founder & Executive Chair): https://linkedin.com/in/jan-willem-rombouts-a4211b1b,True,19.0
7cf59d68-ecdd-4e35-a93b-d4db25831429,beeflow,,"San Francisco, CA",,,,,,,False,
197478963,BeeHero,beehero.io,"Fresno, CA",,,,,,,False,
a6973652-c22e-4e2f-921c-de7b8e88b6d1,beem energy,https://www.beemenergy.com/,France,,,,,,,False,
262864978,Beep,go-beep.com,"Orlando, Florida",,,PPP Loan,150000.0,U.S. Small Business Administration.,Rodney Rogers (Co-founder & Lead Board Director): https://linkedin.com/in/rodney-rogers-73b56030,True,25.0
a818fcd1-9d98-47d6-884a-ba345eb256f4,beewise,,Israel,,,,,,,False,
224621165,Begas Motor,begasmotor.com,Madrid,,,,,,,False,
290766213,Bend,usebend.com,"New York, New York",,75.0,Seed,2500000.0,,Thomas Constantine Moore (Co-Founder): https://linkedin.com/in/thomasmost,True,7.0
abacb8ee-3fed-4136-b57e-5a7cc093b74d,bene bono,,"Paris, France",,,,,,,False,
288786809,Beni,joinbeni.com,"Santa Barbara, California",,0.0,Seed,4000000.0,Starting Line Ventures,,True,22.0
68694c0d-3c2c-4b97-8582-1e7e2db7972d,benson hill,,"St. Louis, MO",,,,,,,False,
302513244,beSirius,besirius.com,"Amsterdam, Netherlands",,,Seed,3000000.0,Blackwood,,True,29.0
1757688,Bestmile,bestmile.com,"San Francisco, USA",,,,,,,False,
7530a99c-e883-4949-be03-85153ce92def,beta bugs,,"Edinburgh, Scotland",,,,,,,False,
150128676,Beta Hatch,betahatch.com,"Cashmere, WA",,,,,,,False,
92e33023-433b-486c-8dca-052583113475,beta technologies,https://www.beta.team/,"South Burlington, VT",,,,,,,False,
4a4f6d80-50f0-4430-a539-48288bf1e1c4,better dairy,https://betterdairy.com/,UK,,,,,,,False,
44f2a804-7636-443c-9a98-521101d8a5bb,better origin,,UK,,,,,,,False,
2a64d3af-16b9-4188-8781-c946f1949f91,better world acquisition,,,,,,,,,False,
289942074,Betterfleet,betterfleet.com,"Sydney, Australia",,11.11,Series A,15000000.0,Aligned Climate Capital,,True,10.0
a7f98643-a648-4dd0-9f2b-bf1e78e91ada,betterseeds,,Israel,,,,,,,False,
1758850,Bevi,bevi.co,"Boston, Massachusetts",,8.06,Series D,70000000.0,TechU Angels,Eliza Becton (Co-Founder | Head of Product): https://linkedin.com/in/elizabecton,True,201.0
ee3c70df-a09a-4bba-9e60-42173a905350,beyond aero,https://beyondaero.com/,"Toulouse, France",,,,,,,False,
279432307,BeZero Carbon,bezerocarbon.com,"London, United Kingdom",,15.76,Series C,31000000.0,Quantum Innovation Fund,Tommy Ricketts (CEO & Co-founder): https://linkedin.com/in/tommy-ricketts-61158850,True,191.0
b529a8fa-9c85-4164-8c73-6c1435562b66,bezos earth fund,,,,,,,,,False,
49a6b5d1-9db1-41d6-af8f-bf431f55f64e,bforeai,,New York,,,,,,,False,
7c772c98-0ec8-48f2-a71e-d463f7e6843d,bhp group,,Australia / U.K.,,,,,,,False,
286522352,Bia Energy,bia.app,"Bogota, Colombia",,-12.09,Other,8500000.0,RA Capital Planetary Health,Leonardo Velazquez (Co-Founder & COO @ Bia Energy): https://linkedin.com/in/leonardovelazquez,True,160.0
f0b677ac-b3bf-48f9-a193-0a3ef2e8a64e,bibak,,"Versailles, France",,,,,,,False,
1600224,Bidgely,bidgely.com,"Mountain View, California",,3.15,Series C,26000000.0,Moore Strategic Ventures (MSV),,True,229.0
301972369,BillionElectric,billionemobility.com,"Vadodara, India",,,,,,,False,
4e85f9c2-b223-4af6-93dc-89e44cf8dae6,bio-logical,,"London, UK",,,,,,,False,
e40d0e2d-9ecd-4437-808f-bedccebc3162,biobetter,,Israel,,,,,,,False,
223157546,BiOceanOr,bioceanor.com,"Valbonne, France",,5.26,Other,1630995.0,,Samuel Dupont (Principal Chief Executive Officer): https://linkedin.com/in/samuel-dupont-7437b71a4,True,20.0
1673822,BioConsortia,bioconsortia.com,"Davis, CA",,,,,,,False,
97f55699-8c41-4a26-a107-65214d2ee17c,biocsol,,"Louvain-la-Neuve, Belgium",,,,,,,False,
5d454d7c-1710-4330-8e85-8542f86abb3c,bioelements,,"Santiago, Chile",,,,,,,False,
222342628,Bioenergy DevCo,bioenergydevco.com,"Columbia, MD",,,,,,,False,
9de5c853-00b9-4055-803e-f93fbee2572c,bioflyte,,"Albuquerque, NM",,,,,,,False,
ee565121-f9e6-4a88-85f2-9e78a91e618d,bioform technologies,https://bioformtech.com/,"Vancouver, Canada",,,,,,,False,
1795548,BioMASON,biomason.com,"Durham, NC",,,,,,,False,
f3f3b9af-5c6a-4725-8e5c-c8ac08936a3d,biomatter,https://www.biomatter.com/,Vilnius,,,,,,,False,
1800595,Biome Makers,biomemakers.com,"San Francisco, CA",,,,,,,False,
224200007,BIOMILQ,biomilq.com,"Durham, NC",,,,,,,False,
2c1bfc34-8d7e-4919-89bb-bf4305a1f243,bioomix,,"Odense, Denmark",,,,,,,False,
a674a7ac-e0ac-4ff1-8ee2-5add0f6d6547,bioveritas,,"Bryan, TX",,,,,,,False,
44486027-ae3a-4421-b294-a8bf0b2e0670,biovox,http://www.biovox.de/,"Darmstadt, Germany",,,,,,,False,
220444868,Birdstop,birdstop.io,"San Francisco, California",,-22.22,,2300000.0,strategic investors in energy and telecommunications,Bill Liu (Co-Founder): https://linkedin.com/in/bill-010101,True,7.0
282941666,Bisly,bisly.com,"Tallinn, Estonia",,25.0,Series A,6200000.0,angel investors,Mihkel Kõrgmaa (Co-Founder): https://linkedin.com/in/mihkel-k%C3%B5rgmaa-10b107153,True,40.0
53b5636f-ec33-49eb-a8dd-6de3314a4510,bison ventures,,"Seattle, WA",,,,,,,False,
200351200,bit.io,bit.io,"San Francisco, CA",,,,,,,False,
224618333,Black Sheep Foods,blacksheepfoods.com,"San Francisco, CA",,,,,,,False,
95105353,Blackhorn Ventures,blackhornvc.com,"Denver, CO",,0.0,Investment Fund,150000000.0,,Ryan Hurst (Co-Founder and Development Partner): https://linkedin.com/in/ryan-hurst-91ba2788,True,22.0
291646631,Blastr Green Steel,blastr.no,"Lysaker, Norway",,,,,,,False,
07b4c182-f109-4db3-8c3a-5379ec78802f,blickfeld,https://www.blickfeld.com/,"Munich, Germany",,,,,,,False,
8419e77c-a760-4569-8269-ba18c6a7b62f,bling energy,,"Lisbon, Portugal",,,,,,,False,
268110112,Blitz Electric Mobility,rideblitz.com,"South Jakarta, Indonesia",,,,,,,False,
208431001,Blocktexx,blocktexx.com,"Loganholme, Australia",,,,,,,False,
5e4a3824-bad4-4209-97de-a542887b28fe,blocpower,,"Brooklyn, N.Y.",,,,,,,False,
224692306,Bloom Biorenewables Ltd,bloombiorenewables.com,"Fribourg, Switzerland",,,,,,,False,
5e6ca8e5-d0fd-490e-ba9c-db5431aa02b7,bloom energy,,"San Jose, CA",,,,,,,False,
358cec9b-b10f-42e2-b70a-84138dbbc074,bloom science,,"San Diego, CA",,,,,,,False,
225170246,Bloomfield Robotics,bloomfield.ai,"Pittsburgh, Pennsylvania",,0.0,Other,6077684.0,SVG Ventures,Mark DeSantis (Chief Executive Officer): https://linkedin.com/in/mark-desantis-21480,True,32.0
ed472e30-a3c1-436c-ba2c-c35ac8a1d020,bloomx,,"Tel Aviv, Israel",,,,,,,False,
2b91eafc-3289-4971-93ea-b32d9526dae7,blubrake,https://www.blubrake.com/,Italy,,,,,,,False,
9762c9aa-20f2-4e1e-9a78-378296846e35,blue bear capital,,"Paris, France",,,,,,,False,
223705661,Blue Current,bluecurrent.com,"Hayward, California",,-3.51,Other,16249995.0,Umicore,Nitash Balsara (Co-Founder): https://linkedin.com/in/nitash-balsara-9b30ba22a,True,55.0
659da80a-99fd-4b65-8291-c84449a9f288,blue frontier,,"Boca Raton, Fla.",,,,,,,False,
e177789c-4d03-4dde-9520-a7c5cbc31862,blue horizon ventures,https://bluehorizon.com/,Zurich,,,,,,,False,
292524872,Blue Laser Fusion,bluelaserfusion.com,"Santa Barbara, CA",,,,,,,False,
263239562,Blue Ocean Barns,blueoceanbarns.com,"Redwood City, California",,-7.89,Series A,20000000.0,strategic investors,Joan Salwen (CEO): https://linkedin.com/in/joan-salwen-0103a253,True,35.0
214000390,Blue Sky Analytics,blueskyhq.in,"Gurugram, India",,,Seed,1200000.0,Beenext,Jashanpreet S. (Co-Founder): https://linkedin.com/in/jashanpreetsinghbhullar,True,109.0
a677a018-279b-444b-be47-6213c393b205,blue stripes,https://www.bluestripes.com/,New York,,,,,,,False,
298060062,blue water autonomy,blw.ai,Boston,,,,,,,False,
c82068a8-cb6e-41ae-ab5b-5bc92f33eb03,blue whale materials,,"Washington D.C., USA",,,,,,,False,
67ffdac3-239e-4b7d-8a2a-1342e7afe5ab,blue white robotics,,Israel,,,,,,,False,
260727921,Blue World Technologies,blue.world,Denmark,,,,,,,False,
225145536,BlueDot Photonics,bluedotphotonics.com,"Seattle, WA",,,,,,,False,
0940f3db-1a82-4233-a578-f050cdc824b3,bluefront,https://bluefront.com/,"Oslo, Norway",,,,,,,False,
300894322,BlueGreen Ventures,bluegreen.vc,"Washington, DC",,,,,,,False,
285940115,BlueLayer,bluelayer.io,"Berlin, Germany",,10.71,Seed,5600000.0,industry experts,,True,31.0
e02fdb4d-0af1-4cf1-bfcc-2555fd787575,bluenalu,https://bluenalu.com/,"San Diego, CA",,,,,,,False,
291037109,BlueOval SK,blueovalsk.com,"Stanton, TN",,,,,,,False,
285875677,BlueRedGold,blueredgold.com,Sweden,,,,,,,False,
5f8ab5d0-0a64-402c-b64b-b8c1b71b93e1,bluescape opportunities acquisition,,,,,,,,,False,
224685134,BlueSpace.ai,bluespace.ai,"San Jose, CA",,,,,,,False,
116048404,Bluestein Ventures,bluesteinventures.com,"Chicago, IL",,0.0,Investment Fund,45000000.0,,,True,10.0
286410606,Bluestem Biosciences,bluestembiosciences.com,"Omaha, NB",,,,,,,False,
46463c0b-4edc-418c-871b-89ef2bde696e,bluetrace,,"Castine, ME",,,,,,,False,
263651206,Blume Equity,blumeequity.com,"London, UK",,18.18,Investment Fund,27788000.0,British Patient Capital,,True,13.0
152823810,Bluon,bluon.com,"Irvine, California",,-23.53,Series B,27600000.0,"MacKinnon, Bennett & Company (MKB)",Peter Capuciati (Founder + Chief Executive Officer): https://linkedin.com/in/peter-capuciati-9625b4206,True,39.0
223167919,BluSmart Mobility,blu-smart.com,"Gurgaon, India",,,,,,,False,
223167919,BluSmart Mobility,blu-smart.com,"Mumbai, India",,,,,,,False,
68abede2-c367-465a-9abe-41cae9535310,bluu seafood,,"Berlin, Germany",,,,,,,False,
209157850,BluWave-ai,bluwave-ai.com,"Ottawa, Canada",,-4.55,Series A,9500000.0,PowerON Energy Solutions,"Paul Georges Leroux (Co-Founder, Board Advisor): https://linkedin.com/in/paulgleroux",True,42.0
289345905,Bnewable,bnewable.com,Brussels,,,,,,,False,
222006411,Bodhi,bodhi.solar,"Austin, Texas",,-22.73,Seed,4000000.0,Clean Energy Ventures,Scott Nguyễn (Co-Founder + CEO): https://linkedin.com/in/scottvinhnguyen,True,17.0
d27dd6ae-17b4-4ce9-9230-82c33ff7203b,bolder industries,https://bolderindustries.com/,"Boulder, Colo.",,,,,,,False,
285294954,Bolt Earth,bolt.earth,"Bengaluru, India",,-15.5,Series C,20000000.0,others,Mohit Yadav (Cofounder): https://linkedin.com/in/mohit-yadv,True,169.0
161804265,Bond Pet Foods,bondpets.com,"Boulder, CO",,,,,,,False,
146842528,Boost Biomes,boostbiomes.com,"San Francisco, CA",,,,,,,False,
5b4cf615-753d-40d3-b548-9d6d8bd86c16,boston materials,,"Billerica, MA",,,,,,,False,
221a1279-9312-4942-a862-bdfdf66ebac2,boston metal,https://bostonmetal.com/,"Boston, Mass.",,,,,,,False,
95541a81-d511-4800-a6cf-5d88c5720cb1,bota bio,,"San Francisco, CA",,,,,,,False,
220461592,bound4blue,bound4blue.com,"Barcelona, Spain",,,,,,,False,
294827011,Bovotica,bovotica.com,"Brisbane, Australia",,,,,,,False,
224633397,Bower,getbower.com,"Stockholm, Sweden",,-32.26,Other,1871468.0,Orkla Ventures,Berfin Roza Mert (Co-founder & COO): https://linkedin.com/in/berfin-roza-mert,True,21.0
119216155,Bowery Farming,boweryfarming.com,"New York, New York",,-48.15,Debt,150000000.0,Lewis Hamilton,David Golden (Founder): https://linkedin.com/in/dagolden,True,112.0
151465766,BoxPower,boxpower.io,"Grass Valley, California",,21.05,Series A,6500000.0,Remarkable Ventures,Michele Nesbit (Co-Founder): https://linkedin.com/in/michele-nesbit-74a24a28,True,46.0
223371246,BrainBox AI,brainboxai.com,"Montreal, Canada",,-3.26,Series A,30000000.0,Desjardins Capital,Sean Neely (Chief Executive Officer & Co-Founder): https://linkedin.com/in/profileseanneely,True,208.0
201778539,Bramble Energy,brambleenergy.com,UK,,,,,,,False,
279363283,Branch Energy,branchenergy.com,"Houston, Texas",,6.67,Series A,10800000.0,Zero Infinity Partners,Alex Ince-Cushman (Chief Executive Officer): https://linkedin.com/in/alex-ince-cushman-9a32a729,True,16.0
ca6e2b90-3f2c-484c-8cdc-0774919bb007,brasol,,"São Paulo, Brazil",,,,,,,False,
55710ee0-17e3-4d63-8a64-a7d56634bbb5,braya renewable fuels,,"Dallas, TX",,,,,,,False,
8071ab91-1fd2-485f-ada7-5d9cec4aaf82,breakthrough energy ventures,https://www.breakthroughenergy.org/,,,,,,,,False,
8b2664d4-bce3-406f-9111-a26879c955a4,breathe battery technologies,,"London, UK",,,,,,,False,
23660780-3ae2-4b63-b179-f13f53bffa25,breega,,"Paris, France",,,,,,,False,
1692841,BreezoMeter,breezometer.com,"None, Israel",,-9.38,Series C,30000000.0,SeediL,Ziv Lautman (Co-Founder & CMO): https://linkedin.com/in/lautman,True,29.0
71466ea0-2e74-4328-9fbb-ce1baf444be7,brevel,,Tel Aviv,,,,,,,False,
262847693,Brickeye,brickeye.com,"Toronto, Canada",,,,,,,False,
9af9fc4f-5353-44e5-a62c-b83a37045796,bridgecrew,,"San Francisco, CA",,,,,,,False,
219799860,Bridger Photonics,bridgerphotonics.com,"Bozeman, Montana",,21.78,PPP Loan,350000.0,U.S. Small Business Administration.,Peter Roos (Chief Executive Officer): https://linkedin.com/in/peter-roos-66526510,True,123.0
1758752,BRIGHT,thinkbright.mx,"Mexico City, Mexico",,-17.46,Series C,31500000.0,Leonardo DiCaprio,Jonah Greenberger (Co Founder): https://linkedin.com/in/jonahgreenberger,True,208.0
105b17d2-582d-45b3-98ab-12942336b062,bright biotech,,UK,,,,,,,False,
204008108,Bright Machines,brightmachines.com,"San Francisco, CA",,,,,,,False,
1744172,Bright Power,brightpower.com,"New York, New York",,-6.94,Series B,24500000.0,BMO Impact Investment Fund,"Jeff Perlman (CEO, President & Founder): https://linkedin.com/in/jeffreyperlman",True,161.0
265021911,BrightAI,bright.ai,"San Francisco, California",,7.84,Seed,15000000.0,Upfront Ventures,Nathan Hanks (Cofounder): https://linkedin.com/in/nathanhanks,True,55.0
f0c44864-6f56-4a4f-bcb2-47aa928e076e,brightband,https://brightband.com/,San Francisco,,,,,,,False,
77640d99-080a-4b44-b331-653f108031e5,brightfarms,https://www.brightfarms.com/,"Irvington, NY",,,,,,,False,
fc77d743-7891-4ff5-9b41-941e2c0facb5,brightnight,,New York City,,,,,,,False,
0ac091c6-efe0-47a9-a51f-57ce0b753af6,brightseed,https://www.brightseedbio.com/,"San Francisco, CA",,,,,,,False,
284272959,Briink,briink.com,"Berlin, Germany",,0.0,Seed,3850000.0,EquityPitcher Ventures,Samuel King (Co-Founder & CTO): https://linkedin.com/in/samuel-king-a9b99ba2,True,17.0
f63a9396-d651-4338-93ff-5b61230cc65d,brill power,https://brillpower.com/,UK,,,,,,,False,
cd5566f2-e952-4573-925b-6c81857fa80b,brimstone energy,,"Berkeley, CA",,,,,,,False,
d3f99913-ec10-43a7-9fa9-bcd712cfaae7,brineworks,,"Amsterdam, Netherlands",,,,,,,False,
65c8d658-cae2-4b0e-85de-968aee062f21,bringly,https://bringly.nl/,"Amsterdam, Netherlands",,,,,,,False,
c406bd9c-0be2-405b-9fc6-a23f1d6208fc,brompton bicycle,https://www.brompton.com/,"London, UK",,,,,,,False,
78381ccc-1625-4b71-8c84-1fb62960a0d5,brookfield asset management,https://www.brookfield.com/,"Toronto, Canada",,,,,,,False,
02d092a0-54db-400e-b0fa-490a63138d03,brown foods,,"Delhi, India",,,,,,,False,
286985166,brudeli.no,brudeli.no,"Hokksund, Norway",,,,,,,False,
205530403,Budderfly,budderfly.com,"Shelton, Washington",,9.2,Debt,3000000.0,Edison Partners,,True,285.0
55152059-c7ee-4f75-bd88-27c7d08f6f3c,build to zero,,"Seville, Spain",,,,,,,False,
a92c9264-61c6-425d-9769-1d37a3c0c85c,buildforce,,Houston,,,,,,,False,
225563918,Buildings IOT,buildingsiot.com,"Concord, CA",,,,,,,False,
64f45226-e967-41e7-ab13-4a662923208f,buildops,https://www.buildops.com/,"Brooklyn, New York",,,,,,,False,
224025005,Buildots,buildots.com,"Tel Aviv-Yafo, Israel",,2.16,Series D,45000000.0,Poalim Equity,Roy Danon (CEO & Co-Founder): https://linkedin.com/in/roy-danon-a6329a111,True,237.0
292477434,BuildVision,buildvision.io,"Charleston, South Carolina",,133.33,Series A,10000000.0,Norwest Venture Partners,Christophe Prakash (Co-Founder & CTO): https://linkedin.com/in/christophe-prakash-063944bb,True,7.0
136306362,Built Robotics,builtrobotics.com,"San Francisco, California",,-8.33,Series C,64000000.0,Tiger Global,Juan Sebastian Jurado (Co-Founder & Vice President): https://linkedin.com/in/juansebastianjurado,True,33.0
155fb922-db1d-46d3-9dd6-9563f06bc5a4,bukukas,https://bukukas.co.id/,Indonesia,,,,,,,False,
288667105,"BurnBot,",burnbot.com,"South San Francisco, California",,23.81,Series A,20000000.0,Skip Capital,"Dr. Waleed S, ""Lee"" Haddad (CTO and Co-Founder): https://linkedin.com/in/dr-waleed-s-lee-haddad-5109b14",True,26.0
c7165bc4-5985-444a-b8c9-53d12c6cc9c9,butlr,https://www.butlr.com/,"Burlingame, CA",,,,,,,False,
263576937,buynomics,buynomics.com,"Cologne, Germany",,-10.47,Series B,30000000.0,Dvh Ventures,Ingo Reinhardt (Founder & Managing Director): https://linkedin.com/in/ingoreinhardt,True,77.0
e904d134-3e5e-4761-b042-cc4cfc86754e,buzz solutions,https://buzzsolutions.com/,"Palo Alto, U.S.",,,,,,,False,
289617268,BXB Technologies Pty,bxbtech.com.au,"London, UK",,,,,,,False,
284372319,Biosphere Ventures,bxventures.com,"New York, NY",,,,,,,False,
288311246,Bybug,bybug.io,"La Serena, Chile",,0.0,,1457325.0,,Jose Del Solar Bou (CEO & founder): https://linkedin.com/in/jose-del-solar-bou-208465200,True,17.0
1587611,BYD Company,byd.com,"Shenzhen, China",,11.83,Public Markets,5590000000.0,Hillhouse Capital,,True,1957.0
1621921,Bynd Venture Capital,bynd.vc,Lisbon,,18.18,Investment Fund,42870000.0,,João Costa (Founder and Partner): https://linkedin.com/in/costsavingsexpert,True,13.0
263717203,ZEOS straw,bzeos.com,"Oslo, Norway",,,,,,,False,
d1a0e80a-f699-4737-b6ab-428a12b63ba5,c-capture,https://www.c-capture.co.uk/,"Leeds, UK",,,,,,,False,
262865736,C-Crete Technologies,ccretetech.com,"San Leandro, CA",,,,,,,False,
3bbca01f-07a5-4741-a52c-b5f8ef11f789,c-zero,,"Santa Barbara, CA",,,,,,,False,
f1e48cdf-a009-4a92-90b2-92d1cc0b0387,c1 green chemicals,,"Berlin, Germany",,,,,,,False,
2822c2ea-d078-4195-a459-0fe9a8d987d6,c1 green chemicals ag,,"Berlin, Germany",,,,,,,False,
164008636,C16 Biosciences,c16bio.com,"New York, New York",,-12.12,Other,1000000.0,Bill and Melinda Gates Foundation,David Heller (Co-Founder and Bioprocess Engineer): https://linkedin.com/in/david-heller-343981b2,True,29.0
0b57413e-b131-4ef2-ad36-bf04a4add185,c2ca technology,,"Utrecht, Netherlands",,,,,,,False,
485a5431-8d8c-4e3b-8bfd-6f0dd9ee30b9,caban energy,,"Plano, TX",,,,,,,False,
198218482,Caban Systems,cabansystems.com,"Burlingame, California",,-5.0,Series B,51000000.0,Ontario Power Generation Pension Fund,Naji B. (Co-Founder & Chief Commercial Officer): https://linkedin.com/in/naji-barnes-mcfarlane,True,76.0
097d203d-b476-4446-993d-32100fc50b24,cache energy,,"Champaign, IL",,,,,,,False,
78861665-b7a8-4f9b-abe3-c75410856e5d,cactos,https://cactos.fi/,"Helsinki, Finland",,,,,,,False,
2ba1019e-f03b-4221-844f-3de24d952491,cadstrom,https://cadstrom.com/,Montréal,,,,,,,False,
287046995,Caeli Wind,caeli-wind.de,"Berlin, Germany",,54.55,Series A,11000000.0,existing investors,,True,68.0
1391c251-6dd3-40db-9ff4-c862b4f4a3c7,caelux corporation,,"Pasadena, CA",,,,,,,False,
3a5a00ac-173e-4f6c-8232-bf4eb0c18b3b,cala systems,,"Somerville, MA",,,,,,,False,
293412464,Caladan Bio,caladan.bio,"New York, New York",,60.0,Seed,5000000.0,Ritual Capital,,True,8.0
294663490,Calectra,calectra.com,"Oakland, California",,50.0,,413100.0,,,True,3.0
93f2de0e-d839-4fa8-86cf-ded221612143,calice,,"Buenos Aires, Argentina",,,,,,,False,
281893275,California Cultured,cacultured.com,"Davis, CA",,,,,,,False,
27926748,Calumino,calumino.com,"Sydney, Australia",,,,,,,False,
c1af2d4f-9e30-4005-be1a-f43bb608d418,calysta,,"San Mateo, CA",,,,,,,False,
70a5a5bc-66d7-448b-b343-b768eb810bdf,calyxia,https://calyxia.com/,"Bonneuil-sur-Marne, France",,,,,,,False,
262399058,Cambium Carbon,cambiumcarbon.com,"Washington, District of Columbia",,39.13,Series A,18500000.0,VoLo Earth Ventures,Theo Hooker (Co-Founder / COO): https://linkedin.com/in/theo-hooker,True,32.0
a7ae84e4-611c-42aa-989e-a2465ffd8d71,cambridge electric cement,https://cambridgeelectriccement.com/,United Kingdom,,,,,,,False,
ace8d8db-14ea-4437-b2c9-ea58a86f60cf,cambridge electrical cement,,"Cambridge, England",,,,,,,False,
223170859,Cambridge GaN Devices,camgandevices.com,U.K.,,,,,,,False,
7b48e339-03f6-485a-8e9c-a619b2683c44,cambrium,,"Berlin, Germany",,,,,,,False,
136361965,Campbell Global,campbellglobal.com,,,,,,,,False,
220277026,Camus Energy,camus.energy,"San Francisco, California",,-21.21,Series A,10000000.0,Remarkable Ventures Climate fund (RVC),Cody Smith (CTO and Cofounder): https://linkedin.com/in/cacosmi,True,26.0
9af8b88f-34c5-458a-ac25-21b202c16999,canadian solar,https://www.canadiansolar.com/,"Guelph, Canada",,,,,,,False,
49a53c77-f5ff-45b3-8db3-06df18112598,cancrie,,"Jaipur, India",,,,,,,False,
6c3ca4bb-044c-4850-88b8-027e697ebad9,canoo,,Southern California,,,,,,,False,
7b528c02-84a8-4048-8179-0f90070bac0d,capagro,,"Paris, France",,,,,,,False,
288401411,Capalo AI,capaloai.com,"Kuopio, Finland",,10.0,Seed,3800000.0,Inventure,Henri Taskinen (Chief Executive Officer): https://linkedin.com/in/henri-taskinen-489931231,True,22.0
289555947,CapeZero,capezero.com,"New York, New York",,50.0,Seed,2600000.0,Stepchange,Manish Hebbar (Founder): https://linkedin.com/in/mmh78,True,12.0
91ed9387-b19f-43ef-bbc7-28e4eee25023,capow,,"Be’er Sheva, Israel",,,,,,,False,
279042478,Capra Robotics,capra.ooo,"Viby J, Denmark",,,,,,,False,
5e075eeb-b368-4a54-981f-ea236243e5df,captain fresh,https://captainfresh.com/,"Bengaluru, India",,,,,,,False,
ccdad9e4-f992-430b-8352-b4ae45c70189,captiva containers,,"Miami, FL",,,,,,,False,
285917084,CAPTOPLASTIC S.L.,captoplastic.com,"Vicálvaro, Spain",,,,,,,False,
285527226,Captura,capturacorp.com,"Pasadena, California",,17.65,Series A,45300000.0,Department of Energy,CX Xiang (Co-Founder): https://linkedin.com/in/chengxiangxiang,True,60.0
285197051,Capture6,capture6.org,"Berkeley, California",,-12.5,Series A,27500000.0,Third Derivative,Luke Shors (Co-Founder): https://linkedin.com/in/luke-shors-7289875b,True,28.0
27c28d34-a5b6-4739-922e-39257185260f,car iq,,"Oakland, CA",,,,,,,False,
9d0fe927-cc6e-4fca-a29b-4554a36c7787,carbios,,"Clermont-ferrand, France",,,,,,,False,
6c46fbf3-a485-41c7-8372-de515bf673d3,carbmee,https://www.carbmee.com/,Berlin,,,,,,,False,
4036ce2f-34ab-4abb-841d-6793f54b2381,carbo culture,, ,,,,,,,False,
224663423,Carbogenics,carbogenics.com,"Edinburgh, United Kingdom",,,,,,,False,
263708702,Carbominer,carbominer.com,"Kyiv, Ukraine",,,,,,,False,
476e559f-a73c-4601-8068-1b9cc7be3fa2,carbon america,https://www.carbonamerica.com/,"Arvada, Colo.",,,,,,,False,
278653667,Carbon Capture,carboncapture.com,"Pasadena, California",,-1.52,Series A,80000000.0,Idealab Studio,Bill Gross (Founder and Chairman): https://linkedin.com/in/billgrossidealab,True,65.0
50af0054-56f2-4142-9e9a-450bc87bc2b2,carbon capture scotland,,"Crocketford, United Kingdom",,,,,,,False,
263336895,Carbon Clean Solutions,carbonclean.com,"London, United Kingdom",,10.75,Series C,150000000.0,Marubeni Corporation,Klara Svad (Head of CEO Office): https://linkedin.com/in/klarasvad,True,206.0
a6257674-8edf-4f26-a7ea-3d2471f3fda0,carbon counts,,"Cambridge, MA",,,,,,,False,
279259480,Carbon Direct,carbon-direct.com,"New York, New York",,9.22,Other,60000000.0,BlackRock,Jonathan Goldberg (Chief Executive Officer): https://linkedin.com/in/jonathan-goldberg-941b27126,True,154.0
263412926,Carbon Equity,carbonequity.com,"Amsterdam, Netherlands",,36.96,Investment Fund,114988650.0,4impact,Liza Rubinstein Malamud (Co-founder ◆ Head of Impact): https://linkedin.com/in/liza-rubinstein-malamud,True,63.0
647a5ef5-ad4d-4e31-ad7c-16fcc24db53d,carbon free energy cloud,,"San Francisco, CA",,,,,,,False,
289471086,Carbon Maps - Climate Management Platform for the Food Industry,carbonmaps.io,"Lille, France",,-9.09,Seed,7600000.0,Samaipata,Jérémie Wainstain (Head of Science - co-founder): https://linkedin.com/in/jeremie-wainstain,True,20.0
280878752,Carbon Neutral Club,carbonneutralclub.com,"Toronto, Canada",,,Seed,1021688.0,Good News Ventures,,True,3.0
fda768aa-2136-491a-9fb6-f6c93ac2ff52,carbon recycling international,https://carbonrecycling.is/,"Reykjavík, Iceland",,,,,,,False,
282930849,Carbon Reform,carbonreform.com,"Newark, DE",,,,,,,False,
268111556,Carbon Relay,carbonrelay.com,"Boston, MA",,,,,,,False,
d4b12cb0-bdda-4a06-b6e0-f9656c13b198,carbon ridge,,"Los Angeles, CA",,,,,,,False,
278312332,Carbon Robotics,carbonrobotics.com,"Seattle, Washington",,19.26,Series D,70000000.0,NVentures,Paul Mikesell (Founder / CEO): https://linkedin.com/in/paul-mikesell-4b63a9,True,161.0
154901180,Carbon Upcycling Technologies Inc.,carbonupcycling.com,"Calgary, Canada",,-4.08,Series A,26000000.0,Clean Energy Venture Group,Apoorv Sinha (Chief Executive Officer): https://linkedin.com/in/apoorv-sinha-b82918a,True,47.0
263710401,Carbon13,carbonthirteen.com,"Cambridge, United Kingdom",,11.65,Seed,2200000.0,family offices,,True,278.0
282950858,carbonABLE,carbonable.io,"Paris, France",,-4.65,Seed,1200000.0,Ethereal Ventures,Ramzi Laieb (co-founder): https://linkedin.com/in/rmzlb,True,82.0
290113996,Carbonaide,carbonaide.com,"Joensuu, Finland",,,,,,,False,
286124122,Carbonaires,carbonaires.com,"London, United Kingdom",,5.56,,,,Martyn Porter (Co-Founder and Partner): https://linkedin.com/in/martyn-porter-42607311,True,19.0
cdf4235a-3843-401e-ba2c-c6892d1d6522,carbonblue,,"Tel Aviv, Israel",,,,,,,False,
280233603,CarbonBuilt,carbonbuilt.com,"Los Angeles, California",,-16.67,Series A,10000000.0,Grantham Environmental Trust’s Neglected Climate Opportunities,"Gaurav N. Sant (Founder, CTO, Director): https://linkedin.com/in/gaurav-n-sant-0497a58",True,20.0
263315448,CarbonCloud,carboncloud.com,"None, Sweden",,-13.51,Series A,7500000.0,Maki VC,Andreas Vrålstad (Co-Founder): https://linkedin.com/in/andvra,True,32.0
dd3234c7-3c14-4afb-9e14-686a26aab83d,carboncycle,,"Irving, TX",,,,,,,False,
611ad245-eaa9-47f1-a1dd-0622a9d8e2a4,carbonethics,,"Jakarta, Indonesia",,,,,,,False,
dd4366fc-634c-42cb-8e20-4e5b1fa0978d,carbonfact,https://carbonfact.org/,Paris,,,,,,,False,
267258418,carbonfuture,carbonfuture.earth,"Freiburg, Germany",,0.0,Series A,,SIX,Andreas Hölzl (Co-founder and COO at carbonfuture.earth): https://linkedin.com/in/andreas-h%C3%B6lzl-90a81a6a,True,52.0
283797430,carbonhound,carbonhound.com,"Toronto, Canada",,11.11,Seed,972901.0,VERDEXUS,Kyri Vanguard (CTO & Founder): https://linkedin.com/in/kyrivanguard,True,10.0
147496524,CarbonOrO,carbonoro.com,"Nijmegen, Netherlands",,,,,,,False,
6f4e527d-db3e-47ac-8ebc-dea429fc14da,carbonova,https://www.carbonova.com/,"Calgary, Canada",,,,,,,False,
288841093,Carbonplace,carbonplace.com,"London, United Kingdom",,-11.76,Seed,45000000.0,Ita Unibanco,Scott Eaton (Chief Executive Officer): https://linkedin.com/in/scott-eaton-4993b9a,True,30.0
64801513-965a-4dc5-9872-4adfa3eb7d62,carbonquest,https://carbonquest.com/,"Spokane, WA",,,,,,,False,
ab3af72c-a6e8-4327-b20b-719ceae88f54,carbonrun,,"Nova Scotia, U.S.",,,,,,,False,
163302028,CarbonScape,carbonscape.com,"Riverlands, New Zealand",,,,,,,False,
048752f1-3dfc-4476-a76d-00595d573b88,carbonstop,https://www.carbonstop.com/,China,,,,,,,False,
284900404,"Carbonwave - ultra-regenerative, plant-based, advanced biomaterials from seaweed.",carbonwave.com,"Carolina, Puerto Rico",,-2.7,Series A,5000000.0,Mirova1,Geoff Chapin (Chief Executive Officer): https://linkedin.com/in/geoff-chapin-98a186164,True,36.0
301421423,CarbonZero.ECO,carbonzero.eco,"Los Altos, CA",,,,,,,False,
268272451,Carbyon,carbyon.com,"Eindhoven, Netherlands",,,,,,,False,
a96869ae-eba7-4b76-bedf-b5ee4d075e5d,cargoroo,,Netherlands,,,,,,,False,
290581436,Cariqa,cariqa.com,"Berlin, Germany",,50.0,Seed,4000000.0,Anthemis Female Innovators Lab,Tamara Ciullo (Co-Founder): https://linkedin.com/in/tamara-ciullo-3a1194131,True,6.0
cc4fbb87-575a-43bb-9760-515a2770b45d,carpecarbon,,"Torino, Italy",,,,,,,False,
263113801,cartken,cartken.com,"Oakland, CA",,,,,,,False,
06c1537b-8461-438a-aa67-2ed37dc56eb5,cascade biocatalysts,https://www.cascadebiocatalysts.com/,"Brooklyn, NY",,,,,,,False,
224611591,CAST.AI,cast.ai,"Miami, Florida",,23.94,Series B,35000000.0,unnamed existing investors,Einaras V. (Co-Founder): https://linkedin.com/in/techceocalifornia,True,233.0
9f6c5edc-9819-4c1f-b10f-b5ddbe51a060,catalera biosolutions,,"Vancouver, Canada",,,,,,,False,
278627162,website,catalyxxinc.com,"Chesterfield, MO",,,,,,,False,
15b6deb0-13cd-452d-8f6c-36833acc11b1,catchfree,,"Zurich, Switzerland",,,,,,,False,
a686e192-ae09-4b4f-9976-f58f273d718b,catchwise,,"Oslo, Norway",,,,,,,False,
301378264,Category Ventures,categoryvc.com,San Francisco,,,,,,Alberto Peisach (Chief Executive Officer): https://linkedin.com/in/alberto-peisach-737796238,True,2.0
289962716,Cauldron,cauldronferm.com,"Borenore, Australia",,0.0,Other,2800000.0,Horizons Ventures,Larry Li (Co-founder and CEO): https://linkedin.com/in/larryli,True,19.0
3d96c2c9-84cc-49c4-a8a1-bf2a266edcf1,cauldron ferm,https://cauldronferm.com/,"Orange, Australia",,,,,,,False,
301831412,Causal Labs,getcausal.ai,"San Francisco, California",,,Seed,6000000.0,Kindred Ventures,,True,1.0
8a7890ff-88cc-462c-828d-38d5c7df5cec,cavela,https://www.cavela.com/,"San Francisco, Calif.",,,,,,,False,
204006828,Caveonix,caveonix.com,"Falls Church, Virginia",,-6.12,Series A,7300000.0,other early investors,"Kaus Phaltankar, CISSP (CEO and Co-Founder): https://linkedin.com/in/kaus-phaltankar-cissp-b3b3254",True,46.0
263223055,Cavnue,cavnue.com,"Washington, District of Columbia",,-19.0,,135611550.0,,Kathy Vences (Deputy Chief of Staff to the CEO and Co-Founder): https://linkedin.com/in/kathy-vences-8319439a,True,81.0
279273713,Cecil,cecil.earth,"Sydney, Australia",,-18.75,Seed,1600000.0,Global Founders Capital,Alex Logan (Co-Founder): https://linkedin.com/in/alex-logan-43617971,True,13.0
284715704,CEEZER,ceezer.earth,"Berlin, Germany",,18.6,Series A,11200000.0,HV Capital,Jan Oltmanns (Co-Founder & Chief Impact Officer): https://linkedin.com/in/jan-oltmanns-330373a3,True,51.0
290876746,Ceibo,ceibo.tech,"Santiago, Chile",,2.7,Series B,30000000.0,Pincus Green,Cristóbal Undurraga (CEO): https://linkedin.com/in/cristobalundurraga,True,76.0
8a8c35ac-ebb0-420a-828c-6817419f0c3f,celadyne,https://www.celadyne.com/,"Chicago, Ill.",,,,,,,False,
c7f0e467-d8f1-4c1b-9dad-76d2540d1301,celest science,,"Paris, France",,,,,,,False,
281147992,Celestial AI,celestial.ai,"Santa Clara, CA",,,,,,,False,
5ea91c2a-047a-4b84-93c3-c78008425725,celigo,https://www.celigo.com/,"San Mateo, California",,,,,,,False,
289545538,Celleste Bio,celleste-bio.com,"Misgav, Israel",,28.57,Seed,4500000.0,SnackFutures Ventures,Michal B. (Chief Executive Officer): https://linkedin.com/in/michal-b-11136130,True,9.0
285875682,Cellfion,cellfion.se,Sweden,,,,,,,False,
285051354,Cellink,cellinktechnologies.com,"San Carlos, California",,-1.74,Series D,250000000.0,"T. Rowe Price Associates, Inc.",Malcolm Brown (Co-founder and VP Engineering): https://linkedin.com/in/malcolm-brown-06986121,True,113.0
263065102,CellMEAT,thecellmeat.com,South Korea,,,,,,,False,
293836993,CellMine,cellmine.co.uk,"Livingston, UK",,,,,,,False,
c57f43e7-d79b-4c27-91fe-28a2f21434c9,cellqua,,"Songnam, South Korea",,,,,,,False,
5989116a-cff6-466b-a1fb-440a570a3e00,cellva ingredients,,"São Paulo, Brazil",,,,,,,False,
0284b26a-7dff-4f95-b40d-b2e00d5af255,cemvision,,"Nybro, Sweden",,,,,,,False,
161878593,Cemvita Factory Inc.,cemvitafactory.com,"Houston, TX",,,,,,,False,
d1f8e037-557b-422f-887f-7f5295f8c5da,cervest,,U.K.,,,,,,,False,
285883002,Cetogenix,cetogenix.co.nz,New Zealand,,,,,,,False,
eb86c0d7-c93f-4128-8483-bd10a935c6b1,cf pathways,,UK,,,,,,,False,
263365518,CH4 Global,ch4global.com,"Henderson, Nev.",,,,,,,False,
197497418,Chain.io,chain.io,"Philadelphia, Pennsylvania",,-13.51,Series A,11000000.0,Waybury Capital,Brian Glick (Founder / CEO): https://linkedin.com/in/briansglick,True,32.0
f08e8081-b51f-4210-8c2b-47faca541a86,chaincraft,,Netherlands,,,,,,,False,
310ac52d-3d36-40a7-b77e-f38e10c91ba8,chainguard,https://chainguard.dev/,"Kirkland, Wash.",,,,,,,False,
f0f25811-8c0e-435f-ad7b-a09db7179454,change foods,https://www.changefoods.com/,"Palo Alto, CA",,,,,,,False,
122028741,char.gy,char.gy,London,,,,,,,False,
506df315-7b5d-4fd1-bba6-4b32760d98e6,charbone hydrogen,,"Brossard, Canada",,,,,,,False,
33e7f66d-3177-47de-9a44-bba7e99ea8f5,charge amps,https://chargeamps.com/,"Solna, Sweden",,,,,,,False,
225005307,CHARGE+ZONE,chargezone.co,"Vadodara, India",,-3.54,Seed,3000000.0,Keiretsu Forum,Sameer Zumbarlal Baldota (CEO OFFICE Business Consultant & Principal Engineer): https://linkedin.com/in/sameerbaldota,True,109.0
06fc5d24-bd5a-45c8-b8f6-24602b86ed69,chargeeuropa,https://chargeeuropa.com/,"Warsaw, Poland",,,,,,,False,
292002202,ChargeLab,chargelab.co,"Toronto, Canada",,-1.39,Series A,15000000.0,Maple VC,Zak L. (CEO): https://linkedin.com/in/zaklefevre,True,71.0
ad5a6960-bd6b-4028-9c74-49bcadc9a8e1,chargenet,,"San Francisco, CA",,,,,,,False,
2178638,ChargePoint,chargepoint.com,"Campbell, California",,-12.12,Public Markets,150000000.0,Chevron,🍌 Luke Grana (Founder & CEO): https://linkedin.com/in/lukegrana,True,1436.0
262541248,ChargerHelp!,chargerhelp.com,"Los Angeles, California",,0.0,Series A,17500000.0,non sibi ventures,Kameale C. Terry (Co-Founder & CEO): https://linkedin.com/in/kamealecterry,True,53.0
133415148,Chargetrip,chargetrip.com,"Amsterdam, Netherlands",,11.9,Series A,10000000.0,Vindeggen,Gideon van Dijk (Founder and CEO): https://linkedin.com/in/gideonvd,True,47.0
aa64986c-ed2d-4bc1-a9b8-19d32d54db67,chargeup,,India,,,,,,,False,
200338323,ChargeX,chargex.de,"Munich, Germany",,-21.67,Series B,11500000.0,Energie 360°,Matthias Zimmermann (Interim CEO): https://linkedin.com/in/fit4growth,True,47.0
162556649,Charm Industrial,charmindustrial.com,"San Francisco, California",,-14.1,Series B,100000000.0,Exor Ventures,"Kevin Meissner (Co-Founder, CTO): https://linkedin.com/in/kevin-meissner-a79a5614",True,67.0
293271337,CHASM Advanced Materials,chasmadvancedmaterials.com,"Canton, MA",,,,,,,False,
90814a9c-755c-4b46-a524-79029813bda8,checkerspot,,"Berkeley, CA",,,,,,,False,
220008594,CheckSammy,checksammy.com,"Surrey, Canada",,0.0,Debt,,Zero Infinity Partners,"Sam S. (Co-founder, CEO): https://linkedin.com/in/sam-s-601b1416b",True,132.0
221231066,Cheesecake Energy,cheesecakeenergy.com,UK,,,,,,,False,
284311811,Chemix,chemix.ai,"Sunnyvale, California",,9.52,Series A,20000000.0,Porsche Ventures,"Kaixiang Lin, Ph.D. (Co-founder and CEO): https://linkedin.com/in/kaixianglin",True,23.0
c2c2e7bb-bbfe-48f6-9495-fcbf10b7d5b8,cherry street energy,https://www.cherrystreetenergy.com/,"Atlanta, GA",,,,,,,False,
285736060,Chestnut Carbon Solutions,chestnutcarbon.com,"New York, New York",,60.0,Series B,160000000.0,others,,True,16.0
224164844,Chilibeli,chilibeli.com,Indonesia,,,,,,,False,
263066682,Chilye,chilye.com,China,,,,,,,False,
17375267,Chooch AI,chooch.ai,"San Francisco, CA",,,,,,,False,
132898734,CHOOOSE,chooose.today,"Oslo, Norway",,0.0,Series A,13800000.0,Aston Kutcher’s firm,,True,70.0
6747202a-8ad3-4146-8210-260814a36a90,chopvalue,https://chopvalue.com/,"Vancouver, Canada",,,,,,,False,
224694804,ChopValue Manufacturing,chopvalue.com,"Vancouver, Canada",,,,,,,False,
806b22fd-37c7-4806-b97c-ef2a2b7a8c78,chorus.ai,,"San Francisco, CA",,,,,,,False,
286238483,Chroma,trychroma.com,"San Francisco, California",,38.46,Seed,18000000.0,Quiet Capital,Anton Troynikov (Founder): https://linkedin.com/in/antontroynikov,True,18.0
223654304,Chromologics,chromologics.com,"Søborg, Denmark",,,,,,,False,
55cbde4c-0c24-4073-a670-932bea837ed5,chronosphere,,New York,,,,,,,False,
146843828,ChrysaLabs,chrysalabs.com,"Montréal, Canada",,,,,,,False,
1e162a71-0767-403b-9497-288deda5b238,cibus capital,,"London, U.K.",,,,,,,False,
f36995fe-fa90-4558-ac4b-100df4ad0712,cimico,,"Donostia-San Sebastian, Spain",,,,,,,False,
293045261,CinSOIL,cinsoil.eu,"Berlin, Germany",,,,,,,False,
61460fa1-126a-455c-992c-0f44bce63ec9,cintoo,https://www.cintoo.com/,"Biot-Sophia Antipolis, France",,,,,,,False,
290275773,Cirba Solutions,cirbasolutions.com,"Charlotte, USA",,,,,,,False,
2164403,Circadian Technologies,circadian.com.au,"Berlin, Germany",,,,,,,False,
1568199,Circonus,circonus.com,"North Laurel, Maryland",,0.0,Series B,10000000.0,NewSpring Capital,Bob Moul (CEO): https://linkedin.com/in/bobmoul,True,14.0
845483a9-41d1-4c19-9fe3-7c7a7ab9cf35,circtec,https://www.circtec.com/,"London, U.K.",,,,,,,False,
283922670,Circu Li-ion,circuli-ion.com,"Mondercange, Luxembourg",,-9.76,Seed,8500000.0,company’s management team,Dr. Xavier Kohll (Co-founder & CTO): https://linkedin.com/in/xako,True,37.0
292783223,Circuland,circuland.co.uk,"London, United Kingdom",,100.0,,820692.0,,Anastasia Stella (Co-Founder): https://linkedin.com/in/anastasiastella,True,4.0
278518895,Circular Brain,circularbrain.io,"Jundiaí, Brazil",,,,,,,False,
286516740,Circular.co,circular.co,"San Francisco, California",,0.0,Series A,10500000.0,Maniv,"Ian Arthurs (CEO, Founder): https://linkedin.com/in/ianarthurs",True,14.0
94677378,Circularise,circularise.com,"The Hague, Netherlands",,16.67,Series A,11000000.0,4impact capital,Jordi de Vos (Founder): https://linkedin.com/in/jordirobertdevos,True,56.0
162563737,Circulate Capital,circulatecapital.com,,,10.26,,106000000.0,Dow,,True,43.0
94d61678-4649-4417-82f3-981b007cdd15,circulor,https://www.circulor.com/,London,,,,,,,False,
223993134,Circunomics,circunomics.com,"Mainz, Germany",,14.81,,33500000.0,Orlen VC,"Patrick Peter (Founder, CEO): https://linkedin.com/in/patrick-peter-digital",True,31.0
1630674,Citrine Informatics,citrine.io,"Redwood City, California",,-17.39,Series C,16000000.0,ISAI Cap Venture,Tom Frederick (Senior Advisor to CEO and Board): https://linkedin.com/in/tom-frederick-18479379,True,57.0
291689529,Citroniq,citroniq.com,Houston,,,,,,,False,
d3dc2c48-0fb6-443d-8257-43c0df67d972,civ robotics,,"San Francisco, CA",,,,,,,False,
289563439,Clairity Technology,clairitytech.com,"Los Angeles, CA",,,,,,,False,
ad8fe209-7895-4274-82c3-83a41f5bd7ed,clarity ai,,"New York, USA",,,,,,,False,
78855408,Clarity Movement,clarity.io,"Berkeley, California",,0.0,,9600000.0,SOSV’s HAX program,Hannah Laura Hagen (Co-founder): https://linkedin.com/in/hannah-laura-hagen-5544914a,True,24.0
1701366,Clarke Valve,clarkevalve.com,"North Kingstown, RI",,,,,,,False,
6750dd8b-0baf-4a23-baca-778401af5d3a,claros technologies,https://www.clarostech.com/,"St. Paul, Minn.",,,,,,,False,
84842390,Claroty,claroty.com,"New York, New York",,18.67,Other,100000000.0,SoftBank Vision Fund 2,Galina Antova (Co-Founder & Chief Business Development Officer): https://linkedin.com/in/galinaantova,True,661.0
c2249ac3-f07f-473a-9127-0f57040029fc,class8,,"Toronto, Canada",,,,,,,False,
224037044,Clean Crop Technologies,cleancroptech.com,"Northampton, MA",,,,,,,False,
a75859cc-e581-450b-a1f6-c85b965101ee,clean electric,,"Pune, India",,,,,,,False,
291077167,Clean Energy Terminals - Offshore Wind Port Developer,cleanenergyterminals.com,"Valencia, CA",,,,,,,False,
4e6c2a83-45a8-4bff-9cb6-a1f6d6354159,clean energy ventures,,Boston,,,,,,,False,
dbae4bca-a5dd-4d8a-9b8e-27ba010e897f,clean food group,,"London, England",,,,,,,False,
284102945,Clean Kitchen Club,cleankitchen.club,UK,,,,,,,False,
290548188,CleanArc Data Centers,cleanarcdatacenters.com,"Austin, Texas",,112.5,,,Townsend Group,James Trout (Founder and Chief Executive Officer): https://linkedin.com/in/james-trout-74455a15,True,17.0
105406526,CleanCapital,cleancapital.com,"New York, New York",,-2.5,Other,500000000.0,Manulife Investment Management,Kevin Johnson (Co-Founder): https://linkedin.com/in/kevinjohnson1,True,78.0
113830926,CleanChoice Energy,cleanchoiceenergy.com,"None, None",,-10.69,,100000000.0,True Green Capital Management,Richard Graves (Chief Impact Officer and Co-founder): https://linkedin.com/in/richardgraves,True,142.0
118760142,CleanFiber,cleanfiber.com,"Buffalo, NY",,,,,,,False,
284941802,CleanJoule,cleanjoule.com,"Salt Lake City, USA",,,,,,,False,
8d629df8-8113-4b2d-ac50-79414bc2ac2d,cleanlab,,"San Francisco, CA",,,,,,,False,
a1f6322a-2441-4a10-bb96-58ce4f63a97f,cleano2 carbon capture technologies,,Canada,,,,,,,False,
2535013,CleanRobotics,cleanrobotics.com,"Longmont, CO",,,,,,,False,
91c8b1a2-c5b2-490c-bed8-b9557f458d28,clear current,,"Albuquerque, NM",,,,,,,False,
72801ac3-acb1-4797-9d71-641916464c19,clear labs,,"San Carlos, CA",,,,,,,False,
375490fe-22a2-4abf-b1b9-161e32659254,clearcogs,https://clearcogs.com/,"Chicago, IL",,,,,,,False,
291725052,ClearFlame Engine Technologies,clearflame.com,"Woodridge, IL",,11.0,Series B,30000000.0,Mercuria,,True,61.0
161857842,ClearFlame Engines,clearflameengines.com,"Geneva, Illinois",,-34.78,Other,,Department of Energy’s,"Julie Blumreiter (Co-founder, CTO): https://linkedin.com/in/julieblumreiter",True,30.0
72d95e25-6af1-4ff3-8466-ea4175d28671,clearleaf,https://clearleaf.com/,"San Pedro, Costa Rica",,,,,,,False,
291158614,Clearstory,clearstory.build,"San Francisco, California",,30.43,Series B,16000000.0,Cloud Apps Capital Partners,Cameron Page (CEO & Founder): https://linkedin.com/in/cameron-page-740aa722,True,60.0
265109117,ClearTrace,cleartrace.io,"Austin, Texas",,-3.33,Other,20000000.0,Exelon,"Jessica St. John, MBA (Senior Project Manager & Culture Team Co-Founder): https://linkedin.com/in/jessica-st-john-mba",True,29.0
286038505,Clevergy,clever.gy,"Madrid, Spain",,0.0,,1500000.0,Adrian Tuck,Juan López López (Founder & CTO): https://linkedin.com/in/juan-l%C3%B3pez-l%C3%B3pez-8483bb20,True,22.0
282503878,Cleyrop,cleyrop.com,"Paris, France",,-26.53,Series A,10000000.0,Normandie Participations,Jérôme Valat (Founder & CEO): https://linkedin.com/in/jerome-valat,True,36.0
816f23d7-7431-4fc7-8d82-43945a74a67f,clim8 invest,,UK,,,,,,,False,
9dc3fdb5-5992-43f0-8dad-08c5c64b4d81,climacell,https://www.climacell.co/,"Boston, USA",,,,,,,False,
ca2bb00c-8a17-4a82-a683-6cf438743703,climate alpha,,"Singapore, Singapore",,,,,,,False,
9a5a1175-0658-4c32-8be6-80768ee6d3a3,climate change crisis real impact i acquisition,,,,,,,,,False,
0a158f5d-e946-482a-abb6-19072b517392,climate policy radar,,"London, U.K.",,,,,,,False,
3e3e8ec7-0c56-4bfa-aa3b-fcf44a2a8aa9,climate tech partners,,"Sydney, Australia",,,,,,,False,
4c394bcf-3661-45c0-beb4-6d3cbfa41616,climate vault solutions,https://www.climatevault.com/,"Seattle, WA",,,,,,,False,
f0a3c1a7-bbbc-4d28-a7e7-3a35152d2a11,climate x,,UK,,,,,,,False,
224781425,ClimateAI,climate.ai,"San Francisco, California",,-33.33,Series B,22000000.0,Neotribe's Ignite fund,Maximilian Evans (Founder): https://linkedin.com/in/maximilian-evans-1b653770,True,52.0
288176210,Climate aligned,climatealigned.co,"London, United Kingdom",,0.0,Seed,1900000.0,Climate Vc,Aleksi Tukiainen (CEO & Co-Founder): https://linkedin.com/in/aleksi-tukiainen,True,12.0
57957f2b-82e6-46cb-9488-ff05b657fbfa,climatecamp,,"Antwerpen, Belgium",,,,,,,False,
224701373,ClimateTrade,climatetrade.com,"Aventura, Florida",,-31.58,Series A,7000000.0,SIX Group,,True,26.0
220956243,ClimateView,climateview.global,"Stockholm, Sweden",,-1.75,Other,15057280.0,NordicNinja,,True,56.0
281925225,Climatiq,climatiq.io,"Berlin, Germany",,0.0,Series A,10000000.0,Alstin Capital,Isis T. Baulig (Founder @ CTO): https://linkedin.com/in/isis-t-baulig-25b31820,True,27.0
244ff27e-20e7-4311-a25a-b48c5ec60ed2,climavision,https://climavision.com/,"Louisville, KY",,,,,,,False,
27d15e1e-a92f-417e-a012-7b820a1e2365,climax foods,,"Berkeley, CA",,,,,,,False,
224484457,ClimeCo,climeco.com,"Boyertown, Pennsylvania",,5.0,Other,50000000.0,The Heritage Group,Bill Flederbach (President and CEO): https://linkedin.com/in/bill-flederbach-bb5a143,True,105.0
d20a887e-cc7a-4075-9d32-0d66e4bf77d0,climes,,India,,,,,,,False,
1687905,Climeworks,climeworks.com,"Zürich, Switzerland",,1.63,Other,75000000.0,Zurich Cantonal Bank,Christoph Gebald (CEO & Founder): https://linkedin.com/in/christoph-gebald-59806b1b7,True,500.0
279286536,Cling Systems,clingsystems.com,"Stockholm, Sweden",,-41.38,,1813050.0,,,True,17.0
158344965,Clir Renewables,clir.eco,"Vancouver, Canada",,-23.33,Other,3169289.0,BDC Venture Capital,"Andrew Brunskill (Director of Data Science, Co-founder): https://linkedin.com/in/andrew-brunskill",True,46.0
490ee9fe-f49e-4cd5-82ae-15476d80100f,clobotics wind services,,"Esbjerg, Denmark",,,,,,,False,
15941685,Clockworks Analytics,clockworksanalytics.com,"Somerville, Massachusetts",,10.13,Other,16100000.0,SE Ventures,Stephen Samouhos (Co-Founder): https://linkedin.com/in/stephen-samouhos-a5a525172,True,87.0
285881652,Cloover,cloover.se,"Stockholm, Sweden",,,,,,,True,
263260413,Cloud Agronomics,cloudagronomics.com,"Boulder, Colorado",,,Seed,6000000.0,SineWave Ventures,,True,25.0
77dff612-0364-44e1-a369-d224c818400a,cloud paper,https://cloudpaper.co/,"Seattle, WA",,,,,,,False,
1541324,Cloudflare,cloudflare.com,"San Francisco, California",,8.66,Public Markets,1250000000.0,Qualcomm Ventures,,True,4290.0
1b9a1b83-a144-4dc7-884a-6fec21223fff,cloudline,,"Cape Town, South Africa",,,,,,,False,
206257708,Cloudtamer,cloudtamer.io,"Fulton, MD",,,,,,,False,
278231405,"CloudTruth, Inc.",cloudtruth.com,"Boston, MA",,,,,,,False,
e9fe4a5c-f863-437a-b3fe-0358397f6e01,cloudzero,,"Boston, Massachusetts",,,,,,,False,
296110040,Cloverleaf Infrastructure,cloverleafinfra.com,"Houston, Texas",,900.0,,300000000.0,Sandbrook Capital,,True,20.0
224117406,Cloverly,cloverly.com,"Atlanta, Georgia",,-21.05,Seed,2100000.0,SB Opportunity Fund,Anthony Oni (CEO): https://linkedin.com/in/anthonyoni,True,30.0
292527397,Clyde Hydrogen Systems,clydehydrogen.com,"Glasgow, Scotland",,,,,,,False,
ed8f2da0-92d8-4aa9-b9d1-28f8476a23e9,cmblu,,"Alzenau, Germany",,,,,,,False,
d6abf02b-4cfb-436f-8d24-2595c5e838ac,cmc machinery,,Italy,,,,,,,False,
286509271,CNaught,cnaught.com,"San Francisco, California",,44.44,Seed,2250000.0,angel investors,Steven Siger (Cofounder and COO/CLO): https://linkedin.com/in/stevensiger,True,13.0
d633aeef-a552-4010-82e1-737411b729c4,co-power,,"Munich, Germany",,,,,,,False,
288600252,CO2 AI,co2ai.com,"Paris, France",,13.21,Seed,12000000.0,Unusual Ventures,Charlotte Degot (Founder & Global Leader): https://linkedin.com/in/charlottedegot,True,60.0
799a3646-7368-489a-8b89-7390b91fe4c9,co2 lock,,"Vancouver, Canada",,,,,,,False,
301086137,Dude Robotics,cocorobotics.com,"Santa Monica, CA",,,,,,,False,
284234570,COCOLI,cocoli.com,"Berlin, Germany",,0.0,Seed,3000000.0,Helen Zeitoun,Gemma Comabella Noguero (Co-founder & CEO): https://linkedin.com/in/gemma-comabella-noguero-5043aa4a,True,23.0
164735654,CodeGreen Solutions,codegreensolutions.com,New York,,,,,,,False,
220141373,CodeSandbox,codesandbox.io,"Amsterdam, Netherlands",,,,,,,False,
284073364,Cofactr,cofactr.com,"New York, New York",,86.67,Series A,17200000.0,Bain Capital Ventures,"Matthew Haber (CEO, Co-Founder): https://linkedin.com/in/matthew-haber-374903184",True,28.0
163291458,Cognite,cognite.com,"None, Norway",,12.08,Series C,150000000.0,TCV,Fredrik Anfinsen (Co-Founder & Director Product Development): https://linkedin.com/in/fredrik-anfinsen-6186a697,True,640.0
464f7e20-cd22-4652-8450-e60192c41199,coiled,https://coiled.io/,New York,,,,,,,False,
e8e1ab9c-3fe4-454e-aede-2662b66d2a34,coinspect,https://www.coinspect.com/,"San Francisco, CA",,,,,,,False,
c6a7076d-4a34-430f-9ea8-703a049b9cb6,collab fund,,"New York City, U.S.",,,,,,,False,
132102975,CollectiveCrunch,collectivecrunch.com,"Espoo, Finland",,,,,,,False,
296110143,Collide,collide.io,"Houston, Texas",,,Seed,5000000.0,other oil and gas leaders,,True,23.0
278479483,Colorfix,colorfix.com.br,"Norwich, U.K.",,,,,,,False,
214000332,Colorifix,colorifix.com,"Norwich, UK",,,,,,,False,
bc8e0e09-b0e4-4d41-8687-662622bc9d89,colossal biosciences,,Dallas,,,,,,,False,
120599964,Columna Capital,columnacapital.com,"London, U.K.",,,,,,,False,
661ec86e-62a7-4774-b32b-e5f76bedf2d6,comet bio,,Canada,,,,,,,False,
b06174a6-ce41-495d-bd4c-965043c6d442,common energy,https://www.commonenergy.us/,New York,,,,,,,False,
263158191,Common Heir,commonheir.com,"Los Angeles, CA",,,,,,,False,
f5692d8d-cc7d-49dd-9aaf-75be8731e858,commonwealth fusion systems,https://cfs.energy/,"Cambridge, Mass.",,,,,,,False,
161872741,Compact Membrane Systems,compactmembrane.com,"Christiana Acres, Delaware",,0.0,PPP Loan,350000.0,U.S. Small Business Administration.,Erica Nemser (CEO): https://linkedin.com/in/ericanemser,True,39.0
3f6b1db2-ee8d-49a1-84d9-4a3b06973242,compagnie maritime monegasque,,"Rio de Janeiro, Brazil",,,,,,,False,
291064907,companion.energy -,companion.energy,"Ghent, Belgium",,37.5,,2100000.0,Übermorgen Ventures,,True,11.0
289440636,Complete Solaria,completesolaria.com,"Fremont, CA",,,,,,,False,
283343962,Compound Foods,compound-foods.com,"San Francisco, CA",,,,,,,False,
0dc7e3ef-ee36-4239-ab30-c1eb647e6dd3,concert bio,,UK,,,,,,,False,
224061650,Concourse Labs,concourselabs.com,"New York, NY",,,,,,,False,
284427486,Concrete4Change,concrete4change.com,"Nottingham, U.K.",,,,,,,False,
0e897c27-2e77-4941-99f8-1c6a40b01c4a,concretene,,"Manchester, UK",,,,,,,False,
264980282,Condoit.io,condoit.io,"Birmingham, Alabama",,-28.57,Seed,4250000.0,Overline,Ian Hoppe (Chief Executive Officer): https://linkedin.com/in/ian-hoppe-a619aa1a,True,10.0
79713012,Conflux Technology,confluxtechnology.com,"Waurn Ponds, Australia",,,,,,,False,
c666b847-7017-464f-a97b-c8412b24388f,congruent ventures,,"San Francisco, CA",,,,,,,False,
283267193,Connect Earth,connect.earth,"London, United Kingdom",,-11.11,Seed,5100000.0,Venista Ventures,Michał Trefler (Founder Associate): https://linkedin.com/in/micha%C5%82-trefler-150a991a3,True,24.0
a6a7ae43-d03c-4776-88f5-bb6498bdc5b5,connectder,https://www.connectder.com/,Philadelphia,,,,,,,False,
d3214b8c-516c-4a84-ae78-0e870ca5e5e6,connected energy,https://www.connectedenergy.com/,UK,,,,,,,False,
e255dba1-d11b-4b0a-b9ec-8d09101699d5,connecterra,https://www.connecterra.io/,Amsterdam,,,,,,,False,
278677787,Conry Tech,conrytech.com,"Melbourne, Australia",,,,,,,False,
bc3872a8-75c1-4924-b61b-827b12e4bb38,conservation labs,,"Pittsburgh, Pennsylvania",,,,,,,False,
5c1ca4b3-8d3f-440e-a4f9-042b1a41e9dd,conservation resources,https://www.conservationresources.com/,"Exeter, NH",,,,,,,False,
0b945427-4855-486f-84fc-f4bfda6c53d3,constellation energy,https://constellation.com/,"Baltimore, U.S.",,,,,,,False,
279598616,ConstellR,constellr.space,"Freiburg, Germany",,,Seed,10000000.0,EIT Food,Christian Williges (Co-Founder ConstellR): https://linkedin.com/in/christian-williges,True,25.0
a9162b9e-782b-404a-8b6b-8c69d851cc2a,contextual ai,,"Palo Alto, CA",,,,,,,False,
c2c5607b-91ef-45c2-bc04-31d2347fa8fc,continue ai,,New York,,,,,,,False,
dbccb0d2-b166-4fe2-8dea-31011d4e07a6,continuum ag,,"Washington, IA",,,,,,,False,
a452d19c-2fd1-4526-9945-0274bbe4780e,continuum green energy,,"Mumbai, India",,,,,,,False,
221928943,Controlled Thermal Resources US,cthermal.com,"Imperial, CA",,,,,,,False,
136351379,Cooks Venture,cooksventure.com,New York,,,,,,,False,
289949832,Coolset,coolset.com,"Amsterdam, Netherlands",,13.64,Seed,1500000.0,Horizon,David Sigley (Co-founder & CTO): https://linkedin.com/in/david-sigley-4a202353,True,25.0
293272032,COPELAND,copeland.com,"St. Louis, Missouri",,2.65,,3500000000.0,Blackstone,Ross B. Shuster (Chief Executive Officer): https://linkedin.com/in/ross-b-shuster-5b029230,True,3176.0
6a00f78e-1ee6-4151-bae0-928ce0e25f53,copenhagen infrastructure partners,,"Copenhagen, Denmark",,,,,,,False,
0f25e0e6-63fd-486a-8f21-d0c80c64f4cd,coperniq,,San Francisco,,,,,,,False,
2173786,Copper Labs,copperlabs.com,"Prescott, Arizona",,-40.0,Series C,2000000.0,Blue Bear Capital,Jeffrey Mathews (Founder / CTO): https://linkedin.com/in/jeffrey-mathews,True,9.0
223161881,Copperstone Technologies,copperstonetech.com,Canada,,,,,,,False,
163304867,Coral Vita,coralvita.co,"Freeport, Bahamas",,,,,,,False,
1670814,Coralogix,coralogix.com,"San Francisco, California",,23.39,Series E,115000000.0,others,Yoni Farin (CTO & Co-founder): https://linkedin.com/in/yoni-farin-97806874,True,422.0
117402df-04df-4e9f-a233-b770e7bb449b,core-power,,"London, UK",,,,,,,False,
263225806,CorePower Magnetics,corepowermagnetics.com,"Pittsburgh, Pennsylvania",,25.0,Other,20000000.0,Advanced Research Projects Agency-Energy,Michael G. Anness (Co-Founder): https://linkedin.com/in/mike-anness,True,15.0
381cf1ca-a287-4d4c-bd6a-baf7a4a21d34,coreshell,,"San Leandro, California",,,,,,,False,
290715331,Coreshell Technologies,coreshell.com,"San Leandro, California",,0.0,Series A,24000000.0,Entrada Ventures,Jonathan Tan (CEO + Co Founder): https://linkedin.com/in/jonathan-tan-89b82653,True,34.0
2b212da2-1dc0-4b9e-8023-05d10028b454,corestack,,"Bellevue, WA",,,,,,,False,
1558339,Corinex,corinex.com,"Vancouver, Canada",,-4.84,Other,30000000.0,Energy Growth Momentum,Peter Sobotka (CEO and Founder): https://linkedin.com/in/peter-sobotka-8a44754,True,59.0
223158888,Cornish Lithium,cornishlithium.com,"Penryn, United Kingdom",,,,,,,False,
1707556,CorPower Ocean,corpowerocean.com,Stockholm,,,,,,,False,
283683490,Correntics,correntics.com,"Zürich, Switzerland",,42.86,Other,1625315.0,Venture Kick,Gaudenz Halter (Co-Founder): https://linkedin.com/in/gaudenz-halter-99428a93,True,10.0
290648518,Cosmic Aerospace,cosmicaerospace.com,"Centennial, CO",,,,,,,False,
1368d5ed-3234-437b-8b6e-58d03c3e01e8,cosmic robotics,,"San Francisco, CA",,,,,,,False,
a93ba15c-ba88-4d7c-8e95-a49228849389,cosmos innovation,,"Singapore City, Singapore",,,,,,,False,
282091236,Cotierra,cotierra.com,"Zürich, Switzerland",,,,,,,False,
32112edf-418f-4e7e-b848-5b195bf76fdd,countable,https://www.countable.us/,"San Francisco, CA",,,,,,,False,
157665858,Covetool,cove.tools,"Atlanta, Georgia",,10.0,Series B,29999981.0,Urban Us,Daniel Chopson (Co-Founder): https://linkedin.com/in/daniel-chopson,True,143.0
e4f5b268-06a4-4741-89cc-36302f14f405,covercress,https://covercress.com/,"St. Louis, Missouri",,,,,,,False,
e0ce2141-71fc-4bde-8043-1f266932de99,cowboy clean fuels,https://www.cowboycleanfuels.com/,"Denver, CO",,,,,,,False,
263080510,COZERO,cozero.io,"Berlin, Germany",,27.66,Series A,6500000.0,Kvanted,Helen Tacke (Founder & MD): https://linkedin.com/in/helen-tacke-b44452115,True,60.0
e8b916e9-6002-4995-adac-9134516739ec,creandum,https://creandum.com/,"Stockholm, Sweden",,,,,,,False,
291459343,クレアトゥラ株式会社,creattura.com,Tokyo,,,,,,,False,
57c70b59-9ddd-43d6-8d29-9d43dcc37b1b,crehana,,"Mexico City, Mexico",,,,,,,False,
59147a63-0d17-4c4c-be8a-4cd281a46cd2,crew carbon,,Brooklyn,,,,,,,False,
201779729,Cribl,cribl.io,"San Francisco, California",,14.38,Series E,319000000.0,GIC,Esabel M. (Executive Business Partner to Chief Market Officer): https://linkedin.com/in/esabelm,True,867.0
338111e7-b978-4c32-9608-279471512269,critical venture partners,,"New York, New York",,,,,,,False,
01ef200d-0f5a-4e39-9029-e3b023665561,crobio,https://crobio.com/,"Macclesfield, U.K.",,,,,,,False,
6f6ceb81-31b0-437d-8374-6f6bfe459a7e,crop biome,https://cropbiome.com/,Ireland,,,,,,,False,
84842041,Crop Enhancement,crop-enhancement.com,"Cambridge, Massachusetts",,,,,,,False,
263536827,Crop.Zone,crop.zone,"Aachen, Germany",,,,,,,False,
b6c7f43f-f048-48c5-a2d5-e8b16011623b,cropx,https://www.cropx.com/,"Netanya, Israel",,,,,,,False,
98bb3923-172a-47a4-a07c-77c01b651d8b,crosstown h2r,,"Stuttgart, Germany",,,,,,,False,
f6becae3-09ee-42e8-b2c7-2e49d0fcd292,crstl,,"San Francisco, CA",,,,,,,False,
293598230,Crusoe,crusoe.ai,"Denver, Colorado",,61.87,Series D,600000000.0,Long Journey Ventures,,True,416.0
223159426,Crusoe Energy Systems,crusoeenergy.com,Denver,,11.0,Series C,350000000.0,KCK Group,Cully Cavness (President and Co-Founder): https://linkedin.com/in/ccavness,True,238.0
223159426,Crusoe Energy Systems,crusoeenergy.com,"Denver, CO",,11.0,Series C,350000000.0,KCK Group,Cully Cavness (President and Co-Founder): https://linkedin.com/in/ccavness,True,238.0
288138979,Crux,cruxdata.com,"New York, New York",,-6.25,Series B,50000000.0,Goldman Sachs Asset Management,William Freiberg (Chief Executive Officer): https://linkedin.com/in/william-freiberg-02034850,True,90.0
204069145,Crux OCM,cruxocm.com,"Calgary, Canada",,16.67,Series A,17000000.0,Raven Indigenous Capital Partners,"Vicki Knott, P.Eng (CEO and Co-Founder): https://linkedin.com/in/vicki-knott-p-eng-00b0ab27",True,42.0
136307457,Cruz Foam,cruzfoam.com,"Santa Cruz, CA",,,,,,,False,
53f254ea-d98c-4b97-9057-baa294f91b81,ctc conductors,,"Irvine, CA",,,,,,,False,
224850086,CTC Global,ctcglobal.com,"Irvine, California",,2.6,Other,,Greenbelt Capital Partners,,True,197.0
293411939,Sightline Climate (CTVC),sightlineclimate.com,"Scarsdale, New York",,37.5,Seed,5500000.0,Red Sea Ventures,Kimberly Zou (Co-founder): https://linkedin.com/in/kimberly-zou-a6081b110,True,44.0
401046c6-10a2-4c09-b45b-8efea6782268,cube dev,, ,,,,,,,False,
1812641,Cuberg,cuberg.net,"San Leandro, California",,-70.5,Seed,,,Mauro Pasta (Co-Founder): https://linkedin.com/in/mauropasta,True,59.0
282712850,CubicPV,cubicpv.com,"Bedford, MA",,,,,,,False,
284964298,Cultimate Foods,cultimatefoods.com,"Berlin, Germany",,,,,,,False,
291727756,Cultivated Biosciences,cultivatedbio.com,"Wädenswil, Switzerland",,,,,,,False,
262531022,Cultivo,cultivo.land,"Pleasanton, California",,1.67,Series A,14000000.0,MassMutual Ventures,"Manuel Pinuela,  PhD (Co-Founder & CEO): https://linkedin.com/in/manuel-pinuela",True,61.0
136317361,Cumul.io,cumul.io,"Leuven, Belgium",,5.0,Series A,10000000.0,Hi Inov-Dentressangle,Haroen Vermylen (Founder): https://linkedin.com/in/haroen-vermylen-2930a241,True,60.0
de570df3-c167-416a-afa5-ffa2531f7af9,cumulus digital systems,,"Massachusetts, USA",,,,,,,False,
255140006,CurbWaste,mycurbside.com,"New York, New York",,0.0,,309825.0,,Michael Marmo (Founder and President): https://linkedin.com/in/michael-marmo-62b13416,True,1.0
284938597,CURRENT FOODS,currentfoods.com,"San Francisco, CA",,,,,,,False,
283469757,Currents,currents.market,"Portland, Oregon",,12.5,,,,Anthony Garbarino (Founder & CEO): https://linkedin.com/in/anthony-garbarino-0b4339b3,True,9.0
297919429,curvepoint capital,curvepointcapital.com,"Los Angeles, U.S.",,0.0,,,,,True,2.0
8fdab9c4-dd01-4aff-a617-4df95118b485,cuspai,https://cuspai.com/,"Cambridge, England",,,,,,,False,
f1b447e0-1d88-4c82-a8e6-fb13614e7021,cyberfortress,,"San Antonio, TX",,,,,,,False,
223829704,Cybord,cybord.ai,"Tel Aviv-Yafo, Israel",,21.43,Series A,8700000.0,Ocean Azul Partners,David Almagor (Executive Chairman): https://linkedin.com/in/david-almagor,True,34.0
132105072,CybSafe,cybsafe.com,"London, UK",,-22.89,Series B,28000000.0,IQ Capital,Sean Lumley (COO and Founder): https://linkedin.com/in/sean-lumley,True,64.0
7470126a-1d6a-4357-98c4-32405ab359ae,cycle capital management,,Montreal,,,,,,,False,
286542239,Cyclic Materials,cyclicmaterials.earth,"Kingston, Canada",,51.43,Series B,2000000.0,Microsoft,"Ahmad Ghahreman (CEO, President and co-founder): https://linkedin.com/in/ahmad-ghahreman-41506b10",True,53.0
287881040,CYCLIZE,cyclize.de,"Stuttgart, Germany",,,,,,,False,
133415585,Cycloid,cycloid.io,"Paris, France",,33.33,Series A,5000000.0,Five French Angel Investors,Julien Bille (Co-founder): https://linkedin.com/in/julien-bille-96110018,True,24.0
2d123a0e-59d9-4cc9-ab05-3bd15c12d8d7,cycode,,Tel-Aviv,,,,,,,False,
286968064,cylib,cylib.de,"Aachen, Germany",,38.46,Series A,55000000.0,NRW.Venture,Gideon Schwich (Co-Founder & COO): https://linkedin.com/in/gideon-schwich,True,72.0
223154435,CYNGN,cyngn.com,"Palo Alto, California",,-8.24,Public Markets,80000000.0,Twitter Ventures,"Biao(Leo) Ma (Co-founder, VP of Engineering): https://linkedin.com/in/biao-leo-ma-52672739",True,78.0
137592426,DABBEL - Automation Intelligence GmbH,dabbel.eu,"Düsseldorf, Germany",,-45.45,Seed,4400000.0,main incubator,Alejandro Soler Fenoll (Co-Founder): https://linkedin.com/in/alejandro-soler-fenoll-4a73b868,True,6.0
224087181,Daedalus,daedalus.de,"Karlsruhe, Germany",,21.95,Series A,21000000.0,NGP Capital,Jonas Schneider (Founder): https://linkedin.com/in/jonas-schneider,True,50.0
8444caed-645b-457f-8924-11f9cd027392,dalan animal health,https://dalananimalhealth.com/,"Athens, GA",,,,,,,False,
f92cd040-1747-4306-b3ec-400695a5f4a9,damon motors,https://www.damonmotors.com/,Canada,,,,,,,False,
263275684,Dance,dance.co,"Berlin, Germany",,-1.23,Series A,12000000.0,Bjarke Ingels,Victoria AB (Dance company founder): https://linkedin.com/in/victoria-ab-99452a269,True,161.0
161112927,Dandelion Energy,dandelionenergy.com,"Mount Kisco, New York",,-10.08,Series C,40000000.0,New Enterprise Associates (NEA),Callum bolt (Chief Executive Officer): https://linkedin.com/in/callum-bolt-a3a35b207,True,107.0
ce300a4e-6956-41a2-a310-b6dfce4829d3,danimer scientific,,,,,,,,,False,
293459610,Daphne Technology,daphnetech.com,"Saint-Sulpice, Switzerland",,9.0,Other,6000000.0,Venturelab,Juan Mario Michan (CEO & Founder): https://linkedin.com/in/juan-mario-michan,True,60.0
67862977-938c-497a-92cd-4470d012c60d,daphni,https://www.daphni.com/,"Paris, France",,,,,,,False,
31c7a279-ac8c-45cf-ae48-35234000cbb2,daqus energy,,"Woburn, Massachusetts",,,,,,,False,
f8b9b55c-041c-44e7-9fdb-a2a03b25e024,daring foods,,"Los Angeles, California",,,,,,,False,
4dcade9c-56f2-430f-9daa-ad329885c1eb,dash systems,,"Los Angeles, CA",,,,,,,False,
c90d8990-9080-431e-9951-e5f97892278e,dat bike,,Vietnam,,,,,,,False,
927befd5-a370-4b15-a133-b4f83c2135e9,databand,,"New York, NY",,,,,,,False,
834c69af-9d30-4169-ba22-2f482510dd7c,databutton,,"Oslo, Norway",,,,,,,False,
279336185,DataCebo,datacebo.com,"Boston, Mass.",,,,,,,False,
262880658,Datafold,datafold.com,"San Francisco, CA",,,,,,,False,
278678391,DataForm Lab,dataformlab.com,"London, United Kingdom",,16.67,Seed,1100000.0,Marathon Venture Capital,Eva Magnisali (Founder): https://linkedin.com/in/eva-magnisali-06a21a74,True,7.0
c1e90d47-a18b-4c1a-ba46-086381227c5c,dataloop,,"Tel Aviv, Israel",,,,,,,False,
132900203,Datamaran,datamaran.com,"London, United Kingdom",,11.2,Series C,33000000.0,Morgan Stanley Expansion Capital,Marjella Lecourt-Alma (CEO & Co-Founder): https://linkedin.com/in/marjella-lecourt-alma-9486594,True,139.0
150791096,Datanomix,datanomix.io,"Nashua, New Hampshire",,-4.55,Other,12000000.0,CEAS Investments,,True,42.0
1797115,Datasembly,datasembly.com,"Washington, District of Columbia",,-18.6,Series B,16000000.0,Grotech Ventures,Daniel Gallagher (Co-Founder and CTO): https://linkedin.com/in/daniel-gallagher-a23b343a,True,70.0
222284074,Datia,datia.app,"Stockholm, Sweden",,-10.53,Seed,3400000.0,Zenloop’s founder Paul Schwarzenholz,Juan Manuel Serruya (Co-Founder & CEO): https://linkedin.com/in/juan-manuel-serruya-2a55aa10,True,17.0
086c0e99-6cbc-4697-9f69-ddb551b5ff18,datos health,,"Tel Aviv, Israel",,,,,,,False,
159738337,Daupler,daupler.com,"Overland Park, Kansas",,20.51,Series B,15000000.0,Angel Investors,,True,47.0
433ba6d9-6bb3-4d35-8fb6-dd24b2f4c415,david energy,https://www.david.energy/,"Brooklyn, NY",,,,,,,False,
292037597,Dayrize,dayrize.io,"Amsterdam, Netherlands",,-26.67,,4000000.0,Gresham House Ventures’ Thomas Makey,Bart Nollen (Co-Founder | Strategy): https://linkedin.com/in/bart-nollen-a07395,True,22.0
220243694,Daystar Power,daystar-power.com,Nigeria,,,,,,,False,
284101160,DC Connected,dc-connected.de,"Nersingen, Germany",,-4.55,Seed,2100000.0,Bloomhaus Ventures,Willian Servigna (CTO & Co-Founder): https://linkedin.com/in/wservigna,True,21.0
f1121afd-720a-4c38-b0ed-c978e50d8c92,dcbel,,"Monteral, CA",,,,,,,False,
9131740c-26c3-473b-a0e5-ed73f3c438cd,dclimate,https://www.dclimate.net/,New York,,,,,,,False,
4b2dd790-4ce4-4aa1-858d-0436fe16d35e,dcvc,https://www.dcvc.com/,Palo Alto,,,,,,,False,
291800763,De Novo Foodlabs,denovofoodlabs.com,"Raleigh, NC",,,,,,,False,
fb4c20a8-4927-4e54-89ea-28285a6916f4,decade energy,,"Paris, France",,,,,,,False,
8286d743-e3c5-46fc-80af-a71a0a7cd834,decarbonization partners,https://decarbonizationpartners.com/,U.S.,,,,,,,False,
285070448,Decarbonization Plus Acquisition,dcrbplus.com,,,,,,,,False,
293015142,DeCarice,decarice.com.au,"Sydney, Australia",,,,,,,False,
2d20cf4e-c54d-44e8-984d-cc4e4530ba84,decentral energy managers,,"Johannesburg, South Africa",,,,,,,False,
300246962,Decharge Network,decharge.network,"Hyderabad, India",,,,,,,False,
28a3ad7d-cd9b-490a-bdd4-6d4382b90756,decibel bio,,Boston,,,,,,,False,
290961410,Deep Fission,deepfission.com,"Berkeley, CA",,,,,,,False,
290610126,Deep Sky,deepskyclimate.com,"Montreal, Canada",,37.93,Series A,75000000.0,Business Development Bank of Canada,Damien Steel (Chief Executive Officer): https://linkedin.com/in/damien-steel-a959965,True,40.0
293e18af-cfe6-4f31-8583-3398af1939d6,deepcell,https://www.deepcell.com/,"Mountain View, CA",,,,,,,False,
34af926e-d531-4708-86a4-11378491176f,deepchecks,,"Tel Aviv, Israel",,,,,,,False,
9dfca06b-823e-471b-aa55-22c217d000c6,deepdrive,https://www.deepdrive.com/,"Garching bei München, Germany",,,,,,,False,
19e7bccd-82f0-428b-b14d-6409b43290da,deepgreen metals,,Canada,,,,,,,False,
36460344,Deepki,deepki.com,"Paris, France",,1.09,Series C,150000000.0,Highland Europe,Vincent BRYANT (Cofounder & CEO): https://linkedin.com/in/vincentbryant1,True,370.0
235745106,DeepSee,deepsee.ai,"Salt Lake City, UT",,,,,,,False,
f6d74844-8dbf-4ca8-ae58-2a931139dcaa,degree analytics,https://www.degreeanalytics.com/,"Austin, TX",,,,,,,False,
018cd4fa-aaa9-4e5f-9953-44f0047083ac,dehaat,,"New Delhi, India",,,,,,,False,
62f4b67c-b86d-45c7-a7f2-d695eb318b3c,delft imp,,Netherlands,,,,,,,False,
159740584,Deliverect,deliverect.com,"Ghent, Belgium",,,,,,,False,
136324078,Delos Insurance Solutions,getdelos.com,"San Francisco, California",,22.22,Series A,9000000.0,angel investors,Shanna McIntyre (Co-Founder and Chief Data Officer): https://linkedin.com/in/shannamcintyre,True,22.0
297205414,Delta Green,deltagreen.cz,"Prague, Czechia",,20.0,,2200000.0,Tilia Impact Ventures,,True,30.0
289110226,Deltia,deltia.ai,"Berlin, Germany",,3.85,Seed,4800000.0,Cavalry Ventures,Dr. Silviu Homoceanu (Founder & CTO): https://linkedin.com/in/dr-silviu-homoceanu-893b7a5,True,27.0
ac70e2f9-ab4b-4ee5-86b3-c025c8a8572c,deluxe recycling,,India,,,,,,,False,
cf4ec5f1-6b62-41e7-a1df-86abd12e2e36,demex,,"Washington, D.C.",,,,,,,False,
122502925,Dendra Systems,dendra.io,"Canterbury, United Kingdom",,-10.53,Series B,15700000.0,Aramco Ventures,,True,85.0
50001df7-24b2-4da7-b7b5-25d5c1132ddd,denexus,https://www.denexus.io/,Boston,,,,,,,False,
b0097789-26b7-4e3c-838c-0ca57bc76a2b,depoly,,"Zurich, Switzerland",,,,,,,False,
1777583,Descartes Labs,descarteslabs.com,"Santa Fe, New Mexico",,-58.93,Series B,20000000.0,March Capital Partners,,True,23.0
220362534,Descartes Underwriting,descartesunderwriting.com,"Paris, France",,5.24,Series B,120000000.0,Serena,Sebastien Piguet (Co-founder and Head of Underwriting): https://linkedin.com/in/s%C3%A9bastien-piguet-31293627,True,201.0
285898291,Descycle,descycle.com,"London, U.K.",,,,,,,False,
cf93ad2a-b32f-45f1-99c7-978d888157b5,destinus,,Switzerland,,,,,,,False,
ee81927a-5531-465b-8961-eb1cdb7a280b,detrapel,https://detrapel.com/,"Boston, Mass.",,,,,,,False,
290349004,Deus Robotics,deusrobotics.com,"Kiev, Ukraine",,22.73,Seed,1500000.0,SMRK VC,,True,27.0
294296996,DevEngine,devengine.dev,"New York, New York",,12.5,,20000000.0,Spring Lane Capital,,True,9.0
8aea11e2-5624-47e3-833e-410b604661f9,devtron,https://devtron.ai/,"Gurugram, India",,,,,,,False,
223633753,DexMat,dexmat.com,"Houston, Texas",,-5.56,Seed,3000000.0,Climate Avengers,Dmitri Tsentalovich (Chief Executive Officer): https://linkedin.com/in/dtsentalovich,True,17.0
04ff6704-9623-4815-a2b0-79c89b347a7a,dharaksha ecosolutions,https://dharakshaecosolutions.com/,"New Delhi, India",,,,,,,False,
299985742,Differential Bio,differential.bio,"Munich, Germany",,,,,,,False,
a1718e3e-3fb9-4d7f-8442-21e965eaf689,digestiva,https://digestiva.com/,"Davis, CA",,,,,,,False,
cc8d3746-5d84-48d5-aa87-bc941c9e5e20,dimension energy,https://dimensionenergy.com/,Atlanta,,,,,,,False,
279315511,Dioxycle,dioxycle.com,"Paris, France",,,,,,,False,
301852223,DirectH2,directh2.com,"Houston, Texas",,,,,,,False,
262671633,Discord,discord.com,"San Francisco, California",,-0.22,Other,,AIkido Pharma Inc,,True,1815.0
78855410,Dishcraft Robotics,dishcraft.com,"San Carlos, CA",,,,,,,False,
f56b05ad-59f9-464c-91ae-63826a21dcbd,dispersa,,"Laval, Canada",,,,,,,False,
0b9310f1-3365-47c4-880e-9f8487e4ef2f,divigas,,Singapore,,,,,,,False,
224026597,Divirod,divirod.com,"Valmont, Colorado",,-16.67,Other,3600000.0,TDK Ventures Inc.,"Adam Wilson (Founder, Head of Product): https://linkedin.com/in/eulersbestfriend",True,20.0
afb21de2-bf2f-4bb6-8abe-a45fadf652f3,dna script,https://www.dnascript.com/,"Paris, France",,,,,,,False,
652ced4c-2d38-43cb-a075-632a5339ceca,do good foods,,"Bedminister, New Jersey",,,,,,,False,
223145188,Doconomy,doconomy.com,"Stockholm, Sweden",,-22.37,Series B,34000000.0,PostFinance,Rasmus Keger (Creative Director & Co-Founder FARM): https://linkedin.com/in/keger,True,59.0
daf4243e-2c85-4c41-8d89-541a4c52403f,domatic,,"San Francisco, U.S.",,,,,,,False,
203b1c61-5ad3-4fb0-8fae-b7f6d49a1085,domna,https://www.domna.com/,London,,,,,,,False,
286682703,DOPS Recycling Technologies B.V.,dops-rt.com,"Alkmaar, Netherlands",,,,,,,False,
213998971,dott,ridedott.com,"Amsterdam, Netherlands",,-2.92,Series B,70000000.0,various angel investors,,True,299.0
281818961,Downforce Technologies,downforce.tech,"Oxford, United Kingdom",,3.33,Other,4200000.0,Dragonfly Enviro Capital,Ida Kubiszewski (Chief Executive Officer): https://linkedin.com/in/idakub,True,31.0
8c3c543d-ec53-4521-87fa-6e606df693c2,doxel,https://www.doxel.ai/,"Redwood City, CA",,,,,,,False,
952a82e2-96bd-4e3b-80a0-c35c48a8b357,dreamfarm,https://www.dreamfarm.com/,"Parma, Italy",,,,,,,False,
278550094,Driftwood Energy,driftwoodenergy.com,"Hertford, U.K.",,,,,,,False,
300618115,Drishti Technologies,drishtitech.ai,"Mountain View, USA",,,,,,,False,
d56f0bcd-ed9b-4160-97c8-820744db7089,dronamics,https://dronamics.com/,"Sofia, Bulgaria",,,,,,,False,
83373fa5-df35-4d83-a646-0de51a74f6f7,dronebase,,Germany,,,,,,,False,
1616670,DroneDeploy,dronedeploy.com,"San Francisco, California",,-2.46,Late Stage,50000000.0,DataCollective,Mike Winn (Founder & CEO): https://linkedin.com/in/mikewinn1,True,238.0
30f3f470-74d9-49f2-bc38-bda45bcc97fe,droneseed,https://www.droneseed.com/,"Seattle, WA",,,,,,,False,
206274604,Drop Mobility,dropmobility.com,"Toronto, Canada",,,,,,,False,
291988335,Dropzone AI,dropzone.ai,"Seattle, WA",,,,,,,False,
263505863,Dryad Networks,dryad.net,"Eberswalde, Germany",,17.65,Other,6829893.0,First Imagine!,Cherian Mathew (Co-Founder): https://linkedin.com/in/cherianm,True,60.0
287587428,Dunia,dunia.ai,"Berlin, Germany",,144.44,Series A,11500000.0,Elaia,Alexander Hammer (Co-Founder and Managing Director): https://linkedin.com/in/alexander-hammer-a71849131,True,22.0
290604889,Dunya Analytics,dunya-analytics.com,"Wilmington, DE",,,,,,,False,
163283898,Dusty Robotics,dustyrobotics.com,"Mountain View, California",,-11.9,Series B,45000000.0,Canaan Partners,Mamuka Grigolia (Founder Advisor): https://linkedin.com/in/mamukagrigolia,True,74.0
09f893bd-8f37-495f-9996-a2355b15d754,dvele,https://www.dvele.com/,"La Jolla, CA",,,,,,,False,
263115498,DVx Ventures,dvx.ventures,"Boston, Massachusetts",,-26.32,,,,Henry Vogel (Co-Founder & Managing Partner): https://linkedin.com/in/henrymvogel,True,28.0
e45eb410-60e9-4377-b568-f94c238c9a30,dyna robotics,,"Redwood City, CA",,,,,,,False,
221025680,Dynamhex,dynmhx.io,"Baltimore, Maryland",,-14.29,Seed,1500000.0,KCRise Fund,Sunny Sanwar (Founder): https://linkedin.com/in/sunny-sanwar,True,6.0
11c599d5-5085-4002-bb5e-e2cfe29c2ec1,dynamon,,"Southampton, U.K.",,,,,,,False,
284135861,DynElectro,dynelectro.dk,"Copenhagen, Denmark",,17.39,Other,9739440.0,PSV,Karsten Klemens Hansen (CEO / Adm. Direktør): https://linkedin.com/in/karstenhansen,True,27.0
41026a78-cecb-402a-928c-4ef4de86ec95,dynolt technologies,,"Bengaluru, India",,,,,,,False,
29b37da3-7dd4-4319-9792-d268ae405a96,dyper,https://dyper.com/,"Scottsdale, AZ",,,,,,,False,
40a6e5b0-646e-48f8-aac6-4c603f6e6b0a,e daddy,,UAE,,,,,,,False,
278332400,e-Mission Control,e-missioncontrol.com,"Sacramento, California",,8.0,Series A,3000000.0,Skyview Ventures,,True,28.0
132105009,e-peas,e-peas.com,"Mont-Saint-Guibert, Belgium",,,,,,,False,
72ce07e8-c93c-4ef5-9d58-4da77d8d275f,e-zinc,,"Toronto, Canada",,,,,,,False,
124899032,e.GO Mobile,e-go-mobile.com,"Aachen, Germany",,,,,,,False,
291697448,e2 Companies,e2companies.com,"Bonita Springs, FL",,,,,,,False,
291702859,E3 Lithium,e3lithium.ca,"Calgary, Canada",,,,,,,False,
146841757,E3 Metals,e3metalscorp.com,Canada,,,,,,,False,
1569742,Eagle Genomics,eaglegenomics.com,"Cambridge, United Kingdom",,,,,,,False,
152148211,eAgronom,eagronom.com,"Tallinn, Estonia",,-5.56,Series A,10000000.0,SmartCap Green Fund,Ella Käi-Edo (CEO of eAgronom Estonia): https://linkedin.com/in/ellakai,True,68.0
136307727,EARTH AI,earth-ai.com,"San Mateo, California",,21.05,Series B,20000000.0,Scrum Ventures,Victoria Zapletnyak (Head of the CEO Office): https://linkedin.com/in/victoria-zapletnyak-9b6925189,True,23.0
289540237,Earth Finance,earthfinance.com,"Seattle, Washington",,53.85,Seed,14000000.0,private investors,"Bryan Weeks, CFA (Chief Executive Officer): https://linkedin.com/in/bryan-weeks",True,40.0
284504378,Earth Force,earthforce.io,"San Francisco, California",,9.09,Seed,8600000.0,Bold Capital Partners,Ran Livneh (Co-founder and Chief Technology Officer): https://linkedin.com/in/ranlivneh,True,12.0
8415f560-141b-4ba7-97d1-62d49e60f43a,earthgrid pbc,https://earthgrid.com/,"Richmond, CA",,,,,,,False,
263509415,Earthly Technologies,earthly.dev,"San Francisco, CA",,,,,,,False,
287464251,earthodic,earthodic.com,"Brisbane City, Australia",,71.43,Seed,4000000.0,Significant Capital Ventures,Fiona Donaghey (Co-Founder): https://linkedin.com/in/fiona-donaghey-06176047,True,12.0
263458277,EarthOptics,earthoptics.com,"Arlington, Virginia",,6.9,Series B,27600000.0,FHB Ventures,Todd Martin (Chief Commercial Officer & Founder): https://linkedin.com/in/toddlmartin72701,True,93.0
c83130b7-8fd3-4fc1-a499-32991d1a33ca,easy solar,,Sierra Leone,,,,,,,False,
27c75da4-1ac9-4ecd-b0c9-579826908eaa,eat the change,https://eatthechange.com/,"Bethesda, MD",,,,,,,False,
222144566,Eavor Technologies,eavor.com,"Calgary, Canada",,5.68,Series B,90000000.0,Monaco Asset Management,John Redfern (President & CEO): https://linkedin.com/in/johnredfern,True,93.0
be436064-0730-45b1-812a-c373112d705a,echandia,https://echandia.se/,"Stockholm, Sweden",,,,,,,False,
205501819,Echion Technologies,echiontech.com,UK,,,,,,,False,
bfb6f4f2-ff6b-421f-b6c1-a801c1a05377,eclipse foods,,"Oakland, CA",,,,,,,False,
223284790,Eco-Movement,eco-movement.com,"Hilversum, Netherlands",,17.5,Series A,,Arches Capital,Roderick van den Berg (CEO & Co-Founder): https://linkedin.com/in/roderickvdberg,True,47.0
69a3f95d-8ec0-45f0-a05e-6baf7c55a351,ecobean,,"Warsaw, Poland",,,,,,,False,
261988433,EcoCart,ecocart.io,"San Francisco, California",,-45.0,Series A,14500000.0,Ben Jabbaway,Dane Baker (Co-founder / CEO): https://linkedin.com/in/daneaustinbaker,True,22.0
18e5e0d0-0763-4ec1-8633-46c1e27b3a27,ecocem,,"Dublin, Ireland",,,,,,,False,
cf34050a-79e0-45f6-af35-3a5ecc400d39,ecochain,,"Amsterdam, Netherlands",,,,,,,False,
39622877-4d22-47e2-ba6c-6053fdde884b,ecodatacenter,https://www.ecodatacenter.se/,"Falun, Sweden",,,,,,,False,
0151f60b-cff2-42e3-8403-daf5541a5938,ecoflow,https://www.ecoflow.com/,"San Francisco, CA",,,,,,,False,
128363930,EcoG,ecog.io,"Munich, Germany",,-11.11,Series A,6369900.0,"Fontinalis Partners, LLC",Johannes Hund (Founder & CTO): https://linkedin.com/in/johannes-hund,True,56.0
223149435,Ecohelix,ecohelix.se,Sweden,,,,,,,False,
b98c4919-a42c-4b15-a367-9dacf08bc19f,ecoinno,,Hong Kong,,,,,,,False,
278655010,EcoJoule Energy,ecojoule.com,"Loganholme, Australia",,,,,,,False,
27927219,Ecolectro,ecolectro.com,"Ithaca, New York",,12.5,Series A,10500000.0,Energy Revolution Ventures,Robert Lewis (CoFounder): https://linkedin.com/in/robert-lewis-49b0565,True,36.0
286206519,Ecolibrium,ecolibrium.io,"Ahmedabad, India",,-4.85,Seed,5000000.0,Unbound,Chintan Soni (Chief Executive Officer): https://linkedin.com/in/chintan-soni-12b447,True,98.0
126382161,Ecoligo,ecoligo.com,"Berlin, Germany",,-10.0,Other,11934450.0,Fotowatio Renewable Ventures (FRV),Markus Schwaninger (Co-Founder & CFO): https://linkedin.com/in/markusschwaninger,True,63.0
284922186,ecoLocked,ecolocked.com,Germany,,,,,,,False,
5f88e845-7a22-4ffb-a37c-d518ebe6ac8b,ecolution kwh,,"Naples, FL",,,,,,,False,
262966049,ecolytiq GmbH,ecolytiq.com,"Berlin, Germany",,-26.92,Series A,13500000.0,PWC Germany,David Lais (Co-Founder & CPO): https://linkedin.com/in/paymenthippie,True,38.0
1790978,Ecomedes,ecomedes.com,"San Francisco, California",,-4.35,Seed,3250000.0,AM Ventures,Abby Murray (Co-Founder (Mortarr) + Chief Marketing Officer): https://linkedin.com/in/abbymurray,True,22.0
293412513,eComID,ecomid.com,"Lysekil, Sweden",,55.56,Seed,2750000.0,H&M Group Ventures,Oscar Rundqvist (Co-founder and CEO): https://linkedin.com/in/oscarrundqvist,True,14.0
88823d95-fa63-48b3-a91b-735d500f7031,econcrete,,Israel,,,,,,,False,
1584934,Econic Technologies,econic-technologies.com,"Macclesfield, United Kingdom",,17.14,Series D,10400000.0,Capricorn Sustainable Chemistry Fund,Keith Wiggins (Chief Executive Officer): https://linkedin.com/in/keithawiggins,True,41.0
289051737,ecoplanet,ecoplanet.tech,"Munich, Germany",,43.14,Series A,16000000.0,others,Maximilian Dekorsy (Co-Founder): https://linkedin.com/in/maximilian-dekorsy,True,73.0
b55900fc-450f-4b09-a616-383d65c7e63f,ecoplant,https://www.ecoplant.com/,Israel,,,,,,,False,
298673217,Ecore | Athletic,ecoreathletic.com,"Lancaster, Pennsylvania",,0.0,,,,,True,5.0
4db801f1-7db9-434d-85e6-989030cb3e1d,ecore international,,"Lancaster, PA",,,,,,,False,
1732331,ecoRobotix,ecorobotix.com,"Yverdon-les-Bains, Switzerland",,22.58,Series C,52000000.0,4FOX Ventures,Aurelien G. Demaurex (CEO & co-founder): https://linkedin.com/in/ademaurex,True,152.0
285241317,EcoSapiens,ecosapiens.xyz,"San Francisco, California",,-12.5,Seed,3500000.0,Ovo Fund,,True,7.0
164029429,Ecospears,ecospears.com,"Altamonte Springs, FL",,,,,,,False,
272864336,ecoSPIRITS,ecospirits.global,"None, Singapore",,-4.76,Series A,10000000.0,Wavemaker Partners,,True,40.0
b004bedf-4c5d-496e-923d-ef4997c3c4ac,ecosync,,UK,,,,,,,False,
bbeb83ac-0292-4289-980a-e8d260e2ea7f,ecotransport,,"Berlin, Germany",,,,,,,False,
bfc2d1ec-be5a-40f7-9f14-def2144f3435,ecotree,https://ecotree.fr/,France,,,,,,,False,
1525604,EcoVadis,ecovadis.com,"Paris, France",,3.62,Series C,500000000.0,Partech Ventures,Pierre-Francois Thaler (Cofounder & Co-CEO): https://linkedin.com/in/pfthaler,True,1719.0
eef7b70c-03f0-40da-bd40-3c531e700d22,ecovative,https://ecovative.com/,"Green Island, NY",,,,,,,False,
1558803,Ecovative Design,ecovativedesign.com,"Green Island, NY",,,,,,,False,
1715064,Eco Wave Power,ecowavepower.com,"Tel Aviv, Israel",,,,,,,False,
225046531,ecoworks,ecoworks.tech,"Berlin, Germany",,-0.76,Series C,40000000.0,Klaus Freiberg,Kristofer Fichtner (Co-Founder): https://linkedin.com/in/kristofer-fichtner-4b04587,True,130.0
feafad7a-c82e-4e0f-8313-a2e871ee88b1,ecozen,,"Pune, India",,,,,,,False,
288239711,EDAC Labs,edaclabs.com,"Baltimore, MD",,,,,,,False,
285690546,"Edacious,",edacious.com,"Marlborough, Massachusetts",,17.65,,8100000.0,Nest Family Office,Jill Clapperton (Chief Scientific Officer/ Co-Founder): https://linkedin.com/in/jill-clapperton,True,20.0
b973710b-ac3e-462d-862a-91387548cbf2,eden brew,,"Sydney, Australia",,,,,,,False,
164009974,Eden GeoPower,edengeopower.com,"Somerville, Massachusetts",,-33.33,Seed,12000000.0,Grantham Foundation for the Protection of The Environment,Ammar Alali (Co-Founder ): https://linkedin.com/in/ammar-alali,True,28.0
271668380,edgegrid,edgegrid.com,"Hyderabad, India",,-11.11,Seed,6000000.0,Theia Ventures,Mushtaq Ahmed (Co-Founder): https://linkedin.com/in/mushtaq-ahmed-8203b5,True,24.0
6bca6cf6-9fba-47ca-acfa-c23a95209f24,edonia,https://edonia.com/,"Paris, France",,,,,,,False,
223343430,eDRV,edrv.io,"San Francisco, California",,15.38,Seed,,Connect Ventures,Bhaskar D. (Co-Founder): https://linkedin.com/in/bhaskardeol,True,15.0
7f53b6da-b114-493b-8c57-a088fd79c868,edubirdie,https://edubirdie.com/,"Kyiv, Ukraine",,,,,,,False,
1abf8c59-caa8-4c22-87b7-bf1dae5a26fd,edusmart,https://www.edusmart.com/,"New York, NY",,,,,,,False,
99e22913-ed60-49b7-b986-c169b7b27262,eecomobility,,"Ontario, Canada",,,,,,,False,
707f5e00-c3bf-48c8-88c0-d240862ce42e,eeden,,"Münster, Germany",,,,,,,False,
262637117,EExion,eexion.com,"Gandia, Spain",,0.0,Seed,2000000.0,ESIL,Uri pablo Chervin (Co-Founder): https://linkedin.com/in/uri-pablo-chervin-2283902a,True,12.0
af2178ae-fa39-4621-8e08-44f3a6e7632e,ef polymer,,"Udaipur, India",,,,,,,False,
3990302a-bc52-4085-b29b-432adaf024d0,efficient computer,,"Pittsburgh, PA",,,,,,,False,
222088257,Effy,effy.fr,"Paris, France",,-7.09,Other,21681000.0,Felix Capital,Matthieu de Cointet (Adjoint CEO): https://linkedin.com/in/matthieu-de-cointet-93285037,True,249.0
1735194,eFishery,efishery.com,"Bandung, Indonesia",,,,,,,False,
291742320,EINHUNDERT Energie,einhundert.de,Germany,,,,,,,False,
197516369,EINHUNDERT Energy,einhundert-energie.de,Germany,,0.0,,,Übermorgen Ventures,Ernesto Garnier (Founder & CEO): https://linkedin.com/in/ernesto-garnier-3b543114,True,22.0
122026014,Einride,einride.tech,"Stockholm, Sweden",,-13.51,Series C,500000000.0,Maersk Growth,,True,397.0
d97cac08-743b-40de-9540-fc215c84591a,eion,,"Oakland, CA",,,,,,,False,
3b46f1ce-a00c-4fe2-ae31-676ce0fec7ad,eion carbon,,"Princeton, NJ",,,,,,,False,
289604569,EKA Mobility,ekamobility.com,"Pune, India",,,,,,,False,
81f203f5-901e-47c2-a99e-7705a007746c,ekolution,,"Malmö, Sweden",,,,,,,False,
255147323,Ekona Power,ekonapower.com,"Burnaby, Canada",,-1.67,Other,,CICE,,True,59.0
9aed2658-a0e4-4297-b7a7-ca9ed4d572a3,eku energy,https://www.ekuenergy.com/,"London, England",,,,,,,False,
02815870-a43b-40d3-90bd-c256fd676373,elaia,,"Paris, France",,,,,,,False,
286563064,Elaniti - Supercharge Soil Health,elaniti.com,"Cambridge, U.K.",,,,,,,False,
e1580c6a-b01e-4fd4-957e-93cedf6fa437,elbow beach,,"London, U.K.",,,,,,,False,
6047751,Elcogen,elcogen.com,"Tallinn, Estonia",,,,,,,False,
280845577,Electra,go-electra.com,"Paris, France",,12.61,Series B,330000000.0,RIVE Private Investment,Vincent GAILLARD (Deputy CEO): https://linkedin.com/in/gaillardv,True,259.0
186f431b-fa68-48e8-9d0b-2607dcc2c2a8,electra aero,,"Falls Church, VA",,,,,,,False,
291953055,Electra Battery Materials,electrabmc.com,"Toronto, Canada",,,,,,,False,
152823963,"Electra Vehicles, Inc.",electravehicles.com,"Boston, Massachusetts",,-13.79,Other,21000000.0,Stellantis Ventures,Fabrizio Martini (Co-Founder & CEO): https://linkedin.com/in/fabrizio-martini-39068320,True,50.0
263079306,Electra.aero,electra.aero,"Falls Church, VA",,,,,,,False,
286381436,ElectraLith,electralith.com,"Melbourne, Australia",,,,,,,False,
263398770,Electric Era,electriceratechnologies.com,"Seattle, Washington",,27.03,Series A,20500000.0,SQM Lithium Ventures,"Calvin Clark (CEO, Founder): https://linkedin.com/in/calvin-clark-6b85851b9",True,47.0
300872063,Electric Era Technologies,electricera.tech,"Seattle, WA",,,,1044225.0,,,True,84.0
85fdd36c-4490-495e-8d04-c7e49e206257,electric hydrogen,,"Natick, Mass.",,,,,,,False,
283030501,ELECTRIC LAST MILE,electriclastmile.com,,,,,,,,False,
220584276,Electric Power Engineers,epeconsulting.com,"Austin, Texas",,20.21,PPP Loan,350000.0,U.S. Small Business Administration.,Hala Ballouz (President & CEO): https://linkedin.com/in/hala-ballouz-17990b12,True,351.0
51b3357b-898b-46a4-9ba6-ba1ad7a5c05b,electric power systems,,"Logan, UT",,,,,,,False,
286505119,Electricity Maps – The leading resource for 24/7 CO2 grid data worldwide,electricitymaps.com,"None, Denmark",,13.33,Seed,5000000.0,Transition,Bruno L. (Co-Founder & Director): https://linkedin.com/in/brunolajoie,True,34.0
e1d8d8d3-3bf6-4e0f-bb39-60fa91f8becd,electricpe,https://electricpe.com/,India,,,,,,,False,
291783393,Electrified Thermal Solutions,electrifiedthermal.com,Boston,,,,,,,False,
220090856,Electrify America,electrifyamerica.com,"Reston, Virginia",,-2.66,Other,,Volkswagen Group,Robert Barrosa (President & CEO): https://linkedin.com/in/rbarrosa,True,293.0
221897418,Electriphi,electriphi.ai,"San Francisco, California",,-28.57,Seed,3500000.0,Lemnos Labs,Muffi Ghadiali (Co-founder and CEO): https://linkedin.com/in/muffi,True,40.0
221184918,Electriq Global,electriq.com,"Tirat Karmel, Israel",,,,,,,False,
1798717,Electriq Power,electriqpower.com,"San Leandro, California",,-48.89,Seed,6000000.0,existing and new investors,Jim Lovewell (Co-Founder & Chief Scientist): https://linkedin.com/in/jim-lovewell-204a0123b,True,23.0
110752289,Electron,electron.net,"London, United Kingdom",,17.65,Other,4953080.0,Riverstone,Jo-Jo Hubbard (Cofounder & CEO): https://linkedin.com/in/jo-jo-hubbard-76bb7723,True,40.0
bfded661-f54d-49fe-ab81-a27496ca0219,electroneek,,"San Francisco, CA",,,,,,,False,
849cd8f8-39d2-49b0-9efa-40287dd98953,electronx,https://www.electronx.com/,"Chicago, Illinois",,,,,,,False,
282618960,"ElectroTempo,",electrotempo.com,"Arlington, Virginia",,-27.78,Seed,4000000.0,Buoyant Ventures,,True,13.0
116495573,Element Analytics,elementanalytics.com,"San Francisco, California",,-16.67,Series B,18000000.0,Kleiner Perkins' Green Growth Fund,Sameer K. (Founder and VP of Product): https://linkedin.com/in/samkal,True,15.0
63530286-4031-4023-b613-3057c7f95fa3,element zero,,"Perth, Australia",,,,,,,False,
295922622,Elemental Advanced Materials,elementaladm.com,Houston,,,,20000000.0,Taranis,,True,6.0
287637678,Elephant Energy,elephantenergy.com,"Boulder, Colorado",,51.85,Seed,3500000.0,Daniel Gulati,Josh Lake (Co-Founder): https://linkedin.com/in/lakejosh,True,41.0
50629c1b-a508-4389-b678-fa0854a0a78d,elevarm,https://www.elevarm.com/,"Bandung, Indonesia",,,,,,,False,
289236334,Elevate Renewable Energy,elevaterenewableenergy.com,"Boston, Massachusetts",,11.76,Other,150000000.0,"ArcLight Capital Partners, LLC",,True,19.0
28565ce5-0629-467c-9fe7-5ea3f3499c55,elevated materials,,"Santa Clara, CA",,,,,,,False,
158345812,Elevated Signals,elevatedsignals.com,"Vancouver, Canada",,,,,,,False,
ccb45cc5-98d5-4e6d-b7ec-e6faed9ec152,elicit plant,,France,,,,,,,False,
294622673,elleThermo,ellethermo.studio.site,"Tokyo, Japan",,,,,,,False,
12cb412e-6de4-4460-a033-b4d5f5fd448e,elroy air,https://elroyair.com/,"San Francisco, CA",,,,,,,False,
97880c8a-1f80-4e06-b064-54c47135872a,elum energy,,"Paris, France",,,,,,,False,
304390381,Elvy Energy,elvyenergy.com,"Stockholm, Sweden",,,,3500000.0,Giant Ventures,,True,22.0
292334152,Elyos Energy,elyosenergy.com,"London, United Kingdom",,25.0,,3132675.0,,Adrian Johnston (Co-Founder and CEO (YC S23)): https://linkedin.com/in/adrian-johnston-87667a2b,True,10.0
225212371,Ember Infrastructure,ember-infra.com,New York,,23.53,Investment Fund,340000000.0,,,True,21.0
1733490,Embotech,embotech.com,Zürich,,,,,,,False,
f0984057-b7f7-4e47-8df5-a651bffdc9c1,embue,,"Worcester, MA",,,,,,,False,
289636436,Emidat,emidat.com,"None, Germany",,69.23,Seed,4000000.0,General Catalyst,Lisa Oberaigner (Co-Founder and Managing Director): https://linkedin.com/in/lisa-oberaigner-452999133,True,22.0
268022189,Emitwise,emitwise.com,"London, United Kingdom",,-5.56,Series A,10000000.0,Peter Harrison,Eduardo Gómez (Co-Founder & CPO): https://linkedin.com/in/eduardo-g%C3%B3mez-75544411a,True,51.0
adbff059-baaa-43ef-ab59-6981831b8080,emo energy,,"Bangalore, India",,,,,,,False,
6151b132-909f-44ae-bfca-f4d3848e0586,emotorad,https://www.emotorad.com/,"Pune, India",,,,,,,False,
294172961,Empirical Ventures,empiricalventures.vc,"Bristol, U.K.",,,,,,,False,
206275246,Emrgy,emrgy.com,"Atlanta, Georgia",,2.0,Series A,18000000.0,Overlay Capital,Emily Morris (Founder & CEO): https://linkedin.com/in/emily-a-morris,True,51.0
cc5a4c2e-0ba1-4ca8-a995-cffce500c1e8,emvolon,https://emvolon.com/,"Woburn, MA",,,,,,,False,
201830313,Enable,enable.com,"San Francisco, California",,-12.0,Series D,120000000.0,SE Ventures,waqar ali (Chief Executive Officer): https://linkedin.com/in/waqar-ali-88b975233,True,616.0
291334737,ENACT Systems,enact.solar,"Pleasanton, California",,20.0,Series A,11500000.0,,Deep Chakraborty (Chief Executive Officer): https://linkedin.com/in/deepchakraborty,True,97.0
7259de9e-cabc-418c-96f5-d556a28c7a52,enagas,,"Madrid, Spain",,,,,,,False,
295288349,Enapi,enapi.com,"Berlin, Germany",,11.11,Seed,2500000.0,HelloWorld,,True,10.0
223154386,Encamp,encamp.com,"Indianapolis, Indiana",,6.45,Series C,30000000.0,previous investors,Daniel Smedema (Co-Founder & Senior Software Engineer): https://linkedin.com/in/daniel-smedema-3a374491,True,66.0
285079913,Encore Renewable Energy,encore.eco,"Burlington, VT",,,,,,,False,
2929c24f-b8bf-468f-ba2d-82657cd08947,encycle,https://www.encycle.com/,"San Marcos, CA",,,,,,,False,
79615183-a85e-4287-be1e-1170b1d1b655,endless food,,"Copenhagen, Denmark",,,,,,,False,
8870264a-f25a-4080-a18c-b31fdf57f80a,endolith,,"Denver, U.S.",,,,,,,False,
e444c3f6-8cde-4d3a-a8df-1a8698423887,endor labs,https://endorlabs.com/,"Palo Alto, CA",,,,,,,False,
280870853,Endua,endua.com,"Brisbane, Australia",,,,,,,False,
223943308,Enduro Genetics,endurogenetics.com,Copenhagen,,,,,,,False,
224654910,EneCoat Technologies,enecoat.com,"Kyoto, Japan",,,,,,,False,
1643853,Eneida,eneida.io,"None, Portugal",,14.06,Series B,10500000.0,Junction Growth Investors,John Comprido (Co-Founder - Product Management): https://linkedin.com/in/jcomprido,True,73.0
111633661,Enerbrain,enerbrain.com,Italy,,,,,,,False,
263316232,Enerdrape,enerdrape.com,"Ecublens, Switzerland",,,,,,,False,
f327b67b-e4f7-4e06-9470-13c3f760db53,energicity corp,,Sierra Leone,,,,,,,False,
93f04c61-42e8-4de9-b82a-ddf853bc25e7,energize capital,,Chicago,,,,,,,False,
12a093d8-3ef6-47b6-9075-237389d8e15e,energy capital partners,,"Summit, NJ",,,,,,,False,
335b724e-8001-4ce4-bab6-c5e5b9f86be8,energy domain,,"Fort Worth, TX",,,,,,,False,
bfa61c4e-a17d-4966-b99d-02d6c4f1bca1,energy dome,https://www.energydome.com/,"Lonate Pozzolo, Italy",,,,,,,False,
133414751,Energy Exemplar,energyexemplar.com,"Adelaide, Australia",,14.74,,1669096125.0,,Glenn Drayton (Founder): https://linkedin.com/in/glenn-drayton-57aa02122,True,537.0
3e74179f-d979-40fa-a9eb-c65d5b16ca00,energy exploration technologies,,"Austin, TX",,,,,,,False,
206257160,Energy Vault,energyvault.com,"Lugano, Switzerland",,-2.4,Public Markets,100000000.0,SoftBank Vision Fund (Vision Fund),Dolly Singh (Sr. Advisor to the CEO - Talent): https://linkedin.com/in/dosingh,True,163.0
c49c740f-9c57-43b6-80a2-a1272b4f18b4,energybank,https://www.energybank.com/,New Zealand,,,,,,,False,
2408776f-ffff-4988-8124-770e575ebe5e,energyhub,,"Burlington, Vt.",,,,,,,False,
f20475ac-3a5d-42e8-9c8f-2c53917e0362,energysource minerals,,"San Diego, CA",,,,,,,False,
43221532,Energyworx,energyworx.com,"Houten, Netherlands",,-16.36,Other,6000000.0,henQ,Edwin P. (Founder & Shareholder): https://linkedin.com/in/erpoot,True,46.0
1537142,Enerkem,enerkem.com,"Montreal, Canada",,,,,,,False,
280233970,Enerpoly,enerpoly.com,Sweden,,,,,,,False,
f6760b85-1a6c-4672-a302-c5a30da6e32e,enersee,,"Brussels, Belgium",,,,,,,False,
263369422,EnerVenue,enervenue.com,"Fremont, California",,-34.72,Series A,100000000.0,Dr. Peter Lee,Jorg Heinemann (Chief Executive Officer): https://linkedin.com/in/jorgheinemann,True,94.0
224700327,Eneryield,eneryield.com,"None, Sweden",,0.0,Seed,,Chalmers Ventures,,True,15.0
283103514,Enfabrica,enfabrica.net,"Mountain View, California",,19.83,Series C,115000000.0,Samsung Catalyst Fund,"Rochan Sankar (Founder, CEO): https://linkedin.com/in/rochansankar",True,139.0
ec844d98-934c-414e-8c51-588e0424296d,engage mobilize,,"Denver, CO",,,,,,,False,
9fa466d0-1200-4acd-9bfe-bedfe2bba5e9,engie north america,https://www.engie.com/,"Houston, U.S.",,,,,,,False,
221246026,EnginZyme,enginzyme.com,Sweden,,,,,,,False,
2591be8d-51c6-4da9-8248-b160615a4d96,engrain,https://engrain.com/,"Denver, CO",,,,,,,False,
294081139,Engrate,engrate.io,"None, Sweden",,50.0,Seed,2500000.0,Course Corrected,,True,6.0
862f96aa-37ce-4129-af0c-afe9aadde452,eniac ventures,,"New York, U.S.",,,,,,,False,
dba68704-6c40-4b0d-8833-28e3b12e1c53,enifer,https://www.enifer.com/,"Espoo, Finland",,,,,,,False,
265033628,eniferBio,eniferbio.fi,"Espoo, Finland",,,,,,,False,
159739023,Enko Chem,enkochem.com,"Boston, MA",,,,,,,False,
121079725,Enmacc,enmacc.com,"Munich, Germany",,0.95,Series B,,Chevron Technology Ventures,Yazin Haris Thangal (Junior Business Development Manager - CEO Office): https://linkedin.com/in/yazinht,True,106.0
e0f1d661-8b6b-40ff-a755-80828f7407a3,enosi energy,,Australia,,,,,,,False,
1608227,Enovix,enovix.com,"Fremont, California",,-4.01,Public Markets,45000000.0,T. J. Rodgers,,True,287.0
222256089,Enpal,enpal.de,"Berlin, Germany",,-2.12,Debt,1198703000.0,TPG Rise Climate,,True,1983.0
740b82b1-7454-4747-9436-18bd0a8bbfd3,enrichag,,"Vancouver, Canada",,,,,,,False,
0b9e675a-84e4-4bc8-9b70-b3b045b834e4,enriched ag,,"Pittsburgh, PA",,,,,,,False,
262390947,enspired,enspired-trading.com,"Vienna, Austria",,30.67,Series B,25500000.0,i5invest,Juergen Mayerhofer (CEO & Co-Founder): https://linkedin.com/in/juergenmayerhofer,True,98.0
296846464,Entalpic,entalpic.ai,"Paris, France",,250.0,Seed,8500000.0,Michal Valko,,True,14.0
279184324,Enteligent,enteligent.com,"San Jose, CA",,,,,,,False,
161858716,Entelligent,entelligent.com,"Boulder, Colorado",,0.0,Series A,,The Oak Creek Group,"Thomas H. Stoner, Jr. (CEO): https://linkedin.com/in/tomstonerjr",True,30.0
125884501,Entocycle,entocycle.com,"London, United Kingdom",,-12.2,Series A,5000000.0,James Haskell,Keiran Olivares Whitaker (Founder): https://linkedin.com/in/keiran-olivares-whitaker,True,36.0
262391266,Entoprotech LTD,entoprotech.com,Israel,,,,,,,False,
268102077,Entosystem,entosystem.com,"Sherbrooke, Canada",,,,,,,False,
278658125,Entroview,entroview.com,"Saint-Martin-d'Hères, France",,45.45,Seed,1600000.0,AFI Ventures,Sohaïb EL OUTMANI Ph.D (Co-founder and CTO): https://linkedin.com/in/soha%C3%AFb-el-outmani-ph-d-3aba1724,True,16.0
224633873,env0,env0.com,"San Francisco, CA",,,,,,,False,
1f3c5013-9d8f-4704-a39e-6e218c629ed2,envana,,Houston,,,,,,,False,
eaf6ed98-77f9-48a8-ad5b-7190e586aee7,enverid,,"Westwood, MA",,,,,,,False,
1657138,enVerid Systems,enverid.com,"Boston, USA",,,,,,,False,
287787340,enVgo,envgo.com,"Waterloo, Canada",,-15.38,,2088450.0,,Mike Peasgood (Cofounder & CEO): https://linkedin.com/in/mike-peasgood-b555647,True,11.0
265131417,ENVIRIA,enviria.energy,"Frankfurt, Germany",,17.52,Series A,185000000.0,BNP Paribas Développement,,True,161.0
263078030,EnviroSpark Energy Solutions,envirosparkenergy.com,"Atlanta, GA",,,,,,,False,
278316890,Envoria,envoria.com,"Munich, Germany",,84.62,,,Bfb Brandenburg Kapital,Sven Schubert (Co-Founder and CEO): https://linkedin.com/in/soschubert,True,48.0
123931091,Envoy Technologies,envoythere.com,"Culver City, California",,13.04,Debt,70000000.0,DENSO,Ori Sagie (Founder / Exec. Chairman / President): https://linkedin.com/in/orisagie,True,26.0
220058369,EnZinc Inc,enzinc.com,"Richmond, CA",,,,,,,False,
201777769,EO Charging,eocharging.com,"Stowmarket, United Kingdom",,-7.36,Other,80000000.0,Vortex Energy,"Charlie Jardine (Founder, CEO): https://linkedin.com/in/charlie-jardine-0133b245",True,151.0
7265c981-0fd7-4665-b4b5-bb3377b8b846,eocycle technologies,,"Montreal, Canada",,,,,,,False,
291748072,Eos Energy Enterprises,eose.com,"Edison, NJ",,,,,,,False,
a246dbcf-0608-4ed5-9446-c639fb5c3891,eos energy storage llc,,"Edison, NJ",,,,,,,False,
131593828,Epic CleanTec,epiccleantec.com,"San Francisco, CA",,,,,,,False,
156297057,epilot,epilot.cloud,"Cologne, Germany",,10.75,Series A,10000000.0,Expedition Growth Capital,Michel Nicolai (CEO & Founder): https://linkedin.com/in/michel-nicolai,True,103.0
d95704ad-8223-421a-bcb0-caaedbd78668,epirus,https://www.epirus.com/,"Torrance, CA",,,,,,,False,
286078787,Epoch BioDesign,epochbiodesign.com,"London, England",,,,,,,False,
09440c34-c4df-4c1a-b92f-5b6171fa5e5d,epyr,,Paris,,,,,,,False,
7ecf47a7-a462-4413-b8d1-81e21b90b701,eqt corporation,,Pittsburgh,,,,,,,False,
65aaf76b-b557-4ce8-93cc-232577e40591,equal ventures,,"New York City, NY",,,,,,,False,
72261c68-b9d5-4b4a-a139-dbd32ab70e8e,equatic,,"Los Angeles, CA",,,,,,,False,
4c27ccd4-4d7e-4446-8533-4cf9fd980f77,equilibrium energy,https://www.equilibriumenergy.com/,New York,,,,,,,False,
15583688,Equinom,equi-nom.com,"Givat Brenner, Israel",,-25.0,Series C,35000000.0,Trendlines Group,Gil Shalev (CEO): https://linkedin.com/in/gil-shalev-1833993a,True,27.0
1624412,Equinor,equinor.com,"Stavanger, Norway",,3.84,Public Markets,200000000.0,The Public Investment Fund,,True,14369.0
d655030d-4c80-4871-bde8-bf58c11b71ec,equipmentshare,https://www.equipmentshare.com/,"Columbia, MO",,,,,,,False,
804044df-6a09-4f15-8a51-3940df3944aa,equium,,France,,,,,,,False,
284400240,Eratani,eratani.co.id,"South Jakarta, Indonesia",,,,,,,False,
96b0aa1f-7799-4542-97ce-bc1ee1f4a7aa,erguvan,,"Sarıyer, Turkey",,,,,,,False,
d16c70bc-0eaf-4409-b6f7-70e1f3cbd6b0,ers (ecosystem restoration standard),,Paris,,,,,,,False,
3b3530cb-cb0a-4949-ace1-f18aa9cd1f79,erthos,https://erthos.com/,"Tempe, AZ",,,,,,,False,
286027403,ESG Book,esgbook.com,"Frankfurt, Germany",,-10.05,Series B,35000000.0,Energy Impact Partners (EIP),Dr. Daniel Klier (Chief Executive Officer): https://linkedin.com/in/dr-daniel-klier-463615,True,179.0
9d3cfa52-fd18-44cd-bb5d-54d223745c51,esg flo,https://www.esgflo.com/,"Houston, Texas",,,,,,,False,
e826944e-fe6d-4113-b8b4-8eb70bd2e2b4,esmito,,India,,,,,,,False,
262529812,EST-Floattech,est-floattech.com,"Badhoevedorp, Netherlands",,,,,,,False,
84d4c9b4-9edb-4ddf-8f90-9965c565a24a,estuaire,,"Paris, France",,,,,,,False,
225170933,esVolta,esvolta.com,"Aliso Viejo, California",,20.27,Other,243000000.0,Captona LLC,,True,89.0
278683165,etalytics,etalytics.de,"Darmstadt, Germany",,,,,,Dr.-Ing. Thomas Weber (Co-Founder and CSO): https://linkedin.com/in/dr-ing-thomas-weber-a60ab0191,True,3.0
f269410e-943d-424d-baf9-869947e5fea2,etf partners,,"London, U.K.",,,,,,,False,
223147283,Ethernovia,ethernovia.com,"San Jose, CA",,,,,,,False,
287174549,Ethic,ethic.investments,"New York, New York",,,Series B,29000000.0,Oak HC/FT,Jay Lipman (Co-founder & President): https://linkedin.com/in/jay-lipman-7b949231,True,109.0
284226069,EthonAI,ethon.ai,"Zürich, Switzerland",,42.31,Series A,16500000.0,Earlybird Venture Capital,Bernhard Kratzwald (Co-Founder & CTO): https://linkedin.com/in/bernhard-kratzwald,True,37.0
74f7c683-4034-47f4-84fb-275cfeb5aa21,ethos engineering,,"Dublin, Ireland",,,,,,,False,
1594888,ettitude,ettitude.com,"Los Angeles, California",,-28.0,Seed,1600000.0,TA Ventures,Kat Dey (Co-Founder and President): https://linkedin.com/in/katdey,True,18.0
285436306,Eturnity,eturnity.com,"Chur, Switzerland",,23.0,Series A,8000000.0,Junction Growth Investors,,True,74.0
a193e877-4d72-4c4b-a9ed-bc1ee81affd0,eturnity ag,https://www.eturnity.com/,"Chur, Switzerland",,,,,,,False,
219837530,Euler Motors,eulermotors.com,India,,,,,,,False,
e21d8b93-5fd0-48a6-a93a-7e79d2a54e89,eureciclo,https://eureciclo.com.br/,Brazil,,,,,,,False,
286917409,EV Realty,evrealtyus.com,"San Francisco, California",,18.18,Other,28000000.0,Alpaca,Eduardo A. Montejo (Co-Founder/ COO): https://linkedin.com/in/eduardo-montejo,True,26.0
279418430,ev.energy,ev.energy,"London, United Kingdom",,-16.03,Series B,33000000.0,Future Energy Ventures (FEV),🔋 Chris Darby (CTO & Cofounder): https://linkedin.com/in/cmd08,True,110.0
b288b1d7-9085-4b90-af62-65bf10781b89,evage,,India,,,,,,,False,
282509743,EV Charging Stations,evcs.com,"Arcadia, California",,9.52,Series A,68800000.0,Jett Capital Advisors,Gustavo Occhiuzzo (CEO): https://linkedin.com/in/gustavo-occhiuzzo-1b6897a7,True,46.0
280781002,Eve Air Mobility,eveairmobility.com,"Fort Lauderdale, Florida",,0.52,Public Markets,50000000.0,Citibank,Johann C. Bordais (Chief Executive Officer): https://linkedin.com/in/johannbordais,True,195.0
289583063,Ever After Foods,everafterfoods.com,"Haifa, Israel",,,,,,,False,
bf525413-b445-4fd5-94f4-213ac1c2fdfe,ever dye,,"Paris, France",,,,,,,False,
1630221,Everactive,everactive.com,"Santa Clara, California",,-38.89,Series C,16000000.0,Fluke,Bob Nunn (CEO): https://linkedin.com/in/bobnunn,True,22.0
214000378,Evercloak,evercloak.com,"Waterloo, Canada",,,,,,,False,
224642689,Everest Fleet,everestfleet.com,"Mumbai, India",,,,,,,False,
222252246,Everestlabs.AI,everestlabs.ai,"Fremont, California",,-18.42,,16100000.000000002,Nec Orchestrating Future Fund,Pratik Khadloya ★ (Co-founder and CTO): https://linkedin.com/in/pratikkhadloya,True,31.0
71589228,Evergen,evergen.com.au,"Sydney, Australia",,,,,Energylab,Emlyn Keane (Chief Executive Officer): https://linkedin.com/in/emlyn-keane-97915113,True,25.0
292077717,Evergrow,evergrow.com,"San Francisco, California",,0.0,Seed,7000000.0,Skyview Ventures,,True,34.0
4f6e52b2-a3a4-4591-a1d0-5646dd6f9c39,everimpact,,France,,,,,,,False,
1767617,Everledger,everledger.io,"London, United Kingdom",,0.0,Debt,7000000.0,Fenbushi,"康灵安Leanne Kemp (CEO &  Founder ""promises my family it's my last startup ;)""): https://linkedin.com/in/leannekemp",True,15.0
4732ddc3-dc0c-4878-b8bf-71311e611680,everseen,,"Cork, Ireland",,,,,,,False,
1b1fc2ca-5835-4789-8b44-127af4713812,eversource energy,,"Boston, MA",,,,,,,False,
663fc7f8-8940-474c-a287-fac66cd67a6d,everstar,,"New York City, NY",,,,,,,False,
281054404,Everstream Analytics,everstream.ai,"San Marcos, Texas",,-7.05,Series B,50000000.0,StepStone Group,David Shillingford (Co-Founder and Advisor): https://linkedin.com/in/shillingford,True,211.0
285954625,everyone energy,everyone-energy.de,"Berlin, Germany",,5.56,Seed,,High-Tech Gründerfonds (HTGF),"Fabian Reetz (Co-Founder, Geschäftsführer): https://linkedin.com/in/fabianreetz",True,19.0
7dda644b-04fd-494d-9dbe-633ba10999ef,evgo,https://www.evgo.com/,"Los Angeles, CA",,,,,,,False,
293776703,EVident Battery,batteryevidence.com,"New Haven, Connecticut",,120.0,,3339225.0,,,True,11.0
96134b8c-4d7f-4fa6-9ccb-d8a631d6ecde,evios,,"Stewartby, U.K.",,,,,,,False,
255222028,Evoco,evocoltd.com,"Toronto, Canada",,-9.38,Series B,8885016.0,Forage Capital,Jason Robinson (CEO): https://linkedin.com/in/jjrevoco,True,29.0
5262bc92-0ffd-4d05-a2fe-f8af4787effe,evodiobio,,"Copenhagen, Denmark",,,,,,,False,
1c24845f-bf24-4c21-814c-c8607012a3d8,evolectric,,"Long Beach, CA",,,,,,,False,
283655418,EvolOH,evoloh.com,"Santa Clara, CA",,,,,,,False,
c29a0709-ebcf-4622-b499-e76c326de61f,evolved by nature,https://www.evolvedbynature.com/,"Medford, MA",,,,,,,False,
283733964,EVOS Energy,evos.energy,"Brisbane, Australia",,,,,,,False,
156978403,Evrnu,evrnu.com,"Seattle, Washington",,-5.88,Series B,15000000.0,PDS Multinational Fashions' venture tech portfolio,Christopher Stanev (Co-Founder & President ): https://linkedin.com/in/christopherstanev,True,16.0
9bce7d09-daf1-4399-b7cc-fccefb73909a,ex-fusion,https://www.ex-fusion.com/,"Osaka, Japan",,,,,,,False,
157663869,Exasun,exasun.com,Netherlands,,,,,,,False,
288419924,Excarta,excarta.io,"San Francisco, California",,-16.67,Seed,2500000.0,Converge VC,"Vivek Ramavajjala (Founder, CEO): https://linkedin.com/in/vivek-ramavajjala-14926a5",True,5.0
279596873,Excelsior Energy Capital,excelsiorcapital.com,"Excelsior, MN",,21.74,Investment Fund,1000000000.0,The Development Bank of Japan,Anne Marie Denman (Co-Founder and Partner): https://linkedin.com/in/anne-marie-denman-530419b,True,28.0
220004421,Excess Materials Exchange,excessmaterialsexchange.com,"Amsterdam, Netherlands",,0.0,Series A,5000000.0,Wa’ed Ventures,Christian van Maaren (Founder): https://linkedin.com/in/cvanmaaren,True,9.0
1561476,Exeger Sweden AB,exeger.com,"Stockholm, Stockholms Lan, Sweden",,,,,,,False,
213995315,ExerGo Sàrl,exergo.ch,"Yverdon-les-Bains, Switzerland",,0.0,Other,3169210.0,EREN Groupe,Alberto Mian (Chief Executive Officer): https://linkedin.com/in/alberto-mian-6616367a,True,6.0
1674596,Exergyn,exergyn.com,Dublin,,,,,,,False,
f7ca3f74-05af-4923-ab16-2e7db78ded43,exodigo,https://www.exodigo.com/,"Tel Aviv, Israel",,,,,,,False,
83e1f70a-f079-4a98-8d3c-64cf5c7baf65,exoes,,"Gradignan, France",,,,,,,False,
283277343,ExoFlare,exoflare.io,"Sydney, Australia",,,,,,,False,
296387607,Exowatt,exowatt.com,"Miami, Florida",,112.5,Seed,20000000.0,a16z,,True,34.0
b21cd1b0-a5e7-4c3e-afa6-4675b546fca0,explorium,https://www.explorium.ai/,"San Mateo, CA",,,,,,,False,
281372924,Exponent Energy,exponent.energy,"Bengaluru, India",,6.15,Series B,26400000.0,AdvantEdge VC,Sanjay Byalal Jagannath (Co-Founder): https://linkedin.com/in/sanjay-byalal,True,207.0
282618789,Extantia Capital,extantia.com,"Berlin, Germany",,29.63,Investment Fund,215885040.0,Invest-NL,Sebastian Heitmann (Co-Founder): https://linkedin.com/in/sebastian-heitmann-3259ab45,True,35.0
d8c445d9-4e65-4d52-96ac-7c6077dd0b7e,exterra,https://www.exterra.com/,"Montreal, Canada",,,,,,,False,
303448132,Exus Renewables North America,exus.us,"Pittsburgh, PA",,,,,,,False,
20896e4d-b613-4be2-a484-e469bfb55121,exxonmobil,https://exxonmobil.com/,"Houston, TX",,,,,,,False,
136311872,EyeROV (IROV Technologies Pvt. Ltd.),eyerov.com,"Kochi, India",,,,,,,False,
136986563,Eyrus,eyrus.com,"Washington, DC",,,,,,,False,
49821e94-71e2-4140-b814-35518477d04a,faarms,,India,,,,,,,False,
9996abd8-0df6-4387-85e5-8e005b2bf9fd,fable food,,Australia,,,,,,,False,
112073039,Fabric8Labs,fabric8labs.com,"San Diego, California",,5.97,Series B,50000000.0,Lam Capital,Jeff Herman (Founder & CEO): https://linkedin.com/in/jwherman,True,71.0
223142393,FabricNano,fabricnano.com,UK,,,,,,,False,
a6740052-9a70-44ba-aef2-56c11727453a,factorial energy,https://factorialenergy.com/,"Woburn, MA",,,,,,,False,
262785772,Fairbrics,fairbrics.co,"Villebon-sur-Yvette, France",,31.82,Series A,22000000.0,European Union’s Horizon 2020 Research & Innovation Programme,Tawfiq Nasr Allah (Co-founder and CTO): https://linkedin.com/in/tawfiq-nasr-allah-3a8aa280,True,29.0
7509ef34-5314-4780-9d76-961c772c6e85,faircraft,,"San Francisco, CA",,,,,,,False,
262505784,FAIRLY MADE®,fairlymade.com,"Paris, France",,6.67,,15000000.0,ETF Partners,Camille Le Gal (Co-Founder): https://linkedin.com/in/camille-le-gal000,True,80.0
faa7275d-34aa-4509-abe7-dbee9ac50156,fairmat,https://fairmat.com/,Italy,,,,,,,False,
4e0f7481-130a-4e2b-9e36-9c05391fbc30,fairsupply,https://www.fairsupply.com.au/,Australia,,,,,,,False,
f8acd4b9-27ad-4f86-8d76-1c817287d67b,faradai,,UK,,,,,,,False,
e3210fb1-c8bb-4f58-96ac-4e5c502d21a4,faraday future,https://faradayfuture.com/,"Gardena, CA",,,,,,,False,
15c4179c-ef4c-41b2-8296-4af22d28417e,farasis energy,,China,,,,,,,False,
263799955,farm-ng,farm-ng.com,"Watsonville, California",,-3.7,Series A,10000000.0,Acre Venture Partners,Ethan Rublee (Founder): https://linkedin.com/in/ethan-rublee-06a8b515,True,26.0
dac93125-1719-469d-9fec-2a3d2fae0fae,farmart,,"Gurgaon, India",,,,,,,False,
286246778,Farmblox,farmblox.ag,"Boston, U.S.",,,,,,,False,
c317fae3-6783-4070-9829-b195facb0113,farmbot,https://farm.bot/,Australia,,,,,,,False,
15ccc8d6-6cbe-4020-b7bc-7e2527c47c1c,farmers business network,https://www.farmersbusinessnetwork.com/,"San Carlos, CA",,,,,,,False,
5149df84-8788-49d4-95ad-de042ac98a23,farmer’s business network,,"San Carlos, CA",,,,,,,False,
e93e4abe-4b58-4e81-8e7d-42f525227d80,farminsect,,"Bergkirchen, Germany",,,,,,,False,
289364459,Farmless,farmless.com,"Amsterdam, Netherlands",,46.67,Other,1050780.0,Ron Shigeta,Adnan Oner (Founder): https://linkedin.com/in/adnanoner,True,22.0
4d6faed2-08bb-4f0d-9ccb-8b71767b13fe,farmwise,,"San Francisco, CA",,,,,,,False,
fa5c11b2-b322-4039-8ca4-411ca3ae9fdf,fasal,,"Bengaluru, India",,,,,,,False,
324760a1-a193-4e98-a6d9-aa9135a71d26,fashionnova,https://www.fashionnova.com/,"Los Angeles, CA",,,,,,,False,
284585660,Fashol,fashol.com,"Dhaka, Bangladesh",,,,,,,False,
295967704,Fathom Fund,ff.vc,"Houston, Texas",,0.0,,,,,True,4.0
08fddeef-1f29-4b8f-8f8a-8f58b65bf3bb,fazla gida,,Turkey,,,,,,,False,
160424953,Fazla Gıda,fazlagida.com,"Istanbul, Turkey",,,,,,,False,
129731335,Featureform,featureform.com,"San Francisco, Calif.",,,,,,,False,
299739958,feld,feld.energy,"Pöcking, Germany",,,Seed,1700000.0,Alex Mahr,,True,7.0
290674921,Feon Energy,feonenergy.com,"Woburn, Massachusetts",,16.67,Seed,6100000.0,Fine Structure Ventures,"Wenxiao Huang, Ph.D. (CEO and Cofounder): https://linkedin.com/in/wenxiao-huang",True,14.0
198243524,Fermata Energy,fermataenergy.com,"Charlottesville, Virginia",,-31.11,Other,,California Energy Commission,"Tony Posawatz, P. E. (Chief Executive Officer): https://linkedin.com/in/tony-posawatz-p-e-1698364b",True,31.0
284982914,Fermify,fermify.org,"Gerasdorf Bei Wien, Austria",,,,,,,False,
d839393b-a893-4976-9b6c-264cb3738baa,fermyon,https://www.fermyon.com/,"Longmont, CO",,,,,,,False,
281930576,FERNRIDE,fernride.com,"Munich, Germany",,4.96,Series A,50000000.0,Deep Tech and Climate Fonds (DTCF),Moritz Linke (Manager in the CEO Office): https://linkedin.com/in/moritz-linke,True,148.0
6151c634-0c4d-4a9e-870d-039965dd6d90,fero labs,https://www.ferolabs.com/,New York,,,,,,,False,
201795143,Fervo Energy,fervoenergy.com,"Houston, Texas",,26.13,Series D,255000000.0,Canada Pension Plan Investment Board (CPP Investments),Tim Latimer (Chief Executive Officer): https://linkedin.com/in/timlatimer,True,140.0
297094568,Fever,fever.energy,"Stockholm, Sweden",,26.32,Seed,10000000.0,General Catalyst,Ruben Flam (Founder): https://linkedin.com/in/rubenflam,True,24.0
4a8a7539-e788-4a5f-8f04-9152640cddb6,fiberdom,https://fiberdom.com/,"Vantaa, Finland",,,,,,,False,
9567548,Fibersail,fibersail.com,Portugal,,,,,,,False,
e660a452-15be-498f-ad11-e358ddb911a4,fiberwood,https://www.fiberwood.fi/,"Järvenpää, Finland",,,,,,,False,
52094ddc-ab71-4100-a000-4a77c39c357a,fibmold packaging,https://www.fibmold.com/,"Mumbai, India",,,,,,,False,
224834586,Fibracast,fibracast.com,"Hamilton, Canada",,,,,,,False,
83e14149-33bd-4cc3-9c70-b820c0613459,fibrecoat,https://www.fibrecoat.com/,"Aachen, Germany",,,,,,,False,
223167450,Fiddler Labs,fiddler.ai,"Mountain View, CA",,,,,,,False,
283852388,Field Materials,fieldmaterials.com,"San Jose, California",,36.84,Series A,10500000.0,S16vc,Eldar Sadikov (Co-Founder & CEO): https://linkedin.com/in/eldarsadikov,True,26.0
581be94b-a4b1-4f9a-83ee-8a9a67107b4a,fieldless farms,,Canada,,,,,,,False,
7964f852-5706-44a2-9771-9fa6ba7bb430,fieldwire,https://www.fieldwire.com/,"San Francisco, CA",,,,,,,False,
978e8f7b-7869-479f-b365-5149b11b1bca,fifth wall,,"Los Angeles, New York",,,,,,,False,
162556647,figbytes,figbytes.com,"Gatineau, Canada",,0.0,,14500000.0,Silicon Valley Bank,Ted Dhillon (Co-Founder & CEO): https://linkedin.com/in/ted-dhillon-194a36,True,39.0
1623997,Figma,figma.com,"San Francisco, California",,10.8,Late Stage,200000000.0,a16z,,True,2195.0
291779948,Figorr,figorr.com,"Lagos, Nigeria",,,,,,,False,
78862775,Finite Carbon,finitecarbon.com,,,,,,,,False,
159739152,Finite State,finitestate.io,"Columbus, Ohio",,-17.57,Other,20000000.0,Zetta Venture Partners,Matt Wyckhouse (Founder and CEO): https://linkedin.com/in/mattwyckhouse,True,61.0
122027093,Finless Foods,finlessfoods.com,"Emeryville, California",,-19.05,Series B,34000000.0,Breakoff Capital,"Michael Selden (Co-Founder, CEO): https://linkedin.com/in/michael-selden-168b47a3",True,17.0
7ffd4d74-2ed3-4ef5-804b-55445341a733,fintech nexus,,"Austin, TX",,,,,,,False,
300126849,FireDome,fire-dome.com,"Tel Aviv-Yafo, Israel",,,Seed,3000000.0,Vertex Ventures,Orr Chen (Co-founder & VP R&D): https://linkedin.com/in/orrchen,True,12.0
95f888b6-b946-40bc-ad37-8169a531b074,firehydrant,https://firehydrant.io/,New York,,,,,,,False,
45e96d66-d7d3-4472-b550-aed3eb0e70a0,firemaps,,San Francisco,,,,,,,False,
f9b47028-9752-49f3-bb01-e6b36c92c87c,first momentum,,"Karlsruhe, Germany",,,,,,,False,
155615934,First Resonance,firstresonance.io,"Los Angeles, California",,16.22,Other,,E12,Karan Talati (Co-Founder & CEO): https://linkedin.com/in/karan-talati,True,43.0
1703061,FirstElement Fuel,firstelementfuel.com,"Newport Beach, CA",,,,,,,False,
b6574916-6391-49d8-b427-b1a21ba9bf33,fitsol,,"New Delhi, India",,,,,,,False,
268357365,Flagship Pioneering,flagshippioneering.com,"Cambridge, MA, U.S.",,7.03,Investment Fund,2230000000.0,,,True,731.0
1705101,Flair,flair.co,"San Francisco, California",,-15.79,Series A,7600000.0,3M Ventures,Daniel Myers (Founder): https://linkedin.com/in/daniel-myers-524a7335,True,16.0
42eea5b5-50f6-42bb-b660-00ba5be4c298,flash forest,https://www.flashforest.ca/,"Toronto, Canada",,,,,,,False,
126382254,Flashfood,flashfood.com,"Toronto, Canada",,-11.7,Series A,12300000.0,Rob Gierkink,,True,83.0
162568745,Flashtract,flashtract.com,"Atlanta, GA",,,,,,,False,
ee56ed0f-e928-4b6f-8d53-ea49125ac955,flatfile,,"Denver, CO",,,,,,,False,
262978659,Fleet,movewithfleet.com,"San Francisco, California",,33.33,Seed,2500000.0,angels and advisors,Shaurya Saluja (Co-Founder & CEO): https://linkedin.com/in/shauryasaluja,True,12.0
c822eb7b-7bcd-4282-a154-6c4dcd49a0f6,fleet space technologies,https://fleetspace.com/,"Beverley, South Australia",,,,,,,False,
e54ef8c2-ebd9-4653-b41b-a1f998361d01,fleetops,https://www.fleetops.com/,"Toronto, Canada",,,,,,,False,
d691040c-59e6-4ca5-9c7f-23080318e534,fleetzero,,"New Orleans, LA",,,,,,,False,
d45c98ad-77f1-48b5-9473-cda781a37a0e,flexcharging,,"Bellevue, WA",,,,,,,False,
278677052,FLEXeCHARGE,flexecharge.com,"Copenhagen, Denmark",,,,,,,False,
1800129,FlexGen Power Systems,flexgen.com,"Durham, North Carolina",,-1.89,Series C,100000000.0,existing investors,Andreia Vieira (CEO & Founder): https://linkedin.com/in/andreia-vieira-98409988,True,208.0
163320169,FlexiDAO,flexidao.com,"Barcelona, Spain",,-9.76,Series A,6100000.0,KIC InnoEnergy,Joan Collell (Co-founder & COO): https://linkedin.com/in/joancollell,True,37.0
281851328,Flexnode,flexnode.io,"Bethesda, Maryland",,25.93,Seed,9000000.0,JE Dunn,Andrew C. Lindsey (CEO and Co-Founder): https://linkedin.com/in/andrew-c-lindsey-85b20822,True,34.0
1707527,Flexport,flexport.com,"San Francisco, California",,-5.52,Late Stage,935000000.0,DST,,True,2244.0
681d935c-a2a2-4e1f-b18e-6691181bae8d,flexsea,,"London, U.K. and Berlin, Germany",,,,,,,False,
286605966,Flipturn,getflipturn.com,"New York, New York",,50.0,Series A,11000000.0,CRV,Katie Siegel (CEO / co-founder): https://linkedin.com/in/katie-siegel-912a7758,True,18.0
220452984,FLO,flo.com,"Quebec City, Canada",,-27.58,Late Stage,98787408.0,the Business Development Bank of Canada,Louis Tremblay (President and Chief Executive Officer): https://linkedin.com/in/louis-tremblay-4841834,True,323.0
294171792,Flocean Green,flocean.green,"Oslo, Norway",,,,,,,False,
283364144,Flock Mobility,flockmobility.com,"Edinburgh, Scotland",,,,,,,False,
119673304,floLIVE,flolive.net,"London, United Kingdom",,-0.67,Series C,47000000.0,Golden Sunflower Capital,Boris Shagalov (Co-Founder and VP Global Business Development BSS): https://linkedin.com/in/boris-shagalov-aa023aa,True,149.0
2b8b5ade-9eef-4c69-b3bc-01b472ae5277,floodbase,,"New York, NY",,,,,,,False,
1a0b62cb-9eea-4989-b0ce-257eca4d5135,floodflash,,London,,,,,,,False,
152148220,FloodMapp,floodmapp.com,"Brisbane City, Australia",,-3.23,Seed,6000000.0,Climate X,Ryan Prosser (Co-founder and Chief Technology Officer): https://linkedin.com/in/ryan-prosser-19a829118,True,30.0
264980914,FloorFound,floorfound.com,"Austin, TX",,,,,,,False,
281745323,Flora,florabrands.com,"San Francisco, California",,19.05,Seed,9000000.0,Gokul Rajaram,Ugur Kaya (Co-Founder): https://linkedin.com/in/ougurkaya,True,25.0
0a3d9486-8d86-48d6-8a16-39809741e525,flora ventures,,"Tel Aviv, Israel",,,,,,,False,
2886065,Floreon,floreon.com,"City of Kingston upon Hull, UK",,,,,,,False,
285482663,florrent,florrent.com,"Amherst, MA",,,,,,,False,
290241228,FlowCarbon,flowcarbon.com,"New York, New York",,-25.0,Series A,70000000.0,Samsung Next,Phil Fogel (Co-Founder & Chief Crypto Guy): https://linkedin.com/in/phil-fogel-b03b149,True,24.0
9567809,Fluence Analytics,fluenceanalytics.com,"New Orleans, Louisiana",,0.0,Series A,,Energy Innovation Capital (EIC),Alex Reed (Co-founder and CEO): https://linkedin.com/in/alex-reed-b5518613,True,34.0
eb8fea49-c87a-438e-9d27-035386cf7d05,fluence energy,,Virginia,,,,,,,False,
287834486,FluoRok,fluorok.com,"Oxford, U.K.",,,,,,,False,
125395215,Fluree,flur.ee,"Winston-Salem, N.C.",,,,,,,False,
279333436,Flux Marine,fluxmarine.com,"Providence, RI",,,,,,,False,
288938533,Flyby Robotics,flybydev.com,"Los Angeles, California",,-10.0,Seed,4000000.0,Gaingels,Jason H. Lu (Co-Founder/ CEO): https://linkedin.com/in/jasonhuishenlu,True,9.0
287342208,FlyFeed.eco,flyfeed.eco,Estonia,,,,,,,False,
284389225,FLYORO,flyoro.co,"Singapore, Singapore",,,,,,,False,
630706fc-8848-41c5-9a0a-95409cee5f1c,flyscan,https://www.flyscan.com/,"Quebec, Canada",,,,,,,False,
a928d42b-1cff-4f81-b1c6-ffda336a3608,focused energy,,"Austin, TX",,,,,,,False,
266c20c1-a2b5-4c12-945a-bd63cf1e5311,food brewer,https://foodbrewer.com/,"Horgen, Switzerland",,,,,,,False,
291953040,foodforecast,foodforecast.com,"Cologne, Germany",,,,,,,False,
fa3eb22c-3636-4301-b0f8-33cb37704917,foodiq,,"Järvenpää, Finland",,,,,,,False,
b97007df-fd49-43f9-b30d-b103130b711c,foodsteps,,"London, UK",,,,,,,False,
285961533,Foray Bioscience,foraybio.com,"Cambridge, MA",,,,,,,False,
4c6975dc-b484-4eaf-96e8-57f6bc1f1569,forbion bioeconomy fund i,,"Naarden, Netherlands",,,,,,,False,
337c1d47-2221-4f4f-a5ce-ecb83f98a225,foreverland,https://www.foreverland.com/,"Bari, Italy",,,,,,,False,
111635891,Forge Nano,forgenano.com,"Louisville, CO",,,,,,,False,
223149167,Form Energy,formenergy.com,"Somerville, Massachusetts",,16.19,Late Stage,450000000.0,Breakthrough Energy Ventures (BEV),Ian McKay (Co-Founder): https://linkedin.com/in/ian-mckay-850332100,True,739.0
03201859-a044-4c2a-a815-caf0e4df7b8b,forsea foods,,Israel,,,,,,,False,
f71b95e9-2d6d-4abc-95ea-7d3ed89bef35,fort robotics,https://fortrobotics.com/,"Philadelphia, PA",,,,,,,False,
221984720,FortePhest,fortephest.com,"Ness Ziona, Israel",,0.0,Series B,,Sherpa InnoVentures,,True,1.0
282842846,Fortius Metals,fortiusmetals.com,"Lafayette, CO",,,,,,,False,
23d78254-9392-4959-93f1-986ac48df24b,forum mobility,,"San Francisco, CA",,,,,,,False,
293045243,forward earth,forward-earth.com,"Berlin, Germany",,100.0,Seed,4500000.0,Mosaic Ventures,,True,26.0
1736050,Forward Networks,forwardnetworks.com,"Palo Alto, California",,12.5,Series D,50000000.0,Threshold Ventures (previously DFJ Venture),Peyman Kazemian (Co-Founder): https://linkedin.com/in/peyman-kazemian-3a5326a,True,198.0
118759853,FOSSA,fossa.com,"San Francisco, California",,-7.79,Series B,23200000.0,Canvas Ventures,Kevin (Xi Zhao) Wang (Founder & CEO -- We're Hiring!): https://linkedin.com/in/kevinxizhao,True,71.0
1792754,Fotokite,fotokite.com,"Zürich, Switzerland",,,,,,,False,
633d0be3-2b1a-4913-920b-6dbc7a743de9,founderful,https://www.founderful.com/,"Zürich, Switzerland",,,,,,,False,
aec4cc23-f829-4fb8-b8af-04a1101b4e13,four growers,,"Pittsburgh, PA",,,,,,,False,
289455871,Fourier,fourier.earth,"Palo Alto, California",,0.0,Series A,18500000.0,GSBackers,"Siva Yellamraju (Co-Founder, CEO): https://linkedin.com/in/siva-yellamraju-a416b07",True,16.0
8273ef8a-0f63-4d88-81c9-1ed93107b744,fox robotics,https://www.foxrobotics.com/,"Austin, TX",,,,,,,False,
e600c047-9bbd-4508-9237-97bf3b1b3a75,fpr energy,,"Newcastle, Australia",,,,,,,False,
284328071,FranklinWH,franklinwh.com,"San Jose, CA",,,,,,,False,
214736882,Freebee,ridefreebee.com,"Miami, Florida",,0.0,Series A,8000000.0,bp ventures,Kris Kimball (Co-Founder & Managing Partner): https://linkedin.com/in/kris-kimball-6a402b88,True,56.0
222170785,Freedom Robotics,freedomrobotics.ai,"San Francisco, California",,0.0,Seed,6600000.0,Justin Kan,Joshua Wilson (Co-founder & CEO): https://linkedin.com/in/joshua-wilson-919a5a1,True,28.0
00921dc1-90e5-451e-abe7-f737acdb2097,freeflow ventures,,"Pasadena, CA",,,,,,,False,
1719566,FreeWire Technologies,freewiretech.com,"Newark, New Jersey",,-58.9,Series D,125000000.0,Spike Ventures,Jawann Swislow (Co-Founder): https://linkedin.com/in/jawanns,True,67.0
51e21c12-eb26-46d2-870e-456a7a08a7ee,freezem,https://www.freezem.com/,"Tel Aviv, Israel",,,,,,,False,
223379252,Frequenz.io,frequenz.com,"Berlin, Germany",,2.17,Series A,13000000.0,SET Ventures,Tom N. (Co-Founder): https://linkedin.com/in/thomasnicolai2,True,47.0
05fbf43d-2d20-45b6-a33c-18fa078a904b,freshbus,https://freshbus.in/,"Hyderabad, India",,,,,,,False,
282208135,freshflowai,freshflow.ai,"Berlin, Germany",,17.65,,1700000.0,Julius Göllner,Carmine Paolino (Co-Founder and CTO): https://linkedin.com/in/carminepaolino,True,20.0
221901736,Freterium,freterium.com,"Casablanca, Morocco",,,,,,,False,
293275290,FREYA CULTIVATION SYSTEMS,freyacultivation.com,"Kaunas, Lithuania",,,,,,,False,
fd2da2b3-a11c-436b-afdc-359d49602649,freyr battery,,"Newnan, GA",,,,,,,False,
c2ee427f-9690-4451-ae70-0f2fef0c311f,friendlier,,"Toronto, Canada",,,,,,,False,
111631983,Front Range Biosciences,frontrangebio.com,"Lafayette, CO",,,,,,,False,
271672027,Frontline Wildfire Defense System,wildfire.world,"San Francisco, CA",,,,,,,False,
225080762,Frore Systems,froresystems.com,"San Jose, California",,-3.64,Series C,80000000.0,Stepstone Group,Seshu Madhavapeddy (Founder & CEO): https://linkedin.com/in/seshumadhavapeddy,True,53.0
281833465,Automated Fruit Scouting Inc.,fruitscout.ai,"Yakima, WA",,,,,,,False,
78841651,Frumtak Ventures,frumtak.is,Iceland,,,,,,,False,
41e88d87-6647-46a8-9b9d-c747ce2505eb,fseq,,"South San Francisco, CA",,,,,,,False,
1630515,FSN Capital Partners,fsncapital.com,"Oslo, Norway",,1.6,Investment Fund,433892000.0,,Frode Strand-Nielsen (Founder & Managing Partner): https://linkedin.com/in/frode-strand-nielsen-a53a1912,True,127.0
1562433,FuelCell Energy,fuelcellenergy.com,"Danbury, Connecticut",,-9.57,Public Markets,6500000.0,Liberty Bank,,True,425.0
295924726,FuelFWD,fuelfwd.io,"Rotterdam, Netherlands",,,,,,,False,
220369881,FUERGY,fuergy.com,"Bratislava, Slovakia",,0.0,Series C,16000000.0,Pro Partners Holding,Rastislav Kuba (Co-founder & CTO): https://linkedin.com/in/rastislav-kuba-103348171,True,34.0
412d0893-739c-456c-a207-e0e7ced8e9e6,fugu carbon,https://fugucarbon.com/,"Sydney, Australia",,,,,,,False,
1531696,Fulcrum Bioenergy,fulcrum-bioenergy.com,"Pleasanton, CA",,,,,,,False,
3586653,Full Harvest,fullharvest.com,"San Francisco, California",,0.0,Series B,5000000.0,Citi Impact,Christine Moseley (Founder + CEO): https://linkedin.com/in/christinemoseley,True,49.0
299315439,Fungu'it,funguit.fr,France,,,,,,,False,
289363055,Furbnow,furbnow.com,"Birmingham, United Kingdom",,-9.09,Seed,950000.0,Nesta/Founders Factory Mission Studio,Becky Lane (Co-Founder and CEO): https://linkedin.com/in/becky-lane-30b65876,True,10.0
5baf4cfd-dc13-4a86-8e5c-1957fedbef86,furno,https://www.furno.com/,"Mountain View, Calif.",,,,,,,False,
294648049,Furno Materials,furno.com,"Palo Alto, CA",,,,,,,False,
c9a8b380-7b24-46ae-88b6-9012a8abfa53,fuse energy,,"London, U.K.",,,,,,,False,
c4249ffc-da99-429b-9139-6a8d4eb0356a,fuse energy technologies,https://www.fuseenergy.com/,"San Leandro, CA",,,,,,,False,
164008302,Fusebox OU,fusebox.energy,"Tallinn, Estonia",,11.11,Other,2600000.0,Smartcap,"Ahto Pärl (Chief Financial Officer, Co-Founder): https://linkedin.com/in/ahto-p%C3%A4rl-4b44412",True,30.0
3f523071-1f9e-4497-ba76-9286f7e03a38,fusebox energy,,"Tallinn, Estonia",,,,,,,False,
283914183,Futraheat,futraheat.com,"Surbiton, United Kingdom",,,,,,,False,
263706745,Future Energy Ventures,fev.vc,,,5.56,Investment Fund,65109000.0,The European Investment Fund,"Parsia Tayyebi 🌿 (Co-Founder, Senior Consultant): https://linkedin.com/in/parsiatayebi",True,19.0
223816829,Future Fields,futurefields.io,"Edmonton, Canada",,-2.7,Seed,11200000.0,Milad Alucozai of BoxOne Ventures,Matt Anderson-Baron (Chief Executive Officer): https://linkedin.com/in/mattandersonbaron,True,36.0
152819982,Future Meat Technologies,future-meat.com,Israel,,,,,,,False,
291870310,FutureProof Technologies,futureprooftechnologies.net,"San Diego, CA",,,,,,,False,
283684906,Fuuse,fuuse.io,"Lancaster, United Kingdom",,25.37,Series A,8700000.0,YFM Equity Partners,Michael Gibson (CEO): https://linkedin.com/in/michaelgibsonmiralis,True,84.0
11bd0635-f386-47ac-949d-cc83ac2c61fa,fyto,https://www.fyto.com/,"Bay Area, CA",,,,,,,False,
282494196,G2 Reverse Logistics,g2rl.com,"Pittsburgh, Pennsylvania",,23.08,Seed,9600000.0,N/A,,True,16.0
125395666,GA Drilling,gadrilling.com,"Bratislava, Slovakia",,-5.88,Other,15000000.0,Neulogy Ventures,Dušan Kočiš (Founder and Managing Partner): https://linkedin.com/in/dusankocis,True,64.0
291408800,Gable Data,gable.ai,"Seattle, Wash.",,,,,,,False,
263592127,gaeastar,gaeastar.com,"Berlin, Germany",,,,,,,False,
268250136,GAIA BioMaterials AB,gaiabiomaterials.com,"Helsingborg, Sweden",,,,,,,False,
222330593,Gaiascope,gaia-scope.com,"New York, New York",,-18.18,Seed,2000000.0,VoLo Earth Ventures,Lauren Kuntz (CEO and Co-Founder): https://linkedin.com/in/lauren-kuntz,True,9.0
278651848,Galatea Technologies,galateatech.com,Calgary,,,,,,,False,
c27132c2-c77d-48fb-b1e4-492f7b5978c2,galley solutions,,San Diego,,,,,,,False,
291146120,GaltTec,galttec.com,"Tartu, Estonia",,,,,,,False,
283073104,Galvanick,galvanick.com,"Los Angeles, California",,26.67,Seed,10000000.0,angel investors,Joshua Steinman 🇺🇸 (Co-Founder): https://linkedin.com/in/jmsteinman,True,19.0
290928504,Galway Sustainable Capital,galwaysustainable.com,"Washington, D.C.",,,,,,,False,
1d1b6c4f-e13e-45ba-964b-c80c34473eaf,gamaya,https://www.gamaya.com/,Switzerland,,,,,,,False,
5648863f-32d6-438f-ba26-44ac32121a1b,gardyn,,Washington D.C.,,,,,,,False,
279244283,Garuda Aerospace,garudaaerospace.com,"Chennai, India",,-15.14,Series B,11657100.0,SphitiCap,Madhu G N (Deputy Chief Executive Officer & Chief Growth Officer): https://linkedin.com/in/madhu-g-n-1b3656221,True,269.0
222330468,Gather AI,gather.ai,"Pittsburgh, Pennsylvania",,10.17,Series A,17000000.0,99 tartans,Daniel Maturana (Chief Executive Officer): https://linkedin.com/in/daniel-maturana,True,65.0
147494212,Gatik,gatik.ai,"Mountain View, California",,8.94,Other,,Goodyear,Arjun Narang (Co-Founder and CTO): https://linkedin.com/in/narangarjun,True,134.0
283683786,Gaussion,gaussion.co.uk,"London, United Kingdom",,,,,,Tom Heenan (Chief Executive Officer): https://linkedin.com/in/theenan,True,3.0
74dd0588-21c8-4ec0-8c73-4d822b6bd4b4,gazelle wind power,https://www.gazellewindpower.com/,"Dublin, Ireland",,,,,,,False,
2537540,Gecko Robotics,geckorobotics.com,"Pittsburgh, Pennsylvania",,14.54,Series C,100000000.0,Joe Lonsdale,,True,323.0
454129f1-b425-4bbe-9a68-ea92854126fb,gef capital,https://gefcapital.com/,"Washington, D.C.",,,,,,,False,
142375122,Geltor,geltor.com,"San Leandro, CA",,,,,,,False,
dbc0eff6-d35a-4a2c-b000-7560283055ac,genecis,,Canada,,,,,,,False,
2832f5c3-4c75-4d13-b957-cb75d6550b35,genecis bioindustries,,"Ottawa, Canada",,,,,,,False,
222170886,Genemod,genemod.net,"Seattle, WA",,,,,,,False,
b594c142-4e5e-4d29-99f9-c38ef3d93d69,general catalyst,,"San Francisco, CA",,,,,,,False,
1696810,General Fusion,generalfusion.com,"Richmond, Canada",,,,,,,False,
8a0af985-440b-4857-868d-047ac1531c44,general galactic,,"El Segundo, CA",,,,,,,False,
297104471,General Matter,generalmatter.com,"San Francisco, CA",,,,,,,False,
2187291,Generate Capital,generatecapital.com,"San Francisco, California",,9.8,,1500000000.0,N/A,Jigar Shah (Co-Founder and President): https://linkedin.com/in/jigarshahdc,True,325.0
00fe9508-259b-40d2-a8d7-e840ef361754,generative engineering,,"London, U.K.",,,,,,,False,
293855093,Genia Bioenergy,geniabioenergy.com,"Valencia, Spain",,,,,,,False,
262780538,Genial Care,genialcare.com.br,"São Paulo, Brazil",,,,,,,False,
289723291,General Logistics,genlogs.io,"Washington, District of Columbia",,95.24,Seed,6000000.0,BBQ Capital,Joe Sherman (Co-Founder): https://linkedin.com/in/joe-sherman-3070893a,True,41.0
1548722,Genomatica,genomatica.com,"San Diego, CA",,,,,,,False,
4c1c805e-0e9e-41ed-a4db-81e206e75309,gently,,"San Francisco, CA",,,,,,,False,
cf1cc99c-68fc-47ee-b5fc-fb8b4e09e62f,genus power infrastructure,,"Jaipur, India",,,,,,,False,
291367634,GeologicAI,geologicai.com,"Calgary, Canada",,10.0,Series A,10000000.0,Export Development Canada,Grant Sanden (CEO of GeologicAI Inc.): https://linkedin.com/in/grant-sanden-748b9365,True,154.0
279382717,GeoPura,geopura.com,"Newcastle upon Tyne, United Kingdom",,22.5,Debt,22000000.0,Siemens Energy,,True,98.0
df594361-0982-4b96-a5ec-570069a4514b,geothermal engineering limited,https://www.geothermalengineering.co.uk/,"Cornwall, U.K.",,,,,,,False,
b299922d-d568-4645-bfe8-a829ef99f969,gethenry,,Germany,,,,,,,False,
ebb46c71-b8e9-4c80-bb2d-4b3660eb1b21,getmobil,https://www.getmobil.com/,"Sisil, Turkey",,,,,,,False,
152149363,GHGSat,ghgsat.com,"Montreal, Canada",,18.18,Series C,44000000.0,Government of Québec,,True,169.0
26201466-8a85-4303-b183-1922233b4da5,giga storage,giga-storage.com,"Santo André, Brazil",,,,,,,False,
301874727,GigaCrop,gigacrop.com,"Berkeley, CA",,,,,,,False,
291718215,Giraffe Financial Inc.,giraffefinancialinc.com,"Brooklyn, NY",,,,,,,False,
289889701,GIRASOLE ENERGIES,girasole-energies.com,"Boulogne-billancourt, France",,,,,,,False,
152149692,GIREVE,gireve.com,"Sèvres, France",,11.29,Series C,20000000.0,Partech Impact,,True,69.0
225157543,Glacier,endwaste.io,"San Francisco, California",,14.29,Series A,16000000.0,Cox Exponential,,True,32.0
824d7b7c-e296-4fc7-9c73-935ac3b44da4,glassdome,,"Camas, WA",,,,,,,False,
1541613,GlassPoint Solar,glasspoint.com,"Fremont, California",,-4.69,Series A,2500000.0,MIG Capital,Rod MacGregor (Co-Founder & CEO): https://linkedin.com/in/rod-macgregor-787a39,True,61.0
262589761,Glint Solar,glintsolar.co,"Oslo, Norway",,,,,Antler Innovation,Harald Olderheim (CEO): https://linkedin.com/in/harald-olderheim-075495,True,3.0
d5c405f2-d102-4b17-b016-f20bb1f8ca32,global sea mineral resources,,"Zwijndrecht, Belgium",,,,,,,False,
4529422a-46eb-4baa-8291-d6839d5b1aba,global surface intelligence,,UK,,,,,,,False,
1728855,Global Thermostat,globalthermostat.com,"New York, New York",,-50.0,Other,,U.S. Small Business Administration.,Paul Nahi (Chief Executive Officer): https://linkedin.com/in/paulnahi,True,17.0
220045819,Go To-U,go-tou.com,"Los Angeles, CA",,,,,,,False,
b8850da3-f042-4064-b699-81985b681929,gobolt,,"Toronto, Canada",,,,,,,False,
279455835,goEgoNetwork,goegonetwork.com,India,,,,,,,False,
147495447,GoExpedi,goexpedi.com,"Houston, Texas",,-26.47,Series C,25000000.0,San Jose Pension Fund,Timothy Neal (Co-Founder & CEO): https://linkedin.com/in/timothyneal2,True,25.0
00683767-d631-4ba3-9011-732db9d41e5e,gogoro,https://www.gogoro.com/,"Taoyuan, Taiwan",,,,,,,False,
285802609,Gomboc Ai,gomboc.ai,"New York, NY",,,,,,,False,
7b2ced9a-9d4a-4eb2-954f-4f0c3e5c40f1,gometro,https://www.gometro.com/,"Durban, South Africa",,,,,,,False,
285094588,goodcarbon,goodcarbon.earth,"Berlin, Germany",,24.0,Seed,5500000.0,,Jerome Cochet (Co-Founder & MD at goodcarbon): https://linkedin.com/in/jerome-cochet-ab836b4,True,31.0
054f2196-a691-4e9a-b53d-dea3810a6af8,goodleap,https://www.goodleap.com/,"Bay Area, CA",,,,,,,False,
150791487,Goodr,goodr.co,"Atlanta, Georgia",,-23.53,Debt,300000.0,"Atlanta Emerging Markets, Inc.",,True,26.0
ddb42f91-3fc7-4867-b783-4170fad0cb49,goodsam foods,https://goodsamfoods.com/,North Carolina,,,,,,,False,
286507755,GoodShip,goodship.io,"Nashville, Tennessee",,39.13,Series A,8000000.0,Fuse VC,David Tsai (Co-Founder & CTO): https://linkedin.com/in/davidtsai,True,32.0
161868558,Goodwings,goodwings.com,"Copenhagen, Denmark",,2.08,Other,2900000.0,Global Cleantech Capital,Christian Honoré (Founder): https://linkedin.com/in/christianhonore,True,49.0
b2b4bfaf-47a0-43a1-a891-5100bad3393d,gopeer,,"Boston, MA",,,,,,,False,
224846595,Gorilla,gorilla.co,"Antwerp, Belgium",,29.07,Series B,23000000.0,Flemish investment company PMV,Nick Verbaendert (Co-founder & investor): https://linkedin.com/in/verbaendert,True,111.0
223167337,GOSU Data Lab,gosu.ai,Lithuania,,,,,,,False,
1745478,Gotham Greens,gothamgreens.com,"New York, NY",,,,,,,False,
1f8a9a1d-3efd-4419-8024-5d10b89568da,goto global,https://www.gotoglobal.com/,Israel,,,,,,,False,
ebaf3605-2001-4cdf-a559-db43d74e94f9,gouach,,France,,,,,,,False,
34ace038-2f8a-435d-8709-014a86aaf184,gourmey,,France,,,,,,,False,
291873238,Gozen Bioworks,gozen-bioworks.com,"Beşiktaş, Turkey",,,,,,,False,
d0aafca8-6c6a-4d07-9dc7-27bf94e04e75,gps renewables,,India,,,,,,,False,
143638203,Gr3n Recycling,gr3n-recycling.com,Switzerland,,,,,,,False,
b47cbc11-75ee-4521-ac81-3a63bd8dd1b9,gradiant,,"Woburn, Mass.",,,,,,,False,
836967dc-23d0-40ae-bd39-269a38f48c97,gradient comfort,https://gradientcomfort.com/,"San Francisco, CA",,,,,,,False,
224904512,Gradyent,gradyent.ai,"Rotterdam, Netherlands",,26.19,Series B,28000000.0,Eneco Ventures,Freek Smelt (Co-Founder): https://linkedin.com/in/freek-smelt-b87b4ba,True,106.0
79707977,Grafana Labs,grafana.com,"New York, New York",,8.83,Series D,270000000.0,K5 Global,Torkel Ödegaard (Co-Founder): https://linkedin.com/in/torkel-%C3%B6degaard-806010b,True,1381.0
278676533,Grafbase,grafbase.com,"Stockholm, Sweden",,,,,,,False,
6bfb8814-ebef-41f9-9890-d6174352e045,grainchain,,"McAllen, Texas",,,,,,,False,
290866036,Granite Source Power,granitesourcepower.energy,"Middleton, DE",,,,,,,False,
f8df7d1c-c890-4ea8-b934-6818abfdb51a,granta autonomy,https://grantaautonomy.com/,"Vilnius, Lithuania",,,,,,,False,
70953623-49e6-459b-815f-f3d68c66b5d2,granular energy,,"Paris, France",,,,,,,False,
a2a0c8a7-eb17-4f5c-a64d-360149a4292c,granulate,,"Tel Aviv, Israel",,,,,,,False,
289995080,GraphEnergyTech,graphenergytech.com,"Lausanne, Switzerland",,,,,,,False,
09b75099-1989-4334-a6f9-560578d212db,graphite innovation & technologies,,"Halifax, Canada",,,,,,,False,
a7880f23-4aff-4bfe-be31-41803662b815,graphyte carbon removal,https://www.graphyte.com/,"Pine Bluff, AR",,,,,,,False,
288306269,GravitHy - a sustainable iron and steel,gravithy.eu,"Marseille, France",,,,,,,False,
112072615,Green Badger,getgreenbadger.com,"Savannah, Georgia",,7.69,Seed,1125000.0,GroundBreak Ventures,Tommy Linstroth (CEO): https://linkedin.com/in/tommylinstroth,True,14.0
219925965,Green Eagle Solutions,greeneaglesolutions.com,"Madrid, Spain",,14.55,Series A,6000000.0,SET Ventures,Juan Fernández Riejos (Co-founder & CTO): https://linkedin.com/in/juanfernandezriejos,True,63.0
b930b859-1416-4532-afb6-b4246ab39b29,green energy park,,"São Paulo, Brazil",,,,,,,False,
296108091,green flexibility,green-flexibility.com,"Kempten, Germany",,300.0,,1000000000.0,Partners Group,,True,32.0
281980926,Green Fusion,green-fusion.de,"Hohen Neuendorf, Germany",,15.0,Series A,12000000.0,Übermorgen Ventures,"Paul Hock (CEO, Co-Founder): https://linkedin.com/in/paul-hock",True,38.0
289946937,Green Graphite Technologies,greengraphitetech.com,"Montréal, Canada",,,,,,,False,
10510920-8e9c-456e-a6fd-1d9becc3983f,green gravity,https://www.greengravity.com/,Australia,,,,,,,False,
263174031,Green Li-ion,greenli-ion.com,Singapore,,,,,,,False,
6603bacf-4e32-4a59-a6cf-90614d31b07a,green monday holdings,,Hong Kong,,,,,,,False,
262672818,Green-Got,green-got.com,"Neuilly-sur-Seine, France",,8.4,Series A,5500000.0,Green-Got’s customers,,True,387.0
3de98c72-28f6-4dc9-b691-e306e2c02dd7,green14,https://www.green14.com/,Stockholm,,,,,,,False,
161798326,Greencells Group,greencells.com,"Saarbrücken, Germany",,,,,,,False,
290301968,Greencode Ventures,greencode.vc,"Helsinki, Finland",,44.44,,40000000.0,Business Finland Venture Capital,Kaisa Hietala (Chair & Founder): https://linkedin.com/in/kaisa-hietala-9a936350,True,13.0
3586918,GreenCom Networks AG,greencom-networks.com,"Munich, Germany",,-22.22,Other,14395000.0,SET Ventures,Badri Kothandaraman (President and CEO): https://linkedin.com/in/badri-kothandaraman,True,7.0
3939352,Greenely,greenely.se,"Stockholm, Sweden",,15.38,,2234131.0,Backstage,"Mohammed Al Abassi (Co-Founder, Product Manager): https://linkedin.com/in/mohammed-al-abassi",True,45.0
302262205,Greener Power Solutions,greenerpowersolutions.com,Netherlands,,,,,,,False,
202530745,Greeneye Technology,greeneye.ag,"Tel Aviv, Israel",,,,,,,False,
84dfa7af-ae93-4f86-9be3-d8d11122fc0b,greeniron,https://greeniron.se/,"Stockholm, Sweden",,,,,,,False,
bf88df90-15d9-4773-a839-3eec2d0189bb,greenlabs,,"Seoul, South Korea",,,,,,,False,
870d00c1-b89c-4867-a6b7-a147c1ab1a47,greenlight biosciences,https://greenlightbiosciences.com/,Boston,,,,,,,False,
1588091,Greenlight Planet,greenlightplanet.com,sub-Saharan Africa and South Asia,,,,,,,False,
224825483,Greenly,greenly.earth,"Paris, France",,25.45,Series B,52000000.0,Benhamou Global Ventures,,True,281.0
289715107,Greenlyte Carbon Technologies,greenlyte.tech,"Essen, Germany",,29.73,Series A,10500000.0,Dr. Udo Jung,Dr. Niklas Friederichsen (Co-Founder & CTO/CPO): https://linkedin.com/in/dr-niklas-friederichsen-8290849b,True,48.0
9aa8d971-3fa3-4288-8f60-8a5ce40be9fb,greenplaces,,"Raleigh, N.C.",,,,,,,False,
263575841,GreenPod Labs,greenpodlabs.com,India,,,,,,,False,
6dd362ff-742b-4cab-a7c4-0ea9effe3bf0,greenspark,,"New York, NY",,,,,,,False,
59307384-b151-4269-8ec6-1cf3a2f3b996,greenstitch,,"London, England",,,,,,,False,
281962992,GreenStruxure,greenstruxure.com,"San Francisco, California",,-4.41,,15651900.0,,Jose Lorenzo (Chief Executive Officer): https://linkedin.com/in/jose-lorenzo-270a6174,True,65.0
1586101,Greentown Labs,greentownlabs.com,"Somerville, Massachusetts",,-17.27,PPP Loan,350000.0,U.S. Small Business Administration.,,True,91.0
9a8ef922-c3b0-4e5b-8a93-e4c39e107a4b,greentrade,,Germany,,,,,,,False,
224626777,Greenwood-Power,greenwood-power.at,"Brunn am Gebirge, Austria",,,Series A,5100000.0,tecnet equity,Norbert Juschicz -  Sensors for Smart Grids (CEO and Co-founder): https://linkedin.com/in/norbert-juschicz-sensors-for-smart-grids-504143123,True,
283015701,Greenwork,joingreenwork.com,"San Francisco, California",,0.0,Other,2248800.0,,Sam Steyer (Co-Founder and CEO): https://linkedin.com/in/sam-steyer-a9162a36,True,11.0
11a8778d-114e-4811-9e43-c51e31336d21,greyparrot,https://greyparrot.ai/,UK,,,,,,,False,
163301881,Greyter,greyter.com,"Mississauga, Canada",,,,,,,False,
b8fb8872-ecf1-4ef3-b1d5-4c7850d5ee6c,grid edge,,"Birmingham, U.K.",,,,,,,False,
291173443,Grid Status,gridstatus.io,"Chicago, Illinois",,175.0,,8000000.0,Evergreen Climate Innovations,Connor Waldoch (Head of Product and Founder): https://linkedin.com/in/connorwaldoch,True,11.0
1740501,GridBeyond,gridbeyond.com,"Saggart, Ireland",,2.6,Series C,52000000.0,Total Carbon Neutrality Ventures,Richard O' Loughlin (Deputy CEO): https://linkedin.com/in/richard-o-loughlin-50060714,True,158.0
9bb612d3-48d6-4ffe-b8d1-f6cfc15f5e1c,gridbeyond storage,https://gridbeyond.com/,"Dublin, Ireland",,,,,,,False,
299989573,GridCARE,gridcare.ai,"Redwood City, California",,,,14079825.0,,,True,
262594984,Gridcognition,gridcognition.com,"None, Australia",,0.0,Seed,2250000.0,,Fabian Le Gay Brereton (Co-Founder and CEO): https://linkedin.com/in/fabianb,True,19.0
303547466,GridFree AI ,gridfree.ai,"Houston, Texas",,,,5000000.0,Amplo,Craig Simpson (Founder and Director): https://linkedin.com/in/craigasimpson,True,
b6009e20-2fb1-4561-b625-d79c5ae0e036,gridio,,"Tallinn, Estonia",,,,,,,False,
1621793,Gridium,gridium.com,"Menlo Park, California",,-9.09,Series A,14000000.0,"Mitsubishi HC Capital America, Inc.","Adam Stein (VP of Product, co-founder): https://linkedin.com/in/adamstein",True,40.0
281340667,GridMatrix,gridmatrix.com,"San Francisco, CA",,,,,,,False,
1515788,GridPoint,gridpoint.com,"Reston, Virginia",,-13.86,Other,45000000.0,Shell Ventures,Mark Danzenbaker (CEO): https://linkedin.com/in/markdanzenbaker,True,174.0
294742047,Grid Raven,gridraven.com,"Tallinn, Estonia",,60.0,Series A,4000000.0,Icebreaker.vc,Henri Manninen (Co-Founder and CTO): https://linkedin.com/in/henri-manninen-0b683a13b,True,8.0
279382861,Gridsight,gridsight.ai,"Wollongong, Australia",,32.14,,5060475.0,,Hugh Chan (Co-Founder and Technology Lead): https://linkedin.com/in/hugh-chan-0995b370,True,37.0
1610148,Gridtential Energy,gridtential.com,"Santa Clara, CA",,,,,,,False,
264980343,Gridware,gridware.io,"San Francisco, California",,14.81,Series A,26400000.0,Lowercarbon,Hall Chen (Co-Founder & Director of Engineering): https://linkedin.com/in/hallchen,True,62.0
1619823,GridX,gridx.com,"Milpitas, California",,10.71,Series C,40000000.0,Moore Strategic Ventures (MSV),Chris Black (Chief Executive Officer): https://linkedin.com/in/chrisblackco,True,93.0
115156374,GroGuru,groguru.com,"San Diego, CA",,,,,,,False,
278412574,GROPYUS,gropyus.com,"Vienna, Austria",,7.49,Other,109730000.0,Practical Venture Capital,Florian Fritsch (Co-Founder): https://linkedin.com/in/florianfritsch,True,330.0
157663881,Gross-Wen Technologies,gross-wen.com,"Slater, IA",,,,,,,False,
ecc7057a-a831-4d0a-8272-ad17394dec26,grounded foods,,"Los Angeles, CA",,,,,,,False,
290466094,Groundley,groundley.com,"Viborg, Denmark",,80.0,Seed,970000.0,EIFO (The Danish Export and Investment Fund),Uffe Aalborg (Co-Founder): https://linkedin.com/in/uffeaalborg,True,9.0
284948993,Groundlight,groundlight.ai,"Seattle, WA",,,,,,,False,
1738532,Groundwork BioAg,groundworkbioag.com,"Mazor, Israel",,0.0,Series B,18000000.0,Axess Ventures,Yossi Kofman (Chief Executive Officer): https://linkedin.com/in/yossi-kofman-65a896211,True,44.0
e0c05f7e-f198-4ad7-aed9-f59df461ef16,group14 technologies,https://www.group14.technology/,"Woodinville, WA",,,,,,,False,
1776606,Grover,grover.com,"Berlin, Germany",,-21.85,Other,54619500.0,Augmentum Fintech Management Ltd,Linda Rubin (Interim CEO): https://linkedin.com/in/lindarubin898,True,304.0
278651054,Grow Indigo,growindigo.co.in,India,,,,,,,False,
d48e1ef0-8431-4f66-9ce5-e704a3a75ed2,growcer,,"Ottawa, Canada",,,,,,,False,
8c8dd2a8-aeea-4b96-8f65-a9c18b36053f,growers edge,https://growersedge.com/,"Johnston, Iowa",,,,,,,False,
d5aafeb8-df91-47ff-85fd-bd2b0bcef37b,growup farms,,"Bristol, UK",,,,,,,False,
144274286,Grubbly Farms,grubblyfarms.com,"Atlanta, GA",,,,,,,False,
265005534,Grünfin,grunfin.com,Estonia,,,,,,,False,
b1ebc5f9-b065-4aec-9191-9e0738f82242,gryd energy,,London,,,,,,,False,
ed13495c-c3c3-48f5-b062-a77010a3fdf1,gryps,https://www.gryps.com/,"New York, USA",,,,,,,False,
265005534,Grünfin,grunfin.com,"Tallinn, Estonia",,,,,,,False,
c8832072-c319-43d9-aca3-165a404ed4ab,gs power partners,,"Stamford, Connecticut and New York",,,,,,,False,
bea21483-798c-4732-ab71-10d25f783fd6,gt green technologies,,"Birkenhead, U.K.",,,,,,,False,
7d4d20f4-7bcd-4a4f-bfb2-b14dd20d7654,guangdong gaojing solar energy technology,,China,,,,,,,False,
281116374,Guardian Agriculture,guardian.ag,"Woburn, Massachusetts",,6.35,Series A,20000000.0,Wilbur-Ellis’ Cavallo Ventures,Jeff Feldman Sparks (COO and Co-Founder): https://linkedin.com/in/aggregatejeff,True,67.0
290235274,Guided Energy,guided.energy,"Paris, France",,22.22,,5200000.0,Sequoia,"Eric Daoud Attoyan (Co-Founder, CTO): https://linkedin.com/in/ericdaoud",True,11.0
282849994,Guidewheel,guidewheel.com,"San Francisco, California",,69.23,Series B,31000000.0,Gsbackers,Jason Dunford (Co-Founder & Advisor): https://linkedin.com/in/jasondunford,True,88.0
281722324,H2 Green Steel,h2greensteel.com,"Stockholm, Sweden",,60.0,Other,271977500.0,Schaeffler,Henrik Henriksson (Chief Executive Officer): https://linkedin.com/in/henrik-henriksson-b4893112a,True,448.0
1795508,H2O.ai,h2o.ai,"Mountain View, California",,-18.49,Late Stage,100000000.0,New York Life,Aku Srikanth (AI Product Marketing (worked with CEO & CMO)): https://linkedin.com/in/akusf,True,291.0
585ded18-5437-4274-a744-5d6ecbe31ecd,h2pro,https://www.h2pro.co/,Israel,,,,,,,False,
1531854,H2scan,h2scan.com,"Valencia, Calif.",,,,,,,False,
fa4c377d-4e55-41ec-9f06-ac9b2f9dbb5d,h2site,https://www.h2site.eu/,"Bilbao, Spain",,,,,,,False,
268342889,H2U Technologies,h2utechnologies.com,"Pasadena, CA",,,,,,,False,
120609892,H3 Dynamics Holdings,h3dynamics.com,Singapore,,,,,,,False,
5758649a-12b1-43c9-92b6-11e36705ccd1,h3x,,"Denver, CO",,,,,,,False,
281080512,H3X Technologies,h3x.tech,"Louisville, CO",,,,,,,False,
a33fb301-df98-4f26-a5d2-dc604a0631ab,h55,https://www.h55.ch/,"Sion, Switzerland",,,,,,,False,
297110569,Haaven,haaven.com,"Amsterdam, Netherlands",,-27.27,Seed,1100000.0,SpeedInvest,Thomas Leeson (Co-Founder): https://linkedin.com/in/thomas-leeson-32aa23173,True,8.0
288079683,HabiTerre,habiterre.com,"Champaign, IL",,,,,,,False,
299861345,Happy Plant Protein,happyplantprotein.com,"Sundsberg, Finland",,,,,,,False,
291699198,HappyVore,happyvore.com,France,,,,,,,False,
263317431,harbor,helloharbor.com,"Los Angeles, California",,,Seed,5000000.0,25madison,Dan Kessler (Chief Executive Officer): https://linkedin.com/in/dakessler,True,16.0
90a1a7f8-8f69-48ed-971e-dfbea3cb9c8c,hardt hyperloop,https://hardt.global/,"Delft, The Netherlands",,,,,,,False,
faaea342-7700-4c07-a111-be0c12b8ec3d,harpe bioherbicide solutions,,"Raleigh, NC",,,,,,,False,
32a5b7aa-c191-482f-b7bb-6c8421f346e9,harvest thermal,,"Berkeley, California",,,,,,,False,
281600964,Hauler Hero,haulerhero.com,"San Diego, CA",,,,,,,False,
73584305-afab-44a2-a2f1-4b50899bb10e,haven energy,https://www.havenenergy.com/,"Austin, TX",,,,,,,False,
108428114,HawkEye 360,he360.com, ,,,,,,,False,
3e5850e3-e222-4bcf-84f6-40d9af80042f,hayden ai,https://hayden.ai/,"San Francisco, CA",,,,,,,False,
ac6b8457-9771-41fb-994a-a3d601d3f5d4,hazel technologies,https://www.hazeltechnologies.com/,"Chicago, IL",,,,,,,False,
120131663,Hazer Group,hazergroup.com.au,"Perth, Australia",,,,,,,False,
82217f95-74cc-480a-8e6e-a690c490ef67,hcvc,,"Paris, France",,,,,,,False,
c9bec168-e1b3-4b92-93d8-526ac0633ae3,hdata,,"Birmingham, Ala.",,,,,,,False,
99adbf71-1df9-450f-ba3a-790cd26c654b,healthmate,https://www.healthmate.com/,"Boston, MA",,,,,,,False,
228822f3-e366-42c3-b7bf-2fc7aa17c42b,healthsync,https://www.healthsync.com/,"Toronto, Canada",,,,,,,False,
220548278,Heart Aerospace,heartaerospace.com,Sweden,,,,,,,False,
220244517,Heartcore Capital,heartcore.com,Copenhagen,,6.67,Investment Fund,180000000.0,,,True,32.0
dcb42b3f-8a16-4eaf-afb5-d469a5cfef24,heat geek,https://www.heatgeek.com/,"London, U.K.",,,,,,,False,
c254aa7b-de97-4067-a4e5-7fe12e8c30b7,heaten,https://heaten.com/,Norway,,,,,,,False,
60b9014a-c09b-4889-883c-a1cb35a09c7b,heatio,https://heatio.com/,"Liverpool, U.K.",,,,,,,False,
224845073,HeatTransformers,heattransformers.com,"Woerden, Netherlands",,-33.93,Series A,15000000.0,Fair Capital Partners’ Impact Fund,Guido van Els (Co-Founder): https://linkedin.com/in/guido-van-els-bb2a1664,True,74.0
284138216,HeavyFinance,heavyfinance.com,"Vilnius, Lithuania",,13.64,Debt,1060880.0,business angels,"Domantas Šiupšinskas (Project Manager, Co-founder): https://linkedin.com/in/domantas-%C5%A1iup%C5%A1inskas-5a244b148",True,50.0
132103735,Hectare Agritech,hectare.farm,"Rowlands Castle, United Kingdom",,,Other,742103.0,,Andrew Huxham (Co-Founder): https://linkedin.com/in/andrew-huxham-a263a838,True,25.0
0f39dbc6-dbce-4792-93f1-7f10646e91f4,hedera-22,https://www.hedera22.com/,"Liege, Belgium",,,,,,,False,
5bd52220-021a-46bb-8fe2-7924f8dd486a,hedosophia,,London,,,,,,,False,
242262500,Heila Technologies,heilatech.com,"Somerville, Massachusetts",,-35.42,Seed,,Acario Innovation,Francisco Morocz (Co-Founder and CEO): https://linkedin.com/in/francisco-morocz-53050526,True,31.0
154905715,Heimdall Power,heimdallpower.com,"Oslo, Norway",,21.57,Series B,25000000.0,Investinor,Robert Mork (CEO at Heimdall Power's US subsidiary Heimdall Power Inc.): https://linkedin.com/in/robert-mork-86364111,True,62.0
858ecd79-631b-49fe-96a0-8ada992bc8dd,heirloom carbon technologies,https://www.heirloomcarbon.com/,"San Francisco, CA",,,,,,,False,
d9a42f4e-f651-4298-9c92-aec386a0eb4f,helaina,,"New York, NY",,,,,,,False,
285715696,Helical Fusion,helicalfusion.com,"Tokyo, Japan",,,,,,,False,
a4021a85-ac08-42be-8f17-8d6e5f3f0baf,heliene,https://heliene.com/,"Sault Sainte Marie, Canada",,,,,,,False,
224013584,Heliogen,heliogen.com,"Pasadena, California",,10.0,,,,Christie Obiaya (Chief Executive Officer): https://linkedin.com/in/christie-obiaya-5591a16,True,255.0
1697921,Helion Energy,helionenergy.com,"Seattle, WA",,,,,,,False,
2dc92b6c-6ee9-40d3-8fe9-dd747dc4e3f1,helix earth technologies,https://www.helixearth.com/,Houston,,,,,,,False,
546155f9-1928-4c1d-8d72-71040dc89bec,helixintel,https://www.helixintel.com/,"Buffalo, NY",,,,,,,False,
1801673,Hellas Direct,hellasdirect.gr,"Marousi, Greece",,19.5,Series B,30000000.0,Jon Moulton,Alexis Pantazis (Co-Founder and Executive Director): https://linkedin.com/in/alexispantazis,True,239.0
9f9eaee8-5c46-4ffa-a887-6ffef13e3aba,hemav,https://hemav.com/,Barcelona,,,,,,,False,
281209531,Hen Nozzles,hennozzles.com,"Hayward, CA",,,,,,,False,
297065125,Heritable Agriculture,heritable.ag,"Mountain View, CA",,,,,,,False,
116049268,Hero Future Energies,herofutureenergies.com,India,,,,,,,False,
262447679,Heura Foods #QuédateEnCasa,heurafoods.com,"Barcelona, Spain",,,,,,,False,
284441849,HexaFarms,hexafarms.com,"Berlin, Germany",,18.18,Seed,1300000.0,Mudcake,"Huijo Kim (CTO, Co-founder): https://linkedin.com/in/khj17",True,13.0
e0e31726-a970-485c-b2d1-17847caac2e0,hexium,,"Austin, TX",,,,,,,False,
283206846,HeyCharge,heycharge.com,"Munich, Germany",,6.25,Seed,4700000.0,Statkraft Ventures,Chris Cardé (Founder and CEO): https://linkedin.com/in/pilotchris,True,17.0
14779089-a3b2-4937-bac5-bc1b46e230be,hgen,https://hgen.com/,"Los Angeles, CA",,,,,,,False,
8c711c57-52ce-43ee-bf0d-ccb94ba680b7,hiddenlayer,,"Austin, TX",,,,,,,False,
285666305,HIF Global,hifglobal.com,"Houston, TX",,,,,,,False,
7b870e45-49c2-4d5d-9a6c-5f26871923aa,higharc,https://www.higharc.com/,"New York, NY",,,,,,,False,
279599662,Highland Electric Transportation,highlandet.com,"Beverly, Massachusetts",,0.0,Other,253000000.0,Fontinalis Partners,,True,5.0
9772b74c-cb53-4474-8fa4-a98f0d2146bf,highview power,https://www.highviewpower.com/,"London, England",,,,,,,False,
283381279,Highwood Emissions Management,highwoodemissions.com,"Calgary, Canada",,-3.57,Seed,3000000.0,Energy Capital Ventures (ECV),Jessica Shumlich (Chief Executive Officer): https://linkedin.com/in/jessica-shumlich-bb745148,True,27.0
263381437,Hippo Harvest,hippoharvest.com,"Half Moon Bay, CA",,,,,,,False,
283465445,Hitachi Ventures,hitachi-ventures.com,Tokyo,,7.69,Series A,400000000.0,TechCrunch,Stefan Gabriel (Managing Director and CEO): https://linkedin.com/in/stefan-gabriel-2485757,True,28.0
a25e9c78-8d1f-4e6d-a380-df3823eedd8f,hithium,https://hithium.com/,China,,,,,,,False,
163279648,Hive,thehive.ai,"San Francisco, California",,-6.73,Series D,50000000.0,"Eight Partners VC, LLC","Iqbaljit Kahlon (Executive Chairman, Board Member): https://linkedin.com/in/ikahlon",True,305.0
30793361-666e-47ff-862e-e09af9047471,hohm energy,,"Sandton, South Africa",,,,,,,False,
262711721,Hohonu,hohonu.io,"Honolulu, Hawaii",,16.67,Seed,1800000.0,Blue Startups,,True,7.0
222330202,Holy Grail,holygrail.ai,"Mountain View, California",,-4.55,Seed,2700000.0,LowerCarbon Capital,David Hicks (Co-Founder & CTO): https://linkedin.com/in/david-cyprian-hicks,True,21.0
290191309,Dan.com - a GoDaddy brand,homeboost.com,"San Francisco, California",,-12.5,Seed,4000000.0,Incite.org,,True,7.0
e1069c8f-81a9-4e12-97eb-82772d004c94,hometree,,U.K.,,,,,,,False,
c1c142c3-0294-4cea-ab8b-75e7e1a4b74b,hometree group,,"London, UK",,,,,,,False,
2173098,Honeycomb,honeycomb.io,"San Francisco, California",,10.58,Series D,50000000.0,HelloFresh CEO Dominik Richter,,True,230.0
291250299,Hoofprint Biome,hoofprintbiome.com,"Raleigh, USA",,,,,,,False,
224663558,Hooray Foods,hoorayfoods.com,"San Francisco, CA",,,,,,,False,
fb49d39d-6bfc-4ec2-be8b-60e16071b7fb,hors normes,,France,,,,,,,False,
711c5451-892b-4c14-a543-095cbdc04d37,hort innovation,,Australia,,,,,,,False,
1718780,HowGood,howgood.com,"Marbletown, New York",,3.51,Series A,12500000.0,Jake Lodwick,Alexander Gillett (CEO): https://linkedin.com/in/agillett,True,59.0
279333829,Hoxton Farms,hoxtonfarms.com,UK,,,,,,,False,
60c11f29-1fbf-4c8d-95b7-3765207afd27,hozon,,China,,,,,,,False,
279123857,HT Materials Science,htmaterialsscience.com,"Dublin, Ireland",,,,,,,False,
530a2924-7947-41a5-aa6b-7dd353e9e73e,hubcycle,,"Avignon, France",,,,,,,False,
299729472,Hula Earth,hula.earth,"Munich, Germany",,100.0,Seed,1600000.0,Lawrence Leuschner,,True,6.0
263429766,HumanForest,humanforest.co.uk,"London, UK",,,,,,,False,
e1c364d5-ea69-472b-814b-65345e409a60,humble bee bio,,New Zealand,,,,,,,False,
ecf0f0e9-a0c4-4490-8a1e-566909ff42cb,humming homes,,"New York City, NY",,,,,,,False,
4fda7c5b-bb69-4169-ae74-1e0e47b4223d,hummingbird technologies,,"London, United Kingdom",,,,,,,False,
bb51c3e9-464d-47f4-a666-46e9d7bb42ff,hungry planet,,"St. Louis, MO",,,,,,,False,
4217531e-072c-4cb5-91ef-6f5451f8edc8,huue,,"Berkeley, CA",,,,,,,False,
220093214,Hy2gen,hy2gen.com,"Wiesbaden, Germany",,21.05,Series C,47000000.0,Hy24,Cyril DUFAU-SANSOT (CEO): https://linkedin.com/in/cdufausansot,True,46.0
287509838,HyAxiom,hyaxiom.com,"East Hartford, CT",,,,,,,False,
bbef600b-effb-4166-862b-10fab981e71c,hybar,https://hybar.com/,"Osceola, AR",,,,,,,False,
282956370,Hycamite TCD Technologies,hycamite.com,"Kokkola, Finland",,,,,,,False,
279164267,HydGene Renewables,hydgene.com,"North Parramatta, Australia",,,,,,,False,
7f7e8e3c-2c29-4c97-9be2-f973721159c7,hydregen,,"Oxford, United Kingdom",,,,,,,False,
285868148,Hydrogen Mem-Tech,hydrogen-mem-tech.com,"Trondheim, Norway",,,,,,,False,
d77d2404-8429-4676-ae30-3495f38b9d65,hydrogenera,https://hydrogenera.com/,Bulgaria,,,,,,,False,
e15d4854-7bbe-42bc-a606-7d8628c103f3,hydrogenious,https://hydrogenious.net/,Germany,,,,,,,False,
611a284d-a485-48fa-9a5a-aaa301f5979e,hydrogenpro,https://www.hydrogen-pro.com/,"Porsgrunn, Norway",,,,,,,False,
293940487,HYDROGRID,hydrogrid.ai,Austria,,5.0,Series A,8500000.0,CNB Capital,,True,42.0
156297453,HydroLeap,hydroleap.com,"Singapore, Singapore",,,,,,,False,
223699499,Hydrosat,hydrosat.com,"Luxembourg City, Luxembourg",,1.92,Series A,20000000.0,the Yield Lab,Jakob vanZyl (Co-founder and CEO): https://linkedin.com/in/jakob-vanzyl-91b119a4,True,53.0
6b52318c-2985-42ea-b1b3-f80e0f919380,hydrostor,https://hydrostor.ca/,Canada,,,,,,,False,
286174025,Hygenco- The Hydrogen,hygenco.in,"Gurgaon, India",,,,,,,False,
285534342,hylane,hylane.de,"Cologne, Germany",,,,,,,False,
1795673,Hyliion Holdings Corp.,hyliion.com,"Cedar Park, Texas",,2.91,Public Markets,21000000.0,New Era Ventures,"Hayden Cardiff, CTP (Co-founder / COO): https://linkedin.com/in/haydencardiff",True,106.0
278519776,HYMETH,hymeth.com,Denmark,,,,,,,False,
51aecbb3-31ad-4b54-8d73-212b27770502,hypercraft,https://www.hypercraft.com/,"Provo, Utah",,,,,,,False,
9bcf8ac9-09d7-46ae-a604-d80c476bd08a,hyperheat,,"Offenburg, Germany",,,,,,,False,
150794124,Hyperion Robotics,hyperionrobotics.com,"Espoo, Finland",,25.0,Seed,3000000.0,Lifeline Ventures,"Javier Hernandez (Chief Design Officer, Cofounder): https://linkedin.com/in/javierjhm",True,35.0
293278517,HYPERMINE - VTT Launchpad team,hypermine.fi,"Espoo, Finland",,0.0,Seed,,Sage Enterprises,,True,1.0
dfbac8e9-4e79-407c-befc-ef7878ec00f2,hypermotive,,UK,,,,,,,False,
ec853943-654f-485a-83f0-8dda8cf8c1c7,hyperproof,,"Bellevue, WA",,,,,,,False,
224677498,Hypervolt,hypervolt.co.uk,"London, United Kingdom",,-7.89,,8342325.0,,Razvan Vasiliu (Co-Founder): https://linkedin.com/in/razvan-vasiliu-67b386104,True,35.0
283956980,Hysata,hysata.com,"Wollongong, Australia",,,,,,,False,
12cd9907-81a9-48c2-9c7b-4ebea5f0a7c5,hysetco,https://www.hysetco.com/,"Paris, France",,,,,,,False,
148820796,HySiLabs,hysilabs.com,"Aix-en-provence, France",,,,,,,False,
8ec7cd99-5868-4cd4-9772-241b972a17cc,hystar,https://www.hystar.no/,"Oslo, Norway",,,,,,,False,
291237645,HYNR,hyting.com,"Wiesbaden, Germany",,,,,,,False,
263104135,Hyzon Motors,hyzonmotors.com,"Rochester, NY",,-45.56,Public Markets,1663006559.0,Audacy Ventures,Parker Meeks (President and Interim Chief Executive Officer (CEO)): https://linkedin.com/in/parkermeeks,True,141.0
299704957,i•rox technology,i-rox.com,France,,-4.55,,,,,True,21.0
8db2c24a-5a1e-48bc-83f1-bc2b45fa613e,i-tes,,"Turin, Italy",,,,,,,False,
3586a40d-472f-4f32-aeb4-bd5c500234f2,ibi-ag,,Israeli,,,,,,,False,
149471683,IBISA,ibisa.network,"None, Luxembourg",,-9.09,Series A,5800000.0,Asian Development Bank Ventures (ADBV),,True,20.0
268114075,ICEBERG DATA LAB,icebergdatalab.com,"Paris, France",,14.89,Series A,10000000.0,other existing investors,Matthieu Maurin (Co-Founder): https://linkedin.com/in/matthieu-maurin,True,54.0
5f78e384-9beb-4b06-9f5b-1a3b1f913b8c,iceye,https://www.iceye.com/,"Espoo, Finland",,,,,,,False,
148157257,ICON,iconbuild.com,"Austin, Texas",,-12.46,Series C,56167980.0,"Tiger Global Management, LLC",Evan Loomis (Co-Founder): https://linkedin.com/in/evanloomis,True,260.0
265102991,ICTYOS,ictyos.com,"Rhone-Alpes, France",,,,,,,False,
acfce501-8975-4bda-a011-dde8f7f07847,ideal semiconductor,https://idealsemi.com/,"Bethlehem, PA",,,,,,,False,
f22afc35-fdb0-4db3-a53f-ade625a3511c,idelic,,"Pittsburgh, PA",,,,,,,False,
262665733,Ideon Technologies,ideon.ai,"Richmond, California",,8.62,Series A,16000000.0,Playground Global,Gary Agnew (CEO and Cofounder): https://linkedin.com/in/gary-agnew-2b297b43,True,63.0
9532e481-d5e1-42a9-b57d-e9c87442579c,ienai,,"Madrid, Spain",,,,,,,False,
d5024ab7-fde9-4ccc-8a41-f717d984eeed,ieqsy,,Spain,,,,,,,False,
282908061,iFoodDS,ifoodds.com,"Seattle, WA",,,,,,,False,
9fcfa07c-c765-446f-a6b8-98382f60bdc2,ilectra motor group,,"Jakarta, Indonesia",,,,,,,False,
6896e3da-d54e-460d-99b7-79a20e277c07,illinois institute of technology,https://iit.edu/,U.S.,,,,,,,False,
2a40c55b-5455-4bc9-9816-2ad936657731,illumine industries,,"Chennai, India",,,,,,,False,
263763508,Immaterial,immaterial.com,"Cambridge, United Kingdom",,18.75,Series A,,"existing investors including long-term investor and Chairman of Immaterial Ltd, Jogchum Brinksma",Mohammed Khan (Chief Executive Officer Immaterial Ltd): https://linkedin.com/in/mohammed-khan-8a76067,True,38.0
282497054,Immobazyme,immobazyme.com,"Stellenbosch, South Africa",,,,,,,False,
1775237,Impact Bioenergy,impactbioenergy.com,"Seattle, WA",,,,,,,False,
dd660628-79d9-477d-baa6-795afda2c3e8,impact recycling,,UK,,,,,,,False,
1776341,ImpactAlpha,impactalpha.com,"Berkeley, CA",,,,,,,False,
e48e45f5-f66f-4ccf-b1bd-a7308a3e1bb0,imperfect foods,https://www.imperfectfoods.com/,"San Francisco, CA",,,,,,,False,
b33be376-1bb0-472f-a79e-4607e613dc96,impossible foods,,"Redwood City, CA",,,,,,,False,
80464edc-2ada-4b80-b204-4eb35853e4e5,impossible materials,,"Hamburg, Germany",,,,,,,False,
282914335,Impossible Mining,impossiblemining.com,"San Jose, CA",,,,,,,False,
1764614,Imubit Inc.,imubit.com,"Houston, Texas",,1.85,Series B,30000000.0,Upwest Labs,Nadav Cohen (Chief Scientist & Co-Founder): https://linkedin.com/in/cohennadav,True,165.0
f5720e78-1c31-4041-b672-e9ad0f0443f9,in bold print,,Chicago,,,,,,,False,
12818ebf-0e77-45d7-b595-9ed148b4aeca,in ovo,https://www.inovo.nl/,Netherlands,,,,,,,False,
268065389,Inarix,inarix.com,"Paris, France",,-2.56,Seed,3100000.0,Ankaa ventures,Pierre Chapelle (CEO): https://linkedin.com/in/pierre-chapelle-65052b71,True,38.0
de3b1f3e-10bf-4254-bfc3-a345ffaadde0,indigo ag,https://www.indigoag.com/,"Boston, MA",,,,,,,False,
1d24788c-648b-4b2b-a999-818dd22eb7c9,indigo technologies,https://indigotech.com/,"Woburn, MA",,,,,,,False,
e9276cd9-59ee-47e4-98c1-ec6d01752e44,indra systems,,"Mumbai, India",,,,,,,False,
119215833,INDUS.AI,indus.ai,"San Francisco, CA",,,,,,,False,
286545737,Industrial Sun,industrialsun.com,"Austin, Texas",,-11.11,,90000000.0,Modern Energy,Wade Gungoll (Co-Founder and Managing Director): https://linkedin.com/in/wade-gungoll-2690535,True,16.0
198221500,INERATEC,ineratec.de,"Karlsruhe, Germany",,14.12,Debt,72928800.0,European Investment Bank,Philipp Engelkamp (CFO & Co-Founder): https://linkedin.com/in/philipp-engelkamp-483b788a,True,97.0
dbfa9ab4-c922-44db-a92d-416d8bf0609d,ineratec gmbh,https://ineratec.com/,Germany,,,,,,,False,
153518641,Infinite Cooling,infinite-cooling.com,"Somerville, MA",,,,,,,False,
aef606ad-7dec-4b73-ae92-4216bbeb738f,infinite machine,https://infinitemachine.com/,New York,,,,,,,False,
03060da9-2005-405e-8beb-2a618a1c77be,infinite roots,,"Hamburg, Germany",,,,,,,False,
65914313,Infinite Uptime,infinite-uptime.com,"Alpharetta, GA",,,,,,,False,
b215c09f-4486-4fe1-b01f-9ac1a4f4bf3b,infinitum electric,,"Austin, TX",,,,,,,False,
278300719,Infinity Recycling,infinity-recycling.com,"Rotterdam, Netherlands",,9.09,,175000000.0,GC Ventures (CVC of PTTGC),Jan-Willem Muller (Co-Founder): https://linkedin.com/in/jan-willem-muller,True,12.0
224172335,Infiot,infiot.com,"San Francisco, CA",,,,,,,False,
1699148,InfluxData,influxdata.com,"San Francisco, California",,-1.8,Late Stage,81000000.0,others,Todd Persen (Co-Founder and CTO/VP of Engineering): https://linkedin.com/in/toddpersen,True,164.0
263514437,Infogrid,infogrid.io,"London, United Kingdom",,2.0,Series B,,The Venture Collective,William Cowell de Gruchy (Founder and CEO): https://linkedin.com/in/willcdgruchy,True,342.0
112952443,Infrakit,infrakit.com,"Espoo, Finland",,,,,,,False,
263316681,Infrascreen,infrascreen.com,"Neuchâtel, Switzerland",,,,,,,False,
263723683,Infravision,infravision.com.au,"Sydney, Australia",,2.22,Series A,23000000.0,Energy Impact Partners (EIP),Christopher C. (Co-Founder and Director): https://linkedin.com/in/christopher-c-467513126,True,92.0
283875363,Infyos,infyos.com,"London, United Kingdom",,-25.0,,,Et Capital,Sarah Montgomery (Cofounder and CEO): https://linkedin.com/in/sarahlouisemontgomery,True,9.0
4f2f60f1-cdd1-4844-b0dc-87c080c93677,inkbit,,"Medford, MA",,,,,,,False,
213993841,InnerPlant,innerplant.com,"Davis, CA",,,,,,,False,
224681158,Innocent Meat,innocent-meat.com,"Mecklenburg-Vorpommern, Germany",,,,,,,False,
20daa2a9-88df-4611-b4cc-0e1b13e2b5b8,innovatium,,UK,,,,,,,False,
201779882,Innovopro,innovopro.com,Israel,,,,,,,False,
224615148,InoBat,inobat.eu,"Bratislava, Slovakia",,4.4,Private Equity,111000000.0,,Marian Bocek (Co-Founder and CEO): https://linkedin.com/in/marian-bocek-1b16aa15,True,95.0
224206459,Insectta,insectta.com,"Bukit Merah, Singapore",,,,,,,False,
304496722,InSoil,insoil.com,"Vilnius, Lithuania",,,,,,,False,
40576111,InSolare,insolare.com,"Bangalore Urban, India",,,,,,,False,
02b8b797-4bd5-496d-9d0a-cf185031d083,insolight,,Switzerland,,,,,,,False,
122028525,InspiraFarms,inspirafarms.com,"London, UK",,,,,,,False,
32fb5c10-cff5-4d29-b59b-25e4cf54e0d9,inspiration mobility,,"Washington, DC",,,,,,,False,
6083042a-d857-419e-87ef-3e050cf562d5,inspired capital,https://www.inspiredcapital.com/,"New York, U.S.",,,,,,,False,
145558430,InstaDeep,instadeep.com,"London, UK",,,,,,,False,
220045061,Instagrid,instagrid.co,"Ludwigsburg, Germany",,34.08,Series C,95000000.0,Pierre-Pascal Urbon,Andreas Sedlmayr (Co-Founder / CEO): https://linkedin.com/in/andreas-sedlmayr,True,240.0
279174020,Installion,installion.eu,Germany,,,,,,,False,
126875969,Instrumental,instrumental.com,"Palo Alto, California",,0.0,Series C,50000000.0,Stanford StartX Fund,"Anna-Katrina Shedletsky (CEO, Founder): https://linkedin.com/in/anna-katrina-shedletsky-3577b835",True,72.0
f7e043a8-950b-41ed-99e9-cae85cb72af4,integrated projects,https://www.integratedprojects.com/,"New York, NY",,,,,,,False,
ac04adf8-c66b-4154-a5f9-0e304d5e22a5,integriculture,,Japan,,,,,,,False,
224630290,Integrity Municipal Systems,integritymunicipalsystems.com,"Poway, CA",,,,,,,False,
224652883,IntegrityNext,integritynext.com,"Munich, Germany",,23.2,Series A,100000000.0,EQT Growth,Simon Jaehnig (Co-Founder | Head of Sales and Partner Management): https://linkedin.com/in/simonjaehnig,True,154.0
1377ec03-fa5d-4c32-9322-e5db6511b6ea,intelliculture,https://www.intelliculture.ca/,"Kitchener, Canada",,,,,,,False,
2b351e68-3b67-4ec6-a6ed-e770ab7f8898,intelligent city,,"Vancouver, Canada",,,,,,,False,
53b8726b-32bf-403c-ad36-3182c46c2f64,intelligent energy,https://www.intelligent-energy.com/,"Jerichow, Germany",,,,,,,False,
3a21f0d6-4d50-4282-920c-f837fa11e773,intelligent fluids,,"Leipzig, Germany",,,,,,,False,
1600605,Intellihot Green Technologies,intellihot.com,"Galesburg, Illinois",,-5.63,Other,50000000.0,Aegon Asset Management,Sridhar Deivasigamani (Chief Executive Officer): https://linkedin.com/in/intellihot,True,67.0
121080135,Intello Labs,intellolabs.com,India,,,,,,,False,
283362624,intelmatix,intelmatix.ai,"Riyadh, Saudi Arabia",,,,,,,False,
8a9cbb90-3ee2-4540-992b-3924e8c900cf,intercontinental energy,https://intercontinentalenergy.com/,"Singapore, Singapore",,,,,,,False,
285483517,InterEarth,inter.earth,"West Perth, Australia",,,,,,,False,
205501666,Interface Polymers,interfacepolymers.com,"Loughborough, United Kingdom",,,,,,,False,
295632586,International Battery Company S.r.l.,ibcbattery.com,"Sunnyvale, CA",,,,,,,False,
5c977c87-d232-49fe-be64-ab7e387d8f44,interos,,"Arlington, Va.",,,,,,,False,
279068045,Intersect Power,intersectpower.com,"Beaverton, Oregon",,8.48,Other,800000000.0,Greenbelt Capital Partners,"Sheldon Kimber (CEO, Founder): https://linkedin.com/in/sheldonkimber",True,243.0
86c3603a-ee89-47ba-a43c-f186e5a0b4d4,interstellar lab,https://interstellarlab.com/,"Los Angeles, CA and Paris",,,,,,,False,
263389731,intramotev,intramotev.com,"St. Louis, MO",,,,,,,False,
124906062,Intudo Ventures,intudovc.com,"Jakarta, Indonesia",,,,,,,False,
285293508,Inurba Mobility,inurbamobility.com,"Barcelona, Spain",,,,,,,False,
262865565,InventWood,inventwood.com,"Frederick, MD",,,,,,,False,
83cbf90e-9d0f-4e82-997a-c984ff3a24ea,involve space,,"Lipomo, Italy",,,,,,,False,
118307314,iObeya,iobeya.com,France,,,,,,,False,
54c64031-f2aa-4dfb-bac2-23478ea48fd4,ion clean energy,https://ioncleanenergy.com/,"Boulder, CO",,,,,,,False,
119673631,ION Energy,ionenergy.co,"Mumbai, India",,0.0,Series A,3600000.0,other angel investors,Alexandre Collet (Co-Founder & CTO): https://linkedin.com/in/alexandre-collet-409b0625,True,104.0
cf794be5-051e-4cdd-b04e-881a48ca3afc,ion mobility,https://www.ionmobility.com/,Singapore,,,,,,,False,
223156223,Ion Storage Systems,ionstoragesystems.com,"Beltsville, MD",,,,,,,False,
c6ffd2cc-bc75-4c8b-a778-020237400330,ionate,,UK,,,,,,,False,
288022428,Ionblox,ionblox.com,"Fremont, CA",,,,,,,False,
1810393,Ioniqa Technologies,ioniqa.com,Netherlands,,,,,,,False,
282983126,IonKraft,ionkraft.com,"Aachen, Germany",,,,,,,False,
de83489c-7224-4bfd-93a2-ad6357234eb8,ionna,,"Torrance, CA",,,,,,,False,
120600044,ionobell,ionobell.com,"San Jose, California",,-20.0,Seed,3900000.0,Dynamo Ventures,,True,4.0
8d440a34-d9b0-4f3a-b0c7-996c840f8d11,ionomr innovations,https://ionomr.com/,Canada,,,,,,,False,
fc7343b7-ef43-4b67-903c-54b34388eb0b,iontra,,"Denver, CO",,,,,,,False,
37581618,IoTecha Corp,iotecha.com,"Piscataway, New Jersey",,-10.81,PPP Loan,150000.0,U.S. Small Business Administration.,,True,33.0
284817097,International Paintball Group - Australia,ipgau.com.au,"Melbourne, Australia",,,,,,,False,
282851474,iPronics Programmable Photonics,ipronics.com,"Valencia, Spain",,,,,,,False,
58363d99-54e7-46cc-b4dd-73a87307eee6,iqm quantum computers,,"Espoo, Finland",,,,,,,False,
224943288,Iris Light Technologies,irislighttech.com,"Chicago, IL",,,,,,,False,
31f052dd-0de6-47e4-81fa-3d9700ee62ac,iron ox,,"San Carlos, CA",,,,,,,False,
268246123,Iron Sheepdog,ironsheepdog.com,"Williamsburg, Virginia",,10.53,Series B,10000000.0,Supply Chain Ventures,Jake Liebler (Co-Founder & CEO): https://linkedin.com/in/jake-liebler-21557231,True,21.0
2ba1cade-debc-4f5d-9d31-dae8681da71f,ironic biotech,,"Lund, Sweden",,,,,,,False,
77ef9726-ba5a-4e31-8da3-ce986c9a4997,ironspring ventures,,"Austin, TX",,,,,,,False,
161873794,IRP Systems,irpsystems.com,"Tel Aviv, Israel",,,,,,,False,
164747949,Irrigreen,irrigreen.com,"Edina, Minnesota",,-15.56,Series A,19000000.0,Sage Hill Investors,Shane Dyer (CEO): https://linkedin.com/in/shane-dyer-75a84,True,38.0
294040889,Isometric,isometric.com,"London, United Kingdom",,35.85,Seed,25000000.0,Niklas Zennström,Eamon Jubbawy (Founder and CEO): https://linkedin.com/in/eamonjubbawy,True,72.0
120602144,Isovalent,isovalent.com,"Mountain View, CA",,,,,,,False,
f0e894eb-2954-4796-ba23-719bd160d464,isptech,https://isptech.com/,"Hardthausen, Germany",,,,,,,False,
89501b8a-f2c9-4333-bf3a-b3b7a20f1c8c,it's fresh!,https://itsfresh.com/,"Burntwood, United Kingdom",,,,,,,False,
149472769,ITpipes,itpipes.com,"Seattle, WA",,,,,,,False,
6c450fdc-24b9-4957-9b79-8736a23b2a9b,itselectric,,"Brooklyn, NY",,,,,,,False,
129729004,iUNU,iunu.com,"Seattle, WA",,,,,,,False,
262719177,Ivy Energy SaaS,ivy-energy.com,"San Diego, California",,3.85,Series A,18000000.0,Legacy Capital Ventures,,True,54.0
5cf95e7f-5bf6-420b-8148-799ed0e87414,iyris,https://iyris.com/,UAE,,,,,,,False,
6ca790b6-7cc2-46dd-be94-7ac4840bb800,jedlix b.v.,https://jedlix.com/,Netherlands,,,,,,,False,
287464476,Jejak.in,jejakin.com,"South Tangerang, Indonesia",,,,,,,False,
265069415,Jellatech,jellatech.com,"Raleigh, NC",,,,,,,False,
2167595,JET Charge,jetcharge.com.au,Australia,,,,,,,False,
223550798,JETCOOL Technologies,jetcool.com,"Littleton, Colorado",,0.0,Series A,17000000.0,Schooner Capital,Bernie Malouin (Founder & CEO): https://linkedin.com/in/malouin,True,38.0
120131221,Jetti Resources,jettiresources.com,"Boulder, CO",,,,,,,False,
52bbdcb9-588a-4363-9ecc-e85b5edf6c92,jetzero,,"Long Beach, CA",,,,,,,False,
afb26c0f-e795-4f4f-93fb-dc177c06cbc7,joby aviation,https://www.jobyaviation.com/,"Santa Cruz, CA",,,,,,,False,
224020028,Jolt Energy,jolt.energy,"Munich, Germany",,0.0,Other,165394500.0,InfraRed Capital Partners,"Frank N. Beicken (Co-founder, Vice President, Business Development at Jolt Energy): https://linkedin.com/in/frank-n-beicken-97367264",True,58.0
289128422,Jooules Limited,jooules.com,"Wellington, New Zealand",,,,,,,False,
164019833,Joro,joro.tech,"Oakland, California",,4.0,Seed,2500000.0,Amasia,Brydon Gerus (Advisor to the Founder.): https://linkedin.com/in/brydongerus,True,26.0
22439846,Joywell Foods,joywellfoods.com,"David, CA",,,,,,,False,
287559063,Jua,jua.ai,"Zürich, Switzerland",,0.0,Series A,11000000.0,Future Energy Ventures,Marvin Gabler (Co-Founder & CPO): https://linkedin.com/in/marvin-gabler,True,31.0
8d966284-79e4-4c5f-9689-978cabcf0b5b,juganu,https://juganu.com/,Israeli,,,,,,,False,
282831211,Juicy Marbles,juicymarbles.com,Slovenia,,,,,,,False,
299279513,Juna.Ai,juna.ai,"Berlin, Germany",,33.33,Seed,7500000.0,John Doerr,,True,4.0
262520924,Juno,juno.co,"San Francisco, California",,-50.0,Series A,20000000.0,k50,Jonathan Scherr (Co-Founder and CEO): https://linkedin.com/in/jonathan-scherr-b506999,True,8.0
151468169,Jupiter Intelligence,jupiterintel.com,"San Mateo, California",,13.24,Series C,54000000.0,Mitsui MS&AD,Sharon Richmond (Advisor to CEO): https://linkedin.com/in/sharon-richmond-78b67,True,77.0
282936378,Jupiter Ionics,jupiterionics.com,"Melbourne, Australia",,,,,,,False,
268231972,Kabira Mobility,kabiramobility.com,"Verna, India",,,,,,,False,
281083696,Kaiko Systems,kaikosystems.com,"Berlin, Germany",,,,,,,False,
224689131,Kairos Aerospace,kairosaerospace.com,"Mountain View, California",,5.0,Series D,52000000.0,Energy Innovation Capital (EIC),"Brian Jones (COO, President, Founder): https://linkedin.com/in/brian-jones-202a5b4",True,105.0
220563501,Kairos Power,kairospower.com,"Alameda, California",,3.5,,303000000.0,U.S. Department of Energy,Dolly Singh (Sr. Advisor to the CEO - Talent): https://linkedin.com/in/dosingh,True,355.0
3e1ea9b7-5848-4494-a379-2181d42faa66,kaiyo,,"New York, NY",,,,,,,False,
278295879,Kaltani,kaltani.com,Nigeria,,,,,,,False,
117395503,Kamma,kammadata.com,"London, United Kingdom",,-19.51,Series C,4200000.0,Conduit EIS Impact Fund,Alex Schembri (Chief Data and Innovation Officer & Co-Founder): https://linkedin.com/in/schrembot,True,33.0
2fe4610c-37a7-4b74-90cc-0c5859802df3,kanpla,https://kanpla.com/,"Aarhus, Denmark",,,,,,,False,
294649664,Kapta Space,kaptaspace.com,"Seattle, WA",,,,,,,False,
0012ef4d-49b5-4f65-9b3f-d0aed4e3e749,karma automotive,,"Hangzhou, China",,,,,,,False,
298608672,Karman Industries,karmanindustries.com,"Long Beach, CA",,,,,,,False,
296129443,Karomia,karomia.eu,"Gent, Belgium",,,,,,,False,
01b97da1-c26c-40bf-b882-61e9250c5c42,kate farms,https://www.katefarms.com/,"Santa Barbara, CA",,,,,,,False,
def81f8a-ae5b-43a8-b20e-f8e87307dfea,kaya ai,,"Columbus, OH",,,,,,,False,
116494323,Kayrros,kayrros.com,"Paris, France",,3.7,Other,44147200.0,European Investment Bank,Antoine H. (Chief Analyst and Co-founder): https://linkedin.com/in/antoine-h-5067824,True,112.0
279921477,Kazam,kazam.in,"Bengaluru, India",,16.0,Series A,8000000.0,Vertex Ventures Southeast Asia and India,Akshay Shekhar (Co-Founder): https://linkedin.com/in/akshayshekhar,True,131.0
81fe28b2-d26d-4c99-8413-b6c92765ef62,kebony,,Norway,,,,,,,False,
162558779,Kebotix,kebotix.com,"Cambridge, Massachusetts",,-18.18,Series A,11400000.0,Flybridge Ventures,Dr. Jill S. Becker (CEO): https://linkedin.com/in/dr-jill-s-becker,True,9.0
1588900,Keelvar,keelvar.com,Ireland,,,,,,,False,
278716185,Keey Aerogel,keey-aerogel.com,"Habsheim, France",,,,,,,False,
a5ead07e-ea30-4f05-b826-f797dea7de7a,kensa group,https://www.kensagroup.com/,"Truro, United Kingdom",,,,,,,False,
195faff5-e55c-4592-8421-7983f5ce0c61,ketos,,"Milpitas, CA",,,,,,,False,
283297169,Kevala,kevala.com,"San Francisco, California",,-16.67,Series A,21000000.0,Mark Ferron,,True,60.0
120607409,Kilimo,kilimoagtech.com,"Córdoba, Argentina",,10.0,,7825950.0,,Jairo Trad (CEO & Co-Founder): https://linkedin.com/in/ingjairotrad,True,34.0
427d6ac4-5e0b-46ca-bd39-b9bf24bef5a9,kind designs,https://kinddesigns.com/,"Miami, FL",,,,,,,False,
1273a7b4-73db-496e-8c62-139596828db7,kinetic green,,"Pune, India",,,,,,,False,
1781861,KisanHub,kisanhub.com,UK,,,,,,,False,
285234208,Kite Magnetics,kitemagnetics.com,"Clayton, Australia",,,,,,,False,
263474147,Kite Mobility,kitemobility.io,"Thornhill, Canada",,,,,,,False,
1a573b97-9e13-45be-afc8-956594a968b5,kitekraft,,Germany,,,,,,,False,
60023139-210c-4d47-8e69-25b2b8d51645,kitepower,https://kitepower.nl/,Netherlands,,,,,,,False,
75a9c699-40ec-40fc-bab0-680a3452b704,kkr global climate fund,,,,,,,,,False,
285267646,Klim,klim.eco,"Berlin, Germany",,29.58,Series A,22000000.0,AgFunder,Nina Mannheimer (Co-founder & Chief Product Officer): https://linkedin.com/in/ninamannheimer,True,92.0
282308113,kloopify,kloopify.com,"Pittsburgh, PA",,,,,,,False,
223332834,KoBold Metals,koboldmetals.com,"Berkeley, California",,16.57,Series B,192500000.0,Apollo Projects,Jeff Jurinak (Co-Founder and Chief Operating Officer): https://linkedin.com/in/jeff-jurinak-75ba2b2b,True,204.0
0319c26a-a348-45b7-bdeb-d63ce336fc16,kode labs,https://www.kodelabs.com/,"Dover, DE",,,,,,,False,
152149790,Kodiak Robotics,kodiak.ai,"Mountain View, California",,-1.07,Debt,30000000.0,Gopher Asset Management,Don Burnette (Co-Founder & CEO): https://linkedin.com/in/don-burnette-b5472743,True,185.0
297067941,Kokomodo,thekokomodo.com,Israel,,,,,,,False,
1a45273f-9997-4253-8436-1fa3687ce403,koloma,,Denver,,,,,,,False,
06a41ece-dd42-482f-92eb-cc8d2080b9ed,komaza,https://www.komaza.com/,Kenya,,,,,,,False,
ba275d1c-3060-4007-865c-4f22676649cf,komunidad,,Philippines,,,,,,,False,
1f1af658-c776-484d-838f-dbcb332aebbe,koolbooks,,France,,,,,,,False,
286009375,Kopperfield,kopperfield.com,"Seattle, Washington",,-23.08,Seed,5000000.0,Giant Ventures,Mark Wong (Co-Founder / CEO): https://linkedin.com/in/wongmark,True,10.0
3b4dcf14-acab-4929-856a-0bc7fd4ae2a8,kore power,https://korepower.com/,"Coeur D’alene, ID",,,,,,,False,
224657324,Kubecost,kubecost.com,"San Francisco, California",,-27.94,Series A,25000000.0,Afore Capital,,True,49.0
45749d1a-a660-4711-9dd3-75e176d56553,kula bio,https://www.kulabio.com/,"Boston, MA",,,,,,,False,
bc0e6055-b0b3-4c63-b1eb-cf37e127af60,kuleana,,"San Francisco, CA",,,,,,,False,
285094626,KUMULUS WATER,kumuluswater.com,"Saint-Mandé, France",,-9.68,Seed,3100000.0,Bpifrance,"Iheb Triki , CFA (Co-founder and CEO): https://linkedin.com/in/iheb-triki-cfa-b5867717",True,28.0
286232724,kusaridev,kusari.dev,"Ridgefield, Washington",,7.14,,8000000.0,Unusual Ventures,Tim Miller (CEO / Co-Founder): https://linkedin.com/in/tim-miller-02053621,True,15.0
283559617,Kuva Space,kuvaspace.com,"Espoo, Finland",,,,,,,False,
163277954,Kuva Systems,kuvasystems.com,"Cambridge, MA",,,,,,,False,
56f98e32-4a64-4c99-87cd-3af56f6897b9,kvasir technologies,,"Gladsaxe Municipality, Denmark",,,,,,,False,
fbb0f0ed-8141-44ad-b463-15d004591a0f,kvist,https://www.kvist.com/,Oslo,,,,,,,False,
297784636,Red Phase,kwetta.com,"Napier, New Zealand",,,,,,,False,
1766454,kWh Analytics,kwhanalytics.com,"San Francisco, California",,0.0,Series B,20000000.0,ENGIE,Richard Matsui (CEO and Founder): https://linkedin.com/in/richardmatsui,True,42.0
d6717552-8873-4810-9422-fdf6701c8fb6,kwota,,Estonia,,,,,,,False,
c0a238c2-cef5-401c-af4a-6781c5664b2c,kynda,,"Jelmstorf, Germany",,,,,,,False,
264979282,Kyoto Fusioneering,kyotofusioneering.com,"Tokyo, Japan",,,,,,,False,
284012560,La Solive,la-solive.com,"Paris, France",,53.0,Series A,4000000.0,Brighteye Ventures,Anna Colin (Bras Droit CEO): https://linkedin.com/in/anna-colin-9576b2159,True,98.0
132103676,Lactips,lactips.com,"Saint-Paul-en-Jarez, France",,2.08,Other,16869520.0,BNP Paribas Développement,Alexis von Tschammer (CEO): https://linkedin.com/in/alexis-von-tschammer-16a82645,True,49.0
0303666b-3d4d-4017-99b5-14d592696b2b,lacuna technologies,,"Palo Alto, CA",,,,,,,False,
f87834ef-bf10-441b-911f-6b2b5fc0b889,laiier,,London,,,,,,,False,
119216715,Laird Superfood,lairdsuperfood.com,Oregon,,,,,,,False,
161108674,Lancium Technologies,lancium.com,"Houston, Texas",,-5.36,,150000000.0,other strategic energy investors,Prashant Gupta (Co-Founder and Board Member): https://linkedin.com/in/pgupta241,True,53.0
266626238,LandGate,landgate.com,"Denver, Colorado",,0.0,Series B,10000000.0,"NextEra Energy Resources, LLC",Yoann Hispa (CEO): https://linkedin.com/in/yoann-hispa-652a994,True,43.0
263507746,LanzaJet,lanzajet.com,"Deerfield, Illinois",,14.41,Other,,Mitsubishi UFJ Financial Group,Jimmy Samartzis (Chief Executive Officer and Board Director): https://linkedin.com/in/jimmysamartzis,True,135.0
5198dba1-c64d-4b41-a763-900f9c28416f,lanzatech,https://www.lanzatech.com/,"Chicago, IL",,,,,,,False,
b207dd56-27d7-4794-a026-e4336ab56b02,lanzatech nz,,"Skokie, IL",,,,,,,False,
1fcc4278-a18a-4487-89bd-34ad8aa4c1c9,larger funding rounds,,"Cambridge, MA",,,,,,,False,
58222dc5-617e-4ac5-8166-db14376fd91c,last energy,,"Washington, D.C.",,,,,,,False,
42af7ffa-1569-4ef2-aa06-028231c37452,lat water,,"Berkshire, UK",,,,,,,False,
f42506b0-d37b-4346-971a-b8b73a767315,latitude media,,"Boston, MA",,,,,,,False,
5073f3e5-0572-4982-bf2b-8c7edc9d87fe,laxey,,"Vestmannaeyjar, Iceland",,,,,,,False,
f93dda0b-1b3f-41a7-a415-dd3183943015,ld carbon,,"Seoul, South Korea",,,,,,,False,
282357617,Le Fourgon,lefourgon.com,"Lille, France",,-7.48,Series A,10000000.0,La Poste Ventures fund,Maxime Tharin (CO-FOUNDER & COO): https://linkedin.com/in/maximetharincofondateurlefourgon,True,136.0
5706741b-c20f-468d-9b9a-fc263c93890d,leaf agriculture,https://www.leafagriculture.com/,"New York, U.S.",,,,,,,False,
279208332,Leaft Foods,leaftfoods.com,New Zealand,,,,,,,False,
297602927,Leakzon,leakzon.com,"Kfar Saba, Israel",,,,,,,False,
4a813edc-c190-4333-ac62-0caaac44e22f,leap24,,Netherlands,,,,,,,False,
267467687,Legume Technology,legumetechnology.co.uk,"East Bridgford, U.K.",,,,,,,False,
203286706,Leko Labs,lekolabs.com,Luxembourg,,,,,,,False,
8da83a90-e9ae-4612-909f-5935f933f375,lemon energy,,Brazil,,,,,,,False,
a968b56c-e603-430b-b83d-9b61c9d0d94d,lens consortium,,,,,,,,,False,
287851105,Leoparda Electric,leopardaelectric.com,"São Paulo, Brazil",,,,,,,False,
1793976,LetsTransport,letstransport.in,"Bangalore, India",,,,,,,False,
124906420,LevelTen Energy,leveltenenergy.com,"Seattle, Washington",,16.99,Series D,65000000.0,Intercontinental Exchange,Bryce Smith (Founder and Chief Executive Officer): https://linkedin.com/in/bryce-smith-8545a819,True,179.0
221025456,Lever VC,levervc.com,New York City,,,,,,,False,
285150909,Levidian,levidian.com,England,,,,,,,False,
46248812,LeydenJar Technologies,leyden-jar.com,Netherlands,,,,,,,False,
268354403,Li Industries,li-ind.com,"Blacksburg, Virginia",,17.39,Series B,42000000.0,Tech Energy Ventures,Zheng Li (Co-Founder and Chief Science Officer): https://linkedin.com/in/zheng-li-02b6a6a,True,27.0
163312688,Li-Cycle,li-cycle.com,"Toronto, Canada",,-19.82,Debt,200000000.0,Glencore plc,"Annaliese Alexander (Executive Business Partner, CFO): https://linkedin.com/in/annaliese-alexander-700846",True,174.0
28a1d90e-4243-4fdb-b6fe-160f1182276f,libattion,https://libattion.com/,"Opfikon, Switzerland",,,,,,,False,
91c002bf-40fc-4364-a022-c359f18f4b92,liberate foods,,India,,,,,,,False,
d9dc1424-6b26-4917-ab9f-fb7e093a2fc5,liberation labs,https://liberationlabs.com/,"Richmond, IN",,,,,,,False,
262966603,Lidwave,lidwave.com,Jerusalem,,,,,,,False,
32c5fb54-ae7f-44a4-8c10-a73eaec0bcc7,liefergrün,,Germany,,,,,,,False,
84a3c78e-1c24-4fc2-867e-7276bb24724b,lifelabs,https://lifelabs.com/,"Sunnyvale, CA",,,,,,,False,
268065867,LiftWerx,liftwerx.com,"Cambridge, Canada",,,,,,,False,
b795edb5-8097-4377-91e2-26d1a3b56409,light bridge,,"Hwaseong-si, South Korea",,,,,,,False,
291875836,Lightdash,lightdash.com, ,,,,,,,False,
263319800,Lightlytics,lightlytics.com,"Tel Aviv, Israel",,,,,,,False,
ad2a86cc-02f4-4298-a764-825f53994b16,lightning emotors,,,,,,,,,False,
e69a6eef-85af-4b71-ad4f-5b6862ca0c94,lightshift energy,,"Arlington, VA",,,,,,,False,
5823b230-bd3a-4763-8613-360e68cfbfa5,lightship rv,,"San Francisco, CA",,,,,,,False,
282612532,Lightsource BP,lightsourcebp-ha.com,"London, UK",,,,,,,False,
e3a75291-4476-488d-aad6-7cb11665f61a,ligna energy,,Sweden,,,,,,,False,
285073857,Lignovations,lignovations.com,"Klosterneuburg, Austria",,,,,,,False,
12645358-b61c-49a3-9f0d-14ed79eacd61,lilac solutions,https://www.lilacsolutions.com/,"Oakland, CA",,,,,,,False,
79714633,Lilium,lilium.com,"Gauting, Germany",,-20.51,,1000000000.0,Mobile Uplift Corporation GmbH,,True,973.0
159036710,Lime,li.me,"San Francisco, California",,0.08,Debt,523000000.0,Research Company,,True,1238.0
f3404a21-42e2-4afc-817d-7a9e1bd906c6,lina energy,,"Lancaster, England",,,,,,,False,
7c5e0fc6-6e4f-4abf-a046-65008669f42b,linear labs,https://linear-labs.com/,"Fort Worth, Texas",,,,,,,False,
e72546f2-43c8-4cd3-86c8-d703f91b03fa,lineat composites,,UK,,,,,,,False,
fe9ab9b9-256d-4f3e-953d-c5909eec1cc7,linevision,https://linevision.com/,"Somerville, MA",,,,,,,False,
147496911,Lingrove,lingrove.com,"San Rafael, California",,9.09,Series B,10000000.0,SOSV,Elaine Chow (Cofounder | Business Dev and Ops): https://linkedin.com/in/elchow,True,24.0
475cc12e-d269-46c7-9f77-efb420f02a3a,linova,,"Monrovia, CA",,,,,,,False,
e002bf81-86bd-42e4-992e-df96fd64378c,linova energy,https://linovaenergy.com/,"Monrovia, CA",,,,,,,False,
fa39fbc6-2549-4dd5-b547-c3a254786b20,liquid wind,https://www.liquidwind.se/,"Gothenburg, Sweden",,,,,,,False,
9089666c-3da4-490a-84ec-040d5684ad0b,liquidonate,,San Francisco,,,,,,,False,
291963261,LiquidStack,liquidstack.com,"Carrollton, TX",,,,,,,False,
d6fa77bf-0288-41b6-8611-69bc01e99404,lithion recycling,,"Montreal, CA",,,,,,,False,
1783825,Lithium Americas,lithiumamericas.com,"Vancouver, Canada",,,,,,,False,
224047097,LitLingo,litlingo.com,"Austin, TX",,,,,,,False,
e919dced-0fa2-43e5-bbb2-6daa1f9d00e8,little leaf,https://littleleaffarms.com/,"Devens, Mass.",,,,,,,False,
212174574,LiveEO,live-eo.com,"Berlin, Germany",,9.68,Series B,25000000.0,Hannover Digital Investments,Sven Przywarra (Co Founder): https://linkedin.com/in/svenprzy,True,136.0
041c2bd6-084e-405c-acff-d85ba15a7672,livekindly,https://livekindly.co/,"Los Angeles, CA",,,,,,,False,
282163220,LIVEKINDLY Collective,thelivekindlyco.com,"Los Angeles, CA",,,,,,,False,
98cf40a9-8492-4b79-83fb-e64aff56307f,livin farms,https://www.livinfarms.com/,Vienna,,,,,,,False,
262974913,Living Carbon,livingcarbon.com,"San Francisco, California",,-38.64,Series A,21000000.0,other strategic angels,Maddie Hall (Co-Founder & CEO): https://linkedin.com/in/maddie-hall-76293135,True,27.0
148158669,Living Security,livingsecurity.com,"Austin, TX",,,,,,,False,
262508777,LivNSense Technologies Pvt,livnsense.com,"Bengaluru, India",,,,,,,False,
4c8ef090-1d50-400c-aab2-12c97ef0c2e1,lleaf,,Australia,,,,,,,False,
2165942,LO3 Energy,lo3energy.com,"Portland, Oregon",,-11.11,Series B,11000000.0,Royal Dutch Shell,Lawrence Orsini (Founder): https://linkedin.com/in/lo3,True,8.0
7ca4b29c-6eff-45f3-8916-c0dc43a6d9cc,loadar,https://www.loadar.com/,"Belfast, Northern Ireland",,,,,,,False,
291413791,LOAMIST,loamist.com,"Snowmass Village, Colorado",,20.0,Seed,1000000.0,WovenEarth,Andy Miller (Chief Executive Officer): https://linkedin.com/in/andymill,True,6.0
957f6688-df90-41b2-9ab2-70372a75861c,loanpal,,,,,,,,,False,
200342358,Locus Fermentation Solutions,locusfs.com,"Solon, OH",,,,,,,False,
150795731,LocusView,locusview.com,"Chicago, Illinois",,-7.24,Series A,64000000.0,Israel Growth Partners,Jason Zielke (Chief Executive Officer & President & Co-Founder): https://linkedin.com/in/jason-zielke-6424081,True,141.0
124408278,Log 9 Materials,log9materials.com,"Bengaluru, India",,-33.64,Series B,40000000.0,Incred Financial Services,Akshay Singhal (Founder and CEO): https://linkedin.com/in/akshayvsinghal,True,213.0
ffa1cecb-93ab-475f-9023-5f447644f073,logan energy,https://loganenergy.com/,"Edinburgh, UK",,,,,,,False,
220244875,Logical Buildings,logicalbuildings.com,"Livingston, Montana",,-26.09,Other,10000000.0,Keyframe Capital,Jeff Hendler (Chief Executive Officer): https://linkedin.com/in/jeff-hendler-568b4210,True,34.0
1662604,LogicLadder,logicladder.com,"Gurgaon, India",,,,,,,False,
c417a6c8-f0e1-4fb6-8f40-6f93db7f854d,logicstar,,"Zurich, Switzerland",,,,,,,False,
278518967,Lohum,lohum.com,"Greater Noida, India",,,,,,,False,
3811c829-58ae-4d35-bc06-0c559e16831f,lohum cleantech,,"Noida, India",,,,,,,False,
1670882,LOLIWARE,loliware.com,"San Jose, CA",,,,,,,False,
73a88f74-1465-44a1-af28-8d4849d038c7,london electric vehicle company (levc),,"Coventry, UK",,,,,,,False,
261117716,Long Journey Ventures,longjourney.vc,"San Francisco, California",,7.69,Investment Fund,181818181.0,,Lee J. (Founder and General Partner): https://linkedin.com/in/lee-jacobs,True,14.0
220181351,Longroad Energy,longroadenergy.com,"Boston, Massachusetts",,4.61,Other,,Infratil Limited,Paul Gaynor (CEO & Co-Founder): https://linkedin.com/in/paul-gaynor-9094a027,True,159.0
aa5a6e0f-4658-4a93-b54b-ececdedbf81c,loop energy,,"Vancouver, Canada",,,,,,,False,
224613420,Loopworm,loopworm.in,India,,,,,,,False,
288277894,LiMAR AI Website,looq.ai,"San Diego, California",,0.0,Seed,2600000.0,Longley Capital,Shreyas N. (Co-Founder & Chief Scientist): https://linkedin.com/in/shreyasniradi,True,17.0
4fad1a4b-55ef-4230-9628-96871bf947dc,lord of the trees,,Australia,,,,,,,False,
255186797,Lordstown Motors,lordstownmotors.com,"Lordstown, OH",,,,,,,False,
1695674,Low Carbon,lowcarbon.com,"London, United Kingdom",,-11.26,Debt,388000000.0,Intesa Sanpaolo,"John Cole (Co-founder, Chief Investment Officer and Director): https://linkedin.com/in/john-cole-8840664",True,205.0
a9d6803a-f04d-48ee-8903-e4f42e884d00,ls power,https://lspower.com/,"New York, NY",,,,,,,False,
1543317,Lucid Motors,lucidmotors.com,"Newark, New Jersey",,-1.2,Public Markets,1000000000.0,Public Investment Fund of Saudi Arabia,"Gary Rich Jr. (Supervisor, Logistics Operations, Founder Veterans@Lucid): https://linkedin.com/in/gary-rich-jr-7666aa64",True,5348.0
301207725,Lumen Energy,getlumen.com,"San Francisco, California",,26.0,Series A,11000000.0,Ajax,Peter Light (Chief Executive Officer): https://linkedin.com/in/pelight,True,44.0
292438519,Lumen Orbit,lumenorbit.com,"Redmond, WA",,,,,,,False,
b45e4fdc-18c9-49ff-beaa-de338ce791ed,lumenaza,https://www.lumenaza.de/,Berlin,,,,,,,False,
f48354a5-f0be-4ef4-afb0-fdaec9ec0a88,lumian,,"Beşiktaş, Turkey",,,,,,,False,
609a7ac4-37db-4460-ac25-ce74ccd63433,luminescent,,Israel,,,,,,,False,
4dd153ab-4fcd-46c6-afda-455f62d0df9d,lumo labs,,"Eindhoven, Netherlands",,,,,,,False,
75e5ced3-e750-40c1-91c7-37a366e20e78,luna financial,,"New York, NY",,,,,,,False,
1ae0c19e-4564-436a-a12d-ed9792f9ecf5,lunar energy,https://lunarenergy.com/,"San Mateo, CA",,,,,,,False,
289169179,Lynkwell,lynkwell.com,"Albany, NY",,,,,,,False,
7a17c27d-47cd-4b14-bdc2-b96c4b5e63ca,"lynq technologies, inc.",,"New York, USA",,,,,,,False,
300267528,Lyteflo,lyteflo.com,"Toronto, Canada",,,Seed,3000000.0,Diagram,,True,7.0
262780551,LytEn,lyten.com,"San Jose, California",,1.57,Series B,200000000.0,FedEx Corporation,"Dan Cook (CEO, Co-founder, & Investor, Lyten Inc): https://linkedin.com/in/dan-cook-1b10ba12",True,259.0
d06bbcf9-4a28-4867-b9fa-5aac8b7df890,m2i life sciences,,France,,,,,,,False,
268358179,Macro Oceans,macro-oceans.com,"Sacramento and San Francisco, CA",,,,,,,False,
293044127,MacroCycle Technologies,macrocycle.tech,"Cambridge, Massachusetts",,10.0,Seed,6500000.0,Clean Energy Ventures,Stwart Peña Feliz (Co-Founder & CEO): https://linkedin.com/in/stwart-pena-feliz,True,11.0
42465604,made of air GmbH,madeofair.com,"Berlin, Germany",,,,,,,False,
653af0d0-1339-459c-8eca-401797c1114c,maderight,,"Rehovot, Israel",,,,,,,False,
dee681cf-b95a-497f-a768-cc07ee9e3a00,magenta mobility,https://magentamobility.com/,"Mumbai, India",,,,,,,False,
643fd337-814b-4ae2-867e-3d6ccafbe3fb,magical mushroom company,,UK,,,,,,,False,
5f85499f-7ff8-4f70-b9e7-aaee818bccff,magna imperio systems,,"Houston, TX",,,,,,,False,
a4908c99-fcb2-4904-b9ec-81c2f8c72a29,magnotherm,https://magnotherm.com/,"Darmstadt, Germany",,,,,,,False,
295417871,"Magnus Metal Works, LLC",magnusmetalsusa.com,"Tel Aviv, Israel",,,,,,,False,
f1a17d7c-e52e-4e9c-9b35-aac65b1da45b,magrathea,https://www.magrathea.com/,"San Francisco, CA",,,,,,,False,
730fcfae-ddf0-4a58-bb3a-8dc2639cbd0b,magreesource,,"Grenoble, France",,,,,,,False,
bedd69a6-06d9-4548-980d-c1998c43c27e,maia farms,https://maiafarms.com/,Vancouver,,,,,,,False,
163285532,Mainspring Energy,mainspringenergy.com,"Menlo Park, California",,15.59,Late Stage,258000000.0,Lineage Ventures,Adam Simpson (CPO and Founder): https://linkedin.com/in/adam-simpson-24a4265,True,430.0
1535364,Mainstream Renewable Power,mainstreamrp.com,"Dublin, Ireland",,-16.99,Other,631000000.0,SMBC,,True,342.0
d612dd29-d413-4136-813f-987797754dec,maiven,,"London, UK",,,,,,,False,
291336209,MAKA MOTORS,maka-motors.com,"Jakarta, Indonesia",,,,,,,False,
223154205,Makersite,makersite.io,"Stuttgart, Germany",,42.47,Series A,18000000.0,Hitachi Ventures,Neil Dsouza (CEO): https://linkedin.com/in/neil-dsouza-b514a6183,True,104.0
161837463,MALK Organics,malkorganics.com,"Austin, TX",,,,,,,False,
213992550,Malta,maltainc.com,"Cambridge, Massachusetts",,-16.22,Series B,50000000.0,Dustin Moskovitz,Ramya Swaminathan (Chief Executive Officer): https://linkedin.com/in/ramya-swaminathan-6a52a8b,True,31.0
acb71cfe-7df4-4008-8be0-9b1bdeb21d93,manex ai,https://manex.ai/,"Rothenberg, Germany",,,,,,,False,
263485431,Mangata Networks,mangatanetworks.com,"Phoenix, Ariz.",,,,,,,False,
288801291,MangoBoost,mangoboost.io,"Bellevue, Washington",,21.21,Series A,55000000.0,IM Capital,Dongup Kwon (CTO and Co-Founder): https://linkedin.com/in/dongup-kwon-982854236,True,80.0
ee9d0d53-d370-496b-801c-aec45aea928c,mangrove lithium,https://www.mangrovelithium.com/,Canada,,,,,,,False,
279420302,Manifest Climate,manifestclimate.com,"Toronto, Canada",,-29.55,Series A,30000000.0,influential angel investors,Laura Zizzo (Co-Founder and CEO): https://linkedin.com/in/laura-zizzo-57013110,True,31.0
44851a90-419f-40d4-bf15-a82d41249a77,manifest cyber,https://www.manifestcyber.com/,"Westport, CT",,,,,,,False,
91474b2b-b915-4d7a-9549-7be9f302a4bd,maniv,,"Tel Aviv, Israel",,,,,,,False,
288867791,ManoCap Energy,manocapenergy.com,"Accra, Ghana",,,,,,,False,
287154088,Mantel,mantelcapture.com,"Cambridge, Massachusetts",,15.0,Series A,30000000.0,Vale Ventures,Sean Robertson (Co-founder and CTO): https://linkedin.com/in/seangunnrobertson,True,23.0
70583eea-7ae9-4569-adfa-74ea958cfc4c,mantel capture,,Boston,,,,,,,False,
284078413,"Mantis Robotics, Inc",mantis-robotics.com,"San Francisco, California",,55.56,Other,5000000.0,Emerald Technology Ventures,Gerry Vannuffelen (Co-Founder & CEO): https://linkedin.com/in/gerryv,True,14.0
301252794,Mantle8,mantle8.com,San Francisco,,,,,,,False,
220163785,Manufacture 2030,manufacture2030.com,"Oxford, United Kingdom",,,,,,,False,
47b8dbf6-527f-401b-b015-8a58c5f16e08,mapon,https://www.mapon.com/,"Riga, Latvia",,,,,,,False,
292527495,Marathon Fusion,marathonfusion.com,"San Francisco, CA",,,,,,,False,
295709588,MARCELYN GOW,servo-la.com,"Hannover, Germany",,,,,,,False,
223994383,MarineLabs,marinelabs.io,"Saanich, Canada",,13.04,Seed,4500000.0,Seaspan Shipyards,Clayton Hiles (Co-Founder): https://linkedin.com/in/clayton-hiles-3645a641,True,26.0
262723770,Marvel Fusion,marvelfusion.io,"Munich, Germany",,,,,Possible Ventures,"Pasha Shabalin (Co-founder, SVP Technology Integration): https://linkedin.com/in/pasha-shabalin-a582199",True,
f8d65697-09fb-439a-8bfa-da1a0d5f4e76,masdar,,"San Diego, CA",,,,,,,False,
289738149,Mast Reforestation,mastreforest.com,"Seattle, Washington",,-35.71,Series B,25000000.0,Gaingels,Grant Canary (CEO): https://linkedin.com/in/grantcanary,True,45.0
290756299,Matereal Base Website,matereal.co,"Vaulx-en-Velin, France",,25.0,Seed,4500000.0,One Small Planet,Jacqueline Ros Amable (CEO & cofounder): https://linkedin.com/in/jacqueline-ros,True,15.0
0fd5ae4b-5af8-497f-afe5-0dd3d8a07e61,material evolution,https://materialevolution.com/,"Middlesbrough, U.K.",,,,,,,False,
283757201,Materials Nexus,materialsnexus.com,"Littleport, United Kingdom",,38.89,Seed,2570960.0,High-Tech Gründerfonds,Jonathan Bean (Co-Founder & CEO): https://linkedin.com/in/jonathan-bean-2b7670128,True,25.0
0e6e677f-43d4-45e5-93a6-c6569aa6a5a0,materra,,"London, UK",,,,,,,False,
291879155,Mati Carbon Removals,mati.earth,"Houston, Texas",,0.0,,,,Shantanu Agarwal (Founder): https://linkedin.com/in/shantanuagarwal,True,19.0
9e69f79c-bf4e-498b-a66c-d55265e2fc33,matoha,,"London, England",,,,,,,False,
58f4cbfb-d45f-41b9-a18f-c2002c3cb401,matr foods,,"Copenhagen, Denmark",,,,,,,False,
263284171,MatrixSpace,matrixspace.com,"San Francisco, California",,17.65,Series A,10000000.0,Raptor Group,Jose Martinez Lorenzo (Co-Founder): https://linkedin.com/in/jose-martinez-lorenzo-6471ab165,True,60.0
9643e637-1a84-4528-98bb-cca1b5b482ae,matteco,https://matteco.com/,"Valencia, Spain",,,,,,,False,
2b81eefc-2b2f-4b28-a79f-2afb9f877841,matter intelligence,,Los Angeles,,,,,,,False,
e128954a-05e2-45a2-8b59-453aa262868d,matter motors,,"Ahmedabad, India",,,,,,,False,
289307172,Mattiq,mattiq.com,"Skokie, Illinois",,9.09,Seed,15000000.0,Material Impact,Jeff Erhardt (Chief Executive Officer): https://linkedin.com/in/jefferhardt,True,12.0
6e97ab61-958c-450b-a776-10e4e8e25680,matx,https://matx.ai/,"Mountain View, CA",,,,,,,False,
293445470,Mavarick,mavarick.ai,"Limerick, Ireland",,77.78,,1491750.0,,,True,16.0
5d6c7563-ee9e-4162-aef4-77d1a4b85d7d,maverick metals,https://maverickmetals.com/,"San Antonio, TX",,,,,,,False,
04e3ef38-08c7-46a0-b612-a31b92b6c5dc,maxem,https://maxem.com/,"Amsterdam, Netherlands",,,,,,,False,
163287885,Maxterial,maxterial.com,"Pleasanton, CA, U.S.",,,,,,,False,
263635520,May Mobility,maymobility.com,"Ann Arbor, Michigan",,-2.62,Series D,105000000.0,SPARX Group,Edwin Olson (CEO): https://linkedin.com/in/edwin-olson-6644387,True,297.0
287752266,Maya Climate,maya-climate.com,"Berlin, Germany",,-44.44,Seed,1200000.0,High-Tech Gründerfonds (HTGF),Christian-Hauke Poensgen (Co-Founder): https://linkedin.com/in/christian-hauke-poensgen,True,5.0
e22fbbf7-aadc-4ac5-ad0f-18115f28285a,maymaan research,,"Hollywood, LA",,,,,,,False,
291856945,MCi Carbon,mcicarbon.com,"Mayfield West, Australia",,,,,,,False,
1687951,Measurabl,measurabl.com,"San Diego, California",,-20.89,Series D,93000000.0,industry and professional investors,Matt Ellis (Chief Executive Officer): https://linkedin.com/in/measurabl,True,178.0
224943362,Measurable,measurable.energy,"Reading, United Kingdom",,11.43,Series A,4800000.0,Roger Ferguson,Dan Williams (Co-Founder and CEO): https://linkedin.com/in/danwilliams10,True,39.0
200347272,Meatable,meatable.com,"Amsterdam, Netherlands",,,,,,,False,
223169806,Meati Foods,meati.com,"Chicago, Illinois",,-22.38,Series C,100000000.0,Revolution,Tyler Huggins (CEO and Co-Founder): https://linkedin.com/in/tylerhuggins,True,111.0
0d469ce3-b8f9-4718-8996-81a1504e05b7,mediconnect,,"Toronto, Canada",,,,,,,False,
fa4a9c76-7197-44fa-92a2-b25b50fa976c,mediterranean food lab,https://medfoodlab.com/,"Tel Aviv, Israel",,,,,,,False,
220045315,MeduSoil,medusoil.com,"Lausanne, Switzerland",,,,,,,False,
225196213,Melonfrost,melonfrost.com,"Brooklyn, New York",,,,,,,False,
02896ce7-2bf7-4cd5-8bf6-38f385337cab,meloon,,"Berlin, Germany",,,,,,,False,
291800046,membion gmbh,membion.com,"Roetgen, Germany",,,,,,,False,
197472077,Membrion,membrion.com,"Seattle, Washington",,,,,,,False,
220547709,Memfault,memfault.com,"San Francisco, California",,-11.94,Series B,24000000.0,5G Open Innovation Lab,François Baldassari (CEO): https://linkedin.com/in/francois-baldassari,True,59.0
60ca5ef2-3043-446c-a560-75100570bb32,menlo microsystems,https://www.menlomicro.com/,"Irvine, CA",,,,,,,False,
7be1a6cb-72dd-4907-9419-c0e25fb3c339,merlin labs,https://merlinlabs.com/,"Boston, MA",,,,,,,False,
63718018-a648-4c5c-903e-f99ded1caaa8,merlin solar,,"San Jose, CA",,,,,,,False,
9b5eca98-aa75-406d-831c-dd255cedc220,mermade seafoods,,Israel,,,,,,,False,
91a899f8-1f89-4857-966b-981e06ff5fbb,meroxa,https://www.meroxa.com/,"San Francisco, CA",,,,,,,False,
284490542,Metafuels,metafuels.ch,Zürich,,,,,,,False,
263419936,Stream Hyperspectral Imagery in Real-Time,metaspectral.com,"Vancouver, Canada",,,,,,,False,
286382168,Metastable Materials,metastable.in,"Bengaluru, India",,,,,,,False,
143639176,Meteomatics,meteomatics.com,"Saint Gallen, Switzerland",,26.85,Series C,22000000.0,U.S.-based renewables and utility company,"Paul Walsh (CEO, North America): https://linkedin.com/in/paulewalsh",True,137.0
282418461,metergrid,metergrid.de,"Stuttgart, Germany",,75.0,Seed,2700000.0,German footballer Mario Götze,Martin Lowinski (Co-Founder & Geschäftsführer): https://linkedin.com/in/molowinski,True,42.0
a534f9cd-fd8a-48dc-9684-736ff3a376d1,methanex,,Canada,,,,,,,False,
142373614,Metal Oxide Technologies,metoxtech.com,"Houston, Texas",,17.74,Series B,15000000.0,New System Ventures,Lou Castellani (Founder and Chairman Emeritus): https://linkedin.com/in/lou-castellani-47386b12,True,73.0
204008416,METRON,metronlab.com,"Paris, France",,-8.27,Series A,10000000.0,Financière Fonds Privés,MARCO DONATELLI (CEO Brasil): https://linkedin.com/in/marco-donatelli-8a617017,True,122.0
286441641,METYCLE,metycle.com,"Cologne, Germany",,33.33,Series A,14100000.0,DFF Ventures,Sebastian Brenner (Co-Founder): https://linkedin.com/in/sebastian-brenner-925b981,True,24.0
dbe859e5-148a-445c-8cd1-f8ffcc001fc4,mga thermal,https://mgathermal.com/,"Tomago, Australia",,,,,,,False,
bf870261-74af-4b57-8f6a-42cfe394e52f,mi terro,,"City of Industry, CA",,,,,,,False,
149471332,MiAlgae,mialgae.com,"Edinburgh, Scotland",,,,,,,False,
1ca91cb5-2482-421e-96d5-c5750be71d35,michroma,,"Rosario, Argentina",,,,,,,False,
5cd1ed7c-6d0b-4f0b-a6c1-d6c0f7830a0f,microcaps,,"Wagistrasse, Switzerland",,,,,,,False,
1736459,MicroGen Biotech,microgenbiotech.com,Ireland,,,,,,,False,
9a0ef6e6-aa1d-4d25-bcec-f2e9e46adbdf,microharvest,,"Hamburg, Germany",,,,,,,False,
223646759,Micronic Technologies,micronictechnologies.com,"Richmond, VA",,,,,,,False,
af30292a-dc5f-4bfb-87dc-2c3b49457f34,micropep,https://www.micropep.com/,"Auzeville-Tolosane, France",,,,,,,False,
4fa308cf-f120-4f5f-8ee1-a90daecfa70f,microshare,,"Philadelphia, PA",,,,,,,False,
258d1552-654f-4c88-b4eb-f03a50a5ff9e,microverse,,"San Francisco, CA",,,,,,,False,
138206752,Mighty Buildings,mightybuildings.com,"Oakland, California",,-35.04,Series A,52000000.0,Bold Capital Partners,Slava Solonitsyn (CEO and Co-founder): https://linkedin.com/in/solonitsyn,True,89.0
3e9cabb8-5a34-4177-865b-06d85d95abc9,millow,,"Västra Frölunda, Sweden",,,,,,,False,
45be96de-4a07-4f70-b6a7-aec86bc2db00,minesto,https://www.minesto.com/,"Kriebitzsch, Germany",,,,,,,False,
263022025,Minimum,minimum.eco,"London, United Kingdom",,20.0,,2708100.0,,Chris Winchurch (Co-Founder): https://linkedin.com/in/chris-winchurch-b841856a,True,30.0
c7f36124-dc9d-4c3b-aaa2-056c2b0d1447,mining giants bhp and rio tinto,,Australia,,,,,,,False,
8f1dc41a-0f12-4978-a71f-f4196b4333b3,minus global,,Canada,,,,,,,False,
284098932,Minus Works,minusworks.com,"Long Island, N.Y.",,,,,,,False,
282662794,Minviro,minviro.com,"London, United Kingdom",,-6.12,Other,2530332.0,,Xiaoyu Yan (Co-Founder & Scientific Advisor): https://linkedin.com/in/xiaoyu-yan-33853b2b,True,46.0
295897744,Miresso,miresso.co.jp,"Misawa City, Japan",,,,,,,False,
a02a6fa4-8545-4064-ad58-1496d8808349,mirico,https://www.mirico.co.uk/,"Didcot, England",,,,,,,False,
220511856,mirSense,mirsense.com,"Orsay, France",,,,,,,False,
223967508,Miru Smart Technologies,mirucorp.com,"Vancouver, Canada",,10.0,Series A,20000000.0,Business Development Bank of Canada,Curtis Berlinguette (CEO & Co-founder): https://linkedin.com/in/berlinguette,True,55.0
ab4f4a68-9e0d-4107-a572-bea187be8be0,miruku,,"Palmerston North, New Zealand",,,,,,,False,
8c58179a-f457-4ab0-8d80-fefe54d9cffc,misfits market,https://www.misfitsmarket.com/,"Philadelphia, PA",,,,,,,False,
282433792,Mission Zero Technologies,missionzero.tech,"London, UK",,,,,,,False,
1b50261e-d7ad-45f9-a109-1c7ef43c2283,mitico,https://www.mitico.com/,"Los Angeles, CA",,,,,,,False,
223142855,Mitiga Solutions,mitigasolutions.com,"Barcelona, Spain",,17.65,Series A,13250000.0,CREAS Impacto,"Alejandro Marti, PhD (CEO & Co-Founder): https://linkedin.com/in/alejandromarti",True,80.0
70b4d0e8-48f7-4d13-89cb-90b9252c3819,mito material solutions,https://mitomaterials.com/,"Indianapolis, IN",,,,,,,False,
f98666c0-1341-44c7-9f07-ff2e7ae9e525,mitra chem,https://www.mitrachem.com/,"Houston, TX",,,,,,,False,
c9b1ec1a-7241-4a38-892f-aa65ed5d9cc9,mitra future technologies,,"Mountain View, CA, U.S.",,,,,,,False,
7212bc3a-8498-4b11-84ed-c0708bd76ca8,mitti labs,,"Mumbai, India",,,,,,,False,
213998769,Mixergy Ltd.,mixergy.co.uk,"Thame, United Kingdom",,14.29,Series C,9200000.0,IP Group,Pete Armstrong (CEO): https://linkedin.com/in/pete-armstrong-45039136,True,48.0
c2f4c014-3043-4688-a67b-c0b9274bf88c,mn8 energy,,"New York City, NY",,,,,,,False,
786d3a0c-2f98-4aa9-a252-9c27ca04c6ad,moa foodtech,https://moafoodtech.com/,"Noain, Spain",,,,,,,False,
362cf87c-cfbf-4126-ba0e-1699d5da24f4,moa technology,,UK,,,,,,,False,
279461546,MobilityPlus,mobilityplus.be,"Ghent, Belgium",,-3.9,,40000000.0,Concentra,Luc Opdebeeck (President & CEO): https://linkedin.com/in/lucopdebeeck,True,74.0
34be03f1-e441-40d9-bcfe-bd81c2c034c4,mocean energy,,"City of Edinburgh, UK",,,,,,,False,
161816522,Modern Electron,modernelectron.com,"Bothell, Washington",,0.0,Series B,30000000.0,IRONGREY,Tony Pan (CEO & Co-founder): https://linkedin.com/in/tony-pan-1487a73,True,10.0
75058799-945e-4111-9e5c-7e04cf977218,modern hydrogen,,"Woodinville, WA",,,,,,,False,
0aac3b2f-6ad4-4996-95f1-666a0b116003,modern meadow,https://modernmeadow.com/,"New York, NY",,,,,,,False,
5d2d831d-f2ef-4845-b017-47536f50bdbe,modern milkman,,UK,,,,,,,False,
e2ce6530-68dd-4e15-9f0a-e06e44baa4cc,modern synthesis,https://www.modernsynthesis.com/,London,,,,,,,False,
293700218,Modo Energy,modo.energy,"Birmingham, United Kingdom",,34.88,Series A,3700000.0,existing investors,,True,58.0
221255107,Modulous,modulous.com,"London, United Kingdom",,0.0,Series A,11500000.0,Patrizia-backed Sustainable Future Ventures (SFV),,True,9.0
8b28b4d1-be78-4a42-abcf-434ee4394d9b,modulus labs,,"Stanford, Calif.",,,,,,,False,
112510980,Modvion,modvion.com,Sweden,,,,,,,False,
280148399,moEVing,moeving.com,India,,,,,,,False,
6ab9e1bd-2995-41e8-9e16-25c3c397cbc6,moeving urban technologies,,India,,,,,,,False,
ed685a0e-f74a-44b0-81bf-01f9a3905073,mof technologies,https://moftechnologies.com/,UK,,,,,,,False,
2c3763df-7414-404e-95df-5b7b652029a4,moixa,https://www.moixa.com/,UK,,,,,,,False,
155611282,Moleaer,moleaer.com,"Carson, CA",,,,,,,False,
287731491,Molten Industries,moltenindustries.com,"Oakland, CA, U.S.",,,,,,,False,
ee75a49f-6057-4011-b845-53342dee5df3,molten salt solutions,,"Santa Fe, NM",,,,,,,False,
295218564,Molyon,molyon.com,"Cambridge, U.K.",,,,,,,False,
283272195,Mombak,mombak.com,"None, Brazil",,46.88,Debt,17000000.0,Canada Pension Plan Investment Board,Peter Fernandez (Co-founder and CEO): https://linkedin.com/in/petermfernandez,True,47.0
99af04e8-5ee0-43c1-a260-276a693252d7,moment energy,https://momentenergy.com/,"Coquitlam, Canada",,,,,,,False,
291867163,Momentick,momentick.com,"Tel Aviv, Israel",,,,,,,False,
d50a33f2-b833-4e06-a02f-05338a4ed553,momentum technologies,,"Dallas, Texas",,,,,,,False,
288849438,Mona Lee,monalee.co,"Boston, MA",,-4.76,Seed,3250000.0,Shrug VC,Akarshan Kumar (Co-Founder & Head of Product): https://linkedin.com/in/akarshan-kumar-b41ab128,True,40.0
281162684,Monaire,monaire.ai,"Madison, Wisconsin",,35.71,Seed,3500000.0,Tom Kuo,Rahul Subramany (Co-Founder): https://linkedin.com/in/rahul-subramany-8343b140,True,19.0
7c647eb2-bb8b-496d-adb2-317cefca63d8,monalee,,"Boston, MA",,,,,,,False,
223206079,Monarch Tractor,monarchtractor.com,"Livermore, CA",,,,,,,False,
89194232-eb26-4363-a999-664269457a30,monogoto,https://www.monogoto.com/,"Palo Alto, CA",,,,,,,False,
284386218,Monta,monta.com,"Copenhagen, Denmark",,6.81,Series B,80000000.0,Pale Blue Dot,Peter Bardenfleth-Hansen (Advisor & Angel Co-Founder): https://linkedin.com/in/peter-bardenfleth-hansen-0846111,True,298.0
293759151,montamo,montamo.com,"Berlin, Germany",,33.33,Seed,2100000.0,several renowned angel investors,Alexander Böhm (Co-Founder): https://linkedin.com/in/alexander-boehm3,True,20.0
291632553,Montauk Climate,montaukclimate.com,"New York, New York",,25.0,,8500000.0,Sheel Tyle,,True,10.0
292470114,Monterra (formerly CarbEngage),monterra.ai,"San Francisco, California",,50.0,Seed,2500000.0,Future Climate Venture Studio,Kelson Reiss (Co-Founder & CPO): https://linkedin.com/in/kelson-reiss,True,9.0
280232431,Montinutra,montinutra.com,"Kuhmo, Finland",,,,,,,False,
285305016,Monumo,monumo.com,"Cambridge, United Kingdom",,3.03,Seed,10500000.0,undisclosed angels,Dominic Vergine (CEO and Co-Founder): https://linkedin.com/in/dominic-vergine-18ab1917,True,34.0
278518533,Moolec Science,moolecscience.com,"Warwick, UK",,,,,,,False,
c030fa58-8b6c-47db-b0c6-5c13f7a197d5,moonrider,,"Bangalore, India",,,,,,,False,
300264643,Moonwatt,moonwatt.com,Amsterdam,,,,,,,False,
c630aa55-a406-4a8c-9f36-e4b808465f4b,morgan stanley infrastructure partners,,"New York, New York",,,,,,,False,
74a0ffdb-20de-4ec2-8bc5-e8eea115c942,morgan stanley investment management,https://www.morganstanley.com/,New York,,,,,,,False,
282985563,Morrow Batteries,morrowbatteries.com,"Oslo, Norway",,,,,,,False,
bd13010c-d6b6-48c5-bef9-876b780fbae9,mosa meat,https://www.mosameat.com/,Netherlands,,,,,,,False,
1586296,Mosaic,joinmosaic.com,"Oakland, California",,-3.21,Series C,220000000.0,Obvious Ventures,"Steve Richmond (Co-founder (COO, CFO)): https://linkedin.com/in/steverichmond",True,181.0
295460665,Mosaic Building Group,mosaicgroupmi.com,"Phoenix, AZ",,,,,,,False,
279070513,Moss.Earth,moss.earth,"São Paulo, Brazil",,-67.92,Series A,10000000.0,Arrington Capital,,True,17.0
7d226bf4-6122-46c4-bd76-711c045a1ab5,mote hydrogen,https://motehydrogen.com/,"Los Angeles, CA",,,,,,,False,
cf8985e5-4f32-44e2-be7e-4924555eb187,motion ventures,,Singapore,,,,,,,False,
79200b33-6ade-4d44-9ccf-40462ba59d7c,motiv power systems,,"Foster City, CA",,,,,,,False,
7898fb66-1976-4a54-b267-c00b57e72b38,move energy,,"Amsterdam, Netherlands",,,,,,,False,
079115f3-9b17-4bfa-9719-2d960fbc1128,movener,,"Santiago, Chile",,,,,,,False,
286407310,Movopack,movopack.com,"Milan, Italy",,,,,,,False,
262941725,Mobile Power Solutions,moxionpower.com,"Richmond, CA",,,,,,,False,
222180481,Moxxie Ventures,moxxie.vc,"San Francisco, U.S.",,33.33,Investment Fund,95000000.0,,,True,8.0
278330693,MP Materials,mpmaterials.com,"Las Vegas, Nevada",,6.09,Public Markets,,Hancock Prospecting,,True,331.0
6f7d8c36-c748-4c51-b024-ccca4b74be21,mpower technology,,"Albuquerque, NM",,,,,,,False,
ee001654-4814-40de-b9db-c65280d8a6d1,mpower ventures,,"Zürich, Switzerland",,,,,,,False,
289049693,MTA E-Mobility,mtaev.com,India,,,,,,,False,
262874292,Muddy Machines,muddymachines.com,UK,,,,,,,False,
726e80a3-0462-4c5d-bbf5-808fb92dceb9,muffin green finance,,"New Delhi, India",,,,,,,False,
289752214,Mufin Green Finance,mufingreenfinance.com,"New Delhi, India",,,,,,,False,
288795320,Muir AI,muir.ai,"Seattle, Washington",,8.33,Seed,3250000.0,Soma Capital,Peter Williams (Co-Founder): https://linkedin.com/in/peter-joseph-williams,True,13.0
33307c29-5983-4dcc-a175-8418d043ac19,multus,,"London, UK",,,,,,,False,
532e556c-9652-4b9e-a5da-d8929d87bd5a,mundi ventures,,"Madrid, Spain",,,,,,,False,
285559737,Munro® - Electric 4x4 Vehicles,munro-ev.com,"Scotland, UK",,,,,,,False,
282019734,Muon Space Site,muonspace.com,"Mountain View, California",,49.37,Series B,56703000.0,Congruent VC,Dan McCleese (Co-Founder & Chief Scientist): https://linkedin.com/in/dan-mccleese-11b180211,True,118.0
740eb31c-dc73-4866-adbb-0c3f61b138d3,mush foods,https://mushfoods.com/,"Tel Aviv, Israel",,,,,,,False,
223180541,Mycocycle,mycocycle.com,"Bolingbrook, Illinois",,16.67,Seed,3600000.0,Closed Loop Partners’ Ventures Group,,True,14.0
4854b43b-2ead-4511-88eb-eeacb0bf3264,mycotechnology,,"Denver, CO",,,,,,,False,
c416add6-8a06-4fa3-84ef-3436377ca604,mycoworks,https://www.mycoworks.com/,"San Francisco, CA",,,,,,,False,
222229597,myenergi,myenergi.com,"Binbrook, United Kingdom",,-7.1,Debt,36771600.0,HSBC UK,Pete Rowse (Non Executive Director & Chairman of Audit Committee): https://linkedin.com/in/pete-rowse-4873721,True,170.0
284568792,MyFOREST FOODS,myforestfoods.com,"Green Island, N.Y.",,,,,,,False,
a902b65f-15bd-4672-a2ae-85330cc30c0f,myjoulebox,,France,,,,,,,False,
289733312,MyLight150,mylight150.com,"Lyon, France",,,,,,,False,
288637242,Myodenovo,myodenovo.com,"Durham, NC",,,,,,,False,
48ef24e7-d909-4f1e-8437-f8e510b9ba54,myoworks,,India,,,,,,,False,
124906749,Myriota,myriota.com,"Adelaide, Australia",,,,,,,False,
225106359,Myst AI,myst.ai,"San Francisco, California",,-50.0,Series A,6000000.0,Valo Ventures,Pieter Verhoeven (Co-Founder & CEO): https://linkedin.com/in/pjverhoeven,True,1.0
42442292-5d25-42fa-bb7d-be7329a01435,n8n,https://n8n.io/,"Berlin, Germany",,,,,,,False,
294739714,Nace.AI,nace.ai,"Palo Alto, California",,103.12,Other,5000000.0,General Catalyst,,True,65.0
daf9d090-3ee7-4618-b5cb-5517b38964c3,naco technologies,,Riga,,,,,,,False,
cb65b200-40c8-4ef2-9460-ecfb8e63964f,naked energy,https://nakedenergy.co.uk/,"Crawley, UK",,,,,,,False,
290505956,Nala Earth,nala.earth,"Berlin, Germany",,9.09,Series A,3800000.0,Founderful,Nicolas Somogyi (Co-Founder): https://linkedin.com/in/nicolas-somogyi-08346717a,True,12.0
285852887,Nano Nuclear Energy,nanonuclearenergy.com,"New York City, NY",,,,,,,False,
654532e3-6417-4357-b62f-8e9050430947,nanoramic laboratories,https://www.nanoramic.com/,"Boston, MA",,,,,,,False,
b7f885e4-b0a7-4119-b371-1222d35be3a8,nanotech energy,,"Los Angeles, CA",,,,,,,False,
1793956,Natel Energy,natelenergy.com, ,,,,,,,False,
206257334,National Grid Partners (NGP),ngpartners.com,"Los Gatos, California",,0.0,Investment Fund,150000000.0,,,True,1.0
33da5cc4-d891-4ad5-ad0f-779e48158154,natrion,,"Binghamton, NY",,,,,,,False,
3587622,Natron Energy,natron.energy,"Santa Clara, California",,-10.22,Other,55399998.0,United Airlines,Mauro Pasta (Co-Founder): https://linkedin.com/in/mauropasta,True,123.0
279157110,Natrx,natrx.io,"Raleigh, NC",,,,,,,False,
684ef654-5199-4df2-a84a-c2a08795331d,natural capital research limited,,London,,,,,,,False,
197479372,Natural Fiber Welding,naturalfiberwelding.com,"None, None",,,Series B,85000000.0,Raga Partners,Eric Pollitt (Co-Founder): https://linkedin.com/in/eric-pollitt,True,109.0
223165026,Naturbeads,naturbeads.com,"Bath, U.K.",,,,,,,False,
8590d971-396f-4f00-b01c-96cc5353a893,naturemetrics,https://www.naturemetrics.co.uk/,"Surrey, U.K.",,,,,,,False,
162556853,Nature's Fynd,naturesfynd.com,"Chicago, Illinois",,-9.09,Series A,80000000.0,Mousse Partners,Matthew Strongin (CFO & Co-founder): https://linkedin.com/in/matthew-strongin-05205a13,True,130.0
1628686,Nautilus Data Technologies,nautilusdt.com,"Pleasanton, California",,3.45,Series C,26000000.0,Singapore’s Keppel Group,Robert Pfleging (Chief Executive Officer): https://linkedin.com/in/robertpfleging,True,30.0
ae9603ed-7a7b-4307-8f42-1abacbf5cadf,nautilus labs,,"New York, USA",,,,,,,False,
279221321,Navier,navierboat.com,"San Francisco, California",,-4.55,Seed,7200000.0,Treble,Reo Baird (CTO & Co-Founder): https://linkedin.com/in/reobaird,True,21.0
57fb56b5-42bc-4499-a71b-28f1b2546fe1,navitas solar,,"Surat, India",,,,,,,False,
282275247,NCX,ncx.com,"San Francisco, California",,-2.63,Series B,50000000.0,Intercontinental Exchange (ICE),Max Nova (Co-Founder and COO): https://linkedin.com/in/maxnova,True,37.0
f05e2702-7f66-4b72-bddd-27333626b13d,ncx (formerly silviaterra),,"San Francisco, CA",,,,,,,False,
99fa1acc-cf64-48aa-8adf-312d1e73795e,ndustrial,,"Raleigh, N.C.",,,,,,,False,
8cb6b6ff-1fb4-44cf-a3b7-4d9f77619e79,neara,,Sydney,,,,,,,False,
268191665,neatleaf,neatleaf.com,"San Francisco, CA",,,,,,,False,
295237387,Necture,necture.com,"Vienna, Austria",,0.0,Series A,7000000.0,others,,True,38.0
abed5fae-177e-41d6-9bd7-5385d56f0758,needenergy,,"Bulawayo, Zimbabwe",,,,,,,False,
46c90741-bcb0-4dfc-9b77-385d3f842a62,neo4j,https://neo4j.com/,"San Francisco, CA",,,,,,,False,
27719f5a-a10f-4cb5-9af9-74e8f8107693,neocarbon,,Germany,,,,,,,False,
37a901ee-567d-4dd4-93a1-421481cb2155,neoplants,,"Paris, France",,,,,,,False,
290024745,Neos Partners,neospartners.com,"San Diego, CA",,26.32,,1400000000.0,Neos Partners,Peter Jonna (Managing Partner & Founder): https://linkedin.com/in/peterjonna,True,48.0
291804502,Neptune Robotics,neptune-robotics.com,"Kowloon Tong, Hong Kong",,,,,,,False,
abf648ee-303d-409d-b3e5-78c4ae617354,net purpose,https://netpurpose.com/,UK,,,,,,,False,
283687306,The Net Zero Company,thenetzerocompany.com,Stockholm,,,,,,,False,
293298651,NetZeroNitrogen,nzn2.com,"Nottingham, United Kingdom",,,,,,,False,
282983413,NEU Battery Materials,neumaterials.com,"None, Singapore",,11.76,Seed,800000.0,NUS Graduate Research Innovation Programme (GRIP),Alexander Raphael Tan (Founder): https://linkedin.com/in/alexanderraphaeltan,True,19.0
291746588,NEURA Robotics,neura-robotics.com,"Metzingen, Germany",,,,,,,False,
159740781,Neural Concept,neuralconcept.com,"Cheseaux-sur-Lausanne, Switzerland",,12.7,Series B,27000000.0,HTGF,"François Fleuret (Co-Founder, Chairman of the Board of Directors): https://linkedin.com/in/francois-fleuret",True,71.0
05db2090-4c7b-4567-940f-b62e1ea92b35,neuron energy,https://neuronenergy.com/,"Mumbai, India",,,,,,,False,
279423174,Neustark ag,neustark.com,"Bern, Switzerland",,,,,,,False,
295839331,"NEUTRAL FOODS, INC.",neutralfoods.co.uk,"Portland, OR",,,,,,,False,
289121096,Neverwaste,neverwaste.world,"Esbjerg, Denmark",,,,,,,False,
289195907,Nevoya,nevoya.com,"San Francisco, California",,0.0,Seed,3000000.0,Third Sphere,Sami Khan (Chief Executive Officer): https://linkedin.com/in/sami-khan-21674633,True,6.0
161818355,New Age Meats,newagemeats.com,"Berkeley, California",,0.0,Series A,25000000.0,"RXBAR Founder, Peter Rahal",,True,3.0
141753369,New Frontier Aerospace,nfaero.com,"Tukwila, WA",,,,,,,False,
780a7a82-1d1e-4a42-92bb-25aa503ef4a6,new green power,,"Taipei, Taiwan",,,,,,,False,
2982fc75-4c7a-47e3-aa8e-57f563232d79,new leaf energy,https://newleafenergy.com/,"Lowell, Mass.",,,,,,,False,
283117874,New School Foods,newschoolfoods.co,"Toronto, Canada",,,,,,,False,
ba8a1e6a-3bc6-4832-8ea4-5a7317da42dd,new wave foods,,"New York City, NY",,,,,,,False,
283275221,newcleo,newcleo.com,"Paris, France",,,,,,,False,
69815678-922f-447b-9d18-a3506e09845b,newleaf symbiotics,,"St. Louis, Missouri",,,,,,,False,
6fbe5245-410c-46bd-a825-8407b0a5c9fb,newlight technologies,https://newlight.com/,"Irvine, CA",,,,,,,False,
279788525,NewTrace,newtrace.io,India,,,,,,,False,
1544361,Nexamp,nexamp.com,"Boston, Massachusetts",,-3.23,Other,240000000.0,Generate Capital,Dan Leary (Co-founder): https://linkedin.com/in/dan-leary-30b02311,True,510.0
cdb77103-c4e4-4fba-bf79-cac6acfb7665,nexeon,https://www.nexeon.co.uk/,UK,,,,,,,False,
278521356,Nexii,nexii.com,"Vancouver, Canada",,-14.08,Other,35000000.0,Horizon Technology Finance Corporation,,True,61.0
c4ec9d12-7733-4901-8533-69fad6a9d314,nexii building solutions,,Canada,,,,,,,False,
78846467,Nexla,nexla.com,"San Mateo, California",,20.25,Series A,18000000.0,Adarsh Nair,Avinash Shahdadpuri (Co-Founder & CTO): https://linkedin.com/in/avinashshahdadpuri,True,95.0
b0657e54-4fcf-41c4-87ba-71e87aa33030,next energy technologies,https://nextenergytech.com/,"Santa Barbara, CA",,,,,,,False,
8fa8126e-162f-4e42-82e6-481e0ad44872,next gen foods,,Singapore,,,,,,,False,
1de24380-cf14-45db-bc79-383b35ae5d97,next generation robotics,,"Pisa, Italy",,,,,,,False,
263641661,next-hydrogen,nexthydrogen.com,"Mississauga, Canada",,,,,,,False,
223435105,Next Level Burger,nextlevelburger.com,"Bend, OR",,,,,,,False,
1aa7f941-963e-4092-8aeb-0e076cc2b9c2,next matter,https://nextmatter.com/,"Berlin, Germany",,,,,,,False,
9fd136c6-ebd2-435a-adea-ec074f19e752,next sense,,"Amsterdam, Netherlands",,,,,,,False,
54dd4a27-0893-4644-af7a-3867985dde08,nextmol,,Barcelona,,,,,,,False,
259492514,nextmv,nextmv.io,"Philadelphia, Pennsylvania",,-20.83,Seed,2700000.0,XFactor,Ryan O. (Co-Founder + CTO): https://linkedin.com/in/ryanjoneil,True,19.0
4c201dcd-842c-48d3-9144-eb12529893ee,nextprotein,,"Paris, France",,,,,,,False,
284204100,NextVivo,nextvivo.bio,"Palo Alto, CA",,,,,,,False,
291797791,Nexus Circular,nexuscircular.com,"Atlanta, GA",,,,,,,False,
fca562f0-9abb-49e5-a281-29394e824b59,nexus pmg,,"Dallas, TX",,,,,,,False,
c14d5e3e-c818-4b71-8769-db87c776de11,nexus w2v,,"Greenville, SC",,,,,,,False,
302454099,nEye Systems,neye.ai,Berkeley,,,,,,,False,
281908318,Nfinite Nanotech,nfinitenano.com,"Waterloo, U.K.",,,,,,,False,
289011966,niche mobility,niche-mobility.com,"Girona, Spain",,,,,,,False,
293608587,niko.mx,niko.mx,"Mexico City, Mexico",,82.35,,23000000.0,QED Investors,,True,31.0
1dbf0b1f-2e2f-4fd7-8369-2f05a3fe7937,nikola motors,,,,,,,,,False,
265014343,Nimbus Power Systems,nimbuspowersystems.com,"Groton, CT",,,,,,,False,
a906a2be-188e-4271-a8b4-d8edc647c9b9,nine realms,,"Copenhagen, Denmark",,,,,,,False,
164024393,NineDot Energy,nine.energy,"Wilton, Connecticut",,38.3,Debt,65000000.0,First Citizens Bank,Adam Cohen (Co-founder and CTO): https://linkedin.com/in/adambrentcohen,True,65.0
2160570,NIO,nio.com,"Shanghai, China",,2.92,Public Markets,518339200.0,,chris berner (ceo): https://linkedin.com/in/chris-berner-422b18152,True,2926.0
136355750,Niron Magnetics,nironmagnetics.com,"Minneapolis, MN",,,,,,,False,
666d5b18-9ecf-4968-bba9-282415e57d80,nitricity,,"Fremont, CA",,,,,,,False,
df27fbff-cdbb-4243-9530-4dd1d5fe3323,nitrofix,,"Petah Tikva, Israel",,,,,,,False,
292827535,NitroVolt,nitrovolt.com,"Copenhagen, Denmark",,,,,,,False,
289227589,Nium,wearenium.com,"Cambridge, United Kingdom",,6.25,Seed,3000000.0,AgFunder,"Lewis Jenkins (Founder, Chief Executive Officer): https://linkedin.com/in/lewisjenkins",True,17.0
282618215,No Meat Factory Inc.,nomeatfactory.com,Canada,,,,,,,False,
282840926,Nobell Foods,nobellfoods.com,"San Francisco, CA",,,,,,,False,
279022686,Noble Gas Systems,noblegassystems.com,"Novi, MI",,,,,,,False,
89ff2a9d-365c-4aec-8994-2de41bcccf3f,nobleai,,"San Francisco, CA",,,,,,,False,
301644480,Nodal Power Systems,nodalpowersystems.com,"Salt Lake City, UT",,,,,,,False,
197508811,node.energy,node.energy,"Frankfurt, Germany",,-2.33,Series A,7000000.0,High-Tech Gründerfonds (HTGF),Matthias Karger (Co-Founder): https://linkedin.com/in/matthias-karger-4277a918,True,84.0
e6e3374f-5b95-47f4-9917-58a7cea2cc82,nohbo,,"Melbourne, Florida",,,,,,,False,
ceed8ae4-512e-4a9a-b9a4-435e75f067db,noissue,https://noissue.co/,New Zealand,,,,,,,False,
279172001,Nomad Atomics,nomadatomics.com,"Canberra, Australia",,,,,,,False,
300623615,Nomad Solar Energy,nomadsolar.energy,"Madrid, Spain",,,,,,,False,
0d53dad7-9827-4b92-98cd-c896dc432958,nomagic,https://nomagic.ai/,"Warsaw, Poland",,,,,,,False,
05f6724b-4930-4f2b-8522-28db7c284e03,noodoe,,"Walnut, CA",,,,,,,False,
262415795,Noonan Energy,noonanenergy.com,"Palo Alto, California",,,,,,,False,
284550146,NoPalm Ingredients,nopalm-ingredients.com,"Wageningen, Netherlands",,,,,,,False,
634f433d-7820-4b1b-aafd-8a8bb2435863,nordetect,https://www.nordetect.com/,Denmark,,,,,,,False,
223955159,Nordic FoodTech VC,nft.vc,Helsinki,,,,,,,False,
5c2397a8-aa17-4213-8eba-89086b2321df,nordic science investments,,"Helsinki, Finland",,,,,,,False,
6688f3ce-ecaa-4d6c-bdf1-a60a73d31a0d,nordic seafarm,,"Göteborg, Sweden",,,,,,,False,
71590591,Nordsense,nordsense.com,Denmark,,,,,,,False,
221871730,Noriker Power,noriker.co.uk,"Cheltenham, England",,,,,,,False,
220167783,Normative.io,normative.io,"Stockholm, Sweden",,-6.59,Series B,31000000.0,ETF Partners,Kristian Rönn (CEO): https://linkedin.com/in/kristianronn,True,170.0
119b78eb-9a5d-4a1a-83de-ed52cd970631,norrsken vc,,"Stockholm, Sweden",,,,,,,False,
2187024,Norsepower Oy,norsepower.com,"Helsinki, Finland",,,,,,,False,
1568309,North Sky Capital,northskycapital.com,"Wayzata, MN, U.S.",,-5.56,Investment Fund,250000000.0,,Scott Barrington (Managing Director and CEO): https://linkedin.com/in/scott-barrington-5a90a95,True,17.0
283259429,Northern Genesis Acquisition Corp.,northerngenesis.com,"Kansas City, Missouri",,,Public Markets,300000000.0,,,True,1.0
279182611,Northern Gritstone,northern-gritstone.com,"Manchester, U.K.",,,,,,,False,
146196582,Northvolt,northvolt.com,"Stockholm, Sweden",,,,,,,False,
298580747,Northwind Climate,northwindclimate.com,"Boston, MA",,,,,,,False,
263257749,Noteworthy AI,noteworthy.ai,"Westport, Connecticut",,5.0,Other,3000000.0,C2 Ventures,,True,21.0
15dc44bb-107c-4d37-aeae-878e389da305,notpla,https://notpla.com/,"England, U.K.",,,,,,,False,
c6960e6e-9fed-4807-83b3-a7487d6dd490,nouveau monde graphite,https://nouveaumonde.ca/,"Saint-Michel, Canada",,,,,,,False,
52125e47-1ed7-4db6-a30b-676454b0bddb,nova carbon,,"Mérignac, France",,,,,,,False,
147493770,Nova Pangaea Technologies (NPT),novapangaea.com,"Wilton, United Kingdom",,,,,,,False,
02beb8ab-c196-4291-ae6a-c78a6f526109,novalith,,Australia,,,,,,,False,
f9d05eb0-67a3-46c3-8442-3da0be344fa6,novalith technologies,https://novalith.com/,"Sydney, Australia",,,,,,,False,
357c6134-8432-4646-97c2-8fbb72f987f1,novamea,,"Saint-Sulpice, Canada",,,,,,,False,
220045721,NOVAMEAT,novameat.com,"Barcelona, Spain",,,,,,,False,
263128452,Novamera,novamerainc.com,"Oakville, Canada",,-18.18,Other,2562893.0,DIGITAL,Dustin Angelo (President and CEO): https://linkedin.com/in/dustin-angelo-66786241,True,18.0
288706890,Novatron Fusion,novatronfusion.com,"Stockholm, Sweden",,,,,,,False,
164029145,Noventa Energy Partners,noventaenergy.com,"Toronto, Canada",,,,,,,False,
83e9511e-276c-4cfe-9522-527d6283dda6,noveon,,"San Marcos, TX",,,,,,,False,
291894161,Noveon Magnetics,noveon.co,"San Marcos, Texas",,1.79,Series B,75000000.0,Aventurine Partners,,True,57.0
255220778,Novi,noviconnect.com,"San Francisco, California",,11.36,Other,40000000.0,Defy Partners,Jaleh Bisharat (Co-founder and Board Member): https://linkedin.com/in/jalehbisharat,True,49.0
290913592,NOVI Connected,novi-connected.fr,"Larkspur, CA",,,,,,,False,
260972406,novisto,novisto.com,"Montreal, Canada",,-9.63,Series B,20000000.0,SCOR Ventures,Edouard Clement (Co-Founder & Chief Product Officer at Novisto): https://linkedin.com/in/edouard-clement-3289665,True,122.0
285631205,Novity,novity.us,"San Carlos, California",,-46.67,,7800000.0,Metawater Co. Ltd.,Ersin Uzun (Chairperson and co-founder): https://linkedin.com/in/ersinuzun,True,8.0
e6f9d7cf-db4a-4de5-80ee-d33d34f72f59,novo holdings,,Denmark,,,,,,,False,
eef7147c-8974-439f-b374-af23a35f1a83,novobiom,https://novobiom.com/,"Ottignies-Louvain-la-Neuve, Belgium",,,,,,,False,
3998e66f-9400-4566-8bc1-bcb6812ef0c6,novocarbo,https://novocarbo.com/,"Hamburg, Germany",,,,,,,False,
285705956,NovoHydrogen,novohydrogen.com,"Centennial, Colorado",,5.88,Other,20000000.0,Jeremy Avenier,Matt McMonagle (CEO & Founder): https://linkedin.com/in/matt-mcmonagle-45ab5311,True,18.0
285369877,Novoloop,novoloop.com,"Menlo Park, CA",,,,,,,False,
161109431,NovoNutrients,novonutrients.com,"Sunnyvale, CA, U.S.",,,,,,,False,
8a586731-410d-48b4-a1d8-d011b8c0e127,nowadays,,"San Francisco, CA",,,,,,,False,
03b5b1bf-4ac2-40d4-86ab-d31e48ce1d23,nowos,https://www.nowos.com/,"Utrecht, Netherlands",,,,,,,False,
162557664,Nowports,nowports.com,Mexico,,,,,,,False,
293017442,NPHarvest,npharvest.fi,"Espoo, Finland",,,,,,,False,
c6b12d92-c0fb-4a97-aae2-1ddf85f6e96f,nplan,,"London, U.K.",,,,,,,False,
291611163,NRJx,nrjx.tech,"Clichy, France",,77.78,,2295000.0,,Cédric Faucheux (Co-Founder & CTO): https://linkedin.com/in/cedricfaucheux,True,16.0
95b4d927-f836-42c2-964f-61bab44f1c3a,nscale,https://www.nscale.com/,London,,,,,,,False,
289168993,NT-Tao,nt-tao.com,"Hod HaSharon, Israel",,,,,,,False,
224928034,Nth Cycle,nthcycle.com,"Beverly, Massachusetts",,2.04,Series B,44000000.0,VoLo Earth,Megan O'Connor (Co-Founder and CEO): https://linkedin.com/in/megan-o-connor-193ab0112,True,50.0
a6d83dae-049a-4c75-97a7-4b17f02e388b,nu quantum,,"Cambridge, U.K.",,,,,,,False,
e7e215e1-2ec5-4cbb-b187-d9120c0cbdca,nuada,,Belfast,,,,,,,False,
284719555,Nuclearn,nuclearn.ai,"Phoenix, AZ",,,,,,,False,
70d9cb27-9df9-4c22-ba71-821d696af794,nucleus capital,,"Berlin, Germany",,,,,,,False,
5215703e-b9ba-407f-8d79-0dd0dd610441,nuggs,,NYC,,,,,,,False,
1cb005c7-4633-483d-b9ea-e568ef93df2c,nukoko,https://nukoko.com/,"Guildford, U.K.",,,,,,,False,
286006545,Number 8 bio,number8.bio,"Sydney, Australia",,,,,,,False,
221272985,NUMiX MATERIALS,numixmaterials.com,"Chicago, IL",,,,,,,False,
21530482-6207-4f21-8c48-236328b96bda,nuscale power,https://www.nuscalepower.com/,"Portland, OR",,,,,,,False,
f2e6864d-8f70-4587-bfe6-8e126ca1acf2,nusku,,"Bristol, U.K.",,,,,,,False,
164006839,Nutcracker Therapeutics,nutcrackerx.com,"Emeryville, CA",,,,,,,False,
293043520,nuuEnergy,nuuenergy.com,Munich,,,,,,,False,
8e77a740-1c78-44f5-b1dd-fe87ddf2f853,nuuve,,"San Diego, CA",,,,,,,False,
281197231,Nuvem9,nuvem9.co.uk,"São Paulo, Brazil",,,,,,,False,
125885455,Nuventura,nuventura.com,"Berlin, Germany",,,,,,,False,
223142502,Nuvocargo,nuvocargo.com,"New York, NY",,,,,,,False,
111018d5-7308-4a53-9002-6661e31b39c3,nyle systems,https://nylesystems.com/,"Brewer, ME",,,,,,,False,
265124681,Nyobolt,nyobolt.com,UK,,,,,,,False,
285101281,Ledger8760,nzero.com,"Reno, Nevada",,-37.5,Series A,16000000.0,national US energy company,Josh Griffin (Co-Founder): https://linkedin.com/in/josh-griffin-56336b162,True,30.0
1625192,o9 Solutions,o9solutions.com,"Farmers Branch, Texas",,0.45,Other,116000000.0,BeyondNetZero,,True,2933.0
4b2d9fab-a0df-495e-a3bf-2a55799dcb45,oatly,https://www.oatly.com/,Sweden,,,,,,,False,
291765168,Oben Electric,obenelectric.com,"Bangalore Urban, India",,,,,,,False,
290504044,Obeo Biogas,obeobiogas.com,"Montréal, Canada",,,,,,,False,
28053803-92af-4cbc-b92f-564849eb1c2d,observable,https://observablehq.com/,San Francisco,,,,,,,False,
224882995,Observe,observeinc.com,"San Mateo, California",,10.99,Series B,145000000.0,Evolution Equity Partners,,True,212.0
162585056,Obviously AI,obviously.ai,"Berkeley, CA",,,,,,,False,
224720347,Ocean 14 Capital,ocean14capital.com,"London, UK",,,,,,,False,
294741079,Ocean Ledger,ocean-ledger.com,"London, United Kingdom",,75.0,Seed,900000.0,Silverstrand Capital,Paige Roepers (CEO & Co-Founder): https://linkedin.com/in/paige-roepers-59746117a,True,7.0
268337896,Ocean Oasis,oceanoasis.co,"Oslo, Norway",,,,,,,False,
224823296,Ocean Rainforest,oceanrainforest.com,Faroe Islands,,,,,,,False,
124899268,Oceano Fresco,oceano-fresco.pt,Portugal,,,,,,,False,
727d0591-c851-417d-b182-081637820287,oceanwell,,"Menlo Park, CA",,,,,,,False,
224127561,OCELL,ocell.io,"Munich, Germany",,6.25,Series A,10000000.0,Summiteer,David Dohmen (Co-Founder): https://linkedin.com/in/david-dohmen-5328508b,True,51.0
279126605,Ocergy,ocergy.com,"Oakland, CA",,,,,,,False,
144274729,Ocient,ocient.com,"Chicago, Illinois",,-2.03,Series B,132000000.0,Blue Bear Capital,Chris Gladwin (CEO and Co-Founder): https://linkedin.com/in/chris-gladwin-7ba42b,True,145.0
213994322,OCO Corp,ocochem.com,"Richland, WA",,,,,,,False,
223151353,Octarine Bio,octarinebio.com,"Copenhagen, Denmark",,,,,,,False,
286154920,Octavia Carbon,octaviacarbon.com,"Nairobi, Kenya",,,,,,,False,
09506fe4-1373-4af9-ad7f-c30bea948c28,octet scientific,,"Cleveland, OH",,,,,,,False,
223749793,OctoML,octoml.ai,"Seattle, WA",,,,,,,False,
40db4e65-c9de-42cf-95aa-46106cb833d9,octopus electric vehicles,,"London, UK",,,,,,,False,
a180002d-cd97-4775-b4f1-be921ae661dd,octopus energy,https://octopus.energy/,England,,,,,,,False,
7381a119-4894-4960-8249-5489a72610de,octopus energy group,https://octopus.energy/,UK,,,,,,,False,
221115738,Odd.Bot,odd.bot,"Lelystad, Netherlands",,,,,,,False,
7b50ab40-d9b7-44a7-a9c5-951adea17911,odys aviation,,"Long Beach, CA",,,,,,,False,
37ee1820-7d87-4154-8cc4-903c2fe4cb8c,off meat,,Indonesia,,,,,,,False,
285820765,Ogre AI,ogre.ai,"London, United Kingdom",,0.0,Other,3000000.0,Sofia Angels Ventures,Matei Stratan (CEO): https://linkedin.com/in/matei-stratan-ab3b4a7b,True,10.0
1666426,Ohmconnect,ohmconnect.com,"Oakland, California",,-19.23,Series D,55000000.0,Dan Skaff and Kat Taylor of Radicle Impact,Matt Duesterberg (Co-Founder / CRO): https://linkedin.com/in/duesty,True,21.0
415fb494-2378-4948-aae9-3b5e7e55eb63,ohmium,https://ohmium.com/,"Fremont, CA and India",,,,,,,False,
223153357,Oishii Farm,oishii.com,"Jersey City, New Jersey",,3.57,Series B,134000000.0,Bloom8,Hiroki Koga (Co-Founder & CEO): https://linkedin.com/in/hirokikoga,True,116.0
73e7f3d5-ef4a-4d55-9af7-c927f9ddc607,oishii farm,https://oishii.com/,"Kearny, NJ",,,,,,,False,
262765000,Ojjo,ojjo.com,"San Rafael, California",,-65.85,Series C,40000000.0,James Wallis,"Daniel Flanigan (Co-Founder & Chief Operating Officer at Ojjo, Inc.): https://linkedin.com/in/danielpflanigan",True,14.0
289633355,Oka,carboninsurance.co,"Park City, Utah",,0.0,Seed,3000000.0,Overview Capital,James Hall (Founder & Executive Chair): https://linkedin.com/in/james-hall-86b627b,True,11.0
bd727376-43be-4381-b5ca-1b7a9e29250d,okify,,"Barcelona, Spain",,,,,,,False,
1672776,Oklo,oklo.com,"Sunnyvale, California",,31.33,Public Markets,,Sam Altman,Jacob DeWitte (CEO and Co-Founder): https://linkedin.com/in/jacob-dewitte-90062132,True,109.0
212183985,Okra Solar,okrasolar.com,"None, Australia",,5.0,Series A,12000000.0,Autodesk Foundation,Damian Veling (Co-Founder / CTO): https://linkedin.com/in/damianveling,True,42.0
7711587f-83ce-443f-8f38-f16cef7f6d81,ola electric,https://olaelectric.com/,India,,,,,,,False,
118760101,Olea Edge Analytics,oleaedge.com,"Bee Cave, Texas",,-4.55,Series C,35000000.0,Renewal Funds,David Pearce (Co-founder and board observer): https://linkedin.com/in/david-pearce-71b91b3,True,21.0
7b8ff0ae-9b32-4b6e-a3dd-064316876f01,olocopter,,"Bruchsal, Germany",,,,,,,False,
286228179,Olokun Minerals,olokunminerals.com,"Los Angeles, CA",,,,,,,False,
285996995,OlsAro,olsaro.com,"Goteborg, Sweden",,,,,,,False,
7d2d5cff-5885-4caf-9775-7eade21de99c,olyns,,"Santa Clara, CA",,,,,,,False,
283118280,omeat.bio,omeat.bio,"Los Angeles, California",,,Series A,40000000.0,Bold Capital Partners,,True,25.0
290889052,Omnevue,omnevue.com,"London, UK",,,,,,,False,
8c5f5647-7983-4761-af5f-fcf5ba5ecfa5,omnidian,,"Seattle, Wash.",,,,,,,False,
225099113,Omnitron Sensors,omnitronsensors.com,Los Angeles,,,,,,,False,
291694155,On.Energy,on.energy,"Miami, FL",,-5.15,Debt,25000000.0,Phalanx Investment Partners,,True,92.0
219982320,One Click Lca,oneclicklca.com,"Helsinki, Finland",,4.3,Other,43779200.0,PSG Equity,Panu Pasanen (CEO & Decarbonization Evangelist): https://linkedin.com/in/panupasanen,True,194.0
1808190,One Concern,oneconcern.com,"Menlo Park, California",,-27.27,Other,45000000.0,Scott Sandell,Nicole Hu (Chief Technology Officer and Co Founder): https://linkedin.com/in/nicolehu1c,True,24.0
9b67bbcc-a3cf-4d35-88bd-d3c87f6b3584,one moto,,"London, UK",,,,,,,False,
23586f24-1561-4ed6-8ef3-aafaf4234db2,onebeat,,"Tel Aviv, Israel",,,,,,,False,
6955c45c-47ba-444b-a942-531383c48cf9,oned battery sciences,https://www.onedbattery.com/,"Palo Alto, CA",,,,,,,False,
285002061,Onego Bio,onego.bio,"San Diego, California",,25.71,Series A,14000000.0,additional Series A investors,Maija Itkonen (CEO & Co-founder): https://linkedin.com/in/maija-itkonen-25166a4,True,44.0
161798866,Oneka Technologies,onekawater.com,"Sherbrooke, Canada",,,,,,,False,
c0918242-0fe0-4785-8619-db185cdeac48,onepak,https://www.onepak.com/,"Boston, U.S.",,,,,,,False,
292033698,OnePlanet Solar Recycling,1planetrecycling.com,"Jacksonville, FL",,,,,,,False,
283354606,OneRail,onerail.com,"Orlando, Florida",,15.0,Series C,42000000.0,eGateway Capital,Bill Catania (Founder & CEO): https://linkedin.com/in/billcatania,True,138.0
265610825,OneThird,onethird.io,"Enschede, Netherlands",,37.5,Series A,3500000.0,Pymwymic Home,Laurens Drapers (Chief Product Officer | Co-Founder): https://linkedin.com/in/laurensdrapers,True,22.0
32362210,OneTrust,onetrust.com,"Atlanta, Georgia",,-7.61,Series D,150000000.0,SoftBank Vision Fund 2,Ingrum Putz (Co-Founder & CTO/CISO): https://linkedin.com/in/ingrum,True,2186.0
223149643,Onfly,onfly.com.br,"Belo Horizonte, Brazil",,24.76,Series B,40000000.0,Cloud9 Capital,Marcelo Linhares . (CEO & Co-founder Onfly): https://linkedin.com/in/marcelolinhares,True,519.0
9a80c077-d0e4-45b6-a3e5-fbc1bc29bf54,onsemble,https://onsemble.com/,San Francisco,,,,,,,False,
287117247,OnSight Technology,onsightops.com,"Folsom, California",,21.74,Seed,,Growth Factory,"John Shepard, PhD (Cofounder & CTO): https://linkedin.com/in/john-shepard-phd-23612414",True,28.0
130573913,OnSiteIQ,onsiteiq.io,"New York, New York",,-28.57,Series B,14000000.0,Vertical Venture Partners,Nicholas Muir (Senior Advisor To Chief Executive Officer): https://linkedin.com/in/nicholas-muir-aa7694b,True,40.0
cfc80053-3536-4233-bdad-0e680d790dee,ontruck,https://www.ontruck.com/, ,,,,,,,False,
291895552,Ookuma Diamond Device,ookuma-dd.com,"Hokkaido, Japan",,,,,,,False,
6d16264e-4309-4b94-8e4f-123027a89bf9,oolu,,Senegal,,,,,,,False,
1588864,Oomnitza,oomnitza.com,"San Francisco, CA",,,,,,,False,
284820897,Oort Energy,oortenergy.com,"Bristol, United Kingdom",,,,,,,False,
bcefbb25-6107-409f-b010-fb992103ddd6,opalia,,"Montréal, Canada",,,,,,,False,
146200768,OpConnect,opconnect.com,"Tigard, Oregon",,8.33,Debt,1500000.0,"Reinventure Capital, LP",Dexter Turner (CEO): https://linkedin.com/in/dexterturner,True,26.0
136320645,Open Cosmos,open-cosmos.com,"London, UK",,,,,,,False,
283376907,Open Forest Protocol,openforestprotocol.org,"Cheseaux-sur-Lausanne, Switzerland",,3.7,Seed,4100000.0,Mercy Corps Ventures,Frederic Fournier (CEO and Co-founder): https://linkedin.com/in/frederic-fournier-584a614,True,28.0
138206849,OpenAirlines,openairlines.com,"Toulouse, France",,,,,,,False,
d07b3790-f8fd-4d8d-9c3a-01f6b12f2335,openinvest,,"San Francisco, CA",,,,,,,False,
5c8fa302-42a0-4e48-b680-7f2099c053a9,opensolar,,"Sydney, Australia",,,,,,,False,
132898543,OpenSpace,openspace.ai,"San Francisco, California",,-1.48,Series D,9000000.0,Alpaca VC,Michael Fleischman (Co-Founder & Chief Scientist): https://linkedin.com/in/michael-fleischman-7958274,True,266.0
278690220,OpenTug,opentug.com,"Seattle, Washington",,20.0,Seed,3100000.0,SpringTime Ventures,Jason Aristides (Director | Co-founder): https://linkedin.com/in/jason-aristides-73aa0315a,True,18.0
292668189,Openvolt,openvolt.com,"Dublin, Ireland",,0.0,Seed,1500000.0,Übermorgen Ventures,Don O'Leary (Co-Founder & CTO): https://linkedin.com/in/donoleary,True,8.0
e747ef6b-5a9c-4874-98ff-1271442b0862,opibus,,Kenya,,,,,,,False,
3620d886-8dc0-4628-82d2-35e50ae32ce9,opna,,"London, U.K.",,,,,,,False,
288690813,Opo Bio,opobio.com,New Zealand,,,,,,,False,
289895172,Opscura,opscura.io,"Donostia-San Sebastian, Spain",,3.12,Series A,9400000.0,Dreamit,Brian P. Brammeier (Chief Executive Officer): https://linkedin.com/in/brianbrammeier,True,33.0
1663972,Optalysys,optalysys.com,"Leeds, U.K.",,,,,,,False,
281850593,Optera,opteraclimate.com,"Boulder, Colorado",,-7.94,Series A,12000000.0,Engage VC,Tim Weiss (Chief Executive Officer): https://linkedin.com/in/tim-weiss-123b5b1b,True,58.0
7a30c954-9099-4ac4-8743-86ba6ceedd58,optibus,,"Tel Aviv, Israel",,,,,,,False,
289687545,OPTIML,optiml.com,"Zürich, Switzerland",,52.94,Seed,4000000.0,KOMPAS VC,Jordi Campos (Co-Founder & CTO): https://linkedin.com/in/cjordi,True,26.0
290330132,Optivolt,optivolt.com,"San Mateo, California",,-19.35,Seed,8000000.0,Peter Relan,Sriram Raghu (Chief Architect / Co Founder): https://linkedin.com/in/sriram-raghu-00a3b980,True,25.0
223601922,OptoScale,optoscale.no,Norway,,,,,,,False,
4e169919-d0d4-4459-8b8f-4156224df620,opusflow,,"Deventer, Netherlands",,,,,,,False,
a213743d-59ca-491e-be29-bb253cc0364b,oqton,https://www.oqton.com/,U.S. and Belgium,,,,,,,False,
263225592,Orange Charger,orangecharger.com,"Redwood City, California",,31.82,Seed,6500000.0,Munich Re Ventures,Nicholas Johnson (CEO): https://linkedin.com/in/nicholasjohnson14,True,29.0
e75acd5f-0434-4e86-9151-45a1af6f2468,orano,https://www.orano.group/,"Châtillon, France",,,,,,,False,
150127532,Orbex Space,orbex.space,UK,,,,,,,False,
263230865,Orbillion Bio,orbillion.com,San Francisco,,,,,,,False,
21a959bb-6c48-486e-894f-485e5154b0a0,orbion space technology,,"Houghton, MI",,,,,,,False,
263510124,Orbisk,orbisk.com,"Utrecht, Netherlands",,8.77,Other,2775820.0,,Richard Beks (Co-founder and CCO): https://linkedin.com/in/richardbeks,True,62.0
142374613,Orbital Sidekick,orbitalsidekick.com,"San Francisco, California",,13.33,Series A,10000000.0,Temasek,Tushar P. (COO & Co Founder): https://linkedin.com/in/tusharprabhakar,True,34.0
41c49d7b-47f3-4bb7-91f1-d2314b8b111e,orbital systems,,Sweden,,,,,,,False,
220090718,Orca AI,orca-ai.io,"London, United Kingdom",,14.29,Series B,23000000.0,OCV Partners,Dor Raviv (Co-Founder & CTO): https://linkedin.com/in/ravivdor,True,88.0
a56f069a-2404-40ba-a7af-29062bdc75b8,orcal,,"Junction City, OR",,,,,,,False,
289037330,Orchard Robotics,orchard-robotics.com,"Seattle, Washington",,0.0,Seed,3800000.0,Howard Lerman,Carl Meyer (Co-founder): https://linkedin.com/in/carlmeyernz,True,10.0
296791049,Ore Energy,oreenergy.com,"Amsterdam, Netherlands",,8.0,Seed,10000000.0,other investors,Yaiza Gonzalez Garcia (Co-Founder): https://linkedin.com/in/yaiza-gonzalez-garcia-59b17a31,True,27.0
279464075,Orennia,orennia.com,"Calgary, Canada",,30.3,Series B,25000000.0,Quantum Innovation Fund,Keaton Horner (Co-Founder | Analyst): https://linkedin.com/in/keaton-horner-76802310a,True,129.0
1714696,Origami Energy,origamienergy.com,"Milton, United Kingdom",,-16.0,Series A,19515200.0,Octopus Ventures,Peter Bance (CEO): https://linkedin.com/in/peter-bance-08a9095,True,42.0
06c2c8c1-5614-42f0-91dd-2390826ad71d,origin materials,https://originmaterials.com/,"Sacramento, CA",,,,,,,False,
111635889,Origis Energy,origisenergy.com,"Miami, Florida",,-4.0,Private Equity,100000000.0,,Paul Thiers (Co-Owner & Founder  /  Member of the Board): https://linkedin.com/in/paul-thiers-0928426,True,192.0
293169287,Oriole Networks,oriolenetworks.com,"London, United Kingdom",,123.53,Other,22000000.0,Ucl Technology Fund,,True,38.0
57fec21c-ceff-40ed-b9f4-1d89b61a2023,orion infrastructure capital,,"New York, U.S.",,,,,,,False,
213994982,OroraTech,ororatech.com,"Munich, Germany",,24.3,Series B,25000000.0,Edaphone Private Impact Fund,Martin Langer (CEO): https://linkedin.com/in/martin-langer-2b97a183,True,133.0
292387422,Orus Energy,orus-energy.com,"Paris, France",,54.55,Seed,2200000.0,Pierre Trémolières (Accenta.ai),Fanny Sauvée (Co-Founder and Chief of Operations): https://linkedin.com/in/fanny-sauvee,True,17.0
264981835,OSAPIENS,osapiens.com,"Mannheim, Germany",,47.76,Series B,120000000.0,Growth Equity at Goldman Sachs Alternatives,,True,362.0
83b3d0e4-ee51-4cd5-9708-55a70ee92352,osmoses,https://www.osmoses.com/,"Cambridge, Massachusetts",,,,,,,False,
281745054,Ostrom,ostrom.de,"Berlin, Germany",,10.53,Series B,20000000.0,Eneco Ventures,Karl Villanueva (Co-Founder & CMO/CPO): https://linkedin.com/in/karlmfvillanueva,True,42.0
e13fad44-0d4d-4e2a-a525-b0cff29660b0,osum oil sands,,Canada,,,,,,,False,
260513353,Otovo,otovo.com,"Oslo, Norway",,-35.0,Other,42735600.0,Axel Johnson,Lars Syse Christiansen (Co-founder & CFO): https://linkedin.com/in/lars-syse-christiansen-81044a,True,247.0
279211515,Our Next Energy,ournextenergy.com,"Novi, Michigan",,,,,,,False,
0d244a02-5b1d-43a2-a068-b89a60a5dc9d,outcast foods,,Canada,,,,,,,False,
1733967,Outreach,outreach.io,"Seattle, Washington",,-11.58,,200000000.0,STEADFAST Capital Ventures,Manny Medina (CEO): https://linkedin.com/in/medinism,True,939.0
225131313,Outrider,outrider.ai,"Golden, Colorado",,-10.64,Series D,62000000.0,ARK Invest,,True,168.0
138819247,Outstanding Foods,outstandingfoods.com,"Los Angeles, CA",,,,,,,False,
284166667,Over Easy Solar,overeasy.no,"Oslo, Norway",,5.88,,1181925.0,,Tommy Engvik (Co-Founder and CCO): https://linkedin.com/in/tommy-engvik-9a08a810,True,18.0
a20ffbb4-9aca-4091-8d4a-8dc93d1e9bed,overair,,"Santa Ana, CA",,,,,,,False,
288183120,Overlap Holdings,overlapholdings.com,New York,,0.0,,,,Justin Stevens (Founder & CEO): https://linkedin.com/in/justin-stevens-5a940a102,True,5.0
288186020,Overstory,overstory.com,"Amsterdam, Netherlands",,5.49,Series A,14000000.0,The Nature Conservancy,Anniek Schouten (COO & co-founder): https://linkedin.com/in/anniekschouten,True,96.0
3479c913-90b9-4d82-b266-544de3e13d0b,overture climate vc,,"Los Angeles, CA",,,,,,,False,
288620831,Oxygen Delivers,oxygendelivers.com,"Cheltenham, UK",,,,,,,False,
1e6ed66c-1916-47b1-b131-1d65d94cdc34,ox security,,"Tel Aviv, Israel",,,,,,,False,
d2701667-0b16-4a83-a8b9-9c17ecd5918b,oxbotica,https://oxbotica.com/,"London, UK",,,,,,,False,
f32afdad-ae0d-42a4-9246-4cc183cc4366,oxford flow,,"Oxford, U.K.",,,,,,,False,
212193071,Oxwash,oxwash.com,UK,,,,,,,False,
67724b98-e8dd-43a0-9008-721e268a2f95,oxygen8,,Canada,,,,,,,False,
2b9ffc2c-8135-44d8-a6ec-1c34b7b5513e,oxyle,,"Zurich, Switzerland",,,,,,,False,
294026017,Oxylus Energy,oxylusenergy.com,"New Haven, CT",,,,,,,False,
291772102,OYA Renewables,oyarenewables.com,"Toronto, Canada",,,,,,,False,
e6d54b36-3f6b-43fd-9e2f-77967f958520,p2 science inc.,,"Woodbridge, CT",,,,,,,False,
289646709,P6 Technologies,p6technologies.com,"Spicewood, Texas",,13.33,Seed,3250000.0,Artemis Energy Partners,Joe Berti (Chief Executive Officer): https://linkedin.com/in/joeberti,True,17.0
220547572,Pachama,pachama.com,"San Francisco, California",,-2.53,Series B,9000000.0,AirAngels,Tomas Aftalion (Co-Founder): https://linkedin.com/in/tomasaftalion,True,77.0
d8f23bd6-2e83-4123-ae38-b88fbe447cef,pachyderm,, ,,,,,,,False,
8afe1bed-1cdb-435a-9d99-b0f353498fe7,pacific steel group,,"San Diego, CA",,,,,,,False,
291095341,Pacifico Biolabs,pacificobiolabs.com,"Berlin, Germany",,,,,,,False,
a4ec5e30-b7f1-4cdd-b5c0-57c090f29832,package free,https://packagefreeshop.com/,"New York, NY",,,,,,,False,
47436a9e-47cc-4ca3-a073-be16c02b6da3,packaly,https://packaly.com/,Netherlands,,,,,,,False,
282852119,Packfleet,packfleet.com,"London, United Kingdom",,-23.08,Series A,10000000.0,Voyager Ventures,Tristan Thomas (Cofounder): https://linkedin.com/in/trstnthms,True,30.0
285796221,Paebbl AB,paebbl.com,"Stockholm, Sweden",,,,,,,False,
42a8253e-d877-4ad5-85c2-ebe618ecdd0d,paebble,,"South Holland, IL",,,,,,,False,
1690004,Paine Schwartz Partners,paineschwartz.com,"New York, NY",,-1.39,Investment Fund,1700000000.0,,"Yvonne Schapiro (Executive / Personal Assistant to W. Dexter Paine, III, Chairman & Co-Founder): https://linkedin.com/in/yvonne-schapiro-34967187",True,71.0
ae0a33e8-f203-4b45-9c6d-a27d93b00b99,pairwise,https://www.pairwise.com/,"Durham, NC",,,,,,,False,
117396958,Pajarito Powder,pajaritopowder.com,"Albuquerque, NM",,,,,,,False,
6c1dadaa-b96d-4316-83e9-fa64bb0dfa38,pangea ventures,,"Vancouver, Canada",,,,,,,False,
187627435,Pani Energy,panienergy.com,"Vancouver, BC",,,,,,,False,
280232652,Pano,pano.ai,"San Francisco, California",,15.38,Series B,44000000.0,Giant Ventures,Arvind Satyam (Chief Commercial Officer & Co-Founder): https://linkedin.com/in/asatyam,True,105.0
4a3729b6-b540-4bad-b8f4-6094176524ff,pano ai,https://pano.ai/,San Francisco,,,,,,,False,
0d9de5e6-a3af-4045-b063-99a303a17c12,paptic,https://paptic.com/,"Espoo, Finland",,,,,,,False,
6047561,Parabola,parabola.io,"San Francisco, California",,42.22,Series B,24000000.0,previous investors,Michael Lang (Co-Founder and CTO): https://linkedin.com/in/michael-lang-b3a39b37,True,64.0
2886543,Paradromics,paradromics.com,"Austin, TX",,,,,,,False,
283694128,Parallel Carbon Limited,parallelcarbon.com,"Manchester, UK",,,,,,,False,
c2b2c76d-7ddf-40d4-88a0-2f5b98da06d1,parallel systems,https://www.parallel.systems/,"Culver City, CA",,,,,,,False,
22119ca2-94c2-4ae5-90db-4b740d6374de,parcel perform,https://www.parcelperform.com/,Singapore,,,,,,,False,
203275481,Parity,paritygo.com,"Toronto, Canada",,17.24,Series B,19000000.0,Idealist Capital,Brad Pilgrim (Chief Executive Officer): https://linkedin.com/in/brad-pilgrim-63530429,True,34.0
161798658,Parsyl,parsyl.com,Denver,,,,,,,False,
b2410894-5a5d-4cd5-9bb4-6751292c16bf,partanna,https://partanna.com/,"Nassau, Bahamas",,,,,,,False,
290691493,PARTORY,partory.com,"Hradec Králové, Czechia",,,,,,,False,
290598755,Pascal,pascaltechnology.com,"Cambridge, Massachusetts",,33.33,Seed,8000000.0,Blindspot Ventures,Adam Slavney (Chief Executive Officer): https://linkedin.com/in/adamslavney,True,8.0
3a66b896-f417-45c3-9e8e-9bd0743c0d19,passivelogic,,"Holladay, Utah",,,,,,,False,
262876301,Patch,usepatch.com,"San Francisco, California",,,Series B,55000000.0,Plug And Play Tech Center,Aaron Grunfeld (Co-founder): https://linkedin.com/in/aaron-grunfeld,True,2.0
280287310,Pathway of Power,pathwayofpower.com,"San Diego, CA",,,,,,,False,
292898634,Pathways,thepathways.earth,"New York, New York",,33.0,,,,Kritika Kharbanda (Co-Founder): https://linkedin.com/in/kritika-kharbanda-kritika,True,4.0
08d179ba-2b3e-413d-b389-b7f46a0dfdf5,pathzero,,Australia,,,,,,,False,
a133b578-4cbb-481c-ad14-bbbacc588dfb,patriot battery materials,,"Vancouver, Canada",,,,,,,False,
263708941,Patronus AI,patronusai.com,"New York City, NY",,,,,,,False,
24c858f2-303c-4c1d-b2ec-d0997dc02a9f,pattern energy,,San Francisco,,,,,,,False,
11055a77-7e76-4968-a42d-a72847f0237a,pawco foods,,"San Francisco, CA",,,,,,,False,
213998426,PAXAFE,paxafe.com,"Milwaukee, WI",,,,,,,False,
03196219-74d9-4a96-96dd-39990e2eecae,peakbridge,,Luxembourg,,,,,,,False,
143641186,Pearl Certification,pearlcertification.com,"Charlottesville, Virginia",,-13.04,Seed,225000.0,,Patricia Marin (Co-Founder): https://linkedin.com/in/patricia-marin-6aa71056,True,40.0
5fd2c073-baab-444e-bbcd-d23777babfad,pearlx,,"Charlottesville, VA",,,,,,,False,
1601408,Peaxy,peaxy.net,"San Jose, California",,0.0,Series B,12000000.0,Federico Faggin,"Francesco Lacapra (Founder, CTO and VP of Engineering): https://linkedin.com/in/francesco-lacapra-b6a57",True,33.0
7b628fe9-dd20-4259-a427-823edc51db50,peelo,https://www.peelo.com/,Slovakia,,,,,,,False,
9d84d089-b4ce-4724-8e53-9ec9709cb6a0,pelican energy partners,https://pelicanenergy.com/,Houston,,,,,,,False,
5602e2d1-b859-4aeb-bc36-e5577291f1e2,pelico,,Miami,,,,,,,False,
2236d490-9e53-430c-90c4-2fa4fd719410,pelikan mobility,,Paris,,,,,,,False,
154906659,Pensa Systems,pensasystems.com,"Austin, Texas",,,,,,,False,
3323035d-0868-4ed0-a6ff-9ed85dfea5a7,percepto,,"Austin, Texas",,,,,,,False,
05246a22-afe6-484e-a441-8ed8c0d2ecd3,perceptual robotics,https://perceptualrobotics.com/,UK,,,,,,,False,
285030738,Perch Energy,perchenergy.com,"Boston, Massachusetts",,-14.06,Series B,30000000.0,Arborview Capital,Bruce Stewart (President & Chief Executive Officer): https://linkedin.com/in/brucestewart3,True,55.0
285712948,Peregrine Energy,peregrineenergysolutions.com,"Boulder, Colorado",,-6.12,Other,115000000.0,KKR,Hagen Lee (Chief Executive Officer): https://linkedin.com/in/hagen-lee-a5497a6,True,46.0
c6d82a01-9868-45b3-8c8e-b3c27fa84aaa,peregrine energy solutions,,"Boulder, Colorado",,,,,,,False,
291051064,Peregrine Hydrogen,peregrinehydrogen.com,"Seattle, WA",,,,,,,False,
285896554,Perennial,perennial.earth,"Boulder, Colorado",,-5.71,Series A,18000000.0,SineWave Ventures,,True,33.0
282117762,Perfeggt.,perfeggt.co,Germany,,,,,,,False,
2540972,Performance Livestock Analytics,performancelivestockanalytics.com,"Ames, Iowa",,-4.44,Other,,Builders VC,"Dane Kuper (CEO and Co-Founder at Performance Livestock Analytics, Inc): https://linkedin.com/in/danekuper",True,43.0
a5d9b2bc-e999-4630-b6da-7af7882d319c,permiso,,"Palo Alto, CA",,,,,,,False,
284004130,Permitflow,permitflow.com,"New York, New York",,55.36,Series A,31000000.0,angel investors,Francis Thumpasery (Co-Founder and CEO): https://linkedin.com/in/francis-thumpasery,True,87.0
224806016,Perry Weather,perryweather.com,"Dallas, Texas",,35.71,Series B,15000000.0,Arthur Ventures,,True,76.0
289724220,Persana AI,persana.ai,"San Francisco, California",,180.0,Seed,2300000.0,Race Capital,Sriya M. (Co-Founder): https://linkedin.com/in/sriyam,True,14.0
262707273,Persefoni,persefoni.com,"Tempe, Arizona",,-16.17,Series C,50000000.0,ENEOS Innovation Partners,Kim Stroh (Co-Founder & CTO): https://linkedin.com/in/kim-stroh-5a8209b7,True,140.0
287952293,Pess Energy,pessenergy.com,"Marseille, France",,,,,,,False,
136306342,Pexapark,pexapark.com,"Zürich, Switzerland",,-5.0,Series C,21000000.0,"Fluence Energy, Inc.",Florian Müller (CTO & Co-Founder): https://linkedin.com/in/florian-m%C3%BCller-29245010,True,114.0
2eac33b5-3664-47fd-8773-2b218be9be5d,pfx biotech,https://www.pfxbiotech.com/,Portugal,,,,,,,False,
289713636,pgEdge,pgedge.com,"Alexandria, Virginia",,-3.23,Seed,23000000.0,Qube Research & Technologies (QRT),Phillip Merrick (Co-Founder and CEO): https://linkedin.com/in/phillipmerrick,True,30.0
2b2ed574-a359-4974-88d8-edc25abe9468,phagelab,,"Santiago, Chile",,,,,,,False,
279336739,Phaidra,phaidra.ai,"Seattle, Washington",,1.04,Series A,12000000.0,Flying Fish,Vedavyas Panneershelvam (CTO & Co-founder): https://linkedin.com/in/vedavyas-panneershelvam-22080214,True,97.0
280890171,Phantm,phantm.com,"Richmond, Australia",,,,,,,False,
154213244,Phantom AI,phantom.ai,"Burlingame, California",,-17.74,Series C,36500000.0,KT Investment,Hyunggi Cho (CEO & Co-founder ): https://linkedin.com/in/hyunggi-cho-63650823,True,51.0
285653609,PhaseTree,phasetree.ai,"Copenhagen, Denmark",,14.29,,3000000.0,Heartcore Capital,Jin Hyun Chang (CTO and Co-founder): https://linkedin.com/in/jin-hyun-chang-5a893535,True,8.0
279206229,phelas GmbH i.G.,phelas.com,"Gilching, Germany",,5.0,Seed,4100000.0,E44 Ventures,Pit Sippel (Co-Founder): https://linkedin.com/in/pit-sippel-98b2b1163,True,21.0
279376891,Phlair,phlair.com,"Munich, Germany",,,,,,,False,
300391587,PHNX MATERIALS,phnxmaterials.com,"San Francisco, California",,,,2604825.0,,,True,5.0
288565658,PHNXX,phnxx.io,"Melbourne, Australia",,,,,,,False,
42fb7892-cf37-4403-8227-87d6de9edbb0,phoenix tailings,https://phoenixtailings.com/,"Woburn, MA",,,,,,,False,
0396042b-8fa6-4688-9d20-3f349cc20c7a,phool,https://www.phool.co/,India,,,,,,,False,
220601320,Phospholutions,phospholutions.com,"State College, Penn.",,,,,,,False,
284460393,Photon Marine,photonmarine.com,"Portland, Oregon",,0.0,Other,,,Marcelino Alvarez (Chief Executive Officer): https://linkedin.com/in/marcelino,True,18.0
289796006,Photoncycle,photoncycle.com,"Oslo, Norway",,,,,,,False,
4caa76e9-f07e-4b69-9c1f-3bb5b0c57bac,phuc sinh corp,,Vietnam,,,,,,,False,
3b2bde32-f760-4164-af4d-a857f8fbb3f9,phytoform,,"UK and Boston, MA",,,,,,,False,
281063300,Piatrika Biosystems,piatrika.com,India,,,,,,,False,
222056554,Pickle Robots,picklerobot.com,"Cambridge, MA",,,,,,,False,
896bd8ba-4eaf-4246-a25b-6bc90c26cc1a,piclo,https://piclo.energy/,"London, U.K.",,,,,,,False,
e1a7aff3-2d75-4b41-bd31-94b67232a1c1,piclo energy,https://www.piclo.energy/,London,,,,,,,False,
225098540,Pico MES,picomes.com,"Brentwood, Tennessee",,-15.15,Series A,12350000.0,Lemnos Labs,Zac Nelson (Co-Founder and Head of Integrations): https://linkedin.com/in/zac-nelson,True,28.0
162559035,Picterra,picterra.ch,Switzerland,,,,,,,False,
4d15222c-4d48-4fb6-bd01-d4e0b55ddd24,pigmentum,,"Qiryat Shmona, Israel",,,,,,,False,
44cd863c-7670-4938-b04f-6a445c0af583,pillar vc,,"Boston, Massachusetts",,,,,,,False,
291802632,Pina Earth,pina.earth,"Starnberg, Germany",,-5.26,Seed,2500000.0,Nordstar,,True,18.0
cdff67ce-94ce-4ad8-9fb4-31a24b3ca87d,pine gate renewables,https://pinegaterenewables.com/,"Asheville, NC",,,,,,,False,
287709331,Pioneer,pioneerclimate.com,"San Francisco, California",,-62.5,Seed,2900000.0,Kayan Ventures,Kyle Treige (Co-Founder): https://linkedin.com/in/kyle-treige,True,3.0
282847961,PIONIX,pionix.de,"Bad Schönborn, Germany",,,,,,Cornelius Claussen (Co-Founder and CTO): https://linkedin.com/in/cornelius-claussen-b910b4164,True,3.0
1742851,Pipefy,pipefy.com,"San Francisco, California",,-14.12,Series C,75000000.0,Redpoint eventures,Cassar Andrew (Co-founder & CTO): https://linkedin.com/in/cassar-andrew-4b0a951b9,True,450.0
094d808b-b926-461a-95a9-58e4e2133e91,pique action,,"Los Angeles, CA",,,,,,,False,
224658189,Pitchdrive,pitchdrive.com,"Antwerp, Belgium",,-5.56,Investment Fund,43078800.0,,Koen Christiaens (Co-founder and Managing Partner): https://linkedin.com/in/koenchristiaens,True,17.0
2185640,Pivot Bio,pivotbio.com,"Berkeley, California",,-13.4,Series D,430000000.0,Continental Grain Company,Chris Abbott (Chief Executive Officer): https://linkedin.com/in/christopherayre,True,362.0
220511849,Pivot Energy,pivotenergy.net,"Denver, Colorado",,2.62,Debt,450000000.0,ATLAS SP Partners,Rick Hunter (Founder & Chief Strategist): https://linkedin.com/in/rick-hunter-21b1231,True,196.0
224670847,Pixaera,pixaera.com,"Sevenoaks, United Kingdom",,16.22,Seed,5700000.0,FACEIT,Mousa Yassin (Founder & CEO): https://linkedin.com/in/mousayassin,True,43.0
282205870,Pixel Photonics,pixelphotonics.com,"Munster, Germany",,,,,,,False,
9194f2eb-c317-4470-909b-018db9dbbb8e,pixie labs,,San Francisco,,,,,,,False,
7bcb9de3-859a-42c6-b708-349c184501f3,pixxel,https://pixxel.space/,India,,,,,,,False,
221698470,Placer,placer.ai,"Los Altos, CA",,,,,,,False,
224669285,Plagazi,plagazi.com,"Gothenburg, Sweden",,,,,,,False,
124903759,Plan A,plana.earth,"Berlin, Germany",,-23.31,Series A,27000000.0,French VC Demeter,Lubomila Jordanova (Founder & CEO): https://linkedin.com/in/ljordanova,True,125.0
291148937,Planckian,planckian.co,"Pisa, Italy",,,,,,,False,
90ac8729-ade3-4cd9-8029-ade25bd06ad1,planet a foods,,"Munich, Germany",,,,,,,False,
21269bca-8c34-423d-a3a4-e12c4883bfab,planet farms,https://www.planetfarms.com/,"Milan, Italy",,,,,,,False,
255213525,Planet FWD,planetfwd.com,"San Francisco, California",,-15.79,Seed,2700000.0,Jane VC,Julia Collins (Founder and CEO): https://linkedin.com/in/julia-collins-8b0a909,True,32.0
126383222,Planetarians,planetarians.com,"San Francisco, CA",,,,,,,False,
302882978,Planetary Fire Safety Systems San. Company,planetyangin.com.tr,"Cologny, Switzerland",,,,,,,False,
291690394,Planetary Technologies,planetarytech.earth,"Nova Scotia, Canada",,,,,,,False,
287004752,Planeteer Capital,planeteercapital.com,New York,,33.33,,,Colibri Equity Ventures,Hannah Friedman (Co-Founder and Principal): https://linkedin.com/in/hannah-friedman-7a9391174,True,4.0
133413882,PlanetWatchers,planetwatchers.com,England,,,,,,,False,
286289389,planqc,planqc.eu,"Garching, Germany",,37.21,Series A,50000000.0,Germany’s Federal Ministry of Education and Research (BMBF),Johannes Zeiher (Co-Founder): https://linkedin.com/in/johannes-zeiher-64b594168,True,59.0
b38a5634-98fb-4e29-acb7-a2a0688f6c24,plant alternative,,"London, UK",,,,,,,False,
282136976,Plant Cartridge Sdn Bhd,plantcartridge.com,Kuala Lumpur,,,,,,,False,
136344602,Plant Prefab,plantprefab.com,"Rialto, California",,-13.33,Series C,42000000.0,Gerdau Next Ventures,Agustin Rayon (President & Chief Executive Officer): https://linkedin.com/in/agustin-rayon-10a402150,True,26.0
287426178,Plant-Ex Ingredients,plant-ex.com,"Avonmouth, U.K.",,,,,,,False,
282936370,Planted Solar,plantedsolar.com,"Los Altos, California",,16.67,Series A,20000000.0,Breakthrough Energy Ventures (BEV),,True,28.0
162594774,Plantible Foods,plantiblefoods.com,"San Marcos, Texas",,7.14,Series B,30000000.0,Siddhi Capital,Tony Martens Fekini (Co-Founder): https://linkedin.com/in/tonydmartens,True,45.0
e19fa28c-c6e1-4061-a7e4-d0e402aa35e1,plantish,https://www.plantish.com/,"Rehovot, Israel",,,,,,,False,
120610573,Plantix,plantix.net,"Berlin, Germany",,-14.83,Series A,6600000.0,Index Ventures,Rahul Singh Solanki (CEO - India): https://linkedin.com/in/rahul-singh-solanki-3592a910,True,224.0
263473974,PlantSwitch,plantswitch.com,"Sanford, NC",,,,,,,False,
97c32e09-5e9a-4bdd-b690-24a0da56e381,platform science,https://platformscience.com/,"La Jolla, CA",,,,,,,False,
297705793,Pleevi,pleevi.ai,"Brussels, Belgium",,150.0,,1000000.0,Angelwise,,True,5.0
b957000a-dc3f-419a-ac5f-48870bbe34f1,plenty unlimited,,South San Francisco,,,,,,,False,
265597022,Plexigrid,plexigrid.com,"Stockholm, Sweden",,2.86,,6500000.0,European Innovation Council (EIC) Accelerator Programme,Pablo Arboleya Arboleya (Co-founder): https://linkedin.com/in/pablo-arboleya-arboleya-8208528,True,36.0
297460412,Tezza,plonts.com,"Oakland, CA",,,,,,,False,
204029341,Plotlogic,plotlogic.com,"Brisbane City, Australia",,-32.84,Series B,28000000.0,SE Ventures,Andrew Job (Founder & CEO): https://linkedin.com/in/andrewtjob,True,45.0
300827069,Plural Energy,pluralfinance.com,"San Francisco, California",,,,2432700.0,,Jason Grissino (Co-Founder): https://linkedin.com/in/jason-grissino,True,
154905738,Plus One Robotics,plusonerobotics.com,"San Antonio, Texas",,-13.79,Series C,50000000.0,existing investors,Erik Nieves (Founder): https://linkedin.com/in/erik-nieves-6175986,True,75.0
882a6c0d-b3f7-457b-9807-9d713b661238,pluton biosciences,,"Saint Louis, MO",,,,,,,False,
17376537,Plutoshift,plutoshift.com,"Palo Alto, California",,0.0,Series A,8000000.0,Dave Gilboa,Sanil Ghatpande (Co-Founder): https://linkedin.com/in/sanil-ghatpande-bb64581b,True,3.0
298809141,pluvion,pluvion.de,"Freiburg, Germany",,62.5,Seed,1000000.0,kopa Ventures,,True,13.0
b886c9e5-b1ee-48df-9062-6aa3c8899800,poa internet,,"Nairobi, Kenya",,,,,,,False,
13e37f5d-c573-438b-b018-bdaaca67b621,pod foods,https://www.podfoods.com/,"San Francisco, CA",,,,,,,False,
297283867,podero,podero.com,"Vienna, Austria",,44.44,Seed,5500000.0,Push Ventures,,True,13.0
d592fd91-68c8-46c7-9dd5-9ee38bbed773,podfather,https://www.podfather.com/,Edinburgh,,,,,,,False,
6e72663e-ab7b-4de8-b444-c3c8b60c2569,polarium energy solutions,https://www.polarium.com/,Stockholm,,,,,,,False,
7d500fab-98e0-4d4e-b0dd-99ab12cdc723,polestar capital,,Amsterdam,,,,,,,False,
acc7a0e7-e240-49c8-b755-53332c3c88e7,pollination,https://pollinationgroup.com/,"London, U.K.",,,,,,,False,
224942464,Polycarbin,polycarbin.com,"Los Angeles, CA",,,,,,,False,
c0262bfd-1abd-4f2d-a700-9886a02b615f,polymateria,,"London, UK",,,,,,,False,
0a7f276a-5774-4bcc-8739-31f5d845a927,polysense,,Belgium,,,,,,,False,
40576574,Polystyvert,polystyvert.com,"Montreal, Canada",,,,,,,False,
e968dfe6-dab8-4c5c-94ba-b8f2a50857a2,pony ai,,"Fremont, CA",,,,,,,False,
161822516,Portcast,portcast.io,"Singapore, Singapore",,4.17,Seed,3200000.0,Newtown Partners,Lingxiao Xia (Co-Founder & Advisor): https://linkedin.com/in/lingxiao-xia-1a99a7b3,True,25.0
d21dc237-4eb1-4e01-b460-9f9f21cd8b89,porter road,,"Nashville, TN",,,,,,,False,
2277d7ed-af3b-43b8-8b2b-70d4393ece93,portpro,https://portpro.io/,Jersey City,,,,,,,False,
148156630,Portside,portside.co,"San Francisco, California",,3.31,Series B,50000000.0,Tiger Global Management,"Alek Strygin (Co-Founder, COO & Head of Product): https://linkedin.com/in/alek-strygin-48096834",True,125.0
225087744,Poseidon Ocean Systems,poseidonos.com,"Vancouver Island, Canada",,,,,,,False,
225087744,Poseidon Ocean Systems,poseidonos.com,"Campbell River, Canada",,,,,,,False,
bcc8ae83-1dd6-45e8-949a-a1764bddfcb0,poseidona,,"Barcelona, Spain",,,,,,,False,
332f6b9b-388b-4d95-8022-ffcb03727987,poshn,,"Dwarka, India",,,,,,,False,
fae0d125-0b5f-416a-843e-095dde0fd68f,posigen,https://posigen.com/,"Metairie, LA",,,,,,,False,
291515742,Positron,positron.ai,"Reno, Nevada",,50.0,Series C,23500000.0,Resilience Reserve,Barrett Woodside (Founder and VP of Product): https://linkedin.com/in/barwi,True,24.0
283600155,Post Script Media,postscriptaudio.com,"Boston, Massachusetts",,,,2088450.0,,,True,
268045377,Power to Hydrogen,power-h2.com,"Columbus, Ohio",,80.0,Series A,18000000.0,INP Capital,Chris Holt (Co-founder | COO): https://linkedin.com/in/vptechnology,True,18.0
92b63a45-5c88-43ff-885d-ab7c0a4f1556,power2x,,"Amsterdam, Netherlands",,,,,,,False,
6c0ed006-f45e-47aa-875e-f6e67ada39c4,powerdot,https://www.powerdot.com/,"Lisbon, Portugal",,,,,,,False,
143640470,Powerpollen,powerpollen.com,"Ankeny, IA",,,,,,,False,
6ab9e0c7-c270-4f4f-8ad8-4faa7e8acd77,powertech water,,"Lexington, KY",,,,,,,False,
ef918178-dcc8-41f5-8678-36224eebf597,powin,,"Portland, OR",,,,,,,False,
1710174,Powin Energy Corporation,powinenergy.com,"Portland, OR",,,Debt,200000000.0,KKR,Kristin Bishop (EXA to CEO): https://linkedin.com/in/kristin-bishop-6a55ba98,True,109.0
281935661,Prakriti E-mobility Pvt. Ltd.,eprakriti.com,India,,,,,,,False,
1776560,PredictHQ,predicthq.com,New Zealand,,,,,,,False,
285843833,Predium,predium.de,"Munich, Germany",,27.08,Series A,13000000.0,Norrsken VC,Jens Thumm (Co-Founder & CEO): https://linkedin.com/in/jens-thumm-3022a0b8,True,61.0
278234641,Pretred,pretred.com,"Lakewood, CO",,,,,,,False,
221327508,Previsico,previsico.com,"Leicester, United Kingdom",,22.86,,1750000.0,24Haymarket,Dr Avi Baruch (Co-founder and Chief Operating Officer): https://linkedin.com/in/avinoam-avi-baruch,True,43.0
291960251,Prewave,prewave.com,"Vienna, Austria",,21.2,Series B,67000000.0,IST cube,Lisa Smith (Co-Founder & Co-CEO): https://linkedin.com/in/dr-lisa-smith,True,223.0
208425489,Prime Movers Lab,primemoverslab.com,"Wyoming, WY",,-14.81,Investment Fund,245000000.0,,Daniel Narea (Chief Of Staff to Founder): https://linkedin.com/in/daniel-narea-130b66a3,True,23.0
263725453,Primergy,primergysolar.com,"Oakland, California",,8.14,Debt,100000000.0,Crédit Agricole Corporate and Investment Bank,Ty Daul (Chief Executive Officer): https://linkedin.com/in/ty-daul-2930a48,True,93.0
294491548,Primergy Solar,primergygemini.com,Oakland,,,,,,,False,
880d15d3-6e03-4392-b386-1f57ce4b556f,princeton nuenergy,,"Bordentown, NJ, U.S.",,,,,,,False,
af07a1b2-3380-40a8-992a-386d3de246bc,priority power,,"Arlington, TX",,,,,,,False,
60a9c924-ad2e-4fb3-84ad-55e9717f96ec,prism worldwide,,"Kirkland, WA",,,,,,,False,
223812336,Prisma Photonics,prismaphotonics.com,"Tel Aviv-Yafo, Israel",,20.55,Series C,20000000.0,Elements,Eran Inbar (CEO): https://linkedin.com/in/eraninbar,True,88.0
1774344,ProducePay,producepay.com,"Los Angeles, California",,-29.88,Series D,38000000.0,IFC (International Finance Corp.),Ben Dusastre (Cofounder & CFO): https://linkedin.com/in/ben-dusastre-7501693,True,230.0
f5ea1cae-c2fd-46a7-8fb5-469adee7a6a0,profluent,https://profluent.com/,"Berkeley, CA",,,,,,,False,
278306208,Project 3 Mobility,p-tri.com,"Zagreb, Croatia",,,,,,,False,
222057872,Project Canary,projectcanary.com,"Denver, Colorado",,-27.69,Series B,111000000.0,Canada Pension Plan Investment Board (CPP Investments),"Anna Scott, PhD (Chief Science Officer & Co-founder): https://linkedin.com/in/anna-scott-phd-77b93974",True,94.0
74d01053-47c4-4f79-88d8-0e4cf7540660,project eaden,https://www.projecteaden.com/,Germany,,,,,,,False,
285454333,Project InnerSpace,projectinnerspace.org,,,,,,,,False,
287344304,Project Solar,projectsolar.com,"Lehi, Utah",,4.0,,23994225.0,,Matthew Smith (Co-Founder): https://linkedin.com/in/matthew-smith-749a107a,True,106.0
87859e36-9728-4061-8a3b-888fdc67a261,prolific machines,https://www.prolificmachines.com/,"Emeryville, CA",,,,,,,False,
43cba996-7ec5-4ab1-9837-905614d235a1,prologium technology,https://www.prologium.com/,Taiwan,,,,,,,False,
136386618,Promethean Particles,prometheanparticles.co.uk,"Nottingham, United Kingdom",,50.0,Series A,8000000.0,Mercia Ventures,Alan Lamb (Non Executive Chairman): https://linkedin.com/in/alan-lamb-596b986,True,24.0
281832953,Prometheus Materials,prometheusmaterials.com,"Boulder, Colo.",,,,,,,False,
223948359,Propagate Ventures,propagateventures.com,"New York, New York",,0.0,Private Equity,100000.0,,Harry Greene (Chief Investment Officer & Co-Founder): https://linkedin.com/in/harry-greene-79735227,True,9.0
6d5a2d6e-fad7-411b-9626-f1f0fbb80c0a,propelo,,"San Francisco, CA",,,,,,,False,
209957412,ProsperOps,prosperops.com,"Austin, Texas",,24.14,Other,72000000.0,Active Capital,Erik Carlin (Co-Founder & Chief Product Officer): https://linkedin.com/in/ecarlin,True,72.0
284124165,Protealis,protealis.com,Ghent,,,,,,,False,
288078522,Protein Evolution,protein-evolution.com,"New Haven, Conn.",,,,,,,False,
287072249,ProteinDistillery,proteindistillery.com,"Ostfildern, Germany",,,,,,,False,
bf8d0a72-b3d1-428d-95d7-5088326906c6,protera,,"Santiago, Chile",,,,,,,False,
1551923,Proterra,proterra.com,"Burlingame, California",,-5.26,Other,200000000.0,NMT Capital,,True,432.0
294285d9-7379-4895-ae19-a9ec25e29e15,protix,https://www.protix.eu/,"Dongen, Netherlands",,,,,,,False,
6ce5dbfa-f06b-455a-8fba-88847eafc82f,protix biosystems,,"Dongen, Netherlands",,,,,,,False,
263370590,Provectus Algae,provectusalgae.com,"Noosaville, Australia",,-4.17,Other,,Vectr Ventures of Hong Kong,Nusqe Spanton (Founder & CEO): https://linkedin.com/in/nusqe-spanton-99012a167,True,23.0
1765806,Provivi,provivi.com,"Santa Monica, California",,-20.79,Series C,85000000.0,new and existing investors,Pedro Coelho (Co-founder and CEO): https://linkedin.com/in/pedro-coelho-4349b948,True,80.0
c7e4f51a-25cb-4056-a8cb-5e035b162a70,proxima fusion,https://www.proximafusion.com/,"Munich, Germany",,,,,,,False,
117394846,Proximie,proximie.com,"London, U.K.",,,,,,,False,
9a6164dc-5cde-4d4b-b73e-150ff2092262,prozeal infra,,"Ahmedabad, India",,,,,,,False,
279261329,Pry Financials,pry.co,"San Francisco, CA",,,,,,,False,
5bceeeba-9b39-4b9e-ab17-86579f9cfcae,prȇts,,"Amsterdam, Netherlands",,,,,,,False,
224681432,PsiQuantum,psiquantum.com,"Palo Alto, California",,35.25,Debt,620000000.0,Baillie Gifford,,True,376.0
162563075,PteroDynamics,pterodynamics.com,"Colorado Springs, CO",,,,,,,False,
100245759,Puloli,puloli.com,"San Francisco, California",,54.55,Other,,Artemis Energy Partners,Kethees Ketheesan (CEO & Co-founder): https://linkedin.com/in/ketheesan,True,17.0
acb92684-2fce-4d72-a78f-2c30c7f20ddb,pulpac,https://www.pulpac.com/,Sweden,,,,,,,False,
287416986,Pulse Clean Energy,pulsecleanenergy.com,"London, UK",,,,,,,False,
08b9c8bb-40a2-4549-8595-04efea7b1119,pulse crop genetic improvement network,,"Norwich, U.K.",,,,,,,False,
283738704,pulsESG,pulsesg.com,"San Francisco, California",,10.0,Seed,10000000.0,Alberto Cribiore,Murat Sönmez (Co-founder & CEO): https://linkedin.com/in/murat-s%C3%B6nmez-5a68a716,True,32.0
40fd27c2-57e1-47e8-b953-832d89da9eb4,pulsetrain,,"Munich, Germany",,,,,,,False,
d5d4200a-0648-468c-9149-91be8ef9ccff,pure harvest smart farms,,Middle East,,,,,,,False,
a2af4286-1404-4d81-9c80-b1bba9fcc557,pure lithium,,"Boston, MA",,,,,,,False,
1585982,Pure Watercraft,purewatercraft.com,"Seattle, WA",,,,,,,False,
298286898,PuriFire Energy,purifire.com,"Cambridge, UK",,,,,,,False,
ce4934af-f994-41b4-98d2-310aae563b67,purpose green,,"Berlin, Germany",,,,,,,False,
304528164,P.U.S.H Security Services,pushsecurityservices.com,"London, UK",,,,,,,False,
202529940,PVcase,pvcase.com,"Vilnius, Lithuania",,1.51,Series B,100000000.0,Practica Capital,Adam Pazarauskas (Co-founder & Chief Product Officer): https://linkedin.com/in/adomaspazarauskas,True,269.0
6e78e004-8486-4e94-a76c-1b34df1de24d,pyka,https://www.pyka.com/,"Oakland, CA",,,,,,,False,
286511307,pyrpose,pyrpose.io,"Geneva, Switzerland",,,,,,,False,
0e47d6eb-0b09-4312-ac04-43e659cf7229,q cells,,"San Francisco, CA",,,,,,,False,
136383071,Q-CTRL,q-ctrl.com,Australia,,,,,,,False,
5bd621af-10dc-4265-9c62-24ef56e51876,q5d,https://www.q5d.com/,"Bristol, U.K.",,,,,,,False,
282372162,QAPTIS,qaptis.com,"Cheseaux-sur-Lausanne, Switzerland",,-23.08,Seed,1385995.0,YB Startup,Theodore Caby (CEO): https://linkedin.com/in/theodorecaby,True,10.0
2fbcac6a-54e4-435b-be20-5c5878538661,qarbotech,https://qarbotech.com/,"Puchong, Malaysia",,,,,,,False,
a93e0cff-f88c-4da0-9f7a-74feb43a625d,qdrant,https://qdrant.tech/,"Berlin, Germany",,,,,,,False,
296139892,Qell Special Acquisition Corporation,qellpartners.com,,,,,,,,False,
d07e04d6-6004-4c18-8e80-9ec1a3f90108,qevlar ai,https://qevlar.ai/,"Paris, France",,,,,,,False,
5b057823-b591-4996-8a1d-ff9ec0892471,qio technologies,,"Farnborough, U.K.",,,,,,,False,
213994574,QLM Technology,qlmtec.com,UK,,,,,,,False,
255342f1-cbf9-45c6-8fa4-041ffaa08d1e,qnovo,https://www.qnovo.com/,"Newark, CA",,,,,,,False,
f9b68619-73d8-4ca6-88ab-a71ec7b75897,qotto,,France,,,,,,,False,
281950779,Qovoltis,qovoltis.com,Paris,,,,,,,False,
271896692,Quaise Energy,quaise.energy,"Cambridge, Massachusetts",,0.0,Series A,21000000.0,HostPlus,Carlos Araque (Co-founder and CEO): https://linkedin.com/in/carlos-araque-quaise,True,53.0
fd414735-a577-4b0b-823c-783641fe90ce,quantexa,https://www.quantexa.com/,"London, UK",,,,,,,False,
284074958,Quantified Energy Labs,qe-labs.com,Singapore,,,,,,,False,
9bb977e6-87bb-40a6-a45a-448eb917aea9,quantron,https://www.quantron.net/,Germany,,,,,,,False,
1659697,QuantumScape,quantumscape.com,"San Jose, CA",,,,,,,False,
84c7b5fe-569d-4acb-9521-5dd81ca5f6c8,quativa,https://www.quativa.com/,"Los Angeles, CA",,,,,,,False,
263135023,Qube Technologies,qubeiot.com,"Calgary, Canada",,1.75,Series B,,Riverbend Energy Group,Carol Elliott (Founder Qube Technologies Inc.): https://linkedin.com/in/carol-elliott-1733744a,True,58.0
164006314,Quidnet Energy,quidnetenergy.com,"Houston, Texas",,-9.52,Other,10000000.0,Hunt Energy Network,Aaron Mandell (Co-Founder): https://linkedin.com/in/aaron-mandell-011175133,True,19.0
220431475,Quinbrook Infrastructure Partners,quinbrook.com,"London, U.K.",,24.0,Investment Fund,756381400.0,,David Scaysbrook (Co-Founder and Managing Partner): https://linkedin.com/in/david-scaysbrook-b7347914,True,62.0
282930359,Quino Energy,quinoenergy.com,"San Leandro, CA",,,,,,,False,
158344984,QuotaPath,quotapath.com,"Austin, TX",,,,,,,False,
7ff87607-e853-4df0-88dd-c2001217a3de,qvantum,https://www.qvantum.se/,Sweden,,,,,,,False,
421127da-8602-4432-bf2a-0dc90a845088,r-zero,,"San Francisco, CA",,,,,,,False,
297745759,Raad Labs,raad.com,"New York, U.S.",,,,,,,False,
224643189,RACEnergy,racenergy.in,"Hyderabad, India",,,,,,,False,
4ad6b20f-0b96-46b5-940f-f9855c42f267,rad power bikes,https://www.radpowerbikes.com/,"Seattle, WA",,,,,,,False,
284349513,radian aerospace,radianaerospace.com,"Renton, WA",,,,,,,False,
b6e42299-4651-42bb-b7b1-5f876469b200,radiant industries,,"El Segundo, CA",,,,,,,False,
285787108,Radiant Matter,radiantmatter.co,"London, U.K.",,,,,,,False,
85b0c874-6ac8-48cb-a795-047da3a066ce,radiant nuclear,,"El Segundo, CA",,,,,,,False,
138205821,Rafay Systems,rafay.co,"Sunnyvale, CA",,,,,,,False,
297204555,Ragie.ai,ragie.ai,"San Francisco, CA",,,,,,,False,
284776331,raicoon,raicoon.com,"Vienna, Austria",,-56.25,Seed,4000000.0,private family office,Audrey Peñaranda (Chief Executive Officer - raicoon Philippines): https://linkedin.com/in/audrey-pe%C3%B1aranda-69456023,True,14.0
63f1e99c-4218-4bf1-a695-507e934157de,raiku packaging,https://www.raiku.com/,"Tallinn, Estonia",,,,,,,False,
263756234,RailVision Analytics,railvision.ca,"Montreal, Canada",,-16.67,Seed,4000000.0,Neil Murdoch,"Dev Jain (Lead Innovator, Founder): https://linkedin.com/in/dev-jain-545b0011a",True,20.0
297072942,Raincoat,teamraincoat.com,"San Juan, Puerto Rico",,,Seed,6500000.0,SB Opportunity Fund,,True,25.0
156980665,Raise Green,raisegreen.com,"Somerville, Massachusetts",,-42.5,Other,75000.0,,Matthew Moroney (Chief Operating Officer  and Cofounder): https://linkedin.com/in/msmoroney,True,23.0
288867812,Range Energy,range.energy,"Mountain View, California",,2.63,Seed,23500000.0,UP Partners,Ali Javidan (Founder / CEO): https://linkedin.com/in/alijavidan,True,39.0
1797999,RangeForce,rangeforce.com,"Norfolk, Virginia",,-12.16,Series B,20000000.0,Lapa Capital Partners,Lucifer Morningstar (Chief Executive Officer): https://linkedin.com/in/lucifer-morningstar-ab51701b9,True,65.0
7b23c6e5-13fd-485b-86c9-6a2af56322e0,rapid liquid print,https://rapidliquidprint.com/,"Boston, MA",,,,,,,False,
505e97d7-2721-4671-ab88-90b892c47f16,rapiddeploy,https://www.rapiddeploy.com/,"Austin, TX",,,,,,,False,
4f20e3f6-453d-487c-bbf3-e04b581af727,rapidsos,https://rapidsos.com/,New York,,,,,,,False,
262914811,Raptee Energy,rapteeenergy.com,"Chennai, India",,,,,,,False,
26088528,Raptor Maps,raptormaps.com,"Somerville, Massachusetts",,8.99,Series C,35000000.0,Maverix Private Equity,Nikhil Vadhavkar (President and CEO): https://linkedin.com/in/nvadhavkar,True,97.0
591d048e-c879-4863-a284-ddb95f0e8db2,rare earth global,https://rareearthglobal.com/,"Saffron Walden, U.K.",,,,,,,False,
136386706,RatedPower,ratedpower.com,"Madrid, Spain",,2.38,Series A,5200000.0,US-based investors,Juan Romero González (CTO & Co-founder): https://linkedin.com/in/juan-romero-gonz%C3%A1lez-04063767,True,129.0
2844f971-5856-446f-909b-d9384a82601f,raven sr,,"Pinedale, WY",,,,,,,False,
007e8f95-bd89-4c22-90e8-68ba8f3b111f,raygen,,"Victoria, Australia",,,,,,,False,
222050973,Raylo,raylo.com,"London, United Kingdom",,16.9,Series A,6200000.0,Octopus Ventures,Joanna Moore (Founder Associate): https://linkedin.com/in/joanna-moore-887006106,True,83.0
279217361,Re-Fresh Global,re-fresh.global,"Berlin, Germany",,,,,,,False,
43fba667-7ec2-4be3-8025-86453f77d6a2,re-volv,,San Francisco,,,,,,,False,
2932d7fc-0b35-4b8e-b24e-eafafa50acaf,re:build manufacturing,,"Cambridge, MA",,,,,,,False,
79713626,Reactive Technologies,reactive-technologies.com,"London, United Kingdom",,12.9,Series D,25000000.0,M&G’s Catalyst,Ville Kampman (CEO of Reactive Technologies Finland Oy and group CTO): https://linkedin.com/in/ville-kampman-b562a84,True,70.0
cbd0224f-9f7c-4f4b-a2ee-7d1ef27a09c0,ready robotics,,"Columbus, OH",,,,,,,False,
287561874,Realta Fusion,realtafusion.com,"Madison, Wisconsin",,50.0,Series A,36000000.0,SiteGround,Oliver Schmitz (Co-Founder): https://linkedin.com/in/oliver-schmitz-2494a921a,True,18.0
133414415,Realtime Robotics,rtr.ai,"Boston, Massachusetts",,-6.45,Series B,,Mitsubishi Electric Corporation,Will Floyd-Jones (Co-Founder & Robotics Engineer): https://linkedin.com/in/will-floyd-jones-99219bb2,True,58.0
221296997,reask.earth,reask.earth,"Sydney, Australia",,-9.09,Seed,4600000.0,SV Angel,Nick Hassam (Co-Founder and Chief Commercial Officer): https://linkedin.com/in/nickhassam,True,20.0
1671119,Rebound Technologies,rebound-tech.com,"Boulder, Colorado",,27.27,Series A,5000000.0,Autodesk Foundation,"Russell Goldfarbmuren (Co-Founder, CTO): https://linkedin.com/in/rgfbmn",True,14.0
263509022,Rebundle,rebundle.co,"St. Louis, MI",,,,,,,False,
222260929,Reclaim.ai,reclaim.ai,"Portland, Oregon",,-11.11,Series A,9500000.0,Grafana CEO Raj Dutt,,True,24.0
283799837,Recovo.co,recovo.co,"Sant Adrià de Besòs, Spain",,-27.78,Debt,,Mango,Mónica Rodriguez (Co-founder & CEO): https://linkedin.com/in/m%C3%B3nica-rodriguez-6b7a74119,True,13.0
262974848,Recurrent,recurrentauto.com,"Seattle, Washington",,0.0,Series A,16000000.0,Wireframe,Scott Case (Co-founder and CEO): https://linkedin.com/in/scott-case-193139,True,25.0
1532185,Recurrent Energy,recurrentenergy.com,"San Francisco, California",,15.24,,500000000.0,BlackRock,Don Hutchison (Co-founder & Chairman): https://linkedin.com/in/dphutch,True,847.0
e20fe5eb-57d3-452b-b29d-a7fd4dad3818,recurve,https://recurve.com/,"Mill Valley, CA",,,,,,,False,
37580405,Recycle Track Systems,rts.com,"New York, New York",,-13.46,Series C,35000000.0,Partnership for New York City,Adam P. (Co-Founder & Advisor): https://linkedin.com/in/adam-p-b0a3b78,True,135.0
224646904,Recycleye,recycleye.com,"London, United Kingdom",,-25.49,Series A,17000000.0,European Union,Victor Dewulf (Chief Executive Officer): https://linkedin.com/in/victor-dewulf,True,38.0
225001615,Recyclops,recyclops.com,"Orem, Utah",,-15.0,Seed,3000000.0,Lerer Hippeau,Ryan Smith (Founder and CEO): https://linkedin.com/in/ryan-smith-93918747,True,17.0
224667769,Red Kubes,redkubes.com,Netherlands,,,,,,,False,
5c7b063a-17c0-443d-92d1-9f1b5b166997,red sea farms,,Saudi Arabia,,,,,,,False,
516d9944-1ba4-4d07-bde4-701b5d6f4077,redalpine,,"Zurich, Switzerland",,,,,,,False,
283238488,Redaptive,redaptive.com,"San Francisco, California",,-0.57,Other,100000000.0,Canada Pension Plan Investment Board,Ricky Singh (Chief Executive Officer (International Electron)): https://linkedin.com/in/ricky-singh-a431285,True,349.0
293838076,Reducto AI,reducto.ai,"San Francisco, California",,250.0,Series A,24500000.0,Boxgroup,,True,7.0
123930052,Redwood Materials,redwoodmaterials.com,"Carson City, Nevada",,-2.06,Series D,1000000000.0,Goldman Sachs Asset Management,,True,666.0
282914374,Reefilla,reefilla.com,"Turin, Italy",,,,,,,False,
ec18cb4b-011a-49c4-8ef2-21f1992df06a,reel energy,,Denmark,,,,,,,False,
219855953,ReelData AI,reeldata.ai,"Halifax, Canada",,,,,,,False,
50791359,Refactor Capital,refactor.com,"Burlingame, CA",,0.0,Investment Fund,50000000.0,,,True,6.0
279200478,Refiberd,refiberd.com,"Cupertino, California",,-7.69,Seed,3400000.0,the Schmidt Family Foundation,Mingyue (Ida) Wang (Co-Founder & CMO): https://linkedin.com/in/mingyue-ida-wang-88b76a111,True,12.0
290316566,Orbital Reflector,orbitalreflector.com,"Hawthorne, CA",,,,,,,False,
ea0be9d8-2fa3-4628-980a-f92f80a8cfe1,refuel green,,"Dresden, Germany",,,,,,,False,
2776270e-249b-4f7f-8fbb-8ab9954a889b,rega energy,https://regaenergy.com/,"Lisbon, Portugal",,,,,,,False,
7117d5d5-9360-4fe8-b010-db29016e7895,regeneration vc,,Los Angeles,,,,,,,False,
263398632,Regeneration.vc Site,regeneration.vc,,,-3.7,Seed,5000000.0,Invest-NL,,True,26.0
e10c002d-cf24-4825-b72e-e14d9f661656,regrow ag,https://www.regrow.ag/,"Durham, NH",,,,,,,False,
279161587,Rekosistem,rekosistem.com,"Jakarta Selatan, Indonesia",,,,,,,False,
281947796,Release,releasehub.com,"San Francisco, CA",,,,,,,False,
114713867,Relectrify,relectrify.com,"Melbourne, Australia",,8.51,Other,,Clean Energy Finance Corporation,Jeff Renaud (Chief Executive Officer): https://linkedin.com/in/jeffrenaud,True,51.0
2033cba6-1797-47e8-8d62-00f9b02d44a0,relocalize,https://relocalize.com/,"Montréal, Canada",,,,,,,False,
aa07ea83-97c9-4778-9bda-bf6b03326f7a,remilk,https://remilk.com/,Israel,,,,,,,False,
282167724,"ReMo Energy, Inc",remo.energy,"Boston, Massachusetts",,0.0,Seed,5250000.0,Shally Shanker,Scott Rackey (Founder and CEO): https://linkedin.com/in/scottrackey,True,7.0
288872481,Renaissance Fusion,renfusion.eu,"Fontaine, France",,3.45,Series A,32000000.0,HCVC,"Damien Paccard (Co-Founder, Member of the Board of Advisors): https://linkedin.com/in/damienpaccard",True,60.0
291779393,Rendesco,rendesco.com,"London, U.K.",,,,,,,False,
283540950,Renegade Plastics,renegadeplastics.com,"Golden, CO",,,,,,,False,
291424080,Renercycle,renercycle.com,"Pamplona, Spain",,,,,,,False,
0a0c478e-e387-41c6-baeb-a5c4fdbd0995,renesola,,"Oakland, CA",,,,,,,False,
0ce9858d-492a-4b60-b1d4-1219d3b24563,renew risk,,"London, UK",,,,,,,False,
283456597,Renewaball,renewaball.com,"Amsterdam, Netherlands",,,,,,,False,
288090280,Renewabl,renewabl.com,"London, United Kingdom",,23.08,Seed,,Helen Ventures,Juan Pablo C. (Chief Executive Officer): https://linkedin.com/in/juan-pablo-c-59992915,True,16.0
b6e91b54-14f3-4bdc-9d75-cedeff042535,renewafi,,"New York, NY",,,,,,,False,
299038715,Renewance,batterystewardship.com,"Schaumburg, Illinois",,18.75,Series A,18000000.0,Evergreen Climate Innovations,Tom Newhall (Co-founder and Chief Operating Officer): https://linkedin.com/in/tom-newhall-0284774,True,57.0
532ebcbe-4aba-460a-b771-1e330ec6d420,renewco2,,"Cranford, NJ",,,,,,,False,
164726254,RenewWest,renewwest.com,"Denver, CO",,,,,,,False,
124901596,RenoRun,renorun.com,"Montreal, Canada",,-6.45,Series A,22500000.0,Maple VC,Devlin McDougall Chartrand (Co Founder): https://linkedin.com/in/devlin-mcdougall-chartrand-110584140,True,29.0
220511853,Renovare Fuels,renovare-fuels.co.uk,"London, U.K.",,,,,,,False,
297273462,Reonic,reonic.com,"Augsburg, Germany",,105.88,Series A,13000000.0,Northzone,Udo Sill (Co-Founder): https://linkedin.com/in/udo-sill-1a9985116,True,35.0
f46956d0-7940-4626-8d0f-b28aa6eda0f0,repair carbon,,"Tel Aviv, Israel",,,,,,,False,
287580698,repath,repath.earth,"Hamburg, Germany",,21.05,,4131000.0,,Julius Pröll (CEO & Co-Founder): https://linkedin.com/in/juliusproell,True,23.0
d5f6b77d-8f21-418f-8ac3-c00699321b19,repeats group,,Netherlands,,,,,,,False,
291148361,Replace,renewableenergy.place,"Tel Aviv-Yafo, Israel",,-27.27,Other,2100000.0,Malbec Ventures,Matias Sigal (CEO & Co-Founder): https://linkedin.com/in/matias-sigal-330932b7,True,8.0
6c21cb83-dd0b-458d-a5ea-9fd556c7da3a,replant capital,,,,,,,,,False,
161873191,Replenysh,replenysh.com,"Orange, California",,0.0,Series A,,M13,Mark Armen (Founder): https://linkedin.com/in/markjarmen,True,13.0
263710686,rePurpose Global,repurpose.global,"New York, New York",,-12.22,Other,19983428.0,Left Lane Capital,Mahzbeen Kayani Massey (Founder Associate): https://linkedin.com/in/mahzbeen-kayani-massey-a2ab71128,True,79.0
286200476,ReSeed Website,reseed.farm,"Cheyenne, Wyoming",,-6.25,Seed,4600000.0,Baratunde Thurston,Tyler Malin (Co-Founder): https://linkedin.com/in/tylermalin,True,15.0
5e8fb9c1-9e1a-4f19-b8e3-78c229dfffc7,reshape automation,https://reshapeautomation.com/,"San Francisco, U.S.",,,,,,,False,
278350610,Reshape Biotech,reshapebiotech.com,"Copenhagen, Denmark",,,,,,,False,
301637189,Reshape Energy,reshape.energy,"Pöcking, Germany",,,Seed,5000000.0,Unnamed industry insiders,,True,8.0
c2cbb003-22bd-41e8-83c3-cdfecc46934a,resilco,,"Bergamo, Italy",,,,,,,False,
b781fb8f-a73d-4c09-aca5-b8a89ab7b35f,resilient power,https://www.resilientpower.com/,"Atlanta, GA",,,,,,,False,
deef7803-c41d-4ec5-8542-7f141ac4dca8,resolve ai,https://resolve.ai/,"San Francisco, CA",,,,,,,False,
ac2c7ec0-8d89-43c3-8bd9-be5c0de6abc5,resonant link,,"Shelburne, Vermont",,,,,,,False,
a0c7122d-7965-4713-a515-da45a739b6af,resource chemical,,Oakland,,,,,,,False,
3a095787-e17d-4f36-80a4-abe15fe040a8,resourcely,https://www.resourcely.com/,"San Jose, CA",,,,,,,False,
152148264,Resourcify,resourcify.de,"Hamburg, Germany",,,Series C,3000000.0,High-Tech Gründerfonds,Gary Lewis (CEO & Co-Founder): https://linkedin.com/in/circular-gary,True,109.0
279597470,Responsibly,responsibly.tech,"Copenhagen, Denmark",,-5.56,Seed,2400000.0,Benedikt Franke,Jacob Vous Petersen (Co-Founder & CTO): https://linkedin.com/in/jacob-vous-petersen-aa134723b,True,17.0
161841559,REsurety,resurety.com,"Boston, Massachusetts",,-8.22,Series C,32000000.0,existing investors,Amy Villeneuve (Advisor to CEO): https://linkedin.com/in/amyvilleneuve,True,67.0
286358601,Resurrect Bio,resurrect.bio,"London, UK",,,,,,,False,
219948711,Resynergi,resynergi.com,"Rohnert Park, California",,0.0,Series B,18000000.0,Taranis,"Brian Bauer (Founder, CEO): https://linkedin.com/in/brian-bauer-9b1a19",True,15.0
1793120,Retail Zipline,retailzipline.com,"San Francisco, CA",,,,,,,False,
285272263,retraced,retraced.com,"Düsseldorf, Germany",,16.0,Series A,15000000.0,F-log Ventures,Lukas Puender (Co-Founder): https://linkedin.com/in/lukas-puender,True,86.0
224800725,Retrocausal,retrocausal.ai,"Washington, District of Columbia",,-5.19,Series C,5300000.0,Ascend Vietnam Ventures,Quoc-Huy Tran (CTO and Co-Founder): https://linkedin.com/in/quochuytran,True,73.0
287759542,Return Protocol,return.green,"San Francisco, California",,0.0,Seed,2500000.0,Blue Bear Capital,"Andrew Porter (Co-Founder, Chief Technology Officer): https://linkedin.com/in/andrew-porter-a10953b4",True,1.0
287390074,Revalue Nature,revalue.earth,"London, United Kingdom",,-1.92,Series A,10000000.0,SJF Ventures,Stuart R. (Founder & CEO): https://linkedin.com/in/stuart-r-472830243,True,51.0
287980921,Reverion,reverion.com,"Eresing, Germany",,15.15,Series A,62000000.0,European Innovation Council Fund (EIC Fund),Luis Poblotzki (Co-Founder | Chief Digital Officer): https://linkedin.com/in/luis-poblotzki-696b861a8,True,76.0
c9a04b1c-e359-430d-b415-5cc23b287c42,revfin,https://www.revfin.in/,"Delhi, India",,,,,,,False,
280232003,Revolv,revolv.us,"San Francisco, California",,-10.0,Series A,15000000.0,Greenbacker Capital Management LLC,Scott Davidson (Founder | CEO): https://linkedin.com/in/scott-davidson-988a735,True,27.0
4018e10e-eb82-4c36-8024-1f6f6832277b,revsure,,"Palo Alto, CA",,,,,,,False,
260490725,Revterra,revterra.io,"Houston, Texas",,-10.0,Series A,6000000.0,SCF Ventures,Ben Jawdat (Founder / CEO): https://linkedin.com/in/benjawdat,True,9.0
0cac78fb-0e5c-449c-9ea9-0092951a7181,revyve,,"Rotkreuz, Switzerland",,,,,,,False,
e0f18f59-0a22-4192-9706-0fb39b516486,rezonate,,"Boston, MA",,,,,,,False,
154905487,Rheaply,rheaply.com,"Chicago, Illinois",,-30.51,Seed,20000000.0,M25,Garry Cooper (Chief Executive Officer): https://linkedin.com/in/garrycooperphd,True,41.0
284513010,Rhizocore Technologies,rhizocore.com,"Roslin, United Kingdom",,13.64,Other,4462220.0,Grok Ventures,David Satori (Co-founder and CTO): https://linkedin.com/in/davidsatori,True,25.0
286523024,Rhizome,rhizomedata.com,"Washington, District of Columbia",,88.89,Seed,6500000.0,El Cap,,True,17.0
1768366,"Rhombus Energy Solutions, Inc.",rhombusenergysolutions.com,"San Diego, California",,-3.33,Series C,,"Philip R. Munger, Ph.D.",Frédéric Lissalde (President and Chief Executive Officer): https://linkedin.com/in/fr%C3%A9d%C3%A9ric-lissalde-11602214,True,29.0
283182110,Rice Acquisition,ricespac.com,,,,,,,,False,
c05f08f1-6d13-4a44-9047-d152ebd118c4,ride report,https://www.ride.report/,"Portland, Ore",,,,,,,False,
278761979,Ride1UP,ride1up.com,"San Diego, California",,-6.67,Series A,6500000.0,Ecosystem Integrity Fund,Kevin Dugger (Founder): https://linkedin.com/in/kevin-dugger-199b67181,True,14.0
1541946,Ridecell,ridecell.com,"San Francisco, California",,-12.39,Other,,Ally Ventures,Arun Elangovan (CoFounder): https://linkedin.com/in/arunelangovan,True,191.0
263339297,Ridepanda,ridepanda.com,"San Francisco, California",,20.0,Other,7500000.0,Urban Us Capital,Chinmay Malaviya (Co-founder and CEO): https://linkedin.com/in/chinmaymalaviya,True,36.0
d050cd51-7be5-4e40-815a-475f6ba57e7d,ridetandem,https://www.ridetandem.com/,"London, UK",,,,,,,False,
131593431,Ridgewood Infrastructure,ridgewoodinfrastructure.com,New York,,9.52,Investment Fund,1200000000.0,,,True,23.0
286912418,Rimac Group,rimac-group.com,Croatia,,,,,,,False,
292536700,RIMERE,rimere.com,"Newport Beach, CA",,,,,,,False,
9108573d-003a-44a1-b7e8-e4693784c31f,rincell corporation,,"San Francisco, CA",,,,,,,False,
213997696,RipeLocker,ripelocker.com,"Seattle, WA",,,,,,,False,
222083356,Rise Gardens,risegardens.com,"Chicago, IL",,,,,,,False,
1618801,Rise Robotics,riserobotics.com,"Somerville, Massachusetts",,0.0,Other,3000000.0,The Engine,Toomas Sepp (Director of Product Development and Co-Founder): https://linkedin.com/in/toomas-sepp-03730144,True,26.0
284963314,Risilience,risilience.com,"Cambridge, United Kingdom",,9.52,Series B,26000000.0,IQ Capital,Andrew Coburn (Chief Executive Officer): https://linkedin.com/in/andrew-coburn-214a675,True,69.0
268176129,Rival Foods,rival-foods.com,"Amersfoort, Netherlands",,,,,,,False,
296747704,Rivan Industries,rivan.com,London,,,,,,,False,
718ec8ce-587a-4b4b-b3d1-3be63a945836,riverlane,,"Cambridge, U.K.",,,,,,,False,
284203875,Riverse,riverse.io,"Écrouves, France",,-12.0,Seed,1500000.0,Andreas Wiele,Benjamin Safar (Founder Associate): https://linkedin.com/in/benjamin-safar-518291148,True,22.0
1628782,Rivian,rivian.com,"Irvine, California",,-7.66,Public Markets,11934000000.0,"T. Rowe Price Associates, Inc.",,True,9208.0
090f64da-ddd7-4400-929c-fd882be5d473,rl core technologies,https://rlcore.com/,"Edmonton, Canada",,,,,,,False,
295737904,RMG Acquisition III,2233.vc,,,,,,,,False,
1699452,RoadRunner Recycling,roadrunnerwm.com,"Pittsburgh, Pennsylvania",,-1.38,Series D,20000000.0,BeyondNetZero,Michael Mendenhall (Board Advisor to CEO and Founder): https://linkedin.com/in/michael-mendenhall-8859816,True,430.0
1754556,RoadSync,roadsync.com,"Atlanta, GA",,,,,,,False,
283871267,Robigo,robigo.bio,"Cambridge, Massachusetts",,-5.56,Seed,6850000.0,Congruent Ventures,Jai Padmakumar (Co-Founder | Chief Scientific Officer): https://linkedin.com/in/jai-padmakumar,True,17.0
d4e4a6ac-cdca-491c-974d-323a0fa1467f,roboforce,,"Milpitas, CA",,,,,,,False,
1878cf33-3c12-47de-b8b0-e0885e612255,robotic research,https://www.roboticresearch.com/,"Clarksburg, MD",,,,,,,False,
298583583,Robust International,robust-international.com,"Singapore, Singapore",,,,,,,False,
291213358,Rock Rabbit,rockrabbit.ai,"San Francisco, California",,80.0,,22950.0,,,True,18.0
71b4b518-7f41-4f6b-a991-fb7acca6df75,rockaway ventures,https://rockawayventures.com/,Prague,,,,,,,False,
224627447,ROCSYS,rocsys.com,"Delft, Netherlands",,,,,,,False,
208428524,ROD Radar,rodradar.com,Israel,,,,,,,False,
7741008f-e63d-4a00-8189-eaafff69dfb7,roetz,https://roetz.com/,Amsterdam,,,,,,,False,
74d32735-7c4b-4591-a33d-fa0af92a40cd,romeo power technology,,"Vernon, CA",,,,,,,False,
70c6a9f7-2cfd-4281-8e0f-49b61a401b9f,romeo systems,,,,,,,,,False,
286350609,Rondo Energy,rondo.com,"Oakland, California",,13.0,Other,60000000.0,Breakthrough Energy Ventures,John O'Donnell (CEO): https://linkedin.com/in/j-o-donnell,True,101.0
263191869,Roofit.solar,roofit.solar,"Tallinn, Estonia",,,,,,,False,
956cf01a-190c-4e78-9d25-5c108693fbca,root ai,,"Boston, MA",,,,,,,False,
b1f42acc-e57c-40b9-a8d3-e37ddb8c0699,rootai,,"Boston, MA",,,,,,,False,
3cb77f52-55e4-4db5-bcae-2c19e90c0b5d,rootwave,https://www.rootwave.com/,"Kineton, England",,,,,,,False,
7f5c107f-566f-484f-b98e-d542f7da9497,roslin technologies,,UK,,,,,,,False,
291864789,Rosy Soil,rosysoil.com,"New York City, NY",,,,,,,False,
220043934,Route Reports,routereports.com,"London, United Kingdom",,,,,,,False,
cd7f2b0d-52fc-4a2a-b7b8-ffae3711935e,rowan digital infrastructure,,Denver,,,,,,,False,
653c07f0-b25d-4e13-b978-5f5a532ed574,rplus energies,,"Salt Lake City, UT",,,,,,,False,
8fd48bb4-3701-4424-846b-7b24fcba4cd8,rubi laboratories,,"Sausalito, CA",,,,,,,False,
287191292,Rubicon Carbon,rubiconcarbon.com,"Los Angeles, California",,0.0,Other,300000000.0,TPG Rise Climate,Tom Montag (Chief Executive Officer): https://linkedin.com/in/tom-montag-68772b9,True,39.0
220244502,Rugged Robotics,rugged-robotics.com,"Houston, Texas",,-11.43,Series A,9400000.0,Brick & Mortar Ventures,Logan Farrell (Co-Founder and VP of Engineering): https://linkedin.com/in/logan-farrell-a7868116,True,31.0
b12cf6e6-83e6-40e2-afde-13b0c6eeb8bc,rumin8,,Australia,,,,,,,False,
291024925,Ruminant BioTech,ruminantbiotech.com,"Auckland, New Zealand",,,,,,,False,
070f55c0-6676-4c63-bec4-3166762d293a,rune labs,,"San Francisco, CA",,,,,,,False,
221329618,Running Tide,runningtide.com,"Portland, Oregon",,-75.68,,,,,True,18.0
0c362d1a-2a35-481e-83df-40179826cb93,runwise,https://www.runwise.com/,New York,,,,,,,False,
288918673,Ruuf,ruuf.cl,"Santiago, Chile",,64.71,,516375.0,,Noelle Sele (Founder): https://linkedin.com/in/noelle-sele-32764111b,True,28.0
202532215,RWDC Industries,rwdc-industries.com,"Athens, GA",,,,,,,False,
283705507,Rynse,gorynse.com,"Santa Monica, California",,140.0,Seed,5000000.0,Correlation Ventures,Roland Lau (Co-Founder): https://linkedin.com/in/roland-lau-1b66a56b,True,12.0
280959965,"Ryp Labs,",ryplabs.com,"Bothell, Washington",,,,,,,False,
222241009,Ryse Energy,ryse.energy,"Abu Dhabi, United Arab Emirates",,,,,,,False,
110eac83-090e-4442-9eb0-88d015d72a32,s2g ventures,https://www.s2gventures.com/,"Chicago, IL",,,,,,,False,
285092958,SAEKI Robotics,saeki.ch,"Zürich, Switzerland",,54.55,Seed,6400000.0,Founderful,Andrea Perissinotto (Co-Founder): https://linkedin.com/in/andrea-perissinotto-b204981a5,True,17.0
224615977,Safegrid Oy,safegrid.io,"Espoo, Finland",,0.0,,5700000.0,Grid.VC,Jussi Hakunti (CEO): https://linkedin.com/in/jussi-hakunti-50ba524,True,28.0
161798647,Safehub,safehub.io,"San Francisco, California",,0.0,Seed,5000000.0,Blackhorn Ventures,Andy Thompson (Cofounder & CEO): https://linkedin.com/in/andy-thompson-safehub,True,19.0
291087992,Safi,safi.co,"London, United Kingdom",,15.25,Series A,19500000.0,LowerCarbon,Tom Sellers (Founder Associate): https://linkedin.com/in/tomalbertsellers,True,68.0
fa901845-a7d8-4cf6-9935-3a44de135e27,safire technology group,,"Knoxville, TN",,,,,,,False,
291928395,Sage Geosystems,sagegeosystems.com,"Houston, TX",,,,,,,False,
b6ba8d8d-d715-4d30-8490-c49ccb1cf1dc,saildrone,https://www.saildrone.com/,"Alameda, CA",,,,,,,False,
a0a8add9-d031-40b3-b17f-74ba1fda2e1e,sallea,,"Zürich, Switzerland",,,,,,,False,
118307477,Saltworks Technologies,saltworkstech.com,"Richmond, Canada",,,,,,,False,
302509488,Salzstrom,salzstrom.com,"Vienna, Austria",,,,,,,False,
286402690,Samara,samara.energy,"Madrid, Spain",,33.33,Series A,9000000.0,Move Energy,Eduardo Solís Hernández (Founder Associate): https://linkedin.com/in/eduardo-solis-hernandez,True,120.0
280200385,Samotics,samotics.com,"Leiden, Netherlands",,-8.49,Series A,14500000.0,83North,Simon Jagers (Founder): https://linkedin.com/in/simonjagers,True,97.0
297704510,Samsara Ecology,samsaraecology.co.uk,Sydney,,,,,,,False,
e4d3c718-78a2-41cb-8a2e-faede4ea5c07,sand to green,,"Paris, France",,,,,,,False,
56e65285-e238-4bad-9f11-fa296418fb10,sapphire technologies,,"Cerritos, Calif.",,,,,,,False,
22568d88-2190-4a53-b5cf-4e1b7e8ce573,sarla aviation,,"Bengaluru, India",,,,,,,False,
139437422,Satellite Vu,satellitevu.com,"London, United Kingdom",,0.0,Other,25248200.0,Lockheed Martin,Simon Tucker (Founder & Chief Business Development Officer): https://linkedin.com/in/simon-tucker-53619797,True,53.0
22077342,Satelytics,satelytics.com,"Toledo, Ohio",,-11.43,,5000000.0,bp,,True,31.0
07a2c192-9c43-4fed-990b-05aadec85a85,satsure,https://www.satsure.co/,"Bangalore, India",,,,,,,False,
2532592,Saturas,saturas-ag.com,Israel,,,,,,,False,
298913191,SatVUE,satvue.com.au,London,,,,,,,False,
279158853,SAVEGGY,saveggy.com,"Lund, Sweden",,,,,,,False,
124904341,SaveMoneyCutCarbon,savemoneycutcarbon.com,"Bury Saint Edmunds, United Kingdom",,2.33,Other,6223350.0,Low Carbon Initiative Fund 2,Jess Courdelle (PA to CEO and Executive Team): https://linkedin.com/in/jess-courdelle-899975150,True,44.0
263510069,Scala Data Centers,scaladatacenters.com,"São Paulo, Brazil",,,,,,,False,
291661582,Scalar International,scalarintl.com,"New York, NY",,,,,,,False,
291936842,Scale Microgrids,scalemicrogrids.com,"City Not Specified, State Not Specified",,2.78,,275000000.0,New York Green Bank,,True,111.0
b7b21cb2-70be-4776-b7b7-a4c4b45d9244,sceye,,"Torrance County, NM",,,,,,,False,
46084f5f-1815-4a9e-b8ec-6c1660fcb97e,schlumberger,https://www.slb.com/,Houston,,,,,,,False,
224017801,Schüttflix,schuettflix.de,"Gütersloh, Germany",,-5.13,Series A,50000000.0,Christian Hülsewig,Christian Hülsewig (Founder and CEO): https://linkedin.com/in/christianhuelsewig,True,148.0
97690af2-04dd-47d4-8a2c-b56f66621c6e,scifi foods (fka artemys foods),,"San Francisco, CA",,,,,,,False,
295326544,Scimplify,scimplify.com,"Bengaluru, India",,,,,,,False,
279107152,Scipher Technologies,scipher-tech.com,Melbourne,,,,,,,False,
221250047,Scoot Science,scootscience.com,"Santa Cruz, California",,0.0,Seed,4000000.0,Hawktail Management,Evan Goodwin (Chief Technology Officer and Co-Founder): https://linkedin.com/in/evan-goodwin-3a761453,True,7.0
286437910,Scope Zero,scope-zero.com,"San Francisco, California",,0.0,,103275.0,,Lizzy Kolar (Co-Founder and CEO): https://linkedin.com/in/lizzy-kolar-147a5b59,True,7.0
83134d52-bd77-4f87-b719-8b475378b5e7,scope3,https://scope3.com/,New York,,,,,,,False,
e810adda-c3f6-4f75-bb3f-f0a1c9fb7f29,scorpio electric,https://scorpioelectric.com/,Singapore,,,,,,,False,
dd220aef-a349-48fc-adfb-8a4a4c2226ab,scoutlabs,,"Budapest, Hungary",,,,,,,False,
278414800,ScrapBees,schrottbienen.de,"Neuss, Germany",,0.0,,4000000.0,NRW.BANK,Sebastian Kopsan (Co-Founder): https://linkedin.com/in/sebastian-kopsan-b0646711b,True,7.0
262533537,SCW Systems,scwsystems.com,"Alkmaar, Netherlands",,,,,,,False,
151465104,Scythe Robotics,scytherobotics.com,"Boulder, Colorado",,2.67,Series B,42000000.0,Amazon's Alexa Fund,Isaac Roberts (Co-Founder): https://linkedin.com/in/isaac-roberts-0409a97,True,77.0
2179430,Sea Machines Robotics,sea-machines.com,"Boston, MA",,,,,,,False,
220554616,Sea6 Energy,sea6energy.com,India,,,,,,,False,
7165f62c-6628-4fed-bbca-62c592b3e6bc,seabound,https://www.seabound.co/,UK,,,,,,,False,
223166697,Seadronix,seadronix.com,"Ulsan, South Korea",,,,,,,False,
291823817,OLALA! (ex Seafood Reboot),olalafoods.fr,Paris,,,,,,,False,
1664530,Sealed,sealed.com,"New York, New York",,-9.68,Other,30000000.0,Robert Downey Jr.’s FootPrint Coalition,Brian Kibby (Executive Chairman): https://linkedin.com/in/briankibby,True,56.0
30dc7fdc-8494-44a2-8d6c-13785be675ad,seao2,,Amsterdam,,,,,,,False,
106699075,Seatrec,seatrec.com,"Monrovia, California",,0.0,Debt,1000000.0,American Lending Center,,True,15.0
286027478,SeaX Ventures,seaxventures.vc,San Francisco,,-7.69,Investment Fund,60000000.0,,Nattaphol Vimolchalao (Co-Founder & Venture Partner): https://linkedin.com/in/nattaphol,True,12.0
63e32f30-e665-4656-b5e5-a68e04567e48,seaya,,"Madrid, Spain",,,,,,,False,
64e77826-1ffd-490b-90e3-6d793d601e3b,secai marche,,"Petaling Jaya, Malaysia",,,,,,,False,
cdcfe815-5d2e-498b-8562-06f714d149db,seenons,https://www.seenons.com/,Amsterdam,,,,,,,False,
0f4e1955-d095-4dbb-b268-23775561ab20,seetree,,"Tel Aviv, Israel",,,,,,,False,
1772553,Seismos,seismos.com,"Austin, Texas",,18.18,Other,15000000.0,Edison Partners,Panos Adamopoulos (Founder & CEO): https://linkedin.com/in/panosadamopoulos,True,65.0
203269941,Selex Motors,selex.vn,Vietnam,,,,,,,False,
1744579,Selfrag,selfrag.com,"Kerzers, Switzerland",,,,,,,False,
3335cd47-7c65-468c-8b40-487349117e09,semios,https://semios.com/,Canada,,,,,,,False,
124899713,SENCROP,sencrop.com,France,,,,,,,False,
b4b45719-4b3a-4af0-a145-2ac4b060b160,sendle,https://www.sendle.com/,"Seattle, WA",,,,,,,False,
285134348,senken,senken.io,"Berlin, Germany",,-17.86,Series A,7500000.0,Inflection,René Schäfer (Co-Founder): https://linkedin.com/in/ren%C3%A9-sch%C3%A4fer-4ba5a244,True,23.0
290806422,Senra Systems,senrasystems.us,"Torrance, California",,48.0,Series A,25000000.0,Sequoia,"Benjamin Shanahan (Co-Founder, CTO): https://linkedin.com/in/benshanahan",True,37.0
fd603fbd-efa7-45fd-bdf8-f5d415048f00,sensand,,"Melbourne, Australia",,,,,,,False,
3352f367-5b70-4873-ad9d-2b6435fe3610,sensehawk,https://www.sensehawk.com/,"San Francisco, CA",,,,,,,False,
6b1f3084-94d8-40a5-b2dc-9e9759cc0bdd,sensenode,,Sweden,,,,,,,False,
224894077,Sensible Weather,sensibleweather.com,"Santa Monica, California",,-6.25,Series A,12000000.0,Spencer Rascoff's 75 & Sunny Ventures,Nick Cavanaugh (Founder): https://linkedin.com/in/nick-cavanaugh-31384824,True,45.0
287296313,sensmore,sensmore.ai,"New Lambton, Australia",,,,,,,False,
133413871,Sensoneo,sensoneo.com,"Bratislava, Slovakia",,8.51,Series A,6000000.0,Taiwania Capital,Andrea Basilova (Co-Founder & Communications Manager): https://linkedin.com/in/andreabasilova,True,102.0
200340164,Sensorfact,sensorfact.nl,"Utrecht, Netherlands",,22.67,Series A,13000000.0,SET Ventures,Sjoerd Sloterdijk (Co Founder & Manager Energy Consultancy ): https://linkedin.com/in/sjoerdsloterdijk,True,303.0
27586fff-2eae-4d63-9e17-6c96487491be,sensorflow,https://www.sensorflow.co/,Singapore,,,,,,,False,
288572706,Sensorita - Data-Driven Waste Management,sensorita.com,"Oslo, Norway",,140.0,Seed,3250000.0,Brick & Mortar Ventures,Didrik Sten Ingebrigtsen (Co-Founder and Machine Learning Engineer): https://linkedin.com/in/didrik-sten-ingebrigtsen-23b395230,True,12.0
122028041,SensorUp,sensorup.com,"Calgary, Canada",,16.67,Series A,6000000.0,InterGen,Terry Cunningham (Chief Executive Officer): https://linkedin.com/in/terry-cunningham-72692b,True,49.0
290423581,sentra.world,sentra.world,"Bengaluru, India",,,,,,,False,
1707729,Sentry,sentry.io,"San Francisco, California",,-0.27,Late Stage,90000000.0,"New Enterprise Associates, Inc.",David Cramer (Co-Founder and CEO): https://linkedin.com/in/david-cramer-59a9243,True,365.0
145560574,Sepion Technologies,sepiontechnologies.com,"Oakland, California",,-38.24,Other,17500000.0,CALSTART,Peter Frischmann (CEO & Co-Founder): https://linkedin.com/in/peterfrischmann,True,21.0
223155655,SEPPURE,seppure.com,Singapore,,,,,,,False,
278970817,Sepura Home,sepurahome.com,"Victoria, Canada",,,,,,,False,
989cfb16-d618-4a07-9a2e-44f189b9be16,seqana,https://seqana.com/,Berlin,,,,,,,False,
bed80357-8263-46ba-b501-9e4d396bd055,sequestra,https://www.sequestra.com/,Vienna,,,,,,,False,
224645221,Serenity EHS,serenityehs.com,"San Diego, California",,0.0,Series A,5500000.0,Base10 Partners,Peter Oneppo (Founder): https://linkedin.com/in/oneppo,True,21.0
ee2cfae4-1f03-4b73-9995-82187ca9c2e5,serentica renewables,,India,,,,,,,False,
279472492,Service4Charger,service4charger.de,"Berlin, Germany",,-12.96,Series A,10943700.0,Energie 360,Lucas Althammer (CEO): https://linkedin.com/in/lucas-althammer,True,47.0
1624022,ServiceTrade,servicetrade.com,"Durham, N.C.",,,,,,,False,
123932094,SESAMm,sesamm.com,"Paris, France",,-13.21,Series B,35000000.0,Raiffeisen Bank International’s (RBI) venture capital entity Elevator Ventures,Pierre RINALDI (Co-founder & COO): https://linkedin.com/in/pierre-rinaldi-0084b164,True,92.0
38838dae-c6d7-4807-ad32-163a0f43cbf3,seurat technologies,https://www.seurat.com/,"Wilmington, MA",,,,,,,False,
219951707,Sevan Multi-Site Solutions,sevansolutions.com,"Downers Grove, Illinois",,-9.12,Series A,17500000.0,ABS Capital Partners,Jim Evans (CEO & Founder): https://linkedin.com/in/jim-evans-65983318,True,339.0
279226126,Seven Oaks Acquisition,sevenoaksacquisition.com,,,,,,,,False,
223166140,Sewer AI,sewerai.com,"Walnut Creek, California",,39.53,Series B,15000000.0,founder and CEO of OpenGov,Matthew Rosenthal (CEO / Co-Founder): https://linkedin.com/in/matthewrosenthal99,True,60.0
9675c034-d143-4b86-ba84-4c1d6a3d0eb7,share mobility,https://www.sharemobility.com/,"Columbus, OH",,,,,,,False,
9e460d12-40f3-4769-b5ac-cc178608041c,shelf engine,,Seattle,,,,,,,False,
280677867,shift4good,shift4good.com,"France, Singapore",,,,,,,False,
128867135,Shifted Energy,shiftedenergy.com,"Honolulu, Hawaii",,-19.05,Seed,4300000.0,Startup Capital Ventures x SBI Fund,Olin Kealoha Lagon (Founder and CTO): https://linkedin.com/in/olinlagon,True,17.0
ef2f827c-4f9e-4b05-9f24-9f57acb15fe9,shimmer industries,,"New York, NY",,,,,,,False,
285539178,Shinkei Systems,shinkei.systems,"New York, New York",,58.33,Seed,6000000.0,existing investors,Saif Khawaja (Founder): https://linkedin.com/in/saif-khawaja-898144105,True,19.0
212201332,Shiok Meats,shiokmeats.com,Singapore,,,,,,,False,
6c64aa3b-42b0-4030-baa5-4519be15cd43,shiru,https://shiru.com/,"Emeryville, CA",,,,,,,False,
67ef9f7b-fc73-4e0f-bc67-4023f324415c,shoals technologies group,https://shoals.com/,"Portland, TN",,,,,,,False,
125886350,Shoreline,shoreline.no,"Stavanger, Norway",,-14.52,,7500000.0,Investinor,Michael Bjerrum (CCO and Co-Founder): https://linkedin.com/in/michael-bjerrum-64822ba,True,53.0
222190388,SHYFT Power Solutions,shyftpower.com,"Houston, Texas",,0.0,Seed,3100000.0,Total Carbon Neutrality Ventures,Bert Bruggeman (Advisor to CEO): https://linkedin.com/in/bertbruggeman,True,18.0
220385897,Sibros,sibros.tech,"San Jose, California",,-15.87,Series A,12000000.0,Moneta Ventures,Michael Carmel (CTO and Co-Founder): https://linkedin.com/in/michael-carmel-8317163,True,106.0
170f8e93-8cf5-4d72-be44-09bde70dce3d,sicona battery technologies,,"Alexandria, Australia",,,,,,,False,
223201167,Sidewalk Infrastructure Partners,sidewalkinfra.com,"New York, New York",,-4.35,Series A,400000000.0,Sidewalk Labs,Brian D. Barlow (Co-Founder & Co-CEO): https://linkedin.com/in/brian-d-barlow-47071b6,True,22.0
1c776c77-709c-4a66-b1a7-3ebf725bc359,sierra energy,,"Davis, Calif.",,,,,,,False,
acaac363-c6c8-4682-b82c-46894d1d3bda,sightglass,,"Portland, OR",,,,,,,False,
3d971304-1dae-4ee7-b93a-e9e10c58ca91,sigma lithium,https://sigmalithiumresources.com/,"Vancouver, Canada",,,,,,,False,
140046557,Signol,signol.io,"London, United Kingdom",,-2.7,Seed,2960000.0,East Innovate,Robert Metcalfe (Co-Founder): https://linkedin.com/in/rob-metcalfe,True,36.0
78860920,Sila Nanotechnologies,silanano.com,"Alameda, CA",,,,,,,False,
32a465d0-6581-465f-b6e7-8a91f74e6b11,silfab solar,,"Mississauga, Canada",,,,,,,False,
1c901c4d-be8b-4154-99ce-b4053b2d739a,silicon data,,"New York, New York",,,,,,,False,
17376034,Silicon Ranch,siliconranch.com,"Nashville, Tennessee",,-3.72,Other,500000000.0,Mountain Group Partners,Reagan Farr (President / CEO): https://linkedin.com/in/reagan-farr-4a92a357,True,259.0
c54ac85a-be30-4f29-b4f6-f8917db061b0,silicon ranch corporation,https://www.siliconranch.com/,"Nashville, USA",,,,,,,False,
152820881,SilviaTerra,silviaterra.com,"San Francisco, California",,20.0,Seed,4400000.0,Version One Ventures,Max Nova (Co-Founder and COO): https://linkedin.com/in/maxnova,True,30.0
67fc0ad9-9f7d-47b3-9262-728e7865d3fc,simple energy,,"Bangalore, India",,,,,,,False,
08f61388-4ab8-4614-871e-ffaf812bd908,simple planet,,South Korea,,,,,,,False,
279068047,Simplifyber,simplifyber.com,"Raleigh, North Carolina",,-10.0,Series A,12000000.0,Staddle Holdings,Maria Intscher-Owrang (Chief Executive Officer): https://linkedin.com/in/maria-intscher-owrang-3278a07,True,18.0
f77ce5da-1c8c-4d6a-a776-618158eaa76b,simply homes,https://www.simplyhomes.com/,"Portland, Maine",,,,,,,False,
284235524,simplyblock,simplyblock.io,"Teltow, Germany",,13.33,Seed,2750000.0,Antler,Rob Pankow (Co-Founder): https://linkedin.com/in/robertpankow,True,17.0
262591140,SINAI Technologies,sinaitechnologies.com,"San Francisco, California",,4.0,Series A,22000000.0,HighSage,Alain Rodriguez (Co-Founder & CTO): https://linkedin.com/in/alainrodriguez,True,26.0
278522373,Single.Earth,single.earth,"Tallinn, Estonia",,-22.22,Seed,7900000.0,Ragnar Sass,Merit Valdsalu (Co-Founder and CEO): https://linkedin.com/in/merit-valdsalu,True,14.0
255153623,Singularity Energy,singularity.energy,"Somerville, Massachusetts",,7.14,Seed,4500000.0,Spero Ventures,,True,15.0
41e4ab38-d1e6-47a5-a1d0-154ea6841a6d,sion power corporation,,"Tucson, Ariz.",,,,,,,False,
7506dfd7-7781-4c37-917d-e7b9acc8ef30,sircel,,"Sydney, Australia",,,,,,,False,
1687638,SirionLabs,sirionlabs.com,"Bellevue, WA",,,,,,,False,
291622330,Sirona Technologies,sirona.tech,"Brussels, Belgium",,,,,,,False,
153518206,Sistema.bio,sistema.bio,"Mexico City, Mexico",,,,,,,False,
205523401,Sistine Solar,sistinesolar.com,"Cambridge, Massachusetts",,0.0,Other,3200000.0,Massachusetts Clean Energy Center,Senthil B. (CEO & Co-Founder): https://linkedin.com/in/senthilbal,True,5.0
1808974,SiteAware,siteaware.com,"Austin, Texas",,-18.52,Series B,15000000.0,Oryzn Ventures,"Ori Aphek (Founder, VP of Business Development): https://linkedin.com/in/ori-aphek-4705",True,44.0
c5043239-0697-453a-ba8b-5e54a2507757,sitekick,https://sitekick.com/,"Minneapolis, MN",,,,,,,False,
3940153,Sitetracker,sitetracker.com,"Palo Alto, California",,5.14,Series D,96000000.0,New Enterprise Associates (NEA),Giuseppe Incitti (Chief Executive Officer): https://linkedin.com/in/giuseppe-incitti-b6b5735,True,409.0
268109842,SiTration,sitration.com,"Cambridge, MA",,,,,,,False,
1531975,SJF Ventures,sjfventures.com,"Durham, NC",,0.0,Investment Fund,175000000.0,,"Rick Defieux (Co-founder, Investment Committee Chair): https://linkedin.com/in/rick-defieux-57a6576",True,17.0
288148355,Skarper,skarper.com,London,,,,,,,False,
1707816,Skeleton Technologies,skeletontech.com,"Tallinn, Estonia",,-2.35,Series D,37600000.0,Benqt Wahlqvist,Oliver Ahlberg (Co-Founder and Chief Operating Officer): https://linkedin.com/in/oliverahlberg,True,249.0
224883696,Skoon Energy,skoon.world,"Rotterdam, Netherlands",,-10.0,Series A,5600000.0,Blue Bear Capital,Daan Geldermans (Co-Founder): https://linkedin.com/in/daangeldermans,True,27.0
2a41783b-27f3-4867-a92c-10031583fce6,skycell,https://www.skycell.ch/,"Zug, Switzerland",,,,,,,False,
112073196,Skycool Systems,skycoolsystems.com,"Mountain View, California",,0.0,Seed,5000000.0,Nadel and Gussman Ventures,Arjun Saroya (Chief Executive Officer): https://linkedin.com/in/arjunsaroya,True,14.0
1748558,Skydio,skydio.com,"San Mateo, California",,4.9,Late Stage,230000000.0,DoCoMo,Adam Bry (CEO): https://linkedin.com/in/adambry,True,685.0
42441634-83c5-4b06-aed1-9f04c52b828b,skydrive,,"Tokyo, Japan",,,,,,,False,
82331b2c-2d96-4d38-9a65-6aca19512e17,skydweller,,"Oklahoma City, OK",,,,,,,False,
304448044,Skyever Pharma Private Limited,skyeverpharma.com,"San Diego, CA",,,,,,,False,
9d88d28b-cec4-4c82-a546-74f59713b33d,skyhive,https://www.skyhive.io/,"Palo Alto, CA",,,,,,,False,
a64c1073-6c32-41fb-a3a3-9e781d7ef631,skylar technologies,,"San Francisco, CA",,,,,,,False,
a1da23fb-2d49-47c8-93ad-bb4dad6c38f3,skynrg,https://skynrg.com/,"Amsterdam, Netherlands",,,,,,,False,
927520f6-f666-4d83-9d3b-9cf73a68d178,skyports,https://skyports.net/,"London, U.K.",,,,,,,False,
297533962,Arkion (formally Skyqraft),skyqraft.com,"Stockholm, Sweden",,9.0,Private Equity,3800000.0,angel investors,Umar Chughtai (Co-Founder | Chief Technical Officer): https://linkedin.com/in/umarchughtai538,True,38.0
1630869,SkySpecs,skyspecs.com,"Ann Arbor, Michigan",,-6.25,Series D,80000000.0,Equinor Energy Ventures,"Ryan Moore (CTO, Co-Founder): https://linkedin.com/in/ryan-moore-rcm",True,255.0
06dc64cf-657d-4dc8-a7a3-45295e02ea19,skysync,https://www.skysync.com/,"Harrisburg, PA",,,,,,,False,
1764854,Skytree,skytree.eu,"Amsterdam, Netherlands",,19.39,Series A,2500000.0,EIC Fund,Max Beaumont (CEO & founder): https://linkedin.com/in/maxbeaumont,True,117.0
68785826-ed8f-49e7-a944-3345f05954b9,skyven technologies,,"Dallas, TX",,,,,,,False,
285861290,Slaterock Automation,slaterockautomation.com,Michigan,,,,,,,False,
265578772,Slim.AI,slim.ai,"Boxborough, MA",,,,,,,False,
124900673,Slingshot Aerospace,slingshotaerospace.com,"El Segundo, CA",,,,,,,False,
282154535,Slip Robotics,sliprobotics.com,"Atlanta, Georgia",,21.62,Series B,28000000.0,Overline,John Jakomin (Founder and COO): https://linkedin.com/in/john-jakomin,True,45.0
290567411,Smalt,smalt.eu,"Berlin, Germany",,26.92,Seed,8000000.0,Heartfelt,Lukas Eisenberg (Founder Associate): https://linkedin.com/in/lukaseisenberg,True,33.0
6ad9a2ac-6eb5-4000-8111-16c2e9c960ab,smart apply,https://smartapply.com/,"Indianapolis, IN",,,,,,,False,
1646390,Smart Wires,smartwires.com,"Durham, NC",,,,,,,False,
255152006,SmartAC.com,smartac.com,"Houston, Texas",,7.5,Series A,10000000.0,Not disclosed,,True,43.0
4c251555-f76c-4812-8209-d70f36ea988c,smartbreeder,,"Piracicaba, Brazil",,,,,,,False,
128866391,Smarter Sorting,smartersorting.com,"Boulder, Colorado",,-2.0,Other,7000000.0,Regeneration.VC,Chris Ripley (Founder): https://linkedin.com/in/cbripley,True,116.0
5f99bc9f-5b53-46a2-9260-6fafa040269e,smarthome innovations,https://www.smarthomeinnovations.com/,"Austin, TX",,,,,,,False,
1800092,Smartvid io,smartvid.io,"Cambridge, MA",,,,,,,False,
214735795,Smartwyre,smartwyre.com,"Denver, CO",,,,,,,False,
300510124,Smart Power Networks,smpnetworks.com,"London, United Kingdom",,-12.5,Seed,1377574.0,Marathon Venture Capital,Dimitrios Tzelepis (Chief Technology Officer | Co-Founder): https://linkedin.com/in/tzeldimi,True,7.0
290410378,Snap-E Cabs,snapecabs.com,"Kolkata, India",,,,,,,False,
2178373,Snaptrude,snaptrude.com,"Bengaluru, India",,-1.35,Series A,14000000.0,Foundamental VC,prabhudev patil (Co founder and Chief Operating Officer): https://linkedin.com/in/prabhudev-patil-2763404a,True,73.0
288089897,Snerpa Power,snerpapower.com,"Reykjavík, Iceland",,-13.33,Series A,2200000.0,BackingMinds,Eyrun Linnet 🚀 (she/her) (Co-Founder and Chairman of the Board): https://linkedin.com/in/eyrun-linnet,True,13.0
146198645,"Sniffer Robotics, LLC",snifferrobotics.com,"Ann Arbor, MI",,,,,,,False,
284217815,SnoFox Sciences,snofox.com,"Philadelphia, Pennsylvania",,-7.14,Seed,4500000.0,Mudcake,"Harvey Rubin, PhD, MD (Co-Founder): https://linkedin.com/in/harvey-rubin-phd-md-7a9bb53",True,13.0
292527198,Snowfox Discovery,snowfoxdiscovery.com,"Oxford, England",,100.0,,,,,True,10.0
78b433a3-8488-499f-b84e-97f4ec9258cd,soelect,,"Greensboro, North Carolina",,,,,,,False,
221115438,Sofar Ocean Technologies,sofarocean.com,"San Francisco, California",,14.29,Series B,39000000.0,Union Square Ventures,"Anke Pierik (Co-Founder, Head of Product & Design at Spoondrift (renamed Sofar Ocean in 2019)): https://linkedin.com/in/anke-pierik-3391072",True,104.0
c8f1b4f9-47f7-4cf4-9475-5f15d33d61ab,software defined automation,https://www.softwaredefinedautomation.com/,"Boston, MA, Munich, Germany",,,,,,,False,
263369331,SoHHytec,sohhytec.com,Switzerland,,,,,,,False,
97a81137-40fe-4ab9-8753-593b510af05a,soil carbon co,,Australian,,,,,,,False,
dca65ccf-a506-4b42-a198-cd345e835f98,sojo industries,https://www.sojoindustries.com/,"Bristol, PA",,,,,,,False,
263064420,Solar AI Technologies,getsolar.ai,"Central Region, Singapore",,,,,,,False,
f61be26b-08ed-4714-8652-187822a93ba7,solar foods,https://solarfoods.com/,"Helsinki, Finland",,,,,,,False,
282691537,Solar Ladder,solarladder.com,"None, India",,0.0,Seed,1344838.0,DeVC,Manan Mehta ☀️ (Co-Founder): https://linkedin.com/in/manan-mehta-%E2%98%80%EF%B8%8F-2a36b745,True,22.0
6006c2b9-6f46-455e-9978-e050322eca59,solar monkey,,"Amsterdam, Netherlands",,,,,,,False,
1b2b2090-50c8-4b5b-90b9-b58759eb433b,solar x works,,"Moses Lake, WA",,,,,,,False,
b32161aa-66a3-4f05-b7d4-1fb984e0f722,solarbank corporation,,"Toronto, Canada",,,,,,,False,
285887202,SOLARCYCLE,solarcycle.us,"Oakland, California",,21.31,Series A,30000000.0,HG Ventures,Jesse Simons (Co-Founder and Chief Commercial Officer): https://linkedin.com/in/jesseaaronsimons,True,74.0
265034105,SolarDuck,solarduck.tech,Netherlands,,,,,,,False,
300129298,SolarFix NI Ltd,solarfix.co.uk,Belfast,,,,,,,False,
7ae820b1-c6a5-4662-8586-588ce5128917,solarge,https://solarge.com/,"Weert, Netherlands",,,,,,,False,
278287028,Solarize,solarize.de,"Stuttgart, Germany",,-6.25,Seed,4300000.0,Picus Capital,Andi Weiß (Founder & Software Engineer): https://linkedin.com/in/mstrwhyt,True,15.0
224959465,SolarSquare Energy,solarsquare.in,Mumbai,,,,,,,False,
281083351,SOLASTA Bio,solastabio.com,"Glasgow, United Kingdom",,,,,,,False,
fb9ba807-611e-42fc-8625-6bcf563e60b2,solena materials,,"London, England",,,,,,,False,
071516bc-a0f2-4447-98fc-3c7bc790f2df,solestial,,"Tempe, AZ",,,,,,,False,
286177669,Solfy,solfy.net,"Barcelona, Spain",,5.13,Series B,1000000.0,Ona Capital fund,Guillermo Gallegos (Co-Founder): https://linkedin.com/in/guillermo-gallegos-7738b8214,True,41.0
224667906,Solfácil,solfacil.com.br,"São Paulo, Brazil",,11.08,Debt,170000000.0,QED Investors,,True,441.0
7ffdb6f2-c9d0-497c-b55a-e4bb83cfffcd,soli organic,https://soliorganic.com/,"Harrisonburg, VA",,,,,,,False,
b57e6119-4f1c-455c-82f0-7291af70ac86,solid energy systems,,"Woburn, MA",,,,,,,False,
c98952fb-a8f2-47c1-8ef7-525edbd41371,solid power,,"Louisville, USA",,,,,,,False,
1584181,Solidia Technologies,solidiatech.com,"Piscataway, New Jersey",,-51.22,Other,78000000.0,BP Ventures,Richard Riman (Founder and Advisory Board Member): https://linkedin.com/in/richard-riman-5a831711,True,20.0
290194085,SOLiTHOR,solithor.com,Belgium,,,,,,,False,
261142161,Solivus,solivus.com,UK,,,,,,,False,
136310490,Solo.io,solo.io,"Cambridge, Mass.",,,,,,,False,
40575970,Solstice,solstice.us,"Cambridge, Massachusetts",,-17.54,Other,3100000.0,Total Carbon Neutrality Ventures,Steph Speirs (Co-Founder and CEO): https://linkedin.com/in/skyspeirs,True,47.0
dd1816df-a923-442c-ace3-1680ce6391e1,solstice power technologies,https://solstice.us/,"Cambridge, MA",,,,,,,False,
dac9c1d0-6fd6-486c-a0d2-40f39f26f947,solubag,,"Hallandale Beach, FL",,,,,,,False,
9e3f23af-da17-4ecf-a1d7-12083f607194,solugen,https://www.solugen.com/,"Houston, TX",,,,,,,False,
197483715,Soluna,soluna.io,"New York, New York",,12.5,Public Markets,1795000.0,,Michael Toporek (Chief Executive Officer): https://linkedin.com/in/michael-toporek-66b0304b,True,45.0
4ec13dfd-a6ab-4940-bf80-a341da07d0e1,solus power,,London,,,,,,,False,
138207280,Solytic,solytic.com,"Berlin, Germany",,-27.27,Seed,3707450.0,Vattenfall AB,Johannes Dahl (Founder & Shareholder): https://linkedin.com/in/johannesdahl,True,16.0
81426123,SonarSource,sonarsource.com,"Vernier, Switzerland",,15.73,Other,412000000.0,Advent International,Freddy Mallet (Co-Founder): https://linkedin.com/in/freddymallet,True,618.0
293751657,Sonichem,sonichem.com,"Leicester, U.K.",,,,,,,False,
120608325,Sono Motors,sonomotors.com,"Munich, Germany",,,,,,,False,
3fea3e65-7cef-4103-9b7f-285c581ef1b3,sonocharge energy,https://www.sonocharge.com/,"Mountain View, CA",,,,,,,False,
f421c0e2-5444-4f19-8e61-db0bfbe6c965,sophia space,,"Seattle, WA",,,,,,,False,
118760108,Sophie's Kitchen,sophieskitchen.com,"Sebastopol, CA",,,,,,,False,
285681554,sopht,sopht.com,"Villeurbanne, France",,16.0,,3786750.0,,Jérémie VEG (Co-Founder & CEO at Sopht – B2B SaaS solution measuring and piloting IT decarbonation): https://linkedin.com/in/j%C3%A9r%C3%A9mie-veg-24a53820,True,29.0
296388954,Sora Fuel,sorafuel.com,"Cambridge, MA",,,,,,,False,
4eb28efa-3d9c-4609-beba-cde2ec03867d,sorcerer,,Y Combinator,,,,,,,False,
452df8cf-1e68-42f1-a59c-17655c7a5884,sortera,,"Markle, IN, U.S.",,,,,,,False,
39328a90-811a-474c-8c48-32dbddb6f9dc,sortera alloys,https://sorteraalloys.com/,"Fort Wayne, In.",,,,,,,False,
293275217,"Sortera Technologies, Inc.",sorteratechnologies.com,"Markle, Ind.",,,,,,,False,
262400065,Soulmates Ventures,soulmatesventures.com,"Prague, Czech Republic",,,,,,,False,
268036713,Sound Agriculture,sound.ag,"Emeryville, California",,-17.95,Series D,75000000.0,Northpond Ventures,Travis Bayer (Co-founder and CTO): https://linkedin.com/in/travis-bayer-68094b97,True,96.0
268260957,Source,source.ag,"Amsterdam, Netherlands",,-10.0,Series A,4000000.0,Hico Capital,Rien Kamman (CEO & Co-Founder): https://linkedin.com/in/rienkamman,True,108.0
e9f53c61-04e7-4666-b1a4-63214c25998b,sourceful,https://sourceful.com/,UK,,,,,,,False,
1619646,Sourcemap,sourcemap.com,"New York, New York",,-8.7,Series B,20000000.0,Energize Ventures,Leonardo Bonanni (Founder and CEO): https://linkedin.com/in/leonardobonanni,True,63.0
224896916,South 8 Technologies,south8technologies.com,"San Diego, California",,,Series A,12000000.0,Lockheed Martin Ventures,Tom Stepien (CEO): https://linkedin.com/in/tomstepien,True,25.0
2b50d20d-967d-4ef9-a31e-17dcb4990f36,space intelligence,,"Edinburgh, Scotland",,,,,,,False,
b25d2800-3c26-4200-91d6-8eb6147f8949,spacedrip,,"Tallinn, Estonia",,,,,,,False,
279072675,Span,span.io,"San Francisco, California",,5.75,Series B,96000000.0,Amazon's Alexa Fund,"Chad Conway (Co-Founder, Head of Products): https://linkedin.com/in/chadconway",True,239.0
150794698,SparkCharge,sparkcharge.io,"Somerville, Massachusetts",,-25.0,Series A,30500000.0,Summer Watson,Richard Whitney (Co-Founder | Lead System Engineer): https://linkedin.com/in/rwhitney1,True,33.0
b78c729c-64c3-4394-912c-723c69db4c5a,sparkcognition,,"Austin, Texas",,,,,,,False,
199d4526-535e-4b99-894c-1f825cb01068,sparkmeter,https://sparkmeter.io/,"Washington, D.C.",,,,,,,False,
45e52339-ea31-4744-907d-e911cb9a8770,spartan radar,,"Los Alamitos, CA",,,,,,,False,
285877558,Sparxell,sparxell.com,"Cambridge, U.K.",,,,,,,False,
352b9347-198b-433c-9ea0-d89ea419e00e,specifx data,,"San Francisco, CA",,,,,,,False,
224837750,Speckle,speckle.systems,"London, United Kingdom",,10.34,Series A,12500000.0,Foreword,Matteo Cominetti (Co-Founder): https://linkedin.com/in/teocomi,True,32.0
224703469,Spectro Cloud,spectrocloud.com,"San Jose, CA",,,,,,,False,
8c5de5ad-1a3f-4294-9815-71ab7412d8d0,spexi,https://www.spexi.com/,"Vancouver, Canada",,,,,,,False,
aeda4e5c-f6fa-4a64-9950-0ad0b31229a6,spiber,,"Yamagata, Japan",,,,,,,False,
162597149,SpinDrive,spindrive.fi,"Lappeenranta, Finland",,,,,,,False,
156977647,Spinergie,spinergie.com,"Paris, France",,-6.1,Series A,11000000.0,Antoine de Chassy,Louis Jozon (CPO & co Founder): https://linkedin.com/in/louis-jozon-a4366a57,True,77.0
f9004f39-f48e-4fdc-9fff-fb2b5f39bf57,spinnova,https://www.spinnova.com/,Finland,,,,,,,False,
293014323,SpiralWave,spiralwave.io,San Francisco,,,,,,,False,
df852e9b-3c12-4f60-afb9-3317ab4a2507,splight,,"San Francisco, CA",,,,,,,False,
2532700,Spoiler Alert,spoileralert.com,"Boston, Massachusetts",,4.55,Seed,2500000.0,LaunchCapital,Emily Malina (Co-Founder & Chief Product Officer): https://linkedin.com/in/emilymalina,True,46.0
279336252,Spoor,spoor.ai,"Oslo, Norway",,3.45,Seed,4000000.0,Ørsted Ventures,Ask Helseth (Co-Founder & CEO): https://linkedin.com/in/ask-helseth-94ba8354,True,30.0
289529352,Spore Biotechnologies - Lighting-up Microbiology,spore.bio,"Paris, France",,,,,,,False,
164028314,Spotless Water,spotlesswater.co.uk,"Dorset, U.K.",,,,,,,False,
2c92eae8-69fe-4d93-9edb-61007b563fec,spotta,https://www.spotta.co.uk/,"Cambridge, UK",,,,,,,False,
280703486,Spring Valley Acquisition Corporation,sv-ac.com,"New York, New York",,0.0,Public Markets,200000000.0,,Chris Sorrells (Chief Executive Officer and Board Member of Spring Valley Acquisition Corporation II): https://linkedin.com/in/chris-sorrells-5a6a836,True,3.0
dff21f05-60a5-43ff-b096-89e3d0cf4b01,sproud,https://sproud.com/,Sweden,,,,,,,False,
c9bd874b-eab8-46ef-8d26-707e528b7033,sqim,,"Varese, Italy",,,,,,,False,
279211209,Squad Mobility,squadmobility.com,"Breda, Netherlands",,,,,,,False,
013e2b2a-7fc7-465c-9940-e9ac8dc9a935,squake,https://squake.earth/,Berlin,,,,,,,False,
285407050,Squint,squint.ai,"San Jose, California",,37.84,Series A,13000000.0,Menlo Ventures,Devin Bhushan (Founder & CEO): https://linkedin.com/in/devin-bhushan-96916a29,True,51.0
223395383,STABL Energy,stabl.com,"Munich, Germany",,-5.63,Other,16449150.0,UVC Partners,Martin Sprehe (Co-Founder und Geschäftsführer): https://linkedin.com/in/martin-sprehe-624576180,True,67.0
292704160,Stack AV,stackav.com,"Pittsburgh, Pennsylvania",,-3.77,Other,,SoftBank Group Corp.,"Bryan Salesky (CEO, Stack AV): https://linkedin.com/in/bsalesky",True,204.0
9b85b1c2-1d30-4dba-a80c-e735355d7235,stacklet,,"Arlington, VA",,,,,,,False,
276395840,Stafl Systems,staflsystems.com,South San Francisco,,,,,,,False,
300247581,Stand,standinsurance.com,"San Francisco, California",,22.22,,30000000.0,Convective Capital,,True,11.0
15ad3e34-c025-452c-86ef-42901630ca25,standard biocarbon,https://www.standardbiocarbon.com/,"Portland, ME",,,,,,,False,
b6d82428-1918-4dd9-9c8d-d9d31cfbe0ec,standard energy,,South Korea,,,,,,,False,
285549824,Standard Fleet,standardfleet.com,"Covina, California",,12.5,Seed,7000000.0,Canvas Ventures,"David Hodge (Founder, CEO): https://linkedin.com/in/davidwhodge",True,18.0
297784631,"Standard Nuclear Consultants, Inc",standardnuclear.com,"Oak Ridge, TN",,,,,,,False,
879d0dd8-4209-4b94-adac-989f2a1f25cd,standing ovation,,France,,,,,,,False,
d8faaa21-5a20-432e-b97f-dae4ff6bb726,star catcher industries,,"Jacksonville, FL",,,,,,,False,
0e71c226-4f47-424c-a67a-ea8910cbff7a,star charge,,China,,,,,,,False,
283621993,Stargate Hydrogen,stargatehydrogen.com,"Tallinn, Estonia",,,,,,,False,
25106275-2cfc-4b50-a9d3-2779c36523c6,stark future,https://www.starkfuture.com/,"Barcelona, Spain",,,,,,,False,
0d4eed1f-4588-4e87-9394-4dfe0d05a3d5,starpath robotics,,"San Francisco, CA",,,,,,,False,
3eadd697-b314-4a7a-8bbb-e0be1fb95c2d,starship technologies,https://www.starship.xyz/,"San Francisco, CA",,,,,,,False,
283696086,Starshot Capital,starshotcapital.com,"LA, U.S.",,0.0,Investment Fund,35000000.0,,,True,12.0
287507166,Stately Bio,statelybio.com,"Palo Alto, CA",,,,,,,False,
78fc3d52-4b22-4047-9eb4-de5eba357428,statera energy,,"London, UK",,,,,,,False,
263310759,Statiq,statiq.in,"Gurugram, India",,8.37,Series A,25700000.0,,Akshit Bansal (Founder): https://linkedin.com/in/akshit-bansal-829b6585,True,220.0
121552215,"STAX Engineering, Inc.",staxengineering.com,"Los Angeles, CA",,,,,,,False,
e86f48dd-56ad-4308-8a27-dd8db3b179c9,steady energy,https://steadyenergy.com/,"Espoo, Finland",,,,,,,False,
1756153,SteamaCo,steama.co,U.K.,,,,,,,False,
cf19eff9-f930-48da-bd6e-5af95d7b1ae6,stegra,https://stegra.com/,"Stockholm, Sweden",,,,,,,False,
1587677,Stem,stem.com,"San Francisco, California",,-1.71,Public Markets,405300000.0,Greener Capital,"Brian Thompson (Founder, CEO): https://linkedin.com/in/brianthompson",True,403.0
278994287,Stemy Energy,stemyenergy.com,Spain,,,,,,,False,
7d64ee34-3879-4dab-b1f6-ace724ea293b,stenon,https://stenon.io/,Germany,,,,,,,False,
5a688fd4-9ddd-4903-b4c3-ee76747aa3e9,stepstone group,,New York,,,,,,,False,
289028929,Stepwise,stepwise.no,"Stavanger, Norway",,31.58,,35000000.0,,Per-Robert Jacobsen (Co-Founder and Executive Chair): https://linkedin.com/in/per-robert-jacobsen-978b70b0,True,25.0
203276494,Steward,gosteward.com,"Portland, Oregon",,-14.29,Series A,8800000.0,The Grantham Environmental Trust’s venture capital vehicle,Dan Miller (Founder & CEO): https://linkedin.com/in/dan-miller-0a41357,True,12.0
38577726-2e93-41c3-aaa1-18e7d92a8fdc,stilla technologies,,France,,,,,,,False,
280819178,Stockeld Dreamery,stockeld.com,Sweden,,,,,,,False,
289789685,Stoke Space,stokespace.com,"Renton, Washington",,40.48,Series B,100000000.0,MaC Ventures,Andy Lapsa (Founder): https://linkedin.com/in/andy-lapsa-6338ba231,True,177.0
1784536,Stor.ai (formerly Self Point),stor.ai,"Tel Aviv, Israel",,,,,,,False,
1673871,StoreDot,store-dot.com,"Herzliya, Israel",,-15.87,Series D,,Samsung,David Gilmour (Executive Chairman): https://linkedin.com/in/davidiangilmour,True,106.0
297273417,storio energy,storioenergy.com,"Paris, France",,11.11,Seed,5500000.0,Bump,,True,10.0
1532550,Stormfisher Biogas,stormfisher.com,"Toronto, Canada",,,,,,,False,
73d18f03-3e41-4472-a667-3a15fa2ef9b7,stormfisher hydrogen,https://stormfisher.com/,"Toronto, Canada",,,,,,,False,
156294091,StormHarvester,stormharvester.com,"Castlereagh, United Kingdom",,21.05,Series A,10200000.0,,Brian Moloney (Founder and Managing Director): https://linkedin.com/in/brian-moloney-9a155229,True,46.0
74236372,StormSensor,stormsensor.io,"Seattle, Washington",,0.0,Debt,50000.0,Institute’s Social Investment Fund,Erin Rothman (CEO & Co-founder): https://linkedin.com/in/erin-rothman-64592028,True,5.0
4346a6bf-8fb1-4107-bf4d-3e61f3000b4e,strangeworks,https://strangeworks.com/,"Austin, Texas",,,,,,,False,
291838777,Strata Clean Energy,stratacleanenergy.com,"Durham, NC",,,,,,,False,
12134a73-3c75-4d6d-8182-6f1d45988ab6,stratasys,https://www.stratasys.com/,"Tel Aviv, Israel",,,,,,,False,
d477f113-423a-47ba-b6c8-1fa9b9fdfb3b,strategic biofuels,,"Columbia, LA",,,,,,,False,
1613457,StreetLight Data,streetlightdata.com,"San Francisco, California",,1.44,Series D,15000000.0,T-Venture,Laura Schewel (Founder and Chief Executive Officer): https://linkedin.com/in/lauraschewel,True,141.0
283410677,Strider Technologies,striderintel.com,"Salt Lake City, Utah",,,,,,,False,
0c875277-04dc-4628-9102-b75926091277,strike graph,,"Seattle, WA",,,,,,,False,
225147673,Striveworks,striveworks.us,"Austin, Texas",,,,33667650.0,,James Rebesco (Chief Executive Officer): https://linkedin.com/in/jrebesco,True,
268096953,Strong by Form,strongbyform.com,"Madrid, Spain",,,,,,,False,
130574781,StructionSite,structionsite.com,"Oakland, California",,-28.57,Series C,10000000.0,existing investors,Philip Lorenzo (Cofounder and Chief Product Officer): https://linkedin.com/in/philip-lorenzo-94602018,True,5.0
162568408,StructShare,structshare.com,"New York, New York",,-22.22,Other,8000000.0,SeedIL,"Or Lakritz (Co-Founder, Chief Product & Strategy Officer): https://linkedin.com/in/orlakritz",True,28.0
1b588623-e507-45a6-920e-d68133b8afb6,subeca,https://www.subeca.com/,"Richardson, TX",,,,,,,False,
263537951,Sublime Systems,sublime-systems.com,"Somerville, Massachusetts",,18.67,Series A,40000000.0,The Engine,Isabella Allen (Chief of Staff to CEO / Co-Founder): https://linkedin.com/in/isabella-allen-9699757,True,89.0
268025424,SubsBase,subsbase.com,"Cairo, Egypt",,,,,,,False,
283658955,suena,suena.energy,"Hamburg, Germany",,5.88,Seed,3000000.0,Business Angels,Melvin Rinkleff (Founder Associate (Working Student)): https://linkedin.com/in/melvin-rinkleff,True,36.0
a70f6204-1f46-46e2-9a8d-2762e248461f,suind,,"Bangalore Urban, India",,,,,,,False,
2c079ab8-3264-46a7-b27a-a9d5ed7d7b90,suiso,,"Sheffield, UK",,,,,,,False,
289383906,Sumday,sumday.io,"Burnie, Australia",,0.0,Seed,5300000.0,Blackbird,Jessica Richmond (Co - Founder & CEO): https://linkedin.com/in/jessica-richmond-b799864b,True,19.0
221151968,Summit Nanotech,summitnanotech.ca,"Calgary, Canada",,-23.4,Series A,50000000.0,Climate Tech Fund,Amanda Hall (CEO): https://linkedin.com/in/amanda-hall-cleantech,True,108.0
7194ad86-dfaf-4982-a998-888ba22384ef,summit ridge energy,,"Arlington, VA",,,,,,,False,
124903859,The Sun Exchange,thesunexchange.com,"Cape Town, South Africa",,-10.0,Debt,2500000.0,ARPF,"Levi Gavriel Tepljak (CFO, Co-founder): https://linkedin.com/in/levi-tepljak",True,27.0
3a4212bd-ef82-47fb-a2de-d4e6a890e4ed,sun mobility,,India,,,,,,,False,
281079867,Sunairio,sunairio.com,"Baltimore, Maryland",,25.0,Other,6400000.0,"MassMutual Ventures' Climate Tech Fund,","Mitchell Walk (Co-Founder, Head of Business Development): https://linkedin.com/in/mitchwalk",True,10.0
8b885369-ccba-4961-b5e3-25fe9f6c4078,sunculture,https://www.sunculture.com/,"Nairobi, Kenya",,,,,,,False,
294866240,SunDensity,sundensity.us,"Rochester, New York",,12.0,,15651900.0,,Shefali Patel (CEO): https://linkedin.com/in/shefali-patel-53780916,True,19.0
263460380,Sundrive Solar,sundrivesolar.com,"South Sydney, Australia",,,,,,,False,
278766138,Sunflower Therapeutics,sunflowertx.com,"Medford, MA",,,,,,,False,
287949546,Sunhat,getsunhat.com,"Cologne, Germany",,72.73,Seed,5000000.0,WEPA Ventures,Ali Kamalizade (Co-Founder & CTO): https://linkedin.com/in/alikamalizade,True,38.0
282618931,Sunhero,sunhero.com,"Barcelona, Spain",,-47.13,Series A,10000000.0,All Iron Ventures,Stefan Braun (Co-Founder): https://linkedin.com/in/stefanbraun1,True,46.0
e53065c6-5739-4d31-8ca3-3441dc25126c,sunking,,"Nairobi, Kenya",,,,,,,False,
c2bf063b-5cb9-4daa-9835-316a4a323c41,sunlight financial,,Undisclosed,,,,,,,False,
4e56d818-bad5-49e1-a600-1c78be3385fd,sunly,,"Tallinn, Estonia",,,,,,,False,
1696546,Sunnova,sunnova.com,"Houston, Texas",,-10.19,Public Markets,100000000.0,"Triangle Peak Partners, LP",Lynda Attaway (Chief Strategy Officer and Co-Founder): https://linkedin.com/in/lynda-attaway,True,1164.0
225193549,SunRoof,sunroof.se,"None, Sweden",,-22.68,Series B,13500000.0,Jon Olsson,,True,75.0
285823358,SunSave,sunsave.energy,"London, United Kingdom",,11.11,Seed,5400000.0,Roland Rudd,Camilla Beltrame (Founder Associate): https://linkedin.com/in/camilla-beltrame,True,30.0
282642715,Sunstone Credit,sunstonecredit.com,"Baltimore, Maryland",,-9.09,Series A,20000000.0,Cross River Digital Ventures,,True,40.0
cafe09a4-c9b5-49f9-9689-caade77d3451,sunswap,https://sunswap.com/,"Leatherhead, U.K.",,,,,,,False,
6015295e-45db-466c-9809-c836b8c432bf,suntuity renewables,,"Holmdel, NJ",,,,,,,False,
1697892,Sunverge Energy,sunverge.com,"San Francisco, California",,-41.67,Other,11000000.0,Southern Cross Renewable Energy Fund,Dean Sanders (Chairman & CTO (Co-founder)): https://linkedin.com/in/dean-sanders-b96b3a16,True,14.0
279067466,Sunvigo,sunvigo.de,"Cologne, Germany",,-75.68,Series C,19500000.0,Triodos Energy Transition Europe Fund,Vigen N. (Co-founder and Managing Director): https://linkedin.com/in/vigen-n-92773164,True,18.0
9dd421d0-cdfc-4e5c-ac13-3033100e2945,super73,https://www.super73.com/,"Irvine, CA",,,,,,,False,
286662372,SuperCircle,supercircle.world,"New York, New York",,5.0,Seed,7000000.0,BBG Ventures,Phong Nguyen (Co-Founder / CTO): https://linkedin.com/in/phongn,True,21.0
7c9bc815-27af-417b-a817-d6cfb95ad4ce,supercritical,,UK,,,,,,,False,
b9ec25e2-cdf4-4bc3-828f-868bdbc42a29,supercritical solutions,https://www.supercritical.solutions/,"Berkshire, U.K.",,,,,,,False,
4c6fb8a2-330e-4c1d-9f0c-50c16fb2a85b,supernode,https://www.supernode.com/,"Dublin, Ireland",,,,,,,False,
b2bc2899-3c02-44a2-b591-ff2a39f49f39,supernova invest and crédit agricole group,,"Paris, France",,,,,,,False,
1645170,Superpedestrian,superpedestrian.com,Boston,,,,,,,False,
bf1c9207-0424-408f-95ec-351f545cc3fa,superplum,https://superplum.com/,India,,,,,,,False,
1e201c6d-1873-4053-b645-6f05a2857979,supplant,https://supplant.com/,Israel,,,,,,,False,
1615663,SupplyShift,supplyshift.net,"Santa Cruz, California",,-47.06,,10000000.0,Tenfore,Alex Gershenson (CEO): https://linkedin.com/in/alexander-gershenson,True,18.0
a17efcda-19e8-463c-8994-7d96a329bf65,sureimpact,https://www.sureimpact.com/,"Powell, OH",,,,,,,False,
288741717,Suryanesia,suryanesia.com,Indonesia,,,,,,,False,
284354666,Sustaera,sustaera.com,"Cary, NC",,,,,,,False,
282329104,Sustain.Life,sustain.life,"New York, New York",,-73.58,Seed,16000000.0,Seyen Capital,Annalee Bloomfield (CEO): https://linkedin.com/in/annalee-bloomfield-37aa009,True,14.0
220452718,SustainCERT,sustain-cert.com,"Roeser, Luxembourg",,-14.16,Series B,37000000.0,1to4 Foundation,,True,97.0
280856678,SustainKart,sustainkart.com,India,,,,,,,False,
cdd29dcd-fb42-46fb-9df3-9522d99ece53,susteon,https://susteon.com/,"Cary, NC",,,,,,,False,
977db096-6473-4899-aed0-1eb01b611b7e,svante,,"Burnaby, Canada",,,,,,,False,
7db8213c-0f41-4664-9217-e9af744f0814,svante technologies,,"Vancouver, Canada",,,,,,,False,
a81bd7eb-a0fc-4434-b11a-34df53d2e56b,svx,,"Sunnyvale, Calif.",,,,,,,False,
3c6b3b7e-d68a-4a0c-a44f-ab74c939bd3e,swantide,https://swantide.com/,"San Francisco, CA",,,,,,,False,
292563868,PhoenixEra Swap Energy Solutions,swapenergies.com,Indonesia,,,,,,,False,
283612324,Swap Robotics,swaprobotics.com,"Ontario, Canada",,,,,,,False,
151467755,Swarm Engineering,swarm.engineering,"San Juan Capistrano, California",,0.0,Seed,2700000.0,Rinvest,Stu Frost (Chairman & Co-founder): https://linkedin.com/in/stu-frost,True,23.0
116048914,SwarmFarm Robotics,swarmfarm.com,"Gindie, Australia",,,,,,,False,
63e79c84-009f-43d5-92b3-9820dd5122d4,sweetch energy,,"Rennes, France",,,,,,,False,
4709d908-0272-4340-9728-d46d495b89cf,swell energy,https://www.swellenergy.com/,"Los Angeles, CA",,,,,,,False,
200339407,Swift Solar,swiftsolar.com,"San Carlos, California",,0.0,Series A,27000000.0,BlueScopeX,"Maximilian Hoerantner (Co-Founder, VP of Engineering): https://linkedin.com/in/maxhoerantner",True,39.0
1787084,Swiftmile,swiftmile.com,"San Carlos, California",,-26.32,Series A,5000000.0,Verizon Ventures,Keith Moravick (Co-Founder | CTO): https://linkedin.com/in/keith-moravick-63ab037,True,14.0
285416238,Switch Bioworks,switchbioworks.com,San Carlos,,,,,,,False,
262948234,SW/TCH Maritime,switchmaritime.com,"Jackson, WY",,,,,,,False,
209882188,SwitchDin,switchdin.com,"Maitland, Australia",,-6.38,,3456858.0,,Andrew M. (Chief Executive Officer & Founder): https://linkedin.com/in/andrewmears,True,44.0
87b47054-e0cd-4980-bd24-bfc93b0d9134,switchee,https://www.switchee.com/,"London, U.K.",,,,,,,False,
67affa30-7778-4963-a4c6-2a815af120ff,swobbee,https://swobbee.com/,Germany,,,,,,,False,
42d4fdbe-d69b-4a07-a271-7c42de68b375,swtch energy,https://www.swtchenergy.com/,"Toronto, Canada",,,,,,,False,
225104370,Sylvera,sylvera.com,"London, United Kingdom",,-9.2,Series B,57000000.0,9Yards Capital,Samuel Gill (Co-Founder & COO): https://linkedin.com/in/samuel-gill,True,148.0
460db2c2-2034-4690-842b-ee76406724b4,symbrosia,,"Kailua-Kona, Hawaii",,,,,,,False,
409aa24c-ee9f-47de-b2ab-7c653a5dcfaf,sympower,https://sympower.net/,Amsterdam,,,,,,,False,
53808597,Synaptec,synapt.ec,"Glasgow, United Kingdom",,7.14,Other,8172385.0,Scottish Investment Bank,Paweł Niewczas (Founder and R&D Director): https://linkedin.com/in/pawe%C5%82-niewczas-66b437aa,True,45.0
262656555,Sync Computing,synccomputing.com,"Cambridge, Massachusetts",,-7.69,Series A,15500000.0,The Engine,"Jeff Chou (Co-Founder, CEO): https://linkedin.com/in/jeffchoumit",True,24.0
287691203,Synergi,synergi.so,"Helsinki, Finland",,7.14,Seed,2000000.0,Vaens,"Harri Iisakka (Co-founder, Operations): https://linkedin.com/in/iisakkaharri",True,15.0
200338553,Synhelion,synhelion.com,Switzerland,,,,,,,False,
61ca512b-6ee7-4f40-83d1-71054cfe1f7b,synonym biotechnologies,https://synonymbio.com/,"New York, NY",,,,,,,False,
286790356,Synop.ai,synop.ai,"New York, New York",,-18.92,Series A,10100000.0,Obvious Ventures,Gagan Dhillon (Co-Founder): https://linkedin.com/in/gagan-dhillon-6b5b5116,True,30.0
a0ba5772-c531-477f-ab3f-18af6a466e3e,syntetica,,"Paris, France",,,,,,,False,
2ed7c801-887a-4ad3-a477-5e34bfba1b54,synthesia,https://www.synthesia.io/,"London, UK",,,,,,,False,
0478bd10-5f99-4dd5-abfd-f948c1fb6b30,synthetaic,,"Delafield, Wis.",,,,,,,False,
ead4f880-13d1-4ce3-b343-883b3052b2e2,synthica,,"Blue Ash, OH",,,,,,,False,
9444df71-6fb5-43fd-9df1-64e0f2bc02dd,syso technologies,,"Cambridge, MA",,,,,,,False,
161812293,Syzygy Plasmonics,plasmonics.tech,"Houston, Texas",,-8.04,Series C,76000000.0,angel investors from the Creative Destruction Lab program and the Houston area,,True,103.0
295915882,T-Robotics,t-robotics.ai,"San Francisco, California",,125.0,Seed,5400000.0,Berkeley Skydeck,,True,9.0
282565389,TablePointer,tablepointer.com,Singapore,,,,,,,False,
202531563,Tackle.io,tackle.io,"Boise, Idaho",,-11.62,Series C,100000000.0,Bessemer Venture Partners,Dillon Woods (Founder): https://linkedin.com/in/dewoods,True,175.0
1620456,tado°,tado.com,"Munich, Germany",,-5.29,Other,32626200.0,Statkraft Ventures,Valentin Sawadski (Co-Founder): https://linkedin.com/in/sawadski,True,215.0
accb7c32-c8c1-45dc-9e0c-6b69407c4419,tae technologies,https://taetechnologies.com/,"Foothill Ranch, CA",,,,,,,False,
291710524,"TakeOff Technologies, Inc.",shoptakeoff.com,"Waltham, MA",,,,,,,False,
223955956,Tallarium,tallarium.com,"London, UK",,,,,,,False,
93dfd8c8-26e9-47a9-8c36-2901e4390bd1,tan90,,India,,,,,,,False,
a91bd3b4-ccbf-49ab-800e-2eecd05b947d,tandem pv,https://www.tandempv.com/,"Santa Clara, CA",,,,,,,False,
285181610,Tangible,tangiblematerials.com,"San Francisco, California",,23.08,Seed,3000000.0,Redstone Built World Fund,Anneli Tostar (CEO + Co-Founder): https://linkedin.com/in/anneli-tostar-424a1760,True,16.0
98f3795b-653a-45d7-b43e-2764b15fc16e,tata motors,,India,,,,,,,False,
223146020,Tau Group,tau.group,"Pianezza, Italy",,-1.54,Series B,11911240.0,corporate venturing arm of German specialty chemicals company Altana AG,Francesco Taiariol (CEO): https://linkedin.com/in/taiariol,True,64.0
284032253,TCab Tech,tcabtech.com,Shanghai,,,,,,,False,
221387728,TDK Ventures,tdk-ventures.com,"San Jose, CA",,5.71,Investment Fund,150000000.0,"TDK Ventures, Inc.",,True,37.0
118306215,tealbook,tealbook.com,"Toronto, Canada",,-1.32,Series B,50000000.0,Good Friends,Stephany Lapierre (Chief Executive Officer): https://linkedin.com/in/tealbook,True,75.0
291943076,Tebrio,tebrio.com,"Salamanca, Spain",,,,,,,False,
223828728,Technosylva,technosylva.com,"San Diego, California",,32.18,Other,,General Atlantic’s BeyondNetZero Fund,Bryan Spear (Chief Executive Officer): https://linkedin.com/in/business-solution-strategy,True,115.0
1612745,TEKEVER,tekever.com,"Lisbon, Portugal",,,,,,,False,
299902524,Tekoma Energy KK,tekoma.energy,Tokyo,,,,,,,False,
262393266,Teleo,teleo.ai,"Palo Alto, California",,0.0,Series A,16200000.0,Trousdale Ventures,Rom (Romain) Clement (Co-founder & CTO at Teleo): https://linkedin.com/in/romclement,True,26.0
353d3344-250e-4ae9-8317-0ace068fad5d,telesense,https://www.telesense.com/,"Sunnyvale, CA",,,,,,,False,
289445660,Telo Trucks,telotrucks.com,"San Carlos, California",,,,,,,False,
286459041,tem.,tem.energy,"London, United Kingdom",,52.17,Series A,13700000.0,Nilan Peiris,Jason Stocks (Co-Founder): https://linkedin.com/in/jason-stocks-ab97476b,True,35.0
d1c78269-07e6-42a5-a760-3074ea9ae0b3,tembici,https://www.tembici.com.br/,"São Paulo, Brazil",,,,,,,False,
279110167,TEMO France,temofrance.com,"Vannes, France",,9.09,Series A,6000000.0,Bpifrance,,True,24.0
122979129,TemperPack,temperpack.com,"Richmond, VA",,,,,,,False,
100247068,Tempus,tempus.com,"Chicago, Illinois",,2.27,Public Markets,200000000.0,Baillie Gifford International,Eric Lefkofsky (Founder and CEO): https://linkedin.com/in/ericlefkofsky,True,2345.0
1016906c-dd78-48fa-8a85-877df1ee6c61,tender food,https://tenderfood.com/,"Sommerville, MA, U.S.",,,,,,,False,
916bada4-57d1-4a64-a72d-20154f464c29,tenderd,https://tenderd.com/,"Copenhagen, Denmark",,,,,,,False,
225086899,Tenet,tenet.com,"New York, New York",,-41.67,Series A,30000000.0,angel investors,"Andreas Wallendahl (Co-founder, COO): https://linkedin.com/in/awallendahl",True,14.0
09ebf040-e5f4-40e6-8d6c-4772e0e0ce31,tenet energy,,"New York City, NY",,,,,,,False,
225102051,Tensor Ventures,tensor.ventures,Prague,,,,,,,False,
4494ef53-0478-446c-8833-1705ea3315c5,tenways ebike,https://tenways.com/,Hong Kong,,,,,,,False,
f040b5ad-a428-4618-9649-1197fecb3545,tepbac,,"Ho Chi Minh City, Vietnam",,,,,,,False,
ee178e3c-3632-4a5e-8ee3-66438f4b62cb,tepeo,,"Wokingham, U.K.",,,,,,,False,
224081227,Terabase Energy,terabase.energy,"Berkeley, California",,14.88,Series C,130000000.0,existing and new strategic investors,"Dan Cohen (EVP, Technology & Operations, Co-Founder): https://linkedin.com/in/dan1cohen",True,139.0
f6a1e2a5-9d49-45c4-bd94-6a5d34273803,terapore technologies,https://www.terapore.com/,"San Francisco, CA",,,,,,,False,
282618800,TeraWatt Infrastructure,terawattinfrastructure.com,"San Francisco, California",,-2.94,Series B,1000000000.0,Cyrus Capital,Brian Kibby (Commercial Advisor to CEO): https://linkedin.com/in/briankibby,True,66.0
290897461,Tereform,tereform.com,"Denver, CO",,,,,,,False,
3953dff4-6eef-4a4b-a36d-01058d9adc47,tern ai,https://tern.ai/,"Austin, TX",,,,,,,False,
cede84e4-e6bb-4e75-bd10-ddc7268a72c7,ternel,,"Paris, France",,,,,,,False,
255177394,Terra CO2 Technologies,terraco2.com,"Golden, Colo.",,,,,,,False,
4b121072-136e-4c5c-9ef6-81813bc93f21,terra one,,"Berlin, Germany",,,,,,,False,
262418988,Terra.do,terra.do,"Stanford, California",,25.0,Seed,5000000.0,Stanford Angels & Entrepreneurs,Kamal Kapadia (Co-Founder and Chief Learning Officer): https://linkedin.com/in/kamal-kapadia-bb0a181,True,5.0
224200689,Terradepth,terradepth.com,"Austin, Texas",,29.63,Other,20000000.0,Seagate Technology,Judson K. (Co-Founder and Director): https://linkedin.com/in/judson-k-01468131,True,35.0
0523bb76-ca31-4406-9640-f4ff438af471,terradot,,San Francisco,,,,,,,False,
279149359,Terraformation,terraformation.com,"Waimea, Hawaii",,-2.17,Series A,30000000.0,,Tyler Levine (Internship with Terraformation/Founder and CEO for SEEDS of Honua): https://linkedin.com/in/tyler-levine-905779226,True,90.0
291586233,Terragia Biofuel,terragiabiofuel.com,"Hanover, NH",,,,,,,False,
287894032,terralayr,trlyr.com,"Zug, Switzerland",,69.57,Seed,77000000.0,Norrsken VC,Ludwig Wurlitzer (Founder & COO): https://linkedin.com/in/ludwig-wurlitzer-7a61b587,True,39.0
26090454,Terramera,terramera.com,Canada,,,,,,,False,
2e5367a9-ac77-4e89-b49b-f60c4ed1fc39,terrantic,https://www.terrantic.com/,"Seattle, U.S.",,,,,,,False,
1637312,TerraPower,terrapower.com,"Bellevue, Washington",,8.97,Other,750000000.0,Microsoft,Christopher Levesque (President and CEO): https://linkedin.com/in/christopher-levesque-9ab1326a,True,729.0
296992411,Terrathermo,terrathermo.eu,"Dublin, Ireland",,,,,,,False,
8158b429-de10-486e-9dd0-737c927db661,terrestrial energy,,"North Carolina, USA",,,,,,,False,
294088398,Terreva Renewables,terrevarenewables.com,"Atlanta, GA",,,,,,,False,
1747709,TerViva,terviva.com,"Oakland, California",,-17.53,Other,54000000.0,Florida agricultural family offices,"Sudhir Rani (Co-founder, Chief Corporate Development Officer): https://linkedin.com/in/sudhir-rani-a1a70712",True,80.0
224783534,TestFit,testfit.io,"Dallas, Texas",,-29.41,Series A,20000000.0,Parkway Venture Capital,Clifton Harness (Chief Executive Officer): https://linkedin.com/in/cliftonharness,True,36.0
891e9ca0-e8c3-41fe-b530-42f24cb029e4,tewke,,"London, U.K.",,,,,,,False,
292895391,Texture,texture.energy,"New York, New York",,67.0,,5000000.0,,Nicholas Alan Brown (Co-founder and Chief Product Officer): https://linkedin.com/in/nicholasalanbrown,True,5.0
1cad519d-1cb5-4d58-98d9-3d14087714c8,tg0,https://www.tg0.co.uk/,"London, UK",,,,,,,False,
6c6f15b3-b18a-4454-bd53-b082d109cc07,the ancient environmental genomics initiative for sustainability,,U.S.,,,,,,,False,
d53b63ea-ca6a-46ce-b2fd-21c449279d63,the bee corp,https://thebeecorp.com/,"Indianapolis, IN",,,,,,,False,
220165515,The Better Meat Co.,bettermeat.co,"West Sacramento, California",,-14.29,Other,1480000.0,Johnsonville,Bruce Demont Nelson (Chief Executive Officer): https://linkedin.com/in/bruce-demont-nelson-067467232,True,24.0
262386996,THE CLIMATE CHOICE,theclimatechoice.com,"Berlin, Germany",,0.0,Series A,2000000.0,Gutter Capital,Dr. Rey Farhan (Co-Founder & Chief Data Scientist): https://linkedin.com/in/reyfarhan,True,15.0
164009796,The Climate Service,theclimateservice.com,"Durham, North Carolina",,0.0,Series A,3825000.0,Association of International Certified Professional Accountants (AICPA),James McMahon (CEO): https://linkedin.com/in/jamesrmcmahon,True,4.0
285079033,The Cool Down,thecooldown.com,"Bend, Oregon",,35.71,Other,5700000.0,Upfront Ventures,"Anna Robertson (Co-Founder, Chief Content Officer): https://linkedin.com/in/anna-robertson-90043b9",True,76.0
262878127,the crop project,thecropproject.com,"Brooklyn, NY",,,,,,,False,
263209178,The Demex Group,thedemexgroup.com,"Washington, District of Columbia",,16.67,Series A,10300000.0,MetaProp,William Clark (President and CEO): https://linkedin.com/in/williamclarkceo,True,21.0
9f96caf5-3c8d-4719-9a4c-bd1e09feba7f,the energy company,,"Bengaluru, India",,,,,,,False,
6f86ec87-9e86-4f79-8112-390ebade3a94,the engine ventures,,"Cambridge, MA, U.S.",,,,,,,False,
dc000273-3085-4013-8bb9-767f4e323bec,the every company,,"San Francisco, CA",,,,,,,False,
17f90846-5873-4a37-9f68-d697ed4e300d,the growhub innovations,,Singapore,,,,,,,False,
b656ef8c-7b08-4095-9acd-0c30b579fbcf,the indigenous power & light fund for energy sovereignty,,U.S.,,,,,,,False,
283465042,The ISH Food Company,ishfood.com,"Wilmington, DE",,,,,,,False,
204067874,The Jackfruit Company,thejackfruitcompany.com,"Boulder, CO",,,,,,,False,
222287283,The Lion Electric,thelionelectric.com,"Saint-Jérôme, Canada",,-40.43,Other,,Desjardins Capital Markets,,True,358.0
22540de6-1da9-4a30-973c-d11f5c6238f4,the mit sloan school of management,https://mitsloan.mit.edu/,"Cambridge, MA",,,,,,,False,
36d5f217-fb12-47f4-9631-f15663d035c9,the new york state common retirement fund,,,,,,,,,False,
87ba31db-374b-4b0f-b5b9-f142fa0d3440,the not company,https://www.notco.com/,Chile,,,,,,,False,
293366656,The Nuclear Company,thenuclearcompany.com,"Lexington, Kentucky",,212.5,,53519400.0,,,True,25.0
847bf018-a8c9-45fc-ad0e-1b40d41eb661,the oman investment authority,,"Muscat, Oman",,,,,,,False,
263598957,The Protein Brewery,theproteinbrewery.nl,Netherlands,,,,,,,False,
291851838,The Rounds,therounds.co,"Philadelphia, Pennsylvania",,-35.21,Series B,24000000.0,Moderne Ventures,,True,46.0
223896112,The Routing Company,theroutingcompany.com,"Boston, Massachusetts",,-7.14,Seed,5000000.0,The Engine,Menno van der Zee (Co-Founder): https://linkedin.com/in/mennovanderzee,True,39.0
fa001e85-dda5-429f-a24d-03b9c6424a16,the ugly company,,"Farmersville, CA",,,,,,,False,
220093951,The Upright Project,uprightproject.com,"Helsinki, Finland",,17.07,Seed,5000000.0,First Fellow Partners,Juha Saarnilampi (Co-Founder): https://linkedin.com/in/juhaveps,True,48.0
1526960,The Westly Group,westlygroup.com,"Menlo Park, CA",,-4.55,Seed,100000000.0,,,True,21.0
0bbd4845-9400-438f-9624-1b3c5108effc,the yield,,Sydney,,,,,,,False,
41b6c664-3052-4c70-9960-5efe6df1bccb,theion,,"Berlin, Germany",,,,,,,False,
263595589,THERMA,hellotherma.com,"San Francisco, California",,-29.41,Series A,19000000.0,CityRock Venture Partners,Aaron Cohen (Co-Founder): https://linkedin.com/in/aaroncohen,True,48.0
c99cdd8b-ac86-413c-8638-581ddd9d84a7,theta lake,https://www.thetalake.com/,"Santa Barbara, CA",,,,,,,False,
282153384,Thiozen,thiozen.com,"Pasadena, CA",,,,,,,False,
220208125,Third Wave Automation,thirdwave.ai,"Union City, California",,-21.57,Series C,27000000.0,Woven Capital,"Arshan Poursohi (CEO, Co-Founder): https://linkedin.com/in/arshanpoursohi",True,40.0
286760256,Thorizon,thorizon.com,"Amsterdam, Netherlands",,,,,,,False,
f3926303-3a9e-4cb0-9bf1-d3e6edb71e38,thought machine,https://thoughtmachine.net/,"London, UK",,,,,,,False,
212127132,ThoughtTrace,thoughttrace.com,"Houston, Texas",,-25.0,Series B,10000000.0,McRock Capital,Regina Jenkins (Executive Administrative Team Manager/EA To President): https://linkedin.com/in/regina-jenkins4118,True,9.0
24532e3e-35ec-4463-8b98-8f8c55fc7dfc,three-sixty aquaculture,https://360aquaculture.com/,"Swansea, U.K.",,,,,,,False,
219925624,ThreeKit,threekit.com,"Chicago, Illinois",,6.25,Series B,35000000.0,ServiceNow,Ben Houston (Founder / CEO / Senior Software Developer): https://linkedin.com/in/benhouston,True,85.0
4e3c7ca5-7a6d-4745-9883-595e54297ca4,thrilling,,"Los Angeles, CA",,,,,,,False,
223606303,ThruWave,thruwave.com,"Seattle, WA",,,,,,,False,
286161468,Thryve.earth,thryve.earth,Singapore,,,,,,,False,
17376640,Tibber,tibber.com,"None, Norway",,5.0,Series C,90000000.0,Eight Roads Ventures,Daniel Lindén (Co-founder & CPO): https://linkedin.com/in/idaniellinden,True,315.0
291967267,TIBO EnergyHub software,tibo.energy,"Eindhoven, Netherlands",,9.52,Seed,6000000.0,members of the tibo energy founding team,,True,23.0
947de544-3c49-4ffd-9585-84125a407569,tickr,https://www.tickr.com/,U.K.,,,,,,,False,
298584485,"tidal metals, a greenblu company",tidalmetals.com,"Hamilton, NJ",,,,,,,False,
85b6c490-d47e-49ee-9915-3d07e7ae858f,tidal vision,https://www.tidalvision.com/,"Bellingham, Washington",,,,,,,False,
141755786,Tidelift,tidelift.com,Boston,,,,,,,False,
202530886,TIER Mobility,tier.app,Germany,,,,,,,False,
159036049,"Tierra Biosciences, Inc.",tierrabiosciences.com,"San Leandro, CA",,,,,,,False,
ca4723df-2e4b-4a6c-a45f-dd2e53b52e6b,tigergraph,,"Mountain View, CA",,,,,,,False,
f4f9798f-7dd3-46e0-aadd-3a2091b69b75,tigo energy,https://www.tigoenergy.com/,"Campbell, CA",,,,,,,False,
f35c66dd-7faf-4a12-8d99-1a4210b59e59,tinybird,https://tinybird.co/,"New York, NY",,,,,,,False,
40dc8a6c-5f37-419c-b037-b80fdcbfd817,tirex transmission,,India,,,,,,,False,
224127563,TOffeeAM,toffeeam.co.uk,"London, UK",,,,,,,False,
225103676,Togal.AI,togal.ai,"Miami, Florida",,14.81,Seed,5000000.0,Coastal Construction,,True,31.0
85f5b16e-1097-4ac3-a3d2-bdf16cd5bf5d,tokamak energy,https://tokamakenergy.co.uk/,"Abingdon, UK",,,,,,,False,
1730412,Tomato Jos,tomatojos.net,Nigeria,,,,,,,False,
284890947,Tomorrow Farms,tomorrowfarms.co,"New York, USA",,,,,,,False,
280953176,Tomorrow.io,tomorrow.io,"Boston, Massachusetts",,-19.84,Late Stage,87000000.0,JetBlue Ventures,HAGIT MESSER (Co Founder): https://linkedin.com/in/hagit-messer-a3947762,True,198.0
284217872,topanga.io,topanga.io,"Los Angeles, California",,28.57,,3600000.0,Struck Capital,"Adam Bailey (Co-Founder, CTO): https://linkedin.com/in/adam-bailey",True,27.0
37581899,Topl,topl.co,"Houston, Texas",,-42.86,Series A,15000000.0,Republic Asia,,True,12.0
1766544,TOPOLYTICS,topolytics.com,"Edinburgh, United Kingdom",,-50.0,Other,1810770.0,,Gordon Cowtan (Co-founder and Director): https://linkedin.com/in/gordon-cowtan-94a40a4,True,2.0
287758816,Torev Motors,torevmotors.com,Washington D.C.,,,,,,,False,
296875028,TortoiseEcofin Acquisition Corp III,trtlspac.com,,,,,312957675.0,,,True,
131082442,Tortuga AgTech,tortugaagtech.com,"Lakewood, Washington",,-43.14,Series A,20004988.0,Grit Ventures,Eric Adamson (Co-founder and Chief Executive Officer): https://linkedin.com/in/eric-adamson,True,29.0
618e8dc5-f57b-4173-8755-13d16e392a32,toyota ventures,,"Los Altos, CA",,,,,,,False,
32ded36b-a149-41af-a06a-2a04da25f1b2,tozero,,"Munich, Germany",,,,,,,False,
998cdd67-65c6-4fad-a2c2-00dcb4f16f78,tpg rise climate,https://www.tpg.com/,"San Francisco, U.S.",,,,,,,False,
c7404d60-93f3-49be-bdd4-6adec153987b,traace,,France,,,,,,,False,
2535679,Trace Genomics,tracegenomics.com,"San Francisco, California",,-28.57,Series B,10500000.0,others,Daniel R. Vradenburg (Chief Executive Officer): https://linkedin.com/in/daniel-r-vradenburg-87a45520,True,40.0
224079707,Trace Midstream,tracemidstream.com,"Houston, TX",,,,,,,False,
79fdb88a-a5a0-4d12-a8e0-362a6767659a,traceless materials,https://www.traceless.eu/,"Hamburg, Germany",,,,,,,False,
3e63f9ce-eec7-4d32-aa25-2568b0e2a46d,track3d,,"San Francisco, CA",,,,,,,False,
261171337,Tractian,tractian.com,"Atlanta, Georgia",,21.09,Series C,120000000.0,Ngp Capital,"Igor Marinelli (Founder, Co-CEO): https://linkedin.com/in/igmarinelli",True,333.0
222067066,Tradespace,tradespace.io,"San Francisco, California",,14.29,Seed,4200000.0,Amplo VC,Alec Sorensen (Founder & CEO): https://linkedin.com/in/alec-sorensen-a325a447,True,16.0
301099153,Tradeverifyd,tradeverifyd.com,"Bozeman, Montana",,,Series A,8000000.0,Silicon Road Vc,,True,15.0
78eb8c87-2472-46f4-acfe-8c271a5e36a4,tradim,https://www.tradim.com/,France,,,,,,,False,
212128198,Transaera,transaera.com,"Somerville, Massachusetts",,-31.25,Seed,8200000.0,Saint Gobain,Ross Bonner (Co-Founder and CTO): https://linkedin.com/in/rossbonner16,True,11.0
164723349,Transect,transect.com,"San Antonio, Texas",,-2.27,Other,1450000.0,Holt Ventures,Samuel Laine (Co-Founder and Chief Growth Officer): https://linkedin.com/in/sdlaine,True,43.0
61e63fff-6c3a-4734-93d7-684c31eff871,transficc,https://www.transficc.com/,"London, UK",,,,,,,False,
278696098,Transmutex,transmutex.com,"Genève, Switzerland",,,,,,,False,
1665219,TransVoyant,transvoyant.com,"Alexandria, VA",,,,,,,False,
b9c93993-78e1-443f-9022-7a108e08f384,trapview,https://www.trapview.com/,Slovenia,,,,,,,False,
94cfebf4-4609-4ea3-8345-cfe7216f7773,travertine technologies,,"Boulder, CO",,,,,,,False,
288708252,TRAWA Film,trawa.de,"Berlin, Germany",,48.28,Seed,10000000.0,Julian Teicke,David Budde (Co-Founder & CEO): https://linkedin.com/in/dbudde,True,43.0
291165072,TRAYD,buildtrayd.com,"New York, New York",,25.0,Seed,4500000.0,Suffolk Technologies,,True,10.0
151466602,TreaTech,trea-tech.com,"Lausanne, Switzerland",,,,,,,False,
284691069,Trebellar,trebellar.com,"San Francisco, California",,-5.88,Seed,3500000.0,KFund,David Garcia Quintas (Co-Founder): https://linkedin.com/in/dgq,True,16.0
62d5cc0c-287a-4604-a8f5-2201074993f5,tree energy solutions,,"Brussels, Belgium",,,,,,,False,
282083105,Tree.ly,tree.ly,"Dornbirn, Austria",,75.0,Seed,5000000.0,Symbia VC,Matthias Ehrhardt (Co-Founder): https://linkedin.com/in/matthiasdehrhardt,True,28.0
ff307179-3966-4d09-b243-7dea0ece5c7c,treecard,https://treecard.org/,UK,,,,,,,False,
3e8f85f0-c56d-4eee-bdcb-1b714ed9bac7,treedots,,Singapore,,,,,,,False,
289167835,treefera,treefera.com,"London, United Kingdom",,53.57,Series B,30000000.0,Albion VC,Jonathan Horn (Founder & CEO): https://linkedin.com/in/jonathan-horn-4792075,True,43.0
245a06af-515f-4242-b0a2-da7b86c3426e,treesplease games,https://www.treespleasegames.com/,"London, UK",,,,,,,False,
263346555,Treet,treet.co,"San Francisco, California",,17.24,Series A,10000000.0,Two Sigma Ventures,Jake Disraeli (Co-Founder & CEO): https://linkedin.com/in/jakedisraeli,True,34.0
282710915,Treetoscope,treetoscope.com,"Mikveh Israel, Israel",,,,,,,False,
e48b1dfa-e3a6-4b7a-ab38-a9d7971f3273,trellis data,,"Canberra, Australia",,,,,,,False,
321b81c0-b911-4941-9d2b-aba474d81788,tribaldata,https://tribaldata.com/,Spain,,,,,,,False,
128363262,Trio Mobil,triomobil.com,"Marietta, Georgia",,-4.15,,26500000.0,TIBAS Ventures,Nevzat Ataklı (Cofounder): https://linkedin.com/in/atakli,True,185.0
e6ffabbb-80b4-4074-ba2b-bc6377b88c97,triplebar,,"Emeryville, CA",,,,,,,False,
263175088,Triplew3,triplew.co,"Netanya, Israel",,12.5,Series B,16500000.0,LG Technology Ventures,Amir Oranim (Co Founder and CEO): https://linkedin.com/in/amir-oranim-89a38b27,True,36.0
288635398,Triton Anchor,tritonanchor.com,"Chelmsford, MA",,,,,,,False,
78856981,Triumvirate Environmental,triumvirate.com,"Somerville, MA",,,,,,,False,
8b24ea35-c273-4c9b-8c20-62870a7caa5d,troes,,"Markham, Canada",,,,,,,False,
7d04aa47-7aad-4348-830e-9c9d28ef3cf7,trojan energy,https://trojan.energy/,"Stonehaven, UK",,,,,,,False,
9928dbac-b86d-4674-9bf8-ed8daf5f033f,tropic bioscience,https://tropicbioscience.com/,UK,,,,,,,False,
79bcf593-4f4c-47a2-9189-e946c2c889b8,tropic biosciences,https://tropicbiosciences.com/,UK,,,,,,,False,
280236858,Trove,trove.co,"Brisbane, California",,3.0,Series D,77500000.0,Capital One Ventures,Gayle Tait (Chief Executive Officer): https://linkedin.com/in/gayle-tait-942b8619,True,277.0
65914464,TruckLabs,trucklabs.com,"Burlingame, California",,-15.38,Series B,,Uncork Capital,Ed Pitt Ford (Co Founder): https://linkedin.com/in/ed-pitt-ford-16393120,True,11.0
110753206,Trucks Venture Capital,trucks.vc,San Francisco,,,,,,,False,
1ac3f8a7-a445-4dbd-ad68-160afd1b30fa,true anomaly,https://www.trueanomaly.com/,"Centennial, CO",,,,,,,False,
220984041,TrueFort,truefort.com,"Weehawken, New Jersey",,-19.12,Series B,30000000.0,Canaan,,True,55.0
e59759d4-5277-4647-8d8d-1d96f6b60586,trusttrace,,Sweden,,,,,,,False,
263787598,TS Conductor,tsconductor.com,"Arcadia, California",,35.29,,60000000.0,Gates Frontier,Jason Huang (Chief Executive Officer): https://linkedin.com/in/jason-huang-6425b7,True,46.0
262984557,tset,tset.com,"Vienna, Austria",,-9.76,Series A,12700000.0,,"Andreas Tsetinis (CEO, geschäftsführender Gesellschafter): https://linkedin.com/in/andreas-tsetinis-008a1bb4",True,74.0
224636916,Tsubame BHB,tsubame-bhb.co.jp,"Kanagawa, Japan",,,,,,,False,
57535e11-5440-4a92-ba6f-c609239a6401,tumeke,,"San Mateo, Calif.",,,,,,,False,
303517421,Turing Dream,turingdream.com,"Madrid, Spain",,,,,,,False,
291148934,Turn2X (Formerly Turn Energy),turn2x.com,"Munich, Germany",,,,,,,False,
6245120b-d725-4be2-b818-ab47743b407a,turnover labs,,"New York City, NY",,,,,,,False,
263365762,Turntide Technologies,turntide.com,"Sunnyvale, California",,-7.31,Series C,80000000.0,OGCI Climate Investments (OGCI CI),Ryan Morris (Chairman & CEO): https://linkedin.com/in/ryan-morris-a1a9219,True,203.0
1c7b294b-81a7-498f-85be-11c9005ba417,turtletree,https://turtletree.com/,Singapore,,,,,,,False,
223150909,TurtleTree Labs,turtletreelabs.com,Singapore,,,,,,,False,
cc06677c-ba9e-46f0-897d-9b2da3627ac8,tusimple,,"San Diego, CA",,,,,,,False,
223172333,Tvarit,tvarit.com,"Frankfurt, Germany",,-18.64,Series A,6500000.0,4impact Capital,Suhas Patel (CEO and Co-Founder): https://linkedin.com/in/patelsuhas,True,48.0
198219722,TWAICE,twaice.com,"Munich, Germany",,-12.03,Series B,30000000.0,Speedinvest,Dr. Michael Baumann (Co-Founder & Managing Director): https://linkedin.com/in/dr-michael-baumann-31868b113,True,117.0
282685652,twelve,twelve.co,"Berkeley, California",,-21.59,Series C,645000000.0,Pulse Fund,Sarah Couturier (Executive Business Partner to the Co-founder | CSO): https://linkedin.com/in/sarah-couturier-36ba3460,True,207.0
281798341,Twelve Labs,twelvelabs.io,"San Francisco, California",,28.79,Other,30000000.0,New Enterprise Associates (NEA),"Sung Jun (SJ) Kim (Engineering, Co-Founder): https://linkedin.com/in/sjkim1994",True,85.0
b61a0385-1bdf-45f4-866a-7bf5877e4da9,two fifty seven,,"San Francisco, CA",,,,,,,False,
f1bb5ad9-9dd3-47e5-8512-8153368072eb,two point o capital,,India,,,,,,,False,
799ee88d-0c67-465c-9992-8c2a328b40fe,txnm energy,,"Albuquerque, NM",,,,,,,False,
2d2c872a-38cb-49bc-be05-3b3960d22561,tyba,,"San Francisco, CA",,,,,,,False,
282204976,"Tynt Technologies,",tynt.io,"Boulder, Colorado",,-24.14,Seed,7100000.0,KOMPAS,Tyler Hernandez (Co-Founder & Director of Materials): https://linkedin.com/in/tyler-hernandez-566158187,True,22.0
263730348,Type One Energy,typeoneenergy.com,"Oak Ridge, TN",,,,,,,False,
124899063,Ubco,ubcobikes.com,"Tauranga, New Zealand",,-16.05,Series B,10000000.0,Snowball Effect,,True,68.0
159038339,Ubicquia,ubicquia.com,"Fort Lauderdale, Florida",,1.97,Series C,30000000.0,existing investors,"Brian Weston, M.Sc. (Founder, Quality & Compliance Architect): https://linkedin.com/in/brianeweston",True,155.0
123930472,UbiQD,ubiqd.com,"Los Alamos, NM",,,,,,,False,
204033559,Ubiquitous Energy,ubiquitous.energy,"Redwood City, California",,-51.85,Series B,30000000.0,Safar Partners,Erdin Beshimov (Co-Founder): https://linkedin.com/in/erdin-beshimov-815a631a2,True,13.0
f52049e9-3d50-4f73-8ba2-676fd77bfb0b,ubitricity,,UK,,,,,,,False,
221038653,UBQ Materials,ubqmaterials.com,"Tel Aviv, Israel",,,,,,,False,
287587395,Ucaneo,ucaneo.com,"Berlin, Germany",,,,,,,False,
17ad1db6-193e-4751-9ade-e34cf4022a87,ufodrive,https://ufodrive.com/,Ireland,,,,,,,False,
263449978,IngéniArts Technologies,ugowork.com,"None, Canada",,-2.94,Series B,22800000.0,Desjardins Capital,Philippe Beauchamp (CEO): https://linkedin.com/in/philippe-beauchamp-89522561,True,66.0
280704035,Uiflow,uiflow.com,"San Francisco, CA",,,,,,,False,
1776510,UiPath,uipath.com,"New York, New York",,-5.85,Public Markets,1337883512.0,Alkeon Capital Management,,True,4117.0
221080568,ULEMCo,ulemco.com,"Liverpool, U.K.",,,,,,,False,
268070228,UltiHash,ultihash.io,"San Francisco, California",,-18.18,Seed,2500000.0,Tiny VC,"Benjamin-Elias Probst (Founder, CTO): https://linkedin.com/in/benjamin-elias-probst-048b051b3",True,9.0
dc329012-e844-44c9-a199-71de6c3d3d28,ultraviolette,https://www.ultraviolette.com/,India,,,,,,,False,
138820231,Ultraviolette Automotive,ultraviolette.com,"Bangalore Urban, India",,,,,,,False,
006d43e7-363c-4515-b33e-3c5614a32170,umagrauemeio,,"umagrauemeio, Brazil",,,,,,,False,
278688913,Umami Bioworks,umamimeats.com,"Singapore, Singapore",,,,,,,False,
275fe7c1-a91d-4437-83ba-3334bcb6c78a,umaro foods,https://umarofoods.com/,"San Francisco, CA",,,,,,,False,
42acad8d-24c7-4a70-ac11-edc7833f41d1,umiami,,"Paris, France",,,,,,,False,
143638082,Urban Mining Corp,umincorp.com,Netherlands,,,,,,,False,
209876105,Unagi Scooters,unagiscooters.com,"Oakland, CA",,,,,,,False,
3f338da6-b075-4a07-90e8-2529b78b7dc6,uncaged innovations,https://uncagedinnovations.com/,New York,,,,,,,False,
286128840,Undo,un-do.com,"London, United Kingdom",,-5.26,Other,12000000.0,Lowercarbon Capital,Jade Rein (Co-Founder (on maternity leave)): https://linkedin.com/in/jaderein,True,54.0
291964205,Unearth Technologies Pty Ltd.,unearthtechnologies.com,"Seattle, WA",,,,,,,False,
290414716,Unibloom World,unibloom.world,"London, U.K.",,,,,,,False,
773e8513-67b0-4e10-bd35-9550dcb3a488,unigrid,,"San Diego, CA",,,,,,,False,
1a0dddab-8f40-4aec-bb05-dc194371a48b,unigrid battery,,"San Diego, CA",,,,,,,False,
c19296c4-30fb-40cd-8d4a-cf7d8e901f56,union square ventures,,,,,,,,,False,
200339015,UniSieve,unisieve.com,"Zürich, Switzerland",,,,,,,False,
8a903b5d-63af-4c5a-a022-69cd4669bc80,unit21,https://unit21.ai/,"San Francisco, CA",,,,,,,False,
288607786,Universal Fuel Technologies,unifuel.tech,"Los Altos, California",,0.0,Seed,3000000.0,World Star Aviation,Alexei B. (Founder): https://linkedin.com/in/alexei-b-baa6672,True,3.0
262994428,Universal Hydrogen,hydrogen.aero,"Hawthorne, California",,-61.8,Series A,20500000.0,Sojitz Corporation,Jason Chua (Co-Founder & COO): https://linkedin.com/in/jason-chua-77047417,True,34.0
6a41063d-f41f-44b7-9d3b-92350df54bd0,university of new mexico,,New Mexico,,,,,,,False,
cdd88394-fe5b-4359-ae5b-6482df083eb6,unless ventures,,"Boulder, CO",,,,,,,False,
205529461,Unseenlabs,unseenlabs.space,"Rennes, France",,,,,,,False,
3586259,unspun,unspun.io,"San Francisco, California",,35.09,Series B,32000000.0,Lowercarbon,Beth Esponnette (co-founder | chief visionary): https://linkedin.com/in/bethespo,True,77.0
290194920,Unum Aircraft Seating,unum.aero,"Crawley, U.K.",,,,,,,False,
b8ad82b9-86b7-4a46-8b08-e4ea43d44969,unwritten,,"London, England",,,,,,,False,
27575979-bd5a-4b46-ad0d-1696efed8801,up catalyst,https://www.upcatalyst.com/,"Tallinn, Estonia",,,,,,,False,
291780950,Up2You,u2y.io,"Milan, Italy",,3.08,Seed,241416.0,Roundx,,True,67.0
5a401b78-f98f-4cf6-9c85-8aa5b07f1589,uplift360,,Luxembourg,,,,,,,False,
282126938,UPSIDE Foods,upsidefoods.com,"Berkeley, California",,-14.62,Series C,400000000.0,SoftBank Vision Fund 2,Ryan Howard (Advisor to the CEO): https://linkedin.com/in/ryanhoward,True,222.0
ff3f8161-f09d-4037-b2e8-4a9087744f06,upward farms,,"Brooklyn, NY",,,,,,,False,
289993917,Upway,upway.co,"Paris, France",,,Series B,30000000.0,European Climate Fund Transition,,True,109.0
278686943,Upwell Water,water.llc,"San Francisco, U.S.",,,,,,,False,
300463223,Uranium Digital,uraniumdigital.com,"New York, New York",,,,,,,False,
fb0c10c6-e658-4d13-aa52-6fc2632355f0,urb-e,https://urb-e.com/,"Los Angeles, CA",,,,,,,False,
c83abb50-054b-4e49-afbc-5a37b5492a28,urban sky,https://www.urbansky.com/,"Denver, CO",,,,,,,False,
09d8feaf-3305-40c7-970a-38333772c553,urban x,,"Berlin, Germany",,,,,,,False,
222175904,UrbanChain,urbanchain.co.uk,"Manchester, United Kingdom",,51.52,Series A,6000000.0,Eurazeo,Somayeh Taheri (CEO): https://linkedin.com/in/somayeh-taheri-911a4822,True,50.0
121080523,UrbanFootprint,urbanfootprint.com,"Berkeley, California",,-40.48,Series B,25000000.0,A/O PropTech,"Joe DiStefano (Co-Founder, CEO): https://linkedin.com/in/joe-distefano-5aaa8a4",True,25.0
2d3520ac-1404-40fd-ba25-51bba7270080,urbangardens,,"Singapore, Singapore",,,,,,,False,
152821192,UrbanLeap,urbanleap.io,"San Francisco, CA",,,,,,,False,
e08e6d0f-0453-4dfc-9ab5-e2fc40d23d5d,urbanvolt,,"Dublin, Ireland",,,,,,,False,
fdfb38de-d76e-4ebf-add2-ed113033df86,urbint,https://www.urbint.com/,"New York, NY",,,,,,,False,
255217116,Urbio,urb.io,"Sion, Switzerland",,-5.88,Seed,2000000.0,Urban Us,Sébastien Cajot (Chief Executive Officer): https://linkedin.com/in/sebastiencajot,True,16.0
144271680,Urbyn,urbyn.co,"Paris, France",,-2.56,,2295000.0,,Julien Hamilius (President & Co-Founder): https://linkedin.com/in/jhamilius,True,38.0
1d98581a-6b00-4316-bab6-292411c3f791,urent,,Russia,,,,,,,False,
297134286,"US OFFSHORE WIND COLLABORATIVE, INC.",usowc.org, ,,,,,,,False,
1584638,Utilidata,utilidata.com,"Providence, Rhode Island",,6.45,Series B,26750000.0,Formation 8 Partners,"Jeremy Wilson (Director Technical Sales, Co-Founder): https://linkedin.com/in/jeremy-wilson-083a5a15",True,66.0
291849047,Utility Global,utilityglobal.com,"Houston, Texas",,0.0,Series C,53000000.0,Ara Partners,Claus Nussgruber (Chief Executive Officer): https://linkedin.com/in/clausnussgruber,True,50.0
1771318,UtilityAPI,utilityapi.com,"Oakland, California",,16.13,Series A,10000000.0,Aligned Climate Capital,Daniel Roesler (Founder & CTO): https://linkedin.com/in/daniel-roesler-73949141,True,36.0
263134888,UtilizeCore.com,utilizecore.com,"New York, New York",,-17.07,Series C,5300000.0,boldstart ventures,Ryan Gottfried (Chief Executive Officer & Product Architect): https://linkedin.com/in/hellogotty,True,68.0
122978090,UVeye,uveye.com,"Teaneck, NJ",,,,,,,False,
224463209,v2food,v2food.com,Australia,,,,,,,False,
265000009,vaayu,vaayu.tech,"Berlin, Germany",,-1.89,Seed,11500000.0,CapitalT,Luca Nils Schmid (Co-Founder & CTO): https://linkedin.com/in/luca-nils-schmid-828382205,True,52.0
286103231,VÆRIDION,vaeridion.com,"Munich, Germany",,,,,,,False,
89d394f5-38f0-4c5c-a654-1e63be674ba1,vaire computing,,London,,,,,,,False,
295301506,Valar Atomics,valaratomics.com,"El Segundo, California",,170.0,Seed,19000000.0,Day One Ventures,,True,27.0
146197607,Valerann,valerann.com,"London, UK",,,,,,,False,
2177522,Validere,validere.com,"Calgary, Canada",,0.0,Series B,43000000.0,Natural Gas Innovation Fund,Nouman Ahmad (Co-Founder & CEO): https://linkedin.com/in/noumanzahmad,True,69.0
291229438,Vamo,getvamo.de,"Cologne, Germany",,105.56,Seed,7000000.0,caesar.,Falk Hantl (Co-Founder & MD): https://linkedin.com/in/falk-hantl-29a514175,True,37.0
280953320,Van Heron Labs,vanheronlabs.com,"Houston, TX",,,,,,,False,
ad1f0a3e-b106-47fd-9d91-43944c132a4c,vanmoof,https://www.vanmoof.com/,Amsterdam,,,,,,,False,
6bceb60e-4c9e-4bfe-8e40-8ef3a575df2c,vapaus,,"Espoo, Finland",,,,,,,False,
f09f6377-f9a7-413d-b3da-f75a091c9f70,varentec,,"Santa Clara, CA",,,,,,,False,
46daee11-9f74-44f9-b354-4b2c2dce39fb,varhara,,"Gurugram, India",,,,,,,False,
289543134,VARM,varm.earth,"Berlin, Germany",,63.64,Seed,5700000.0,Emerge,Christian Gruener (Co-Founder & CEO): https://linkedin.com/in/christiangruener,True,18.0
290545309,VATN SYSTEMS,vatnsystems.com,"Portsmouth, RI",,,,,,,False,
9c475299-aa85-4e03-8c71-dbc8537fbe09,vaulted deep,https://vaulteddeep.com/,"Houston, TX",,,,,,,False,
223960419,VECKTA,veckta.com,"San Diego, California",,0.0,Seed,3300000.0,VoLo Earth Ventures,Gareth Evans (Chief Executive Officer): https://linkedin.com/in/gareth-evans-41015726,True,24.0
131591749,Vecmocon Technologies,vecmocon.com,"None, India",,18.69,Series A,10000000.0,Blume Ventures,Peeyush Asati (CEO): https://linkedin.com/in/peeyush-asati-147aaa144,True,127.0
a6c9b1ed-9a1e-4e55-92fc-6d960a73a1f2,vectorize,https://www.vectorize.ai/,"Boulder, CO",,,,,,,False,
127864485,VEERUM,veerum.com,"Calgary, Canada",,-24.29,Series A,7400000.0,"strategic investors from Alberta, Canada",Steve Fisher (CEO & Co-Founder): https://linkedin.com/in/steve-fisher-45885759,True,53.0
be542930-c541-499a-8e81-c5c7147d5f57,veir,https://www.veir.com/,"Boston, MA",,,,,,,False,
263017128,Veloce Energy Inc.,veloceenergy.com,"Los Angeles, California",,-71.43,Series A,,ITOCHU,,True,2.0
1640984,Velocys,velocys.com,"Oxford, U.K.",,,,,,,False,
f5a3c1d3-56cd-4f5b-9677-167d38299fc2,velotric,https://velotricbike.com/,"Shenzhen, China",,,,,,,False,
0122985a-bd96-4fcb-94b5-2c1ee46c2994,vema hydrogen,,"Wilmington, Delaware",,,,,,,False,
41d42de6-670b-4cac-912e-0d712af084a5,vendia,,"San Francisco, CA",,,,,,,False,
255151234,Vendict,vendict.com,"Tel Aviv, Israel",,,,,,,False,
262866207,VendorPM,vendorpm.com,"Toronto, Canada",,,,,,,False,
c423bd67-6735-4939-8d8c-7283dd80c841,vensum power,https://vensumpower.com/,"Espoo, Finland",,,,,,,False,
2b19c11a-a5a9-4402-9a6e-0e96ad726d6d,venti technologies,,"Boston, MA",,,,,,,False,
004350d6-2fb1-4e2c-91c8-4218e33d8f82,ventive,,UK,,,,,,,False,
161857381,VeoRide,veoride.com,"Chicago, Illinois",,-1.55,Series A,16000000.0,FJ Labs,Yanke(Edwin) Tan (Co-Founder & President): https://linkedin.com/in/yanke-edwin-tan-9653a2105,True,127.0
284855741,Verdafresh,verdafresh.com,"Wayne, PA",,,,,,,False,
283266513,Verdagy,verdagy.com,"Moss Landing, California",,-8.89,Series B,73000000.0,Doral Energy Tech Ventures,Marty Neese (Chief Executive Officer): https://linkedin.com/in/marty-neese-5a79b8133,True,82.0
c390a048-be1d-4a7f-a8fc-5b432fd2eea3,verdane,https://www.verdane.com/,"Oslo, Norway",,,,,,,False,
262713766,Verdant Robotics,verdantrobotics.com,"Hayward, California",,-23.26,,46500000.0,Future Ventures,Gabe Sibley (Founder & CEO): https://linkedin.com/in/gabe-sibley-412b02a,True,33.0
290385982,Verde Clean Fuels,verdecleanfuels.com,"Houston, TX",,,,,,,False,
291948816,Verdigris Technologies,verdigristech.com,"Santa Clara County, CA",,,,,,,False,
5b83abc1-9925-43ff-9bb2-7994a4ecc478,vericool,https://www.vericool.com/,"Livermore, Calif.",,,,,,,False,
283134069,veritree,veritree.com,"Vancouver, Canada",,13.95,Series A,6500000.0,Lyra Growth Partners,Stephen Emsley (Co-Founder & Forest Wizard): https://linkedin.com/in/stephen-emsley-2780a62b,True,49.0
263652940,Verkor_EnergyStorage,verkor.com,"Grenoble, France",,44.93,Series C,2100000000.0,Renault,,True,658.0
4016cc3d-f78d-4b9e-8967-7f3386c946a4,verlume,,"Aberdeen, United Kingdom",,,,,,,False,
291803709,versatile natures,vnatures.net,Israel,,,,,,,False,
287541401,Verse,verse.inc,"San Francisco, California",,33.33,Series A,20500000.0,CIV,"Seyed H. Madaeni, Ph.D. (Co-Founder & Chief Executive Officer): https://linkedin.com/in/seyed-h-madaeni-ph-d-5697a749",True,28.0
287878236,Versiro,versiro.com,"Trondheim, Norway",,30.0,Series C,2300000.0,Superside founder Fredrik Thomassen,Simon Risanger (CEO and co-founder): https://linkedin.com/in/simon-risanger-8b96b0128,True,13.0
280839088,Versogen,versogen.com,"Wilmington, DE",,,,,,,False,
3799dac3-eda7-4847-9b35-95ca50f4b5b5,vertical future,https://verticalfuture.co.uk/,"London, UK",,,,,,,False,
fab24d29-fa91-43b2-8106-63aa19963b77,vertical harvest,,"Jackson, WY",,,,,,,False,
f22632f4-124c-45d4-96d9-297bb060e37e,vertus energy,https://www.vertusenergy.com/,"Auckland, New Zealand",,,,,,,False,
a7a100e4-df87-46d8-827c-d55b30e7b4cd,veryfi,https://www.veryfi.com/,"San Mateo, CA",,,,,,,False,
278711563,The Vespa Engine,vespa.ai,"Trondheim, Norway",,,,,,,False,
ed678476-2ac5-4a4c-9ac3-881aa814c1a8,vespene energy,https://vespene.energy/,"Berkeley, CA",,,,,,,False,
0436bc6d-e547-40b4-a53f-305a68f00d92,vested impact,,London,,,,,,,False,
4818c119-5f3c-446a-b393-705baecba919,vfc foods,,"York, United Kingdom",,,,,,,False,
213995114,VFlow Tech,vflowtech.com,Singapore,,,,,,,False,
111633609,vHive,vhive.ai,"Herzliya, Israel",,7.69,Series B,25000000.0,Octopus Ventures,,True,84.0
1599766,Via,ridewithvia.com,"New York, New York",,-7.02,Other,110000000.0,Hearst Ventures,Guy Sher (CEO at Via Mobility Israel (Part of Via)): https://linkedin.com/in/sherguy,True,967.0
131594353,Via Separations,viaseparations.com,"Watertown, Massachusetts",,-31.67,Series B,38000000.0,Safar Partners,Shreya Dave (CEO): https://linkedin.com/in/shdave,True,41.0
1853ef64-af31-49d0-bac1-0e837cbe0e3c,viact,https://viact.ai/,"Kwun Tong, Hong Kong",,,,,,,False,
1618581,Viakoo,viakoo.com,"Mountain View, CA",,,,,,,False,
284030523,Vianode,vianode.com,"Oslo, Norway",,,,,,,False,
222330818,Vianova,vianova.io,"Paris, France",,-30.3,Series A,6400000.0,Baloise VC,,True,23.0
49cd594d-fa4d-42d7-860f-3323db6f5b6c,viboo,,"Dübendorf, Switzerland",,,,,,,False,
0fb06a0d-509e-4bbc-ad03-29e17f443942,vibrant energy,,"Hyderabad, India",,,,,,,False,
abbcc9b3-d3a5-4eef-8152-f6c48daff465,vibrant planet,https://www.vibrantplanet.com/,"San Francisco, CA",,,,,,,False,
105406941,Vicarius,vicarius.io,"New York, New York",,13.04,Series B,30000000.0,Strait,Yossi Ze'evi (CTO & Co-Founder): https://linkedin.com/in/yossi-ze-evi-5a2268136,True,104.0
010cce4e-2b61-4cd2-8288-9a3b4b76f85d,victory farms,,"Nairobi, Kenya",,,,,,,False,
290424076,VIDA,vida.place,"Munich, Germany",,-20.97,Other,3219600.0,Cusp Capital,Tobias Engelmeier (Co-Founder): https://linkedin.com/in/tobias-engelmeier-b3260617,True,49.0
224162193,VIE Technologies,vietechnologies.com,"San Diego, California",,7.69,Series A,15000000.0,Energy Impact Partners,Rahul Chaturvedi (President & CEO): https://linkedin.com/in/rahulchaturvedi-sd,True,14.0
128365001,vilisto GmbH,vilisto.de,"Hamburg, Germany",,,,,,,False,
283874558,Villari,villari.nl,"Delft, Netherlands",,18.18,Seed,2500000.0,Delft Enterprises,Hugo Romer (Co-founder): https://linkedin.com/in/hugoromer,True,26.0
288624065,Vimano,vimano.biz,"Bengaluru, India",,,,,,,False,
300124591,Vind AI,vind.asia,"Oslo, Norway",,,,,,Jan-Tore Horn (Co-Founder & CTO): https://linkedin.com/in/jantorehorn,True,
f99c103c-4283-46ee-80fd-fc3985a1a214,vinehealth,,"London, UK",,,,,,,False,
291183651,VIOTAS,viotas.com,"Limerick, Ireland",,,,,,,False,
284965901,Virescent Ventures,virescent.vc,"Sydney & Melbourne, Australia",,,,,,,False,
224631584,Viridi Parente,viridiparente.com,"Buffalo, New York",,-14.12,Series C,94695000.0,Ashtead Group/Sunbelt Rentals,Jon M. Williams (Chairman & CEO): https://linkedin.com/in/jon-m-williams-1b741123a,True,73.0
282782057,Viridian Renewable Technology,viridianrenewable.tech,Melbourne,,,,,,,False,
279317466,ViridiCO2,viridico2.co.uk,"Eastleigh, United Kingdom",,0.0,Seed,3000000.0,EQT Ventures,Dr. Daniel Stewart (Chief Executive Officer): https://linkedin.com/in/dan-stewart-viridico2,True,15.0
def85380-9b7d-4197-b4db-4ac4173cbfd6,viridos,https://viridos.com/,"La Jolla, CA",,,,,,,False,
286202907,Virridy,virridy.com,"Boulder, CO",,,,,,,False,
100246227,Virta Ltd.,virta.global,"Helsinki, Finland",,0.0,Series C,85000000.0,Jolt Capital,,True,244.0
d5077ca4-b98a-49b1-b210-e003a9647ade,virtual peaker,,"Louiseville, KY",,,,,,,False,
d3e43474-62a3-4ae3-a577-ec75e945a0a7,visibly,https://www.visibly.com/,"London, U.K.",,,,,,,False,
d0fd3286-0eb1-4713-9dcf-4432045959f4,visibuilt,,TK,,,,,,,False,
263272281,Vision Marine Technologies,visionmarinetechnologies.com,Quebec,,,,,,,False,
285787260,Vision RNG,visionrng.com,"Canonsburg, PA",,,,,,,False,
38166fcb-2e73-4fae-bed8-89730ec2776e,visolis,,"Berkeley, CA",,,,,,,False,
2fa32c89-1a7e-48ea-8922-32e034f226f9,vitalfluid,https://vitalfluid.com/,"Eindhoven, Netherlands",,,,,,,False,
4923de7b-4287-4d60-b785-ff49b99c9174,vitro labs,https://vitrolabs.com/,"Milpitas, CA",,,,,,,False,
45111882,Vive Crop Protection,vivecrop.com,Toronto,,,,,,,False,
3d9c94d1-b3a6-419b-8137-2006b7502cbe,vivici,https://vivici.com/,"Delft, Netherlands",,,,,,,False,
279372960,Vivid Machines,vivid-machines.com,"Toronto, Canada",,,,,,,False,
263656272,Vizcab,vizcab.io,"Lyon, France",,18.18,Series A,4500000.0,Banque des Territoires (Groupe Caisse des Dépôts),Jean-Guilhem Jammes (Bras droit du CEO): https://linkedin.com/in/jean-guilhem-jammes-6b4b52190,True,65.0
291929286,VLS Environmental Solutions,vlses.com,"Houston, TX",,,,,,,False,
223969371,VlyFoods,vlyfoods.com,"Berlin, Germany",,,,,,,False,
55680190-5384-43e7-bcbc-40220c240908,voi technology,https://www.voi.com/,Sweden,,,,,,,False,
278233148,Vok Bikes,vokbikes.com,"Tallinn, Estonia",,,,,,,False,
263474783,Volexion,volexion-inc.com,Chicago,,,,,,,False,
571e4dd8-ac29-48f3-8a97-5065d99f31ed,voliro,https://www.voliro.com/,"Zurich, Switzerland",,,,,,,False,
281353713,VoLo Earth Ventures,voloearth.com,Colorado,,20.0,Investment Fund,90000000.0,,"Joseph Goodman, PhD (Co-Founder & Managing Partner): https://linkedin.com/in/joseph-goodman-phd-96b40714",True,12.0
127864625,Volocopter,volocopter.com,Germany,,,,,,,False,
7d252285-ae7e-4e35-93be-68f55786cd6e,volta energy technologies,,Illinois,,,,,,,False,
222330382,Volta Greentech,voltagreentech.com,"Stockholm, Sweden",,,,,,,False,
152150235,Vulcan Automotive Industries,volta.co.il,"San Francisco, CA",,,,,,,False,
223160526,Volta Trucks,voltatrucks.com,"Sigtuna, Sweden",,-16.02,Series C,60000000.0,Agility,Volta Trucks (Chief Executive Officer): https://linkedin.com/in/volta-trucks-2081a326b,True,194.0
d5052da9-f3f9-4c59-b31c-93ca1ee4f020,voltan energy,,"Helsinki, Finland",,,,,,,False,
0d54bafc-8924-4be1-8cdb-bc71f8ced6f1,voltera,,"Palo Alto, CA",,,,,,,False,
284068819,Volteras,volteras.com,"Harrogate, United Kingdom",,10.0,Series A,11100000.0,Long Journey Ventures,Peter Wilson (CEO & Co-Founder): https://linkedin.com/in/peter-wilson-1412a5126,True,11.0
263728281,VOLTFANG,voltfang.de,"Aachen, Germany",,-5.8,Series A,8800000.0,PT1,Afshin Doostdar (CTO & Founder): https://linkedin.com/in/afshin-doostdar-68ba181a9,True,65.0
285751625,Voltiris,voltiris.com,"Cheseaux-sur-Lausanne, Switzerland",,16.67,Seed,5070000.0,Satgana,Dominik Blaser (Co-Founder & Chief System Officer @ Voltiris): https://linkedin.com/in/dominik-blaser-812667179,True,14.0
279574412,Volt Post,voltpost.com,"New York, New York",,-10.34,Seed,3600000.0,Good News Ventures,Jörn (Joern) Vicari (Co-Founder & CCO - Head of Design): https://linkedin.com/in/j%C3%B6rn-joern-vicari-850a434,True,26.0
301890971,Voltra,voltra.com,"Calgary, Canada",,300.0,Seed,1800000.0,,,True,4.0
e4c648e2-7915-4850-be05-e44c3b981737,voltrac,https://voltrac.com/,"Valencia, Spain",,,,,,,False,
100246139,VoltStorage,voltstorage.com,"Munich, Germany",,-15.07,Debt,33042600.0,European Investment Bank,Michael Peither (Founder & CTO): https://linkedin.com/in/michaelpeither,True,62.0
136344703,Voltus,voltus.co,"San Francisco, California",,-11.23,Series C,31000000.0,NGP Energy Technology Partners III,Fay Le (Co-Founder & Chief Technology Officer): https://linkedin.com/in/fay-le-2964803a,True,245.0
287657467,VOOL,vool.com,"Tallinn, Estonia",,0.0,Seed,1300000.0,former President of Estonia Kersti Kaljulaid,Geir Frode Skjæveland (CEO VOOL Nordic as): https://linkedin.com/in/geir-frode-skj%C3%A6veland-526021187,True,29.0
d5b7ffe1-0b67-419c-a120-a313f0fcbd16,vortex-io,,"Toulouse, France",,,,,,,False,
282103864,Voyage Foods,voyagefoods.com,"Oakland, CA",,,,,,,False,
221887500,VRB Energy,vrbenergy.com,British Columbia,,,,,,,False,
1e4d132c-a63b-44dc-8edc-a84e9a6d41d8,vrify,https://www.vrify.com/,Vancouver,,,,,,,False,
1758492,VSPARTICLE,vsparticle.com,"Delft, Netherlands",,,,,,,False,
263310211,Vsquared Ventures,vsquared.vc,"Munich, Germany",,9.09,Investment Fund,230186960.0,,,True,12.0
42d4bcc4-1756-47b4-bb55-533a67deda44,vulcanx,,"Edmonton, Canada",,,,,,,False,
0f4449bb-e4e8-4c62-af7c-a5298bfd7c17,vulcanx energy,,"Vancouver, Canada",,,,,,,False,
1805908,Vulog,vulog.com,"Nice, France",,-8.08,Debt,31000000.0,European Investment Bank,Gregory Ducongé (CEO): https://linkedin.com/in/gregory-ducong%C3%A9-0446b79,True,91.0
268117132,Vutiliti,vutiliti.com,"Salt Lake City, Utah",,0.0,Series A,11750000.0,Chevron Technology Ventures,Stephen Prince (CEO & President): https://linkedin.com/in/stephen-prince-2378564,True,19.0
287858141,Vycarb,vy-carb.com,"Brooklyn, NY",,,,,,,False,
64adbbfa-e70c-4c48-97da-a39a2a9372df,vyld,,"Berlin, Germany",,,,,,,False,
e1939bc9-9e36-4df4-829e-6174afe7e7fe,vyro,,Australia,,,,,,,False,
220045026,Vytelle,vytelle.com,"Lenexa, KS",,,,,,,False,
467c3fd4-d346-4fef-b747-522d7c0dcc58,vässla,https://vassla.com/,Sweden,,,,,,,False,
271672141,Völur,volur.no,"Oslo, Norway",,-28.12,,3024705.0,Beat Ventures,Adrián Díaz (Co-Founder & CPO): https://linkedin.com/in/oadriandiaz,True,23.0
b0d6c8a7-9d65-4363-870f-1fc7604d5424,waabi,,"Toronto, Canada",,,,,,,False,
139437044,Wakeo,wakeo.co,"Paris, France",,7.46,Other,19600000.0,former CEO of Bolloré Logistics,Loïc MARZIN (Co-founder & CTO): https://linkedin.com/in/loicmarzin-founderatwakeo,True,72.0
284978241,Wanda Fish,wandafish.com,"Tel Aviv, Israel",,,,,,,False,
40576878,Wandercraft,wandercraft.eu,"Paris, France",,,,,,,False,
163283334,Waste Robotics,wasterobotic.com,"Quebec City, Canada",,15.15,Other,7000000.0,Sustainable Development Technology Canada,Jean-Pierre Thibodeau (VP Development & Technologies - Co Founder): https://linkedin.com/in/jean-pierre-thibodeau-1a925910,True,38.0
e0a065f7-50f7-4366-8775-243a5abc1fdd,waste4change,,Indonesia,,,,,,,False,
279039773,Wastefront,wastefront.com,"Oslo, Norway",,,,,,,False,
278972450,Wastefuel,wastefuel.com,"Los Angeles, CA",,,,,,,False,
8ee294e9-3402-4b9c-9246-3b9d2804eaef,watermeln,,"Noord-Holland, Netherlands",,,,,,,False,
282957968,Waterplan,waterplan.com,"San Francisco, California",,11.9,Series A,11000000.0,Branson Family,Nicolas Wertheimer (Co-Founder): https://linkedin.com/in/nicolas-wertheimer-50b5b8a9,True,94.0
278723064,WATTALPS,wattalps.com,"wattalps, France",,,,,,,False,
150130721,WattBuy,wattbuy.com,"Seattle, Washington",,-7.69,Series A,10000000.0,John Sherman,,True,24.0
284162759,WattCarbon,wattcarbon.com,"Lafayette, Louisiana",,-8.33,Seed,4500000.0,Greensoil PropTech Ventures,Hassan Shaban (Chief Technology Officer & Co-Founder): https://linkedin.com/in/hassanshaban,True,11.0
283194096,WattEV,wattev.com,"Long Beach, California",,12.12,Other,40500000.0,Oregon Department of Environmental Quality,"Umar Javed (Co-Founder, President & Board Member): https://linkedin.com/in/umar-javed-ba5827",True,37.0
131083330,Wattnow,wattnow.io,"Tunis, Tunisia",,20.83,Series A,1300000.0,216 Capital,,True,29.0
44dd5a12-5bad-44fd-9601-d823e3baa554,watttron,https://www.watttron.com/,"Freital, Germany",,,,,,,False,
c824c118-cda4-4e0f-812b-14f6f8fd3c55,waycare,,Israel,,,,,,,False,
263535983,Ways2H,ways2h.com,"Long Beach, CA",,,,,,,False,
223143651,Weave Grid,weavegrid.com,"San Francisco, California",,6.9,Other,28000000.0,HSBC Innovation Banking,Apoorv Bhargava (Chief Executive Officer & Cofounder): https://linkedin.com/in/apoorv-bhargava-94100842,True,93.0
285882603,Weaviate vector search engine,weaviate.io,"Amsterdam, Netherlands",,,,,,,False,
1585660,Webiny,webiny.com, ,,,,,,,False,
d6811c28-9eaf-4e36-af34-2988cbd64116,weedout,,"Ness Ziona, Israel",,,,,,,False,
279418682,WeeFin,weefin.co,"Paris, France",,12.82,Series B,25000000.0,Blackfin Capital Partners,Grégoire Hug (Co Founder): https://linkedin.com/in/gr%C3%A9goire-hug-5b888b7b,True,88.0
d91726fb-55ce-4896-9638-4347b51f76a4,weenat,,"Nantes, France",,,,,,,False,
ba6787b8-c124-4b91-af4e-03e2e13aa6d2,wegatech,,Germany,,,,,,,False,
18832813-46f2-473f-8149-eda8036f2f77,welcome homes,,"New York, NY",,,,,,,False,
91916533-ff5f-4d30-8582-94ce031cc880,wellsaid labs,https://wellsaidlabs.com/,"Seattle, WA",,,,,,,False,
221048406,WeMo Scooter,wemoscooter.com,"Taipei, Taiwan",,,,,,,False,
263336064,Werewool,werewool.bio,"Brooklyn, NY",,,,,,,False,
0c5892a5-7bdb-437e-ab6c-5f4984a8a9ab,wesky,,"Vilnius, Lithuania",,,,,,,False,
fa227b63-2142-490c-afad-ca9fce77cb3f,westinghouse electric company,https://www.westinghousenuclear.com/,"Cranberry, PA",,,,,,,False,
5d33be2b-9413-4955-9b26-e3422f91dafd,wheelocity,https://www.wheelocity.com/,"Chennai, India",,,,,,,False,
1761165,WhereIsMyTransport,whereismytransport.com,"London, UK",,,,,,,False,
931e73e8-921d-48d7-af6e-b1fc83d7343d,wherobots,https://wherobots.com/,"Scottsdale, AZ",,,,,,,False,
10de7813-c090-4761-8d95-538537c075bd,whip around,https://whiparound.com/,New Zealand,,,,,,,False,
1806704,"WiBotic, Inc",wibotic.com,"Seattle, WA",,,,,,,False,
543d7f94-2fd0-4ada-abb3-8bc95c79a6b9,wicked kitchen,https://wickedkitchen.com/,U.K.,,,,,,,False,
285951758,Wild Microbes,wildmicrobes.com,"Cambridge, MA",,,,,,,False,
78849404,Wildcat Discovery Technologies,wildcatdiscovery.com,"San Diego, California",,-20.37,Series D,90000000.0,Eastman Kodak (Kodak),Mark Gresser (President & CEO): https://linkedin.com/in/mark-gresser-2918586,True,86.0
ca3385fa-d468-4f94-b112-8b23080b212f,winbat,,"Portage, WI",,,,,,,False,
947ffc1b-a0ef-4c31-8eab-4d897f80508e,wind catching systems,,Norway,,,,,,,False,
224695043,Windborne,windbornesystems.com,"Palo Alto, California",,39.29,Series A,15000000.0,Convective Capital,Paige Brocidiacono (Cofounder & CEO): https://linkedin.com/in/paige-brocidiacono,True,39.0
9280c22a-a1b7-41a3-9ccd-b1f2073f1370,windborne systems,https://windbornesystems.com/,"Stanford, CA",,,,,,,False,
2179095,WindESCo,windesco.com,"Burlington, Washington",,-18.52,Series B,10000000.0,Phoenix Contact Innovation Ventures,Mohit (Mo) Dua (Founder and CEO): https://linkedin.com/in/mdua1,True,22.0
289629761,Windfall Bio,windfall.bio,"Menlo Park, California",,38.71,Series A,28000000.0,UNTITLED (a fund backed by the Tetra Laval family),Frank Crespo (Chief Operating Officer & Co-Founder): https://linkedin.com/in/frank-crespo-3901777,True,43.0
292362963,Windrose Technology,windrose.tech,"Hefei, China",,,,,,,False,
803adf14-855f-4c7a-8588-f548544df2c4,wing cloud,,"Tel Aviv, Israel",,,,,,,False,
283069087,Wing Security,wing.security,"Tel Aviv, Israel",,,,,,,False,
120610640,Wingcopter,wingcopter.com,"Weiterstadt, Germany",,,,,,,False,
15583718,Wingtra,wingtra.com,"Zürich, Switzerland",,-23.86,Series B,,Brick & Mortar Ventures,"Elmar Artho (COO, Member of the executive board): https://linkedin.com/in/elmar-artho-6476",True,134.0
dc9e86bc-0a3c-4174-b8c1-97c28cd7ebe4,winter farm,,Canada,,,,,,,False,
206257601,Wirelane,wirelane.com,"Munich, Germany",,7.94,Series B,11000000.0,Christoph Boehringer,Daniela Kos (Persönlicher Assistent des CEO): https://linkedin.com/in/daniela-kos-32629513b,True,68.0
8930c595-0c9e-478d-95ed-4f435f17f533,wisewell,https://wisewell.com/,"Brooklyn, NY",,,,,,,False,
161810235,Withthegrid,withthegrid.com,"Utrecht, Netherlands",,40.0,Other,2185420.0,Nationaal Groenfonds,Jeroen de Bruijn (Co-founder and Lead Embedded Software): https://linkedin.com/in/vidavidorra,True,35.0
1531855,WiTricity,witricity.com,"Watertown, MA",,,,,,,False,
c213f3fd-6cfe-418b-8bb1-51dfe8c59ce5,witricity corporation,https://www.witricity.com/,"Watertown, MA",,,,,,,False,
032fb91b-604b-4f0d-8c9e-d9eb58514730,wm motor,,China,,,,,,,False,
283774094,WNWN Food Labs,wnwnfoodlabs.com,"London, UK",,,,,,,False,
c9257ad3-fa25-4bde-9555-fba9fad3362c,woltair,https://woltair.com/,Prague,,,,,,,False,
098b2d8b-66b3-4272-8366-fa21713c88c7,woodio,https://woodio.fi/,"Helsinki, Finland",,,,,,,False,
40578077,Woodoo,woodoo.com,"Paris, France",,13.89,Series A,31000000.0,various business angels,Sacha Uzan (Founder Associate): https://linkedin.com/in/sacha-uzan-0a7a78b3,True,41.0
200339452,World Water Works,worldwaterworks.com,"Oklahoma City, OK",,,,,,,False,
223182891,Worldfavor,worldfavor.com,"Stockholm, Sweden",,-20.27,Series A,10200000.0,SEB Private Equity,Pär Gustafsson (Co-founder & CTO): https://linkedin.com/in/p%C3%A4r-gustafsson-73265716,True,59.0
156977646,Worn Again,wornagain.co.uk,London,,,,,,,False,
285313811,WovenEarth Ventures,wovenearth.ventures,"Palo Alto, CA",,12.5,Investment Fund,152000000.0,,"Jane Woodward (Founder, Managing Partner): https://linkedin.com/in/jane-woodward-12298b147",True,9.0
293308898,Wraithwatch,wraithwatch.com,"Bozeman, Montana",,0.0,Seed,8000000.0,Human Capital,,True,6.0
28dc25b3-0834-4647-8fe2-da5e24621fb6,wright electric,,"New York City, NY",,,,,,,False,
4fc64a4b-4927-4019-b975-1884ad583a3e,wsc sports,https://wsc-sports.com/,"Givatayim, Israel",,,,,,,False,
1650856,Wunder Mobility,wundermobility.com,"Hamburg, Germany",,15.79,Other,11890236.0,KCK Group,Sam Baker (President & Co-Founder ): https://linkedin.com/in/samuelrossbaker,True,66.0
282096061,WunderGraph,wundergraph.com,"Miami, FL",,,,,,,False,
ce4c1d78-622e-4685-8c65-46dd600c5228,x shore,https://xshore.com/,"Nyköping, Sweden",,,,,,,False,
224958955,X-Elio,x-elio.com,"Madrid, Spain",,0.67,Debt,38546550.0,"Bankinter, S.A.",Blanca Jiménez Moreno (CEO Office Specialist): https://linkedin.com/in/blanca-jim%C3%A9nez-moreno-2b135a193,True,301.0
279495079,Altai Gold LLC and X-energy LLC,altaigold.mn,"Rockville, MD",,,,,,,False,
293076404,Xavveo,xavveo.com,Berlin,,,,,,,False,
1817400,Xcel Energy,xcelenergy.com,"Minneapolis, Minnesota",,0.42,Public Markets,742600000.0,,,True,7221.0
476cb87e-7f30-42da-9449-1be741c27a10,xcharge,https://xcharge.com/,"Beijing, China",,,,,,,False,
46037dcc-cc77-444b-a343-07ad2add614e,xeal,,New York,,,,,,,False,
280004908,XEFCO,xefco.com,"Sydney, Australia",,,,,,,False,
280232038,Xendee,xendee.com,"San Diego, California",,-4.0,Series A,12000000.0,Anzu Partners,Scott Mitchell (Co-Founder and Chief Software Architect): https://linkedin.com/in/scott-mitchell-2b0b3a132,True,24.0
288899310,xFarm Technologies,xfarm.tech,Switzerland,,,Series B,19507500.0,United Ventures,Andrea Moroni Stampa (Co-Founder - IoT Consultant (former Head of IoT)): https://linkedin.com/in/andrea-moroni-stampa-42552656,True,25.0
278726356,Xfloat,xfloat.co,Israel,,,,,,,False,
fa0be6fb-9e30-428d-9ef7-eed6d51f295c,xfuel,,Ireland,,,,,,,False,
289747864,XGS Energy,xgsenergy.com,"Palo Alto, California",,27.27,Other,13000000.0,MIH Capital,Andreia Vieira (Chief Executive Officer): https://linkedin.com/in/andreia-vieira-98409988,True,14.0
262780966,Xiaolinggou,xlg.cn,China,,,,,,,False,
284404944,Xilva,xilva.global,"Zürich, Switzerland",,8.33,Seed,1800000.0,Brainforest,"Jamie Micah Lawrence (Co-Founder, Forests.): https://linkedin.com/in/lawrensilva",True,13.0
88423f0b-184c-4e45-993a-e54dd4bb96d2,xl batteries,https://www.xlbatteries.com/,"Marlborough, MA",,,,,,,False,
1564590,XL Fleet,xlfleet.com,Boston,,,,,,,False,
5fa4661a-c149-4c4b-82df-9e265a5a1f8b,xlinks,,"Billericay, United Kingdom",,,,,,,False,
223862467,Xnergy Autonomous Power Technologies,xnergytech.com,Singapore,,,,,,,False,
219805600,Xocean,xocean.com,"Dundalk, Ireland",,21.26,Series C,115000000.0,Morgan Stanley's 1GT fund,James Ives (Founder & CEO): https://linkedin.com/in/james-ives-93935b1bb,True,251.0
219983592,XONA,xonasystems.com,"Annapolis, Maryland",,71.43,Other,19026905.0,Energy Impact Partners LLC,,True,36.0
9b7e6d6e-028f-427e-8648-18e524ce4ac4,xonai,,"London, UK",,,,,,,False,
2deaac5d-b4d6-4b44-94e6-78befdc3770b,xoople,https://www.xoople.com/,"Madrid, Spain",,,,,,,False,
221176655,Xos Trucks,xostrucks.com,"Los Angeles, California",,-18.12,Public Markets,20000000.0,Proeza Ventures,"Giordano Sordoni (Co-Founder, COO): https://linkedin.com/in/giordano-sordoni-3a12993b",True,122.0
152149366,Xpansiv,xpansiv.com,"San Francisco, California",,7.53,Other,400000000.0,BP Ventures,,True,157.0
44084374-1593-47c4-98ed-ebe6e9268401,xpeng,https://www.xiaopeng.com/,"Guangzhou, China",,,,,,,False,
6a989ef8-9602-404a-9e53-d5a067068aad,xpeng aeroht,https://www.xpeng.com/,"Guangzhou, China",,,,,,,False,
139435936,Xpeng Motors,xiaopeng.com,China,,,,,,,False,
224635130,Xurya,xurya.com,Indonesia,,,,,,,False,
97eca3bd-f41c-46a1-a21a-379e995ffd15,xwing,https://www.xwing.com/,"San Francisco, CA",,,,,,,False,
15979ea8-a6cb-4853-8dec-9ae25221e660,yali bio,https://yalibio.com/,"San Francisco, CA",,,,,,,False,
281047509,Yard Stick PBC,useyardstick.com,"Oakland, California",,15.38,Series A,13600000.0,family offices,Kevin Meissner (Unwitting Co-Founder): https://linkedin.com/in/kevin-meissner-a79a5614,True,30.0
278518625,Yardstik,yardstik.com,"Minneapolis, MN",,,,,,,False,
279b47d7-e7df-461e-b856-7d2ef80bb28d,yaydoo,https://www.yaydoo.com/,"Mexico City, Mexico",,,,,,,False,
284394233,Yeastup AG,yeastup.com,"Brugg, Switzerland",,,,,,,False,
1708723,Ynsect,ynsect.com,"Amiens, France",,,,,,,False,
279171233,Yosemite Clean Energy,yosemiteclean.com,"Mariposa, CA",,,,,,,False,
74996959,Yotascale,yotascale.com,"San Francisco, CA",,,,,,,False,
152823548,Yotta Energy,yottaenergy.com,"Austin, Texas",,-4.88,Other,8000000.0,Fiftysix Investments,Omeed Badkoobeh (Co-Founder & CEO ): https://linkedin.com/in/omeed-badkoobeh,True,39.0
b47184d5-df42-4ef7-abfb-6790b8914dfa,yotta energy,https://yottaenergy.com/,"Austin, Texas",,,,,,,False,
75e10aae-4f2c-4c90-859a-b031858ee7a8,yulu,https://www.yulu.bike/,India,,,,,,,False,
279259668,YvesBlue,yves.blue,"New York, New York",,-50.0,Seed,2000000.0,SixThirty,Anna-Marie Wascher (CEO | Founder): https://linkedin.com/in/anna-marie-wascher-392009b,True,1.0
2f411211-db7c-4a8e-b25c-d70b5ac42138,ÿnsect,https://www.ynsect.com/,"Paris, France",,,,,,,False,
285243165,Zacua Ventures,zacuaventures.com,"San Francisco, U.S.",,37.5,Investment Fund,56000000.0,,,True,11.0
1640834,ZAF Energy Systems,zafsys.com,"Joplin, MO",,,,,,,False,
287157647,Zanskar Geothermal & Minerals,zanskar.com,"Salt Lake City, Utah",,32.0,Series C,30000000.0,Obvious Ventures,"Joel Edwards (CTO, Co-Founder): https://linkedin.com/in/joeledwards12",True,33.0
ecba4062-cd5f-4745-9fa8-442e19d17c5f,zap energy,https://zap.energy/,"Seattle, WA",,,,,,,False,
1803194,Zap Map,zap-map.com,"Bristol, United Kingdom",,-18.06,Series A,9000000.0,Fleetcor,Richard Bourne (CEO): https://linkedin.com/in/richard-bourne,True,59.0
152147068,Zaphiro Technologies,zaphiro.ch,"Renens, Switzerland",,-11.11,Series A,6849024.0,CDP Venture Capital SGR,Paolo Romano (CEO & Co-Founder): https://linkedin.com/in/paolo-romano-b3984332,True,24.0
284660777,ZapMapIt,zapmap.it,"Bristol, England",,,,,,,False,
e99eda43-a038-462d-94b9-d6ed692474ea,zd power,,China,,,,,,,False,
146196590,ZEDEDA,zededa.com,"Santa Clara, California",,6.5,Series C,72000000.0,EDF North America Ventures,Vanessa G. (Program Manager/EA to CEO): https://linkedin.com/in/evagarc,True,131.0
221859283,Zedify,zedify.co.uk,"Cambridge, England",,,,,,,False,
283086970,Zeedz,zeedz.io,"Berlin, Germany",,,,,,,False,
dae78aef-bb89-4d05-92ea-3232e21e6bea,zeekr,https://www.zeekr.com/,"Beijing, China",,,,,,,False,
198220284,Zeem Solutions,zeemsolutions.com,"Schenectady, NY",,,,,,,False,
289355256,Zeitview,zeitview.com,"Santa Monica, California",,13.09,Other,60000000.0,Climate Investment,Dan Burton (Founder): https://linkedin.com/in/dan-burton-28711789,True,501.0
138204101,Zeleros,zeleros.com,Spain,,,,,,,False,
e40c41cc-1053-4d5b-99d1-952617870844,zendo energy,,"London, England",,,,,,,False,
8e5c9c05-6504-4b9a-8b48-3e9692ebc972,zeno power,https://www.zenopower.com/,"Washington D.C., DC",,,,,,,False,
642b529c-5eec-4ddd-a5f7-7148239c508f,zenobe,https://zenobe.com/,"London, U.K.",,,,,,,False,
278913384,zepp.solutions,zepp.solutions,"Delft, Netherlands",,,,,,,False,
1de888df-e181-4573-b044-938a0267cab5,zero carbon capital,,"London, U.K.",,,,,,,False,
283478278,Zero Cow Factory - India's first animal free milk,zerocowfactory.com,"Surat, India",,,,,,,False,
f45ebec5-796c-4771-8b0c-2a782e50a196,zero egg,https://www.zeroegg.com/,"San Francisco, CA",,,,,,,False,
282516584,Zero Emission Industries,zeroei.com,"Alameda, California",,-18.18,Series A,8800000.0,Trafigura,Joe Burgard (CoFounder and Board Member): https://linkedin.com/in/joe-burgard-8b4925,True,18.0
ba095716-401d-4759-8d1f-8d8a6662d221,zero gravity labs,,"San Francisco, CA",,,,,,,False,
31fec416-5316-44d6-8bbb-dab6d3c02e6c,zero grocery,,"San Francisco, CA",,,,,,,False,
59bb68ca-b9ae-4f7c-91b3-48394c599542,zero industrial,,Charleston,,,,,,,False,
122977878,Zero Mass Water,zeromasswater.com,"Scottsdale, AZ",,,,,,,False,
1531800,Zero Motorcycles,zeromotorcycles.com,"Scotts Valley, CA",,,,,,,False,
fd301388-884d-48e9-a70e-5648150cf049,zero yachts,,"Barcelona, Spain",,,,,,,False,
286407662,Zero44,zero44.eu,"Berlin, Germany",,-10.0,Other,2691875.0,Bernhard Schulte INNOPORT,Friederike Hesse (Co-Founder and Managing Director): https://linkedin.com/in/friederike-hesse-1b833629,True,18.0
222297301,ZeroAvia,zeroavia.com,"Hollister, CA",,,,,,,False,
263708159,ZeroNorth,zeronorth.com,"Copenhagen, Denmark",,-7.26,Debt,19000000.0,CIBC Innovation Banking,,True,345.0
93392575,ZeroPoint Technologies AB,zptcorp.com,"None, Sweden",,,Seed,2500000.0,Nordic VC Industrifonden,Klas Moreau (CEO): https://linkedin.com/in/klasmoreau,True,
284809735,Zerund,zerund.com,India,,,,,,,False,
9b8082f7-0d07-4e4b-ade0-93da2f7cf5c7,zest eco,,UK,,,,,,,False,
c111d619-115c-4797-b811-c096a4ff2e79,zeta labs,https://www.zetalabs.ai/,"San Francisco, CA",,,,,,,False,
282827030,Zevero,zevero.earth,"London, United Kingdom",,86.36,Seed,7000000.0,Spiral Capital,George Wade (Co-Founder): https://linkedin.com/in/george-wade96,True,41.0
52af5315-6f3a-4c3f-8e96-aeea9352d05c,zevvy,,"Hayward, CA",,,,,,,False,
0da9fd20-3f73-4b8c-8916-954191bfa6a9,zhangfei chuxing,,China,,,,,,,False,
287396487,Zhero,zhero.net,"Amsterdam, Netherlands",,7.69,Other,,Baker Hughes,Marco Alvera' (Co-Founder): https://linkedin.com/in/marcoalver%C3%A0,True,28.0
68d7ecf9-4259-4445-80ce-96b400fa1bbc,zikooin,,South Korea,,,,,,,False,
118307443,ZincFive,zincfive.com,"Tualatin, Oregon",,7.61,Series D,54000000.0,Senator Investment Group,,True,99.0
224801119,Zingbus,zingbus.com,"Gurgaon, India",,,,,,,False,
283585412,Zitara,zitara.io,"San Francisco, California",,,Series A,12000000.0,Energy Impact Partners LP (EIP),Evan Murphy (CTO + Co-Founder): https://linkedin.com/in/evan-murphy-7b5b501a,True,25.0
435b4c58-4166-42eb-8adf-e03d035ab6ee,zola electric,https://zolaelectric.com/,Netherlands,,,,,,,False,
136989822,ZOLAR,zolar.de,"Berlin, Germany",,-43.07,Series C,100000000.0,Hogan Lovells,Jamie Heywood (Chief Executive Officer): https://linkedin.com/in/jamie-heywood-8371543,True,226.0
7f1abd73-1a55-48d3-ab88-87d8ff7fb2c2,zordi,,"Boston, MA",,,,,,,False,
283849350,ZPARQ,zparq.se,"Älta, Sweden",,,,,,,False,
15942754,Zuuse,zuuse.com,"Portland, OR",,,,,,,False,
198217648,ZwitterCo,zwitterco.com,"Woburn, Massachusetts",,-2.94,Series B,58400000.0,Blue Horizon Advisors,Alex Rappaport (CEO & Co-Founder): https://linkedin.com/in/alex-rappaport-627087103,True,66.0
299792881,Zymofix,zymofix.com,"Ghent, Belgium",,,,,,,False,
142375942,Zymvol Biomodeling,zymvol.com,"Barcelona, Spain",,-7.89,Seed,3000000.0,Übermorgen Ventures,Víctor Gil (Co-founder & CTO): https://linkedin.com/in/vgilsep,True,35.0
847401d9-b90b-4dbf-92e7-dbc5a4e45d2a,zyngo ev,,"Haryana, India",,,,,,,False,
e973bad0-d93e-4402-953e-163b349c2a50,zypp electric,https://zypp.app/,"Haryana, India",,,,,,,False,
