id,name,tagline,domain,Location,Investors,Employees (Current),Employees: Growth YoY (%),Investment Stage,Last Funding Amount (USD),LinkedIn Profile (Founders/CEOs),In Energize Affinity,Affinty ID
df037313-77bb-4329-a60b-ac5904b392f3,100ms,Live video infrastructure startup,100ms.live,"San Francisco, CA",,,,,,,False,280532061
ca38d2f4-157d-4146-a67e-9df8d5e3d72b,11x,AI autonomous digital workers developer,https://www.11x.com/,,,,,,,,False,Not in Affinity
3d73bd59-77ff-4b15-9fa3-e2209e6ec0ce,1build,Construction-cost estimation software maker,1build.com,"Mountain View, California","['Greycroft Capital', 'Initialized Capital']",14.0,7.69,Series A,19500000.0,,True,224779466
32957090-4dfe-4904-a56d-ccdf18b362e9,1KOMMA5°,"Solar, energy storage, EV charging, and heat pumps for homeowners",1komma5grad.com,"Hamburg, Germany","['BNP Paribas', 'Deutsche Bank', 'G2 Venture Partners', '2150', 'LBBW']",620.0,31.36,Series B,52500000.0,,True,283677000
a5dcbe42-0f73-4697-b9bf-ad1b08e1637b,1mt nation,Developer of nature-based carbon removal projects,,,,,,,,,False,Not in Affinity
2c529bc6-e779-421a-b3af-01b3f6cb32ea,1PointFive,Direct Air Capture (DAC) developer,1pointfive.com,"Houston, TX",,,,,,,False,268252178
a90d5af0-77c3-4a67-8518-e6bdf5d27d94,1s1 Energy,Developing green hydrogen production,1s1energy.com,"Portola Valley, CA",,,,,,,False,279261170
4a7accf2-0d3a-432c-8cd7-ba3333204696,2150,Urban tech solutions fund,2150.tech,"London, U.K.",,1.0,0.0,Investment Fund,157768000.0,"['Christian Hernandez Gallardo (Co-founder & Partner): https://linkedin.com/in/christianhern', 'Christian Jølck (Co-founder and Partner): https://linkedin.com/in/christianjolck']",True,224626100
01216c3e-14dd-4b36-b7d4-81fce725d8e9,24m,Revolutionizing the lithium-ion cell manufacturing process,https://24-m.com/,,,,,,,,False,Not in Affinity
edaa870d-551f-4a8c-bd20-a14bb3a7341d,24M Technologies,Lithium ion cell manufacturer,24-m.com,"Cambridge, Massachusetts","['Fujifilm Corporation', 'ITOCHU Corporation', 'Kyocera Corporation', 'North Bridge Venture Partners', 'Kyocera Group', 'Global Power Synergy Public Company Ltd (GPSC)', 'Mirai Creation Fund II', 'Dai Nippon Printing Company (DNP)', 'Mitsui O.S.K. Lines', 'Lucas TVS', 'ASAHI Kasei', 'Nuovo+']",153.0,-22.34,Late Stage,87000000.0,"['Yet-Ming Chiang (Co-Founder and Chief Scientist): https://linkedin.com/in/yet-ming-chiang-74aa3', 'W. Craig Carter (Co Founder): https://linkedin.com/in/w-craig-carter-42808524']",True,1555826
38af1a43-6956-4c88-a073-fe52657babda,257,AI-powered home energy management software,,,,,,,,,False,Not in Affinity
d4899be4-5687-46ee-9e27-e89de9f345ce,280 Earth,Direct air capture plants,280.earth,"Palo Alto, California",Builders VC,15.0,25.0,Series B,50000000.0,,True,290584264
4851272b-17bb-42f1-bf7e-ea27a3cd42bc,3DEO,Additive metal manufacturing,3deo.co,Los Angeles,,,,,,,False,114272919
a0d7fa97-543f-4fa1-9bc2-0e1c57ad6da2,3e nano,Energy and solar control coatings company,https://forgenano.com/,,,,,,,,False,Not in Affinity
9ba5c0c0-3d25-4828-9a7a-f8241ab3d5e4,3V Infrastructure,Level 2 EV charging operator,3vinfrastructure.com,"New York, New York",Greenbacker Capital Management,11.0,,,40000000.0,,True,297884313
42a6a5d0-1882-4c26-8f71-be019623a5af,42watt,Retrofitting advisory platform,42watt.de,"Munich, Germany","['BonVenture', 'Contrarian Ventures', 'Better Ventures', 'BonVenture Management GmbH', 'PropTech1 Ventures']",38.0,15.15,Seed,,"['Marcus Dietmann (Founder I CPO): https://linkedin.com/in/marcus-dietmann-6b3a5b10b', 'Ferdinand Zemella (Co-Founder): https://linkedin.com/in/ferdinandzemella', 'Joerg Ueberla (Co-Founder & CEO): https://linkedin.com/in/ueberla', 'Nina Weingarten (Founder Associate): https://linkedin.com/in/nina-weingarten']",True,287971148
2221eb02-6e36-4275-9bce-f8cd4bb78846,44.01,Carbon removal and mineralization technologies,,,,,,,,,False,Not in Affinity
74c55a8d-682f-4ee9-9755-1175081724aa,4elements,Launch of new high-impact climate startups,,,,,,,,,False,Not in Affinity
24f44b9d-d6a2-4fe7-8765-830c2eda8133,4impact capital,Investment firm focused on climate software companies,,,,,,,,,False,Not in Affinity
3d63d8d3-87e3-4409-9db0-7b2a84bc276e,4M Analytics,Subsurface infrastructure mapping startup,4manalytics.com,"Austin, Texas","['F2 Venture Capital', 'Insight Partners', 'Viola Ventures', 'ITI Venture Capital Partners', 'Noam Bardin', 'Nir Erez']",106.0,-0.93,Series A,30000000.0,"['Itzik Malka (Co-Founder & Ceo): https://linkedin.com/in/itzik-malka-09579199', 'Yoav Cohen (CTO & Co-Founder): https://linkedin.com/in/yoav-cohen-959049187', 'Nir Cohen (Co-Founder): https://linkedin.com/in/nir-cohen-4997046b']",True,224686696
2ddf481d-5e09-4056-8f61-639b2cbbb851,51tocarbonzero,Corporate net zero transition platform,51tocarbonzero.com,"London, England",,,,,,,False,286194309
cd088c00-53d7-473f-8592-0363d53a8e2d,5B,Solar power deployment company,5b.co,"Sydney, Australia","['AES Corporation', 'Artesian Venture Capital', 'Australian Renewable Energy Agency']",102.0,-8.93,Other,20000000.0,,True,291928705
930a7f5a-a46c-4111-b1af-d4921630fa5a,5B Australia,Modular solar manufacturer,5b.com.au,"Sydney, Australia",The AES Corporation,109.0,,Series A,8600000.0,"['Chris McGrath (Founder, CEO): https://linkedin.com/in/chris-mcgrath-82429ab0', 'Eden Tehan (Co-Founder): https://linkedin.com/in/eden-tehan-b34979102']",True,222181321
844127ce-146d-4987-b98e-4fd45995b983,60hertz energy,Platform improving microgrids and backup generators,https://60hertzenergy.com/,,,,,,,,False,Not in Affinity
6efa650d-76d6-41ce-8716-933d9a29b3a1,6K,Developer of advanced microwave-based plasma technology,6kinc.com,"North Andover, MA",,,,,,,False,278518352
ca446f27-1c11-4525-a49e-77b0d7eadc0a,75F,Building automation technologies to optimize indoor air quality and energy efficiency,75f.io,"Bloomington, Minnesota","['U.S. Small Business Administration.', 'Climate Initiative', 'Next47', 'WIND Ventures', 'Clean Energy Trust', 'Siemens AG', 'Building Ventures', ""Revolution's Rise of the Rest Seed Fund"", 'Breakthrough Energy Ventures', 'WIND Ventures - the corporate venture capital (CVC) group of Copec', 'Oil & Gas Climate Initiative']",85.0,-19.05,Series A,5000000.0,"['Pankaj Chawla (CTO and Co-Founder): https://linkedin.com/in/pankaj013', 'Deepinder Singh (CEO): https://linkedin.com/in/flyingsardar']",True,1747333
c1ef9fb4-813d-49b7-855c-bedde1a4ddd1,75f inc.,Provider of wireless building automation for commercial buildings,,,,,,,,,False,Not in Affinity
fc1aced9-e60c-436d-b8eb-98460c5cdf5a,7Analytics,Flood prediction platform,7analytics.no,"Bergen, Norway","['Link Capital', 'Momentum Partners', 'Construct Venture', 'Scale Capital', 'Obos VC']",25.0,25.0,Other,4320600.0,"['Rolf Magnus Monsen (Co-founder / Chief engineer): https://linkedin.com/in/rolf-magnus-monsen-8a40a559', 'Jonas Aas Torland (CDO & Co-founder): https://linkedin.com/in/jonas-aas-torland-5758a937', 'Helge Jørgensen (Co-founder and CEO at 7Analytics): https://linkedin.com/in/helge-j%C3%B8rgensen-bb734651']",True,299967428
a7d9a42c-aa48-4ad5-a895-34138df7136d,7bridges,Logistics engine optimization platform,https://www.7bridges.com/,,,,,,,,False,Not in Affinity
2beca5c4-9d28-436f-9dbd-f51b0292d6aa,7gen,EV service platform,https://7gen.com/,,,,,,,,False,Not in Affinity
c51f10ff-ddeb-452a-b5d2-75d4cb8d1c5d,8 Rivers Capital,Net-zero solutions provider,8rivers.com,"Durham, CA",,,,,,,False,1607977
c537f53b-b30e-4457-9786-b9885161ae98,80 Acres Farms,Vertical farming company focused on pesticide-free produce,80acresfarms.com,"Hamilton, Montana","['Virgo Investment Group', 'Siemens Financial Services', 'other leading Midwestern financial institutions', 'Blue Earth Capital', 'The Western and Southern Life Insurance Company', 'General Atlantic', 'Barclays Climate Ventures']",162.0,-5.26,,115000000.0,Mike Zelkind (CEO): https://linkedin.com/in/mike-zelkind-5113624,True,162592950
9b53686f-95b7-4ed6-9ffe-2692618b8471,8090 Industries,Investment firm,8090industries.com,"New York, NY",,12.0,20.0,,,"['Kerem Ozmen (Co-Founder & CEO): https://linkedin.com/in/kerem-ozmen-6231aa11b', 'Rayyan Islam (Co-Founder and General Partner, Industrial Decarbonization): https://linkedin.com/in/rayyanislam']",True,287621926
ef505948-b2af-4eec-b167-684b5f8ae3fb,8base,Development platform for building digital products,8base.com,"Miami, FL",,,,,,,False,125394565
f79065c4-e779-428d-a184-6ac439f67a07,8inks,Coatings for lithium-ion batteries,8inks.com,"Schlieren, Switzerland",,,,,,,False,296722047
cf2ded7d-f89f-4621-af12-ea5ae6e4f743,900.care,Refillable personal care products provider,900.care,"Paris, France",,,,,,,False,272564602
3f57b8d2-9b1a-4ac5-b0f2-6c22fce377cc,99 Counties,Regenerative meat marketplace,99counties.com,"Chicago, Illinois",,5.0,0.0,Other,3724999.0,"['Mike Adkins (Co-Founder & Chief Technology Officer): https://linkedin.com/in/adkinsmichael', 'Nick Wallace (Founder): https://linkedin.com/in/nick-wallace-269063251', 'Christian E. (Chief Executive Officer): https://linkedin.com/in/cebersol']",True,284887450
53a46aec-287c-4432-bba2-22981c3ef3f9,99minutos,Logistics service for e-commerce vendors,99minutos.com,"Mexico City, Mexico",,,,,,,False,262403406
d428a412-e5d1-4a43-bae0-3677a542fda3,aalo atomics,Company commercializing small nuclear fission reactors,https://www.aaloatomics.com/,,,,,,,,False,Not in Affinity
5acc2f18-a3f9-4942-9c3e-d0d70245c8aa,ab carval,Investment firm focused on credit and hard-asset investments,,,,,,,,,False,Not in Affinity
c924f020-f4a7-4889-8133-be99f5ae9b4f,Abatable,Carbon offsetting start-up,abatable.com,"London, United Kingdom",Azora Capital,40.0,17.65,Other,13500000.0,"['Maria Eugenia Filmanovic (Co-founder): https://linkedin.com/in/mariafilmanovic', 'Valerio Magliulo (Co-Founder): https://linkedin.com/in/valerio-magliulo-51541531']",True,283093744
23b8e9f2-ac8a-4b4c-843e-f4fda6581096,ABB E-Mobility,Provider in EV charging solutions,e-mobility.abb.com,"Zurich, Switzerland",,,,,,,False,291704117
eb5126f1-4d24-443c-9261-103b32f17a5f,Abodu,Startup building backyard homes,abodu.com,"Redwood City, CA",,,,,,,False,262999163
04e6c26d-6e50-479f-a4c6-8d555754685b,abolis,Microorganisms for sustainable chemicals,https://www.abolis.fr/,,,,,,,,False,Not in Affinity
5e6e0fca-68fe-4296-ba6a-84f35a8b1a2b,About:Energy,Battery testing intelligence platform,aboutenergy.io,"London, United Kingdom","['Vireo Ventures', 'Electric Revolution Ventures', 'HighSage Ventures', 'OakNorth Bank CEO Rishi Khosla', 'Coltrane Asset Management Partners’ Laura Webster', 'Plug and Play Ventures', 'Theodo CTO Fabrice Bernhard', 'Nick Banner', 'Mandeep Manku']",30.0,-6.25,Seed,1500000.0,"['Emma Kendrick (Director and co-founder): https://linkedin.com/in/emma-kendrick-92621013', 'Alastair Hales (Co-Founder): https://linkedin.com/in/alastair-hales-955b3489', 'Gregory Offer (Director & Co-Founder of About:Energy Ltd): https://linkedin.com/in/gregory-offer-3180379', ""Kieran O'Regan (Founder): https://linkedin.com/in/kieranoregan1994"", 'Gavin White (Founder / CEO): https://linkedin.com/in/gavinwhite-eng']",True,291379405
61562537-e236-4db6-892a-bb3bf9d3c1f9,Absolute Foods,"AI-driven platform enabling vertical farms, greenhouses and open farms",absolutefoods.in,India,,,,,,,False,225197154
6a1537ef-59a5-47c1-ae67-357997b6e79d,Accacia,Real estate decarbonization platform,accacia.com,"Gurgaon, India",,,,,,,False,302966694
3e851659-cf1a-46ca-a0d7-ae7ea6c3bdcf,acceldata,Data observability platform,acceldata.io,"San Jose, California","['Lightspeed Venture Partners', 'Emergent Ventures', 'Insight Partners', 'Sanabil Investments', 'Industry Ventures', 'March Capital', 'Lightspeed', 'Sorenson Ventures', 'Prosperity Ventures']",257.0,-2.65,Series C,10000000.0,"['Raghu Mitra Kandikonda (Co-Founder & Principal Engineer): https://linkedin.com/in/raghumitra', 'Rohit Choudhary (Founder & CEO): https://linkedin.com/in/rconline', 'Gaurav Nagar (Staff Engineer & Cofounder): https://linkedin.com/in/gaurav-nagar-6b800124', 'Ashwin Rajeeva (Co-founder and CTO): https://linkedin.com/in/w1nash']",True,221222203
1ff5a1be-1206-493c-a4f3-1b5f70e5f46b,AccelerComm,5G radio access network performance optimization,accelercomm.com,"Chilworth, United Kingdom","['Hostplus managed funds', 'Bloc Ventures', 'Hostplus', 'Parkwalk', 'IP Group plc', 'Swisscom', 'IQ Capital', 'IP Group', 'the IP Group', 'Swisscom Ventures']",71.0,-6.58,Other,15000000.0,"['Taihai Chen (Co-Founder & Chief Operating Officer): https://linkedin.com/in/taihai-chen-8501b522', 'Prof Rob Maunder (Founder and CTO): https://linkedin.com/in/robmaunder', 'Tom Cronk (Chairman & CEO): https://linkedin.com/in/tom-cronk-b5440b141']",True,122505931
cad99496-09f8-4a2e-ad30-1f035737fa15,Accelergen Energy,Renewable power and storage developer,accelergen.com,"Austin, Texas",Overlay Capital,9.0,0.0,,20000000.0,"['Thomas Houle (Chief Executive Officer): https://linkedin.com/in/houle01', 'Thomas houle (Chief Executive Officer): https://linkedin.com/in/thomas-houle-0498a4241']",True,287669743
ae2c4561-0009-4b5d-a7f1-a1ffe2980229,Acceleron Fusion,Muon-catalyzed fusion technology developer,acceleron.energy,"Cambridge, MA",,,,,,,False,294626080
cf373b0c-9fd2-4b2a-9250-d5d0b8893b9d,Accelsius,Thermal cooling systems for datacenters provider,accelsius.com,"Austin, TX",,,,,,,False,288577476
8b3e4979-2bd3-4c1b-87fd-8b1574c9cd1c,accure,Battery analytics software platform,https://www.accure.net/,,,,,,,,False,Not in Affinity
6147fc40-935c-4821-95f1-e22ce567715a,ACCURE - Battery Intelligence,Battery safety company,accure.net,"Aachen, Germany","['Riverstone Ventures', 'Capnamic Ventures', 'Blue Bear Capital', 'HSBC Asset Management', '42CAP', 'Bluebear Capital', 'Hsbc Asset Management', 'Capnamic', 'Riverstone Holdings', 'Incharge Capital Partners']",64.0,-3.03,Series B,16000000.0,,True,280235726
a3db8147-9782-413b-ac4b-92d422d5e52b,ACE Green Recycling,Battery recycling technology company,acegreenrecycling.com,India,,,,,,,False,289181841
112547cd-89e5-4229-9924-26554b2aed73,Acel Power,Electric boat developer,acelpower.com,"Vancouver, Canada","['Tau Capital', 'Brad Allen of Tau']",16.0,6.67,Series A,10000000.0,"['John Liu (Co CEO): https://linkedin.com/in/john-liu-73437b77', 'Anthony Liu (Chief Executive Officer): https://linkedin.com/in/anthony-liu-684301127', 'Dr Nawfal Al Jourani (Regional CEO of Middle East): https://linkedin.com/in/dr-nawfal-al-jourani-2b6aa1104', 'John Liu (Co-Founder): https://linkedin.com/in/john-liu-a5055988']",True,284879343
b1f99051-5a21-4e13-8de2-b4ca6511c875,Acerta Analytics,Manufacturing technology solutions for automotive,acerta.ca,"Kitchener, Canada",,,,,,,False,121080341
95cc3be4-a519-4adb-b306-7ffd53b505a2,aclarity,Water treatment startup,https://www.parity.com/,,,,,,,,False,Not in Affinity
fade16c5-556d-4748-8629-20069d59d258,Aclima,Air pollution and greenhouse gas measurement startup,aclima.io,"San Francisco, California","['Splunk', 'Kapor Capital', 'Plum Alley', 'KTB Network', 'Radicle Impact', 'Microsoft Climate Innovation Fund', 'Rethink Impact', 'U.S. Small Business Administration.', 'Robert Bosch Venture Capital', 'ACVC Partners', 'Womens VC Fund II', 'Social Capital', 'Schmidt Family Foundation', 'The Schmidt Family Foundation', 'GingerBread Capital', 'First Philippine Holdings', 'Leonid Capital Partners']",92.0,2.0,Debt,13000000.0,"['Reuben Herzl (Co-Founder and Chief Creative Officer): https://linkedin.com/in/groundmaking', 'Kim Hunter (Advisor To Chief Executive Officer, Founders Office): https://linkedin.com/in/kim-hunter-23a05011', 'Davida Herzl (Co-Founder & CEO): https://linkedin.com/in/davida-herzl-44b69123']",True,1791524
d5ec0ffa-0b2d-4f49-b0f0-c52f8b00c716,ACON S2 Acquisition Corporation,Sustainable business-focused SPAC,acons2.com,,,,,,,,False,286719740
7351a489-4814-4808-8a0b-d6ea1144fd08,Acre Venture Partners,Invest in ag and food-tech companies,acre.vc,"Santa Monica, CA",,6.0,0.0,Investment Fund,140000000.0,"['Gareth Asten (Co-Founder & Managing Partner): https://linkedin.com/in/gareth-asten-5709801ab', 'Lucas Mann (Co-Founder & Managing Partner): https://linkedin.com/in/lucas-mann-4370221b5']",True,34968849
e52be3ec-918b-43ec-b008-8164a304963c,AcreTrader,Farmland investing platform,acretrader.com,"Fayetteville, Arkansas","['Anthemis Group', 'Revel Partners', 'Narya Capital', 'RZC Investments', 'Jump Capital', 'Columbus, Ohio-based venture capital firm Drive Capital', 'existing institutional investors', ""Revolution's Rise of the Rest Seed Fund""]",38.0,-29.63,Series B,60000000.0,,True,219981365
4def45b2-df6f-4ed7-bb14-a103c4b74c96,ACT-ion Battery Technologies,Lithium ion battery cathode active materials developer,act-ion.com,"Dallas, TX",,,,,,,False,301356683
4a0ed1ba-9e19-457d-81fa-e825f01cf315,Active Impact Investments,Climate tech fund,activeimpactinvestments.com,,"['Northleaf Capital Partners', 'Co-operators Corporate Venture Capital Fund']",13.0,0.0,Investment Fund,51028040.0,Mike Winterfield (Founder and Managing Partner): https://linkedin.com/in/mike-winterfield-827408,True,163314594
edc383a7-bfe1-49dd-adb1-1fcf1b5cbf04,Active Surfaces,Solar integration technology provider,activesurfaces.xyz,"None, None","['Umami Capital', 'QVT', 'others', 'SeaX Ventures', 'Type One Ventures', 'Sabanci Climate Ventures', 'Lendlease', 'New Climate Ventures', 'Safar Partners']",12.0,20.0,Seed,5600000.0,"['Richard Swartwout (Chief Technology Officer and Founder): https://linkedin.com/in/richard-swartwout', 'Shiv Bhakta ♻️ (Founder / Business Development): https://linkedin.com/in/shivambhakta']",True,291522760
c7ad72b2-2448-454f-b64f-2bd642fbb740,Adamo Foods,Alternative steak from fungi,adamofoods.com,London,,,,,,,False,285127419
7983c993-de26-4741-9fae-4913ea2a5ccc,Adaptis,Decarbonization solutions provider for building owners,adaptis.ai,"Toronto, Canada","['Powerhouse Ventures', 'Building Ventures', 'Blue Vision Capital', '2048 Ventures', 'MetaProp']",22.0,-8.33,Seed,4000000.0,"['Sheida Shahi (Architect, Co-Founder, CEO): https://linkedin.com/in/sheidashahi', 'Aida Mollaei (Co-Founder, CTO): https://linkedin.com/in/aida-mollaei']",True,291516220
aed64dae-2832-4a85-9c7a-ce864d26aae5,Adaptive Insurance,Parametric insurance products for weather-related power outages,adaptiveinsurance.com,"Austin, Texas","['Generation Space', 'Congruent Ventures', 'Montauk Climate', 'private funders']",3.0,0.0,Seed,5000000.0,,True,298684806
d227bff4-64c0-4033-96e0-2c9d03a0d8a0,adden energy,Battery technology developer,https://steadyenergy.com/,,,,,,,,False,Not in Affinity
71c5e3c0-a44c-459e-b8f9-dce8fdd69092,addenergie,EV charging network,,,,,,,,,False,Not in Affinity
a34f8e5c-654f-4176-a837-576f239ed01c,ADDIONICS,EV battery technology company,addionics.com,CUK,,,,,,,False,222258768
aa7b152a-0a46-4906-8e3b-1241f3e83de6,addis energy,Ammonia production technology developer,https://www.ampd.energy/,,,,,,,,False,Not in Affinity
0d73c986-e0ba-4fab-8274-60e2326031eb,AddÉnergie,EV charging startup,addenergie.com,"Quebec City, Canada","['Investissement Québec', 'Caisse de Depot et Placement du Quebec']",1.0,,Other,12800000.0,Louis Tremblay (President and Chief Executive Officer): https://linkedin.com/in/louis-tremblay-4841834,True,223716128
0151de11-6912-4a3e-b964-7f75bdcfae70,Adept Materials,Develop paint material to help buildings control internal humidity,adeptmaterials.com,"Somerville, MA",,,,,,,False,290133214
1380deb3-58f2-4071-abe8-e663716f61bf,Adionics,Direct lithium extraction technology platform,adionics.com,"Thiais, France",,,,,,,False,187628167
0c204337-ebf7-4666-bd6b-3d76bb39b87f,adsorbi,Bio-based material removing air pollutants,https://adsorbi.com/,,,,,,,,False,Not in Affinity
e1156768-5ec9-469b-b0a8-4e0033a6b259,Advanced Cooling Technologies,Thermal management and cooling technologies developer,1-act.com,"Lancaster, CA",,,,,,,False,79712845
42980c61-563c-47ba-81b2-fc56681654fc,Advanced Electric Machines,Designer and manufacturer of electric vehicle motors,advancedelectricmachines.com,"Washington, U.K.",,,,,,,False,205501603
1be635ed-c295-4a1b-a434-190c7ae359d4,Advanced Farm Technologies,Developer of robotic farming equipment,advanced.farm,"Davis, California","['Catapult Ventures', 'Kubota Corporation', 'Impact Venture Capital', 'Yamaha Motor Ventures & Laboratory Silicon Valley', 'Impact Ventures', 'Yamaha Motor Corporation']",22.0,-37.14,Series B,25000000.0,"['Carl Allendorph (Co-Founder): https://linkedin.com/in/carl-allendorph-54a2851b', 'Kyle Cobb (Co-Founder): https://linkedin.com/in/kylecobb', 'Cedric Jeanty (Founder, CTO): https://linkedin.com/in/cedricjeanty', 'Marc Grossman (Chief Executive Officer): https://linkedin.com/in/marc-grossman-78051a22']",True,205504486
e70b6162-60f6-4f3a-bf1d-5e9ef902139b,Advanced Ionics,Producer of affordable green hydrogen,advanced-ionics.com,"Milwaukee, Wisconsin","['Mitsubishi Heavy Industries', 'Clean Energy Ventures', 'GVP Climate', 'bp ventures', 'JERA', 'Argosy Foundation']",21.0,0.0,Other,6700000.0,,True,223570042
660b5b66-bad2-4b84-a34d-b6ccc9bbbbe8,AdvancedAg,Bioagriculture input developer,advancedag.ca,"Raymond, Canada",,,,,,,False,283877572
be7cb0eb-d589-47e8-a871-4c1b9143c335,Advancing Eco Agriculture,Regenerative agriculture platform,ryanolsenphotographer.com,"Middlefield, OH",,,,,,,False,295753955
9440f67e-2d76-40b3-84d6-93a422cf631d,ADVANO,Focused on lithium-ion battery technology,advano.io,"New Orleans, Louisiana","['Y Combinator', 'PeopleFund', 'Tony Fadell’s Future Shape', 'Mitsui Kinzoku SBI Material Innovation Fund', 'DCVC', 'Peter Thiel’s Thiel Capital']",9.0,-52.63,Series A,18500000.0,"['Patrick Dietzen (Founder, CEO, Director, Investor): https://linkedin.com/in/openmindpd', 'Shiva Adireddy (Co-Founder & Chief Technology Officer): https://linkedin.com/in/shiva-adireddy-5aab1850', 'Alexander Girau (Chairman, CEO, & Founder): https://linkedin.com/in/alexandergirau', 'J. Christopher York (Chief Executive Officer): https://linkedin.com/in/j-christopher-york-15669411', 'Shiva Adireddy, Ph.D. MBA (Co-Founder, Director, & CEO): https://linkedin.com/in/shiva-adireddy-ph-d-mba-5aab1850']",True,1674771
59300bd1-3e8a-4766-9eac-cf0968feada3,Advanta Seeds,Developing high performing and hybrid seeds for agriculture,advantaseeds.com,Dubai,,,,,,,False,224205610
90298ad8-d86c-448b-9703-cbeeaab79726,advent technologies,Fuel cell maker,,,,,,,,,False,Not in Affinity
2dd24b37-bd35-4ad9-9b2e-64de6572e2d7,Advex AI (PearX S23),Improving AI Vision models for manufacturing,advex.ai,"San Francisco, California","['Construct Capital', 'Emerson Collective', 'angel investors', 'Pear VC']",7.0,75.0,Seed,3500000.0,"['Qasim Wani (Co-Founder, Chief Product Officer): https://linkedin.com/in/qasimwani', 'Asriel H. (Co-Founder & CTO): https://linkedin.com/in/asrlhan']",True,293412607
ff8faa2c-a731-4407-9f91-ef090dd8c5f6,aea-bridges impact corp.,ESG-focused SPAC,,,,,,,,,False,Not in Affinity
a602cf0f-ed05-477b-b456-df943cd117cf,aedifion,Energy usage management and monitoring company,aedifion.com,"Cologne, Germany","['VC World Fund', 'LARTIS', 'MOMENI Ventures', 'Family Office Hopp', 'Eurazeo', 'Bauwens Capital', 'World Fund', 'MOMENI Venture', 'Hopp family office', 'BitStone Capital', 'Bauwens', 'Beyond Build', 'Drees & Sommer', 'Phoenix Contact Innovation Ventures']",70.0,18.64,Series B,17000000.0,"['Felix Dorner (CFO & Co-Founder): https://linkedin.com/in/felix-dorner-7066b996', 'Jan Henrik Ziegeldorf (CTO & Co-Founder): https://linkedin.com/in/jhziegeldorf', 'Johannes Fütterer (CEO & Founder): https://linkedin.com/in/jfuetterer', 'Erik Brümmendorf (Head of Engineering & Co-Founder @ aedifion ): https://linkedin.com/in/erik-br%C3%BCmmendorf-117149155']",True,221179252
c05e10c2-7e0a-46ff-adde-25a5bf9b1800,Aegir Insights,Offshore wind software business,aegirinsights.com,"Copenhagen, Denmark","['Climentum Capital', 'Seaya Andromeda']",36.0,-5.26,Series A,8500000.0,"['Rikke Winther Nørgaard (CCO & Co-founder): https://linkedin.com/in/rikkenoergaad', 'Scott Urquhart (CEO, Founder): https://linkedin.com/in/scott-a-urquhart']",True,280531479
d1e2134c-cd7c-42d6-8412-6781a3a7b809,aegis energy,Network of lower-emission and multi-fuel source refueling hubs for commercial vehicles,aegisenergy.uk,"Wakefield, U.K.",,,,,,,False,297746112
d2d17339-5bd8-4f8e-893b-28a2de4abdce,AEInnova,Wireless IoT company,aeinnova.com,"Terrassa, Spain",,25.0,-7.41,,2639250.0,,True,1788073
30818c5b-d5c2-416e-ad15-c1646e4587e1,Aemetis,Biofuel producer,aemetis.com,"Cupertino, CA",,,,,,,False,78830256
9d3b8a3c-7989-427f-8b41-c9161b75a4a3,Aepnus Technology,Recycle and reuse battery manufacturing materials,aepnus.com,"Oakland, California","['Muus Climate Partners', 'Voyager Ventures', 'Lowercarbon Capital', 'Impact Science Ventures', 'Clean Energy Ventures', 'Gravity Climate Fund']",10.0,-16.67,Seed,8000000.0,"['Lukas Hackl, Ph.D. (Co-Founder, CEO): https://linkedin.com/in/lukashackl', 'Bilen Akuzum, Ph.D. (Co-Founder, CTO): https://linkedin.com/in/bilen-akuzum']",True,283090882
0c838fbe-380b-4362-9539-cda19d46400f,Aerem,Solar panel financing provider,aerem.co,India,,,,,,,False,286456279
770f0155-8f1a-4987-982c-62e99b64696b,Aerleum_official,Direct air capture technology,aerleum.com,"Strasbourg, France",,,,,,,False,294001792
d1fc9ddd-c0e6-4678-a00f-0ca38cb3375e,aerobotics,Aerial crop intelligence startup,https://www.amprobotics.com/,,,,,,,,False,Not in Affinity
85ef3d64-3ca1-44f0-90a8-0bedee5e4f29,AeroFarms,Vertical farming company,aerofarms.com,"Newark, NJ",,,,,,,False,1545517
84c26545-384d-4286-ade5-92d421e35033,Aerones,Robotic wind turbine maintenance systems,aerones.com,"Riga, Latvia","['S2G Investments', 'Activate Capital', 'Extantia', 'Overlap Holdings', 'Carbon Equity', 'Future Positive Capital', 'Change Ventures', 'Y Combinator', 'Lightrock', 'Blume Equity', 'Metaplanet', 'TechCrunch', 'Haniel', 'Mantas Mikuckas']",276.0,21.05,Other,62000000.0,"['Dainis Kruze (Co-Founder): https://linkedin.com/in/dainis-kruze-63b19013', 'Arturs Skroderis (CEO): https://linkedin.com/in/artursskroderis', 'Janis Putrams (CEO): https://linkedin.com/in/janis-putrams-2ab19345']",True,147493780
dc8233c9-4baa-4c2e-95db-977ad22c245b,Aeroseal,Developer of building seals to reduce carbon emissions,aeroseal.com,"Miamisburg, Ohio","['OGCI Climate Investments', 'Energy Impact Partners', 'Building Ventures', 'Climate Investment', 'Breakthrough Energy Ventures']",181.0,-2.16,Series B,67000000.0,,True,163301998
59536981-326c-4a57-bf77-231ade2f835e,AeroShield,Developing transparent insulation for energy-efficient windows,aeroshield.tech,"Cambridge, MA",,,,,,,False,225153181
6a29e623-16f6-4592-b2fa-e01baa64808f,aeroshield materials,Energy-efficient windows provider,https://aeroshield.tech/,,,,,,,,False,Not in Affinity
e895e700-a27d-48dd-8ef0-2b08bafeb06c,Aether Bio,Rare metals extraction company,aetherbio.com,"Menlo Park, California","['Trevor Zimmerman at Unless', 'Jay Zaveri at Natural Capital']",27.0,-25.0,Series A,49000000.0,"['Hannah Meyers (Cofounder): https://linkedin.com/in/hannah-meyers', 'Chase Armer (Cofounder): https://linkedin.com/in/chasearmer']",True,161837722
9f86f0fe-4f74-4cee-843d-283d4f8c35de,aether diamonds,Producer of diamonds made from atmospheric carbon,https://aetherdiamonds.com/,,,,,,,,False,Not in Affinity
447ce3ec-66ef-42bb-b9e5-406c8673b6a1,Aether Fuels,Sustainable aviation fuel developer,aetherfuels.com,"Chicago, Illinois","['TechEnergy Ventures', 'Xora Innovation', 'Foothill Ventures', 'Doral Energy Tech Ventures', 'JetBlue Ventures', 'AP Ventures', 'CDP Venture Capital', 'Chevron Technology Ventures', 'Zeon Ventures', 'Doral Energy-Tech Ventures']",28.0,27.27,Series A,34000000.0,Conor Madigan (Founder and CEO): https://linkedin.com/in/conor-madigan-1841b513,True,290082831
69e7dc0a-f0ce-4bac-acca-f3a3c946c1ad,Aetherflux,Network of small satellites designed to collect solar energy,aetherflux.com,"San Francisco, California","['others', 'Interlagos', 'Index Ventures', 'NEA', 'Andreessen Horowitz', 'Breakthrough Energy Ventures']",10.0,,Series A,50000000.0,,True,296564490
0921776b-48e1-49a7-ad2f-4976a656b430,aev robotics,Modular autonomous electric vehicle maker,,,,,,,,,False,Not in Affinity
453a406b-0163-4c94-98ab-fdb39bce8f10,Aeva,LiDAR sensing and perception technologies,aeva.com,"Mountain View, CA",,,,,,,False,291723026
8f4b774d-0a70-4743-8685-f96947f284c4,afresh,AI company developing food technology that prevents food waste,https://freshbus.in/,,,,,,,,False,Not in Affinity
26415472-dadf-4b5c-b1c2-9302dc9b228a,afryen neoxy,Biorefinery for biobased acids developer,,,,,,,,,False,Not in Affinity
84645006-cd02-417c-964f-086952fec526,AG5,B2B SaaS platform for the manufacturing industry,ag5.com,"Amsterdam, Netherlands",,,,,,,False,157666368
766f131d-7e1a-441f-b5e4-1b503d0a20b3,Mothers Against Drunk Driving,Capture carbon dioxide and turn it into carbon negative chemicals,madd.org,"Irving, Texas",U.S. Small Business Administration.,519.0,-1.7,PPP Loan,2000000.0,,True,1760186
355551ed-2b25-4588-bb12-dd9894eec15d,AgBiome,Developer of microbial-based products including a fungicide for disease control,agbiome.com,"Durham, NC",,,,,,,False,1613971
c5bedb17-6c6a-49fe-a03a-39a4f4742629,Agilitas Energy,Solar and battery energy storage projects,agilitasenergy.com,"Wakefield, MA",,,,,,,False,278508917
da653b95-fbe2-42cc-ab79-f6d07fa04c27,agnext technologies,AI-driven agribusiness platform,https://www.naukri.com/agnext-technologies-overview-4575943,,,,,,,,False,Not in Affinity
1107fded-5039-4cf6-959b-8a06dbef7aab,agora systems,Maker of materials supply chain software,,,,,,,,,False,Not in Affinity
911eaa84-9423-4827-8455-8ad524566c43,Agragene,Developing eco-friendly alternatives to chemical pesticides,agragene.com,"San Diego, Calif.",,,,,,,False,255152447
ec0b3d10-081b-4a6c-9b5c-6443d5858c80,Agreena,Platform where farmers can earn carbon credits,agreena.com,"Copenhagen, Denmark","['HV Capital', 'AENU', 'Kinnevik', 'Gullspång Re:food', 'Anthemis', 'Vaekstfonden', 'Giant Ventures', 'Denmark’s Export and Investment fund', 'farmer angel investors']",237.0,19.0,Series B,46000000.0,"['Ida Boesen (Co-Founder): https://linkedin.com/in/ida-boesen-88533230', 'Simon Haldrup (CEO): https://linkedin.com/in/simonhaldrup', 'Julie Koch Fahler (Head of Operations & Co-Founder): https://linkedin.com/in/juliekfahler']",True,283163312
1daf445e-42a9-4459-9cc0-c7a9a4dbe257,agricarbon,Soil carbon measurement technology developer,https://www.agricarbon.com/,,,,,,,,False,Not in Affinity
8f324139-3fec-48f2-9748-8bf486580d93,Agriconomie,Ag marketplace including regenerative inputs for farmers,agriconomie.com,"Coole, France","['Treïs Group', 'Temasek', 'Eurazeo', 'Aliment Capital (formerly Pontifax AgTech)']",136.0,1.49,Series B,60000000.0,"['Paolin Pascot (Co-founder & CEO): https://linkedin.com/in/paolinpascot', 'Clément Le Fournis (Co-founder and COO): https://linkedin.com/in/cl%C3%A9ment-le-fournis-76362241']",True,1668800
e7909339-e5cc-4c59-831e-edfc6b6ff561,agricycle global,Ingredient upcycling startup focused on Africa,,,,,,,,,False,Not in Affinity
ab591cd1-df94-4211-8b55-c0f7bd2595e3,AgriG8,Gamified platform for reducing methane emissions,agrig8.com,Singapore,,,,,,,False,285418110
d25e35fe-4f26-4b18-8e7a-7672bdf86044,Agriloops,Aquaponics farm developer,agriloops.com,"Paris, France",,,,,,,False,156979793
1b75e1a7-aec5-4101-800b-cce253064262,AgriTask,Precision agriculture startup,agritask.com,Israel,,,,,,,False,1690782
0e70b209-14b0-4eb8-b161-852b7e274195,agritech innovations,Sustainable agricultural technologies,,,,,,,,,False,Not in Affinity
8de8abd5-5da6-49d0-9401-7fe4a46ae372,AgriWebb,Beef cattle management platform,agriwebb.com,"Surry Hills, Australia",,,,,,,False,1656862
65c452e3-7d4b-48dc-bb38-6d37186fe4e5,Agrizy,Agribusiness digital marketplace,agrizy.in,"Bengaluru, India",,,,,,,False,285625071
3f7c137d-871b-4c67-b1cc-d39bfec56985,Agrobiomics,Make biostimulants that make plants more resilient to stressors like drought and salinity,agrobiomics.com,"Copenhagen, Denmark",,,,,,,False,293992571
7cad45e1-04e4-4b84-a7a9-33543200715d,agrolend,Farm credit provider,https://agfundernews.com/agrolend-raises-1-6m-seed-funding-from-30-investors,,,,,,,,False,Not in Affinity
1c626b92-62b6-42ea-8adc-8d21681f5adb,Agrology,Regenerative and predictive agriculture platform,agrology.ag,"Alexandria, Virginia",Active Impact Investments,15.0,7.14,Seed,,"['Adam Koeppel (CEO): https://linkedin.com/in/adamkoeppel', 'Tyler Locke (CTO & Cofounder): https://linkedin.com/in/tylerlocke']",True,262819303
bd2cc72e-a73b-4d9b-a713-1e2b37e9e512,Agros,Solar irrigation provider,agrosglobal.com,Singapore,,,,,,,False,287558143
89e4af6e-f6b6-4334-9a8a-e53d28ee53c8,AgroSpheres,Bio-based crop protection platform,agrospheres.com,"Charlottesville, VA",,,,,,,False,128863591
93920d0c-9ff6-4bf3-ac3b-eaff21989115,AgroUrbana,Vertical farming business,agrourbana.ag,Chile,,,,,,,False,224002751
474a2309-517b-4a9d-b956-23ca01fe4a0d,Agteria Biotech,Biotech additive focused on reducing livestock methane emissions,agteria.com,"Stolkhom, Sweden",,,,,,,False,295897654
1621f7bc-ce84-4955-a56a-ed4b372b9406,Agteria Biotech,Methane-reducing feed additive service provider,agteria.com,"Stockholm, Sweden",,,,,,,False,295897654
7b5ccc91-406d-4099-9083-052bf87c6147,Agtonomy,Software and services provider for autonomous agriculture,agtonomy.com,"San Francisco, California",,,,,,,False,283455194
944b6316-b445-4897-926b-31fd56f8edb0,Agurotech,Hardware and software for precise agricultural data,agurotech.com,Amsterdam,,,,,,,False,285118245
de35313d-293a-480c-8410-40056b7e45c0,AgZen,Efficient crop spraying equipment and software,agzen.com,"Somerville, MA",,,,,,,False,284394072
37882778-81b2-4c72-84f9-12e15b5aa6c4,aichi automobile co.,Chinese electric vehicle startup,,,,,,,,,False,Not in Affinity
cd0e3644-29df-4cc1-891f-21a54ca673b0,www.aicrete.com,Concrete decarbonization software platform,aicrete.com,"San Francisco, California","['Cortical Ventures', 'CLEAR Ventures', ""one of the world's leading manufacturers of concrete and building materials"", 'VoLo Earth Ventures']",12.0,0.0,Seed,4000000.0,Parham Aghdasi (Founder and CEO at AICrete Corp.): https://linkedin.com/in/parham-aghdasi-3727732b,True,278410240
a475685e-bc3a-4824-8585-aea7e9297070,AiDash,Infrastructure resilience software,aidash.com,"Palo Alto, California","['SE Ventures', 'Sabanci Ventures', 'Marubeni Corporation', 'Lightsmith Group', 'Duke Energy', 'Schneider Electric', 'Shell Ventures', 'Edison International', 'National Grid Partners', 'Benhamou Global Ventures (BGV)', 'G2 Venture Partners', 'National Grid', 'Lightrock', 'BGV', 'Benhamou Global Ventures', 'National Grid Partners (NGP)', 'additional strategic investors', 'additional strategic partners']",354.0,-4.58,Series C,58500000.0,"['Rahul Saxena (Co-Founder and CTO): https://linkedin.com/in/saxenarahul1', 'Nitin Das (Cofounder & Chief AI Officer): https://linkedin.com/in/nitin-das-a051703']",True,223836860
9485ad65-d6e6-4473-8785-9f1ffd5f6d02,aifleet,Maximize trucking utilization and efficiency,aifleet.com,"Austin, Texas","['Compound', 'Volvo Group Venture Capital', 'Obvious Ventures', 'Cooley', 'Winthrop Square', 'Ibex Investors', 'Tom Williams at Heron Rock']",85.0,8.97,Series B,17000000.0,"Dániel GERGELY (Co-Founder, Senior Vice President of Engineering): https://linkedin.com/in/dgergely",True,290396595
c4f0e646-379c-4a03-a5f0-d0147fb12a69,Aigen,Solar-powered autonomous robots developer,aigen.io,"Kirkland, WA",,,,,,,False,291727648
70bd8e4e-0183-4cbb-9c9a-e1e9fa6394f6,Aikido Technologies,Manufacture floating wind turbines,aikidotechnologies.com,"San Francisco, California","['others', 'Propeller Ventures', 'Cisco Foundation', 'Sabanci Climate Ventures', 'Azolla Ventures', 'Anthropocene Ventures']",9.0,28.57,Seed,4000000.0,"['Bingbin Yu (Co-Founder and Chief Engineer): https://linkedin.com/in/bingbin-yu-53679812', 'Sam Kanner (Co-Founder and CEO): https://linkedin.com/in/sam-kanner', 'James Reeves (Chief Engineer, Co-founder): https://linkedin.com/in/james-reeves-6997b324']",True,287770819
603307a9-1ff6-46ae-962d-92306872a203,Ailytics,Heavy industry monitoring business,ailytics.ai,Singapore,,,,,,,False,282691189
47cd0e1b-3a4f-45f5-827b-6a319f60dd1c,aim intelligent machines,Autonomous vehicles for construction sites,https://aim.vision/,,,,,,,,False,Not in Affinity
18bc480c-6491-448b-9b63-f39662257f40,aip management,Solar energy and carbon solutions provider,,,,,,,,,False,Not in Affinity
c4545410-fb24-4728-bc60-092ffba16f12,AIPERIA,Manage food service providers’ inventories to reduce food waste,aiperia.com,"Großrinderfeld, Germany","['EarlyBird Venture Capital', 'ETF Partners', 'LBBW VC']",48.0,0.0,Series A,7500000.0,,True,296385050
a56279fd-42af-4c53-b643-13a5c373ee40,Air Aware Labs,Air quality service technology provider,airawarelabs.com,"London, England",,,,,,,False,296474153
1074813f-0e38-4dbf-975f-cb82a6650114,Air Company,"Maker of vodka, fragrance, and fuels from captured carbon",aircompany.com,"New York, New York","['Carbon Direct Capital Management', 'JetBlue Technology Ventures', 'Parley for the Oceans', 'Toyota Ventures', 'Carbon Direct Capital', 'Duncan Aviation', ""Connecticut Innovation's Climate Tech Fund"", 'IQT (In-Q-Tel)', 'Lowercarbon Capital', 'Avfuel', 'Sheltair Aviation', 'JSSI', 'JetBlue Ventures', 'Alaska Airlines']",88.0,-14.56,Series B,69000000.0,Gregory Constantine (Co-Founder & CEO): https://linkedin.com/in/gregoryconstantine,True,221185362
9406096b-ec14-4081-bd7f-ce178c3bc43d,Air Protein,Alternative meat company,airprotein.com,"Pleasanton, CA",,,,,,,False,224646283
9622e75d-f9ca-4eeb-81e6-a4dd98dc22db,Aira Home,Home energy efficiency platform,airahome.com,"Stockholm, Sweden","['Kinnevik', 'Altor', 'Lingotto', 'Collaborative Fund', 'Temasek', 'Nesta Impact Investments', 'Statkraft Ventures', 'Burda family', 'Creades']",579.0,13.31,Series B,63000000.0,,True,291996986
6b1096b9-be33-4d3c-a574-fc563a266a66,aira technologies,AI cellular network infrastructure technology developer,https://www.aira-technology.com/,,,,,,,,False,Not in Affinity
d6f0e881-b47b-49f7-8e27-4ab705a025f1,AIRBOUND,Make efficient delivery drones,airbound.co,"Bengaluru, India",,,,,,,False,283683584
69bb4de3-c1ce-444c-9000-a8d3f5dd9a8f,aircapture,Carbon removal and mineralization project,aircapture.co,"Berkeley, CA",,,,,,,False,263187094
d7acdad6-ce52-458f-9bd5-4c05fb3e5aa1,aircarbon exchange,Carbon trading exchange,https://www.aircarbon.co/,,,,,,,,False,Not in Affinity
a3644d27-1b75-41bf-b0ca-2f44206cbcc5,Airex Energy,"Producer of biochar, biocarbon, and biocoal",airex-energy.com,"Laval, Canada",,,,,,,False,1696124
33a5c3c7-f922-4059-abb4-2e20afa0e2a8,Airforestry,Electric aerial tree harvesting drones,airforestry.com,"Uppsala, Sweden","['Northzone', 'Sveaskog', 'Cloudbreak VC', 'Walerud Ventures', 'CapitalT', 'SEB Greentech VC', 'Kiko VC']",33.0,10.0,Seed,10300000.0,"['Caroline Walerud (Executive Chairman, Cofounder & Investor): https://linkedin.com/in/cwalerud', 'Markus Romar (CSO and Co-Founder): https://linkedin.com/in/markusromar', 'Olle Gelin (CEO and Cofounder): https://linkedin.com/in/olle-gelin-78209953', 'Mauritz Andersson (Co-Founder and CTO): https://linkedin.com/in/mauritz-andersson-8097003']",True,283957526
74fa5bf2-d2cd-4776-8a63-4880c1eba5c0,Airhouse,E-commerce operations platform,airhouse.io,"San Francisco, CA",,,,,,,False,262788056
9d7734ce-0c72-447b-93f8-722c76ae0a97,airjoule technologies,Atmospheric water harvesting technology developer,,,,,,,,,False,Not in Affinity
7b3e10a3-fcd7-49b7-8eff-be546fd8f696,AirLoom Energy,Next-generation wind turbines,airloomenergy.com,"Laramie, Wyoming","['Breakthrough Energy Ventures', 'Lowercarbon Capital', 'MCJ Collective']",15.0,0.0,Seed,12700000.0,"['Neal E. Rickner (CEO): https://linkedin.com/in/nealrickner', 'Jim Singer (Co-Founder and Board Member): https://linkedin.com/in/jimhsinger']",True,220097160
1b8d361a-15c5-44a5-80ac-54323561ddaf,Airly,Air quality monitoring service,airly.eu,"Palo Alto, CA",,,,,,,False,263766515
f0d551f6-ce3d-4422-ac6d-80d4c5cab8f8,Airmo.io,Satellite technology for GHG emissions provider,airmo.io,"Weßling, Germany","['several angel investors', 'E2MC', 'Pi Labs', 'Findus Venture', 'Ananda Impact Ventures', 'Antler']",22.0,29.41,Seed,5700000.0,"['Pavels R. (Co-Founder): https://linkedin.com/in/prazmajevs', 'Errico Armandillo (Co-Founder & CTO): https://linkedin.com/in/errico-armandillo-ea', 'Daria Stepanova (Chief Executive Officer): https://linkedin.com/in/daria-stepanova-82068372', 'Harriet von Kügelgen (CCO & Co-Founder): https://linkedin.com/in/harriet-von-kuegelgen', 'Tereza Boynova (Founder Associate): https://linkedin.com/in/tereza-boynova']",True,286688988
d9f6c4c9-737d-4064-a043-c0533cf56079,AirMyne,Direct air capture technology,airmyne.com,"Berkeley, CA",,,,,,,False,284820018
4ec18937-c30b-4034-9721-6c89bcef58cb,Airtable,"Collaborative, no-code platform for building apps",airtable.com,"San Francisco, California","['Coatue Management', 'Thread Capital', 'CRV', 'Coatue', 'Benchmark', 'WndrCo', 'Slow Ventures', 'Thrive Capital', 'Benchmark Capital', 'Greenoaks Capital', 'Franklin Templeton', 'Freestyle Capital', 'Charles River Ventures', 'Silver Lake', 'Caffeinated Capital', 'Greenoaks', 'J.P. Morgan Growth Equity Partners', 'MSD Capital', 'ICONIQ Growth']",769.0,5.92,Late Stage,735000000.0,,True,1721646
892e663b-4fc5-4666-82f9-4433a7efb479,Airthium,High-temperature heat pump developer,airthium.com,"Paris, France",,,,,,,False,129731303
9b65c668-a97c-4da9-8697-d8b16a34e3ec,AirWorks Solutions,Autonomous processing software for aerial mapping and surveying,airworkssolutions.com,"Boston, MA",,,,,,,False,276158026
dfc1dcba-2ce5-4dc4-aa04-10b753b69f73,aistech space,Capture thermal data and imagery from satellites,,,,,,,,,False,Not in Affinity
843f907e-6c72-4bd5-8318-a19c1b2b34cb,AISTI,Carbon negative acoustic tile producer,aisti.com,"Jyväskylä, Finland",,,,,,,False,285915424
d295e22d-6c78-4171-8bdf-3d5437ed32a8,Aiven,Open source technologies and cloud infrastructure,aiven.io,"Helsinki, Finland","['Risto Siilasmaa', 'Eurazeo', 'Olivier Pomel', 'Earlybird VC', 'BlackRock', 'Earlybird', 'Earlybird Venture Capital', 'Atomico', 'IVP', 'World Innovation Lab', 'Nokia chairman Risto Siilasmaa', 'Salesforce Ventures', 'Lifeline Ventures', 'World Innovation Labs']",412.0,-14.52,Series D,210000000.0,"['Heikki Nousiainen (CTO & Co-founder): https://linkedin.com/in/heikki-nousiainen-632b8', 'Hannu Valtonen (Chief Product Officer & Co-founder): https://linkedin.com/in/hannuvaltonen', 'Dave Dyer (CEO Advisor): https://linkedin.com/in/dyerdave']",True,124896535
03a69f5e-8069-4a2a-81ed-4d05fbd07650,Akaysha Energy,Build new battery energy storage,akayshaenergy.com,"Cremorne, Australia",,,,,,,False,293412307
7e4b29cd-4241-467e-b01d-7c251029aec3,Akorn Technology,Developing edible coatings for produce through upcycle corn by-products,akorn.tech,"Berkeley, CA",,,,,,,False,280231292
98596958-c68b-4e4f-84b3-f3bb7703a2c5,akua,Maker of kelp-based burgers,,,,,,,,,False,Not in Affinity
d1bbf9d1-a74a-466c-a902-eae29d46a40b,Alba Orbital,Satellites aimed to provide Earth observations,albaorbital.com,"Glasgow, Scotland",,,,,,,False,1643743
3b97c298-7aef-49d1-82c5-7654a6a87a1f,albedo,High-resolution satellite developer,,,,,,,,,False,Not in Affinity
cff8c522-bf93-4372-bf6e-a6ae414a22bb,Alcazar Energy,Utility-scale renewable projects in emerging markets,alcazarenergy.com,Luxembourg,,,,,,,False,220500976
082cffbf-b559-463a-b816-6d5836a0f3dc,alcemy,Predictive analytics platform for cement and concrete,alcemy.tech,"Berlin, Germany","['Norrsken VC', 'AENU', 'Galvanize Climate Solutions']",71.0,16.39,Series A,10000000.0,"['Robert Meyer (Co-Founder and CTO): https://linkedin.com/in/robert-meyer-7312304b', 'Leopold Spenner (Co-Founder / CEO): https://linkedin.com/in/leospenner']",True,223154585
92c4d6f2-baf0-4579-9cb3-a868cc2e69a5,alchemyca,Enhance anaerobic digesters with enzymes,,,,,,,,,False,Not in Affinity
af499b12-1d27-4096-b675-30acb37beea0,Aleph Farms,Cultivated meat company growing steaks from animal cells,aleph-farms.com,Israel,,,,,,,False,213995113
1f326c57-6656-43e1-b78f-002a59b59c00,Alga Biosciences,Algae feed additive start-up,alga.bio,"San Francisco, CA",,,,,,,False,284812517
4a09e68b-1b9f-4c98-97e7-5d205ebfaff3,algae factory,Cultivates algae group diatoms for high-tech silica shells,,,,,,,,,False,Not in Affinity
9dccbb4a-7e03-4556-bd83-dde475eda496,algama,Alternative protein platform using algae,,,,,,,,,False,Not in Affinity
3238c3e2-072a-4e5e-bb82-0e910589663c,Algebris Investments,Venture fund for climate and deeptech startups,algebris.com,London,,,,,,,False,1564155
02f4cfbc-bc1c-4175-b346-203424d196d6,Algiecel,Developing algae-based carbon capture,algiecel.com,"Odense, Denmark",,,,,,,False,284981682
c6ba5752-304d-40a7-b624-c7ce8eac3974,AlgiKnit,Developer of sustainable yarns made with kelp,algiknit.com,"Morrisville, NC",,,,,,,False,141755541
ddcf6c5e-3eca-4ba5-a892-e010e185d6a9,Alight,Solar project developer,alight-energy.com,"Stockholm, Sweden","['DIF Capital Partners', 'ABN AMRO', 'SEB']",103.0,14.44,Debt,48071840.0,"['Harald Overholm (CEO): https://linkedin.com/in/haraldoverholm', 'Max Metelius (Co-Founder, Board Member): https://linkedin.com/in/max-metelius-64734528', 'Wilhelm Löwenhielm (Co-founder and Chairman): https://linkedin.com/in/wilhelm-l%C3%B6wenhielm-7a3352', 'Richard Nicolin (Founder & CFO): https://linkedin.com/in/richard-nicolin']",True,262825188
a30c10a1-f2e2-47a9-8318-92b3b8561d8d,aligned climate capital,Second venture fund focused on climate tech,,,,,,,,,False,Not in Affinity
38fc849a-f5e8-42ce-864a-c0393c1b58a0,Allbirds,Sustainable footwear maker,allbirds.com,"San Francisco, California","['Elephant Venture Capital', 'Maveron', 'Lerer Hippeau', 'Franklin Templeton', 'Fidelity Management & Research Company', 'T. Rowe Price Investment Management', 'Scooter Braun', 'Andre Iguodala', 'Tiger Global', 'Elephant', 'Leonardo DiCaprio', 'Rockefeller Capital Management', 'TDM Growth Partners', 'Baillie Gifford', 'additional new and returning investors', 'T. Rowe Price']",437.0,-21.96,Public Markets,300000000.0,"['Tim Brown (Co-Founder): https://linkedin.com/in/timbrown64', 'James Cox (Chief Executive Officer): https://linkedin.com/in/james-cox-371aa4197']",True,2885969
35a77778-4785-4fed-b6f6-ef5736e3e812,allegro energy,Water-based Redox Flow Batteries,,,,,,,,,False,Not in Affinity
e099a94f-c1e6-44a6-8103-1a912c2c0bf9,Allergy Amulet,Portable allergen sensor,allergyamulet.com,"Madison, WI",,,,,,,False,3941036
7c7c41be-963b-46f2-be0d-ab233a3301b2,allinfra,Blockchain platform helping institutions achieve sustainability goals,allinfra.com,"None, Hong Kong",Nomura,15.0,-6.25,Series A,6000000.0,Ronnie Potel (Co-founder): https://linkedin.com/in/ronnie-potel-387a4411,True,220445243
f4f1995b-c7ab-4ead-850a-a819d6568228,Allonnia,Waste and wastewater treatment company,allonnia.com,"Boston, Massachusetts","['Bison Ventures', 'General Atlantic', 'Viking Global Investors', 'Cascade Investment', 'Battelle', 'Ginkgo Bioworks', 'BHP Ventures', 'IRONGREY', 'PPNG', 'Vale Ventures', 'Wholestack']",60.0,1.69,Series A,30000000.0,Nicole Richards (Chief Executive Officer): https://linkedin.com/in/nicole-richards-3268b07,True,265034233
08622872-e9c6-46a9-ae23-54577a4611d0,Allotrope Energy,Battery manufacturing startup,allotrope.energy,"Alsager, United Kingdom",Suzano Ventures,2.0,0.0,Other,6700000.0,,True,223163227
a9f5b983-14d5-4d84-aad4-c3ea89ba35bd,alloy enterprises,Aluminum-additive manufacturing company,,,,,,,,,False,Not in Affinity
919663c1-2a56-49f8-be13-ad71b2fa1ebb,alloyed,Design advanced metal alloys and manufacture high-performance metal components using 3D printing,https://www.alloyed.com/,,,,,,,,False,Not in Affinity
9cbaf982-4513-4b97-bfbe-9cba8ba17ca3,Allozymes,Enzyme engineering and discovery platform,allozymes.com,"Singapore, Singapore",,,,,,,False,259494398
60a13847-c492-424f-930e-2bf0ac762609,Allstacks,Predictive forecasting and risk management platform,allstacks.com,"Raleigh, NC",,,,,,,False,136317587
b6f677eb-1f83-44a2-9ec9-fb590d208bf7,Allume Energy,Solar sharing solution for multi-family dwellings,allumeenergy.com,"Melbourne, Australia","['Elemental Excelerator', 'The Schmidt Family Foundation']",44.0,0.0,Other,1500000.0,"['Nicholas Taylor (Co-Founder): https://linkedin.com/in/nicholas-taylor-9926535a', 'Andrew Justo (Co Founder & Financial Director): https://linkedin.com/in/andrew-justo-71790271', 'William B. (Co-founder and CEO): https://linkedin.com/in/williamjbrown1', 'Nick H. (Co Founder, Business Development Lead): https://linkedin.com/in/nick-h-75658951']",True,223971556
e73ba414-42b2-4918-abb0-56ee277923a8,Allumia,Energy efficiency startup,allumia.com,"Seattle, Washington","['American Electric Power (AEP)', 'Duke Investments LLC', 'JW Asset Management']",11.0,22.22,Series A,7500000.0,"['Aaron Block (Chief Executive Officer): https://linkedin.com/in/aaronblock', 'Ronny Bell (Co Founder): https://linkedin.com/in/ronnybell', 'Quintin Barnes (VP, Co-Founder): https://linkedin.com/in/quintinbarnes']",True,197493329
49c72c6b-2906-49b8-bbc9-acbef163bc27,allye,Mobile energy storage system,,,,,,,,,False,Not in Affinity
95b5bbc6-d8a4-4596-908a-02891992ac80,ALOHA,Plant-based protein production business,aloha.com,"Littleton, CO",,,,,,,False,262401228
600c8f0f-d06e-4389-a2e5-83a294e73616,alpha grid,EV charging infrastructure development software,,,,,,,,,False,Not in Affinity
2cd52a65-1d78-4102-a9c6-f9e7f48d765b,Alrik,Construction emissions reduction software,alrik.com,"Stockholm, Sweden",Pi Labs,16.0,-20.0,Seed,1000000.0,"['Nici Sundén-Cullberg (Founder & CEO): https://linkedin.com/in/nicholassundencullberg', 'Axel Enblad (Founder & COO): https://linkedin.com/in/axel-enblad-ab97868b']",True,286905740
1effcea7-8c2e-482d-b542-86fb685a3de9,AlsoEnergy,Micromobility solutions provider,alsoenergy.com,"Boulder, Colorado",Clairvest Group Inc,165.0,-10.33,Other,,,True,1586743
e637f0e6-9030-4918-a02e-608b5e728f2f,Also Capital,"Invest in hard tech, including synthetic biology",alsocapital.com,New York,,,,,,,False,263708120
27276f2f-d6b6-4f00-b880-34f550fa2f72,Alsym Energy,Make non-flammable batteries with a water-based electrolyte,alsym.com,"Woburn, MA",,,,,,,False,286458055
4910cbf2-d8ce-46f5-b4e1-ee65ee5a94da,alt carbon,Carbon capture technology developer,,,,,,,,,False,Not in Affinity
a92eb9fa-e08b-4f7c-8aec-608af4808165,alt mobility,EV fleet leasing platform,,,,,,,,,False,Not in Affinity
3c5e6a08-e6b2-413f-a4aa-7f13c5e87c9e,Alt.Leather,Plant-based leather alternatives developer,alt-leather.com,"Melbourne, Australia",,,,,,,False,289964060
aa3f7150-f46e-468a-943c-86397194c8f6,Alta Resource Technologies,Separate rare earths from e-waste with biotechnology,altatech.io,"Boulder, Colorado","['In-Q-Tel (IQT)', 'Climate Capital (now Juniper)', 'Voyager Ventures', 'WovenEarth Ventures', 'Overture', 'Baruch Future Ventures', 'DCVC', 'Orion Industrial Ventures']",11.0,57.14,Seed,4400000.0,,True,296129459
54cf837b-c031-435b-b69e-4565656b43ef,Alta Resource Technologies,Extract rare earth elements from electronic waste,altatech.io,"Boulder, Colorado","['In-Q-Tel (IQT)', 'Climate Capital (now Juniper)', 'Voyager Ventures', 'WovenEarth Ventures', 'Overture', 'Baruch Future Ventures', 'DCVC', 'Orion Industrial Ventures']",11.0,57.14,Seed,4400000.0,,True,296129459
54f45709-0b9c-4390-a962-a65c0ea53f3c,Altana Trade,Value-chain data platform including emissions data,altana.ai,"New York, New York","['Amadeus Capital Partners', 'Working Capital', 'Floating Point', 'AlleyCorp', 'Schematic Ventures', 'Ridgeline Partners', 'Activate Capital', 'GV (formerly Google Ventures)', 'GV (Google Ventures)', 'N/A', 'Thomas Tull’s US Innovative Technology Fund (USIT)', 'March Capital', 'Generation Investment Management', 'Friends and Family Capital', 'OMERS Ventures', 'Salesforce Ventures']",231.0,17.26,Series C,200000000.0,"['Raphael Tehranian (Co-Founder, COO): https://linkedin.com/in/raphaeltehranian', 'Evan Smith (CEO and Co-Founder): https://linkedin.com/in/evan-smith-39516b8', 'Peter Swartz (Chief Technology Officer and Co-Founder): https://linkedin.com/in/pgswartz', 'Alan Bersin (Executive Chairman): https://linkedin.com/in/alan-bersin-315523177']",True,224083695
d8d928c2-c86f-45d6-9fad-affa7dcf442e,alternō,Sand-based battery technology targeted at agricultural energy and heating needs,,,,,,,,,False,Not in Affinity
b7b27009-1e4a-4229-a7a3-ebe97506df79,AlterPacks,Developing materials from food waste,alterpacks.com,Singapore,,,,,,,False,268031184
f329227c-fe07-4e6e-be7f-e3749665cb71,alterβiota,Decarbonize concrete,https://alterbiota.com/,,,,,,,,False,Not in Affinity
eb215190-7efc-4edb-93db-6f9d37622e13,alteva,Battery cell development business,,,,,,,,,False,Not in Affinity
661af857-2ce5-42c2-a9c7-efa11a9b5e63,altigreen propulsion labs,EV startup,,,,,,,,,False,Not in Affinity
0dd77c59-4775-42b3-889a-7f7c099e884b,altilium,EV battery recycling business,,,,,,,,,False,Not in Affinity
d879426a-1dbb-4f1d-b55c-b386352aee82,altris,Sodium-ion battery manufacturer,,,,,,,,,False,Not in Affinity
3df2f88c-acde-4df0-9a8a-dae3010e9be7,altrove,AI and lab automation to accelerate new material discovery,altrove.ai,"Paris, France","['Emblem', 'Contrarian Ventures', 'Thomas Clozel (CEO Owkin), Julien Chaumond (CTO HuggingFace), Nikolaj Deichmann (3Shape)']",12.0,140.0,Seed,3700000.0,"['Vincenzo Costantino (General Manager & Co-Founder): https://linkedin.com/in/vincenzo-costantino-98b84b41', 'Edoardo Suraci (Curatore & Co-Founder): https://linkedin.com/in/edoardo-suraci-5934b1a2']",True,295150212
9eeb1524-a84d-4e6f-b680-0ca17c850a6a,Altruistiq,Sustainable data management platform,altruistiq.com,"London, United Kingdom","['Mudassir Sheikha', 'Siraj Khaliq', 'Sir Ian Cheshire', 'Norrsken', 'Greg Jackson', 'Molten Ventures']",89.0,12.66,Seed,15000000.0,Saif Hameed (Founder and CEO): https://linkedin.com/in/saifhameed,True,280505312
8e9dba52-f5c1-49ec-9a33-f75fc09967a5,Altus Power America,Commercial solar business,altuspower.com,"Stamford, CT",,,,,,,False,138817679
28611301-0916-40b0-8811-43a5759b1f87,aluna,Health tech for respiratory conditions,,,,,,,,,False,Not in Affinity
0e5f5d3c-1b14-4903-a5a4-c27e8ee47f41,Alvéole,Beekeeping solutions company,alveole.buzz,"Montreal, Canada",Round13,122.0,-21.79,Series A,8100000.0,"['Declan Rankin Jardin (Co Founder): https://linkedin.com/in/declan-rankin-jardin-a5b535114', 'Alex Mclean (President & Co-Founder): https://linkedin.com/in/alex-mclean-b0800247', 'Étienne Lapierre (Co-founder - Urban Beekeeper): https://linkedin.com/in/etiennelapierre']",True,223689732
35beadaf-024f-47fa-a312-5d1b226f27d4,Alō Index,Provide ESG ratings for hotels,aloindex.com,"Hartford, CT",,,,,,,False,288622539
02db1999-249c-48c3-949b-56b9e05246e5,am batteries,Developer of lithium-ion battery technology,,,,,,,,,False,Not in Affinity
466af15b-7bff-44d7-aa66-c00a5f77125a,amarenco,Solar IPP and energy storage provider,,,,,,,,,False,Not in Affinity
56593403-af2d-474b-a3b0-a5c51efe0588,amatera,Non-GMO perennial crops developer,https://www.samara.com/,,,,,,,,False,Not in Affinity
e3c7a0f8-1df6-4bcd-aeea-ae632eac98d3,Amber,Extended warranty plans for EVs,getamber.com,"San Francisco, California",,11.0,22.22,,3316275.0,"['Shouwen Xu (Co-Founder & Head of Product): https://linkedin.com/in/shouwen', 'Tim Hwang (Chairman of the Board, Co-Founder): https://linkedin.com/in/timthwang', 'Joe Pak (Co-Founder and CEO): https://linkedin.com/in/josephjpak']",True,280272791
c76f5bc6-ac4c-4418-ab21-86125757d591,Ambercycle,Circular textiles platform,ambercycle.com,"Los Angeles, CA",,,,,,,False,224640689
e689444e-cbc6-4a2d-bd77-c89691673a40,Ambient Fuels,Green hydrogen project developer,ambientfuels.com,"New York, New York","['Generate Capital PBC', 'SJF Ventures']",18.0,-21.74,Other,250000000.0,"['Alexandra Maguire Goldstein (Co-Founder, Director of Business Development): https://linkedin.com/in/alexandra-maguire-goldstein-b02a7a38', 'Jacob Susman (CEO & Co-Founder): https://linkedin.com/in/jacob-susman-44907717']",True,283459165
3ef29cf9-b8c4-4b7b-b54a-ab8efa4cd32d,Ambient Photonics,Developer of low-light energy harvesting technology,ambientphotonics.com,"Scotts Valley, California","['Silicon Valley Bank', 'I Squared Capital', 'Helios Climate Ventures', 'Trinity Capital', 'Sustainable Future Ventures', 'Ecosystem Integrity Fund', 'Regeneration.VC', 'Cthulhu Ventures', 'Fine Structure Ventures', 'Amazon', 'Tony Fadell’s Future Shape', 'Amazon’s Climate Pledge Fund', ""Tony Fadell's Future Shape"", 'Cthulhu Ventures LLC', 'Ecosystem Integrity Fund (EIF)', 'Climate Pledge Fund']",51.0,-19.05,Series A,30000000.0,"['Bates Marshall (CEO and Co-founder): https://linkedin.com/in/batesmarshall', 'Kethinni Chittibabu (CTO and Cofounder): https://linkedin.com/in/kethinni-chittibabu-1489567', 'Sammaiah Thota (Co-founder and Staff Scientist): https://linkedin.com/in/sammaiah-thota-05bb313b']",True,263085567
6d256424-1f20-42cf-bb4a-b27aace79934,Ambri,Developer of liquid metal battery technology,ambri.com,"Marlborough, MA",,,,,,,False,1590197
45972937-8fde-4b67-8fff-e90578b8a13e,amcs,Waste management software company,,,,,,,,,False,Not in Affinity
093c9d99-148b-4c2d-8795-5a2d1577ecd2,AMEA Power,Renewable energy developer,ameapower.com,"Dubai, United Arab Emirates",,,,,,,False,221995599
b76f3fc8-00c6-45bf-a280-2fad6dbefecc,amfg corp.,Manufacturing execution system and workflow automation software for 3D printing,,,,,,,,,False,Not in Affinity
b89bf28c-014f-4517-9ed8-c62c717175be,Amini,Environmental data platform,amini.ai,"Nairobi, Kenya","['Salesforce Ventures', 'Superorganism', 'Satgana', 'RaliCap', 'Pale Blue Dot', 'W3i', 'Female Founders Fund', 'Emurgo Kepple Ventures', 'a network of angel investors']",27.0,-3.57,Seed,4000000.0,Kate Kallot (Founder & Chief Executive Officer): https://linkedin.com/in/katekallot,True,289771680
bd90ed74-3020-46f4-b9a3-72daa1ffa92f,AMMP Technologies,Developer of remote renewable energy monitoring systems,ammp.io,"Amsterdam, Netherlands","['Musha Ventures', 'Raba Partnership', 'Point Nine Capital']",14.0,0.0,Seed,1150000.0,"['Stine Bundgaard Carlé (Co-Founder & COO): https://linkedin.com/in/stinecarle', 'Svet Bajlekov (Co-founder / CEO): https://linkedin.com/in/bajlekov', 'Hendrik Broering (Chief Product Officer & Co-Founder): https://linkedin.com/in/hendrik-broering']",True,224685424
1a27e1b6-aedc-41e3-9a5e-7a3330987ae0,Amogy,Provider of ammonia-based fuel,amogy.co,"Brooklyn, NY",,,,,,,False,279070159
7a4ff5aa-7863-48e2-8f46-3bbbd74b64a3,AmorSui,Make more sustainable personal protective equipment,amorsui.com,New York,,,,,,,False,263257416
bca89d88-57e0-49bc-b3b0-a452a8690773,Ampion,Robotic recycling logistics platform,ampion.io,"Boston, Massachusetts",Technology Venture Partners,70.0,0.0,Series A,10000000.0,Nate Owen (Chief Executive Officer): https://linkedin.com/in/nate-owen-20129a87,True,301749595
7a5a3ac6-3ed9-46f3-a32a-9cd4c759f37f,amp americas,Renewable transportation fuel industry,,,,,,,,,False,Not in Affinity
beee1360-e359-4a00-b735-fd99494076f4,AMP Robotics,Robotic systems that automate the sorting of recyclable materials,amprobotics.com,"Louisville, Kentucky","['Congruent Ventures', 'Wellington Management', 'GV', 'Sequoia Capital', 'Closed Loop Partners', 'Valor Equity Partners', 'Blue Earth Capital', 'Range Ventures', 'Tao Capital Partners', 'Sidewalk Infrastructure Partners', 'XN', 'Sejsonuoia Capital', 'previous investors', ""Microsoft's Climate Innovation Fund""]",262.0,4.0,Series C,99000000.0,"['Matanya Horowitz (Founder): https://linkedin.com/in/matanya', 'James Bailey (Co-founder): https://linkedin.com/in/james-bailey-a927a722', 'James Bailey (Co-founder, CTO): https://linkedin.com/in/james-bailey-a927a722']",True,1807346
7e74091b-e812-4bfd-83f2-d9dbdbb630b5,Amp Robotics Corp,Artificial intelligence and robotics for recycling,cogrob.org,"Louisville, CO",,,,,,,False,295829180
514e2fb9-463e-4530-8a0a-b11756040f2f,Ampacimon,Grid monitoring analytics platform,ampacimon.com,"Ans, Belgium","['Korys', 'Gesval', 'Junction Growth Investors', 'Creos', 'Noshaq']",68.0,-1.45,Series C,10600000.0,"['Stephan Heberer (CEO): https://linkedin.com/in/stephan-heberer', 'Javier Ortego (CEO BlueBOX product-line): https://linkedin.com/in/jortego']",True,1799361
0aaffdc1-cb17-477c-9628-4e9f374faf81,Ampcera Inc.,Developer of solid-state electrolyte materials,ampcera.com,"Milpitas, CA",,,,,,,False,224662033
58f5673a-bf5d-4757-95ef-fc2186a8ab18,ampcontrol.io,EV charging software provider,ampcontrol.io,"New York, New York","['The Westly Group', 'Lorimer Ventures', 'AngelPad']",26.0,-10.34,Series A,10000000.0,"['Joachim Lohse (Founder & CEO): https://linkedin.com/in/joachim-lohse-4629a7102', 'Henning Klüver (CO-Founder): https://linkedin.com/in/henningfkluever']",True,220363238
000e21e6-6d1a-4467-b09c-07c4c1426fe2,Ampd Energy,Mobile energy storage systems company,ampd.energy,"Sha Tin, Hong Kong",,,,,,,False,1802410
d0688816-b36c-49e6-9688-fe670b4e4c15,Ampeco,EV charging management startup,ampeco.global,"Sofia, Bulgaria",,,,,,"['Alexander Alexiev (Co-founder, COO): https://linkedin.com/in/alex-alexiev', 'Martin Spasov (Co-Founder, CTO): https://linkedin.com/in/martinspasov', '⚡ Orlin RadEV ⚡ (CEO, Co-Founder): https://linkedin.com/in/orlinradev', 'Stefan Ivanov (Co-founder, Chief Revenue Officer): https://linkedin.com/in/sivanovbg']",True,224467433
0e1e6766-9c76-44a3-9628-62ce122ef14b,Amped Innovation,Designer and manufacturer of solar-powered appliances,ampedinnovation.com,"Palo Alto, CA",,,,,,,False,101964656
4d2c90ff-b961-4daf-92cc-44f841360130,ampere.cloud,Platform for renewable energy plant management,https://ampere.cloud/,,,,,,,,False,Not in Affinity
44e331cf-4757-4731-917a-c7e55fd34ffb,Amperon,Data analytics platform designed to help power grid operators decarbonize their grids,amperon.co,"New York, New York","['Veriten', 'Muus Asset Management', 'Ã˜rsted', 'Climate Capital', 'Riverstone Holdings', 'HSBC Asset Management (NYSE: HSBC)', 'Kiran Bhatraju, CEO of Arcadia', 'another strategic utility partner', 'D. E. Shaw group', 'HSBC Asset Management']",92.0,5.75,Series B,20000000.0,Abe Stanway (Co-founder): https://linkedin.com/in/abestanway,True,147493865
d3d3e1f9-865e-4927-9ce3-59f3235135dc,ampersand,E-motorcycle platform,,,,,,,,,False,Not in Affinity
4d559128-0965-4fda-9a61-aef85d58e123,AmphiStar,Biosurfactant producer,amphistar.com,"Gent, Belgium",,,,,,,False,286018472
e0d49ffb-ebcb-464e-824b-f9044a80892e,AmpIn Energy Transition (Formerly Amp Energy India),Renewable energy and storage service provider,ampin.energy,"New Delhi, India",,,,,,,False,293628968
e610d7bb-ea56-4933-9f67-5bf1d0e9cef4,Ample,EV battery-swapping startup,ample.com,"San Francisco, California",Mitsubishi Corporation,185.0,0.54,Other,25000000.0,John de Souza (Co-founder & President): https://linkedin.com/in/johndesouza1,True,263211014
2379e29f-d6be-46bd-b186-401d3e8243d6,Amply Power,Electric vehicle charging startup,amplypower.com,"Mountain View, California","['Congruent Ventures', 'Obvious Ventures', 'Soros Fund Management', 'PeopleFund', 'Siemens']",42.0,-10.64,Series A,13200000.0,"['Vic Shao (Founder & CEO): https://linkedin.com/in/vicshao', 'Thomas Kiessling (Co-Founder / Product / CTO at AMPLY Power - Real time predictive IoT platform, We are hiring!): https://linkedin.com/in/thomas-kiessling-6a0652', 'Simon Lonsdale (Head of sales and strategy, co-founder): https://linkedin.com/in/simonlonsdale', 'Robert Kelly (V.P. Business Development and Co-Founder): https://linkedin.com/in/robert-kelly-96681b9', 'SuzieQ Sharky (Founder - Principle Product Designer): https://linkedin.com/in/suzieqsharky']",True,200337883
d19df6a3-1281-47ee-8262-5f5ad3bc3989,Ampotech,Building energy IOT devices developer,ampotech.com,Singapore,,,,,,,False,219982884
00785736-4875-4b42-96b9-1dc1b60a77a1,AmpUp,Maker of electric vehicle charging tech,ampup.io,"Cupertino, California","['Powerhouse Ventures', 'Touchdown Ventures', 'Holman', 'MUUS Climate Partners', 'Goodyear', 'WEX Venture Capital', 'Connecticut Innovations', 'Autotech Ventures', 'Foothill Ventures', 'TechNexus Venture Collaborative']",54.0,8.0,Series A,15000000.0,,True,220547791
7c7190dd-3869-4846-bdde-08feba73de29,AMSilk,Supplier of bio-based silk,amsilk.com,"Munich, Germany",,,,,,,False,112510049
1a288f84-d183-432c-b128-732b68edb264,Anaphite,Dry coating composites for batteries platform,anaphite.com,"Bristol, UK",,,,,,,False,219924293
ef2cbca1-5c45-4e4f-bbd2-4018ec89b0b0,andes,Regenerative agriculture startup,,,,,,,,,False,Not in Affinity
6e7714ba-0b3f-4a2d-9826-c1893f49c90b,Andium,O&G monitoring solutions provider,andium.com,"New York, New York","['Tom Miglis', 'Talis Capital', 'OGCI Climate Investments', 'Thomas Miglis', 'Climate Investment', 'Intrepid Financial Partners', 'Aramco Ventures']",37.0,8.82,Series B,21700000.0,"['Odd Harald Hauge (Co-founder and chairman): https://linkedin.com/in/odhauge', 'Jory S. (Founder and CEO): https://linkedin.com/in/jory-s-12387b50', 'André Lucchesi (Co-Founder & Shareholder): https://linkedin.com/in/andr%C3%A9-lucchesi']",True,3235497
696b6a03-40d0-4898-aee4-0c9c0be04621,ando,Sustainable banking startup,https://www.tado.com/,,,,,,,,False,Not in Affinity
1d566f60-b2ed-46cf-b5c9-ef97e89b29cd,annea,Automation platform for renewable energy infrastructure,,,,,,,,,False,Not in Affinity
9edb10eb-49f5-4101-bab7-50ba0134ecd0,Anode Labs,Web3 energy system developer,anodelabs.io,"Austin, TX",,,,,,,False,286505580
da6a5514-d315-4a3a-b33d-0c4238f3b798,Anodot,Autonomous business monitoring company,anodot.com,"Redwood City, CA",,,,,,,False,1791541
d25ffa62-3740-47a8-a076-f130a56aeb6d,antheia,Synthetic biology company,,,,,,,,,False,Not in Affinity
c3183626-031a-4cd3-aa0b-3f09de35d1ce,Anthro Energy,Lithium-ion battery developer,anthroenergy.com,"San Jose, California","['Voyager Ventures', 'Ultratech Capital Partners', 'Union Square Ventures', 'Emerson Collective', 'Energy Revolution Ventures', 'Collaborative Fund', 'Overlap Holdings', 'Nor’easter Ventures', ""Stanford President's Venture Fund"", ""Nor'Easter Ventures""]",34.0,41.67,Series A,20000000.0,"['David Mackanic (Founder): https://linkedin.com/in/david-mackanic', 'Jonathan Hess (Co-Founder): https://linkedin.com/in/jonathanthess']",True,263536118
ae5a1861-972e-4b99-9499-fe08f5e1edea,anthrogen (yc s24),Cultivate CO2-consuming microbes,anthrogen.com,San Francisco,,,,,,,False,298985549
4360df68-de2d-4e30-9d91-657ca962c293,Antithesis,Autonomous software testing platform,antithesis.co,"Vienna, Va.",,,,,,,False,280014788
524bc1c4-b312-4edf-86d2-211e92c55ec4,Antora Energy,Developer of batteries designed to convert renewable electricity into industrial energy,antoraenergy.com,"Sunnyvale, California","['Emerson Collective', 'GS Futures', 'Decarbonization Partners', 'The Nature Conservancy', 'Shell Ventures', 'Lowercarbon Capital', 'Impact Science Ventures', 'Trust Ventures', 'BHP Ventures', 'Grok Ventures', 'Breakthrough Energy Ventures', 'Overture VC', 'Fifty Years VC', 'NextEra Energy Resources']",168.0,36.59,Series B,150000000.0,"['David Bierman (Co-Founder, CTO): https://linkedin.com/in/david-bierman-2261a4129', 'Justin Briggs (Co-founder and Chief Operating Officer): https://linkedin.com/in/justin-briggs-067ba316', 'Andrew Ponec (Co-founder and CEO): https://linkedin.com/in/andrew-ponec-86b67046']",True,279335972
eb3d639d-ccaa-4004-8f6a-514d5de3f99e,anuvia,Developer of bio-based fertilizer,,,,,,,,,False,Not in Affinity
d519dcd7-e131-4d97-8f12-c2c0ceda8486,Anvil,Paperwork automation platform,anvil.works,"San Francisco, CA",,,,,,,False,111633114
6b313206-f00f-4bc0-9794-1cf91a8290f0,ANYbotics,Develop autonomous robots for industrial inspections,anybotics.com,Zürich,,,,,,,False,136339576
1e0e0793-05ff-4665-8d41-ad82ef81534c,Anzu Partners,Investment firm,anzupartners.com,"Washington, WA",,66.0,-2.94,Investment Fund,200000000.0,,True,54565619
79708b49-dfc0-4b5b-80f9-126bb70b2af2,apeel,Maker of a life-extending casing for fruits and vegetables to combat food waste,https://apeel.com/,,,,,,,,False,Not in Affinity
28856d55-ff4e-4021-b929-bc7116bbcb50,Apeel Sciences,Developer of food preserving technology,apeelsciences.com,"Santa Barbara, CA",,,,,,,False,161812212
a71d892d-da5d-4a09-8e7f-5b2982fd4cf7,apeiron bioenergy,Producer of bioenergy products from feedstock,https://apeiron.com/,,,,,,,,False,Not in Affinity
ef50dbb2-3452-401b-8d4c-b4bee4643d96,Apex Clean Energy,Builds wind project,apexcleanenergy.com,"Charlottesville, Virginia","['PLEXUS Solutions', 'U.S. Small Business Administration.', 'ZOMA Capital']",436.0,0.0,Debt,200000000.0,,True,1648267
d25427b0-3719-4ec2-9fa2-6eb2b5f13c1f,Aphea.Bio,Agricultural biologicals producer,aphea.bio,"Gent, Belgium",,,,,,,False,124898878
2a9c80cd-5bc3-46d7-b563-29c5b3477a2e,Apheros,Data center cooling technology,apheros.ch,"Zürich, Switzerland",Founderful,9.0,50.0,Seed,1850000.0,,True,293209788
21a82a1c-59a3-4142-8337-f4fc09f1a5e0,apiday,AI-powered ESG data platform helping companies with compliance,apiday.com,"Paris, France","['Speedinvest', 'Revent', 'SWEN Capital', 'AENU', 'Galion.exe', 'Daphni']",48.0,23.08,Series A,10000000.0,"['Erol Hoke (Co-Founder & CDO): https://linkedin.com/in/erol-hoke-8389608a', 'Edouard Audi (Co-Founder & CEO): https://linkedin.com/in/edouard-audi-0b208133', 'Charles Moury (Co-Founder & COO): https://linkedin.com/in/charles-moury-53058761']",True,285277410
5dd8eeeb-8bb9-48ae-ba26-c82aaba9a003,Apollo Agriculture,Creator of a mobile-based product suite for farmers,apolloagriculture.com,Kenya,,,,,,,False,122977861
19b30a59-f960-46d7-83b5-aff73b949992,appharvest,Indoor farming company,,,,,,,,,False,Not in Affinity
97b3cab6-cd39-4075-bcad-544961a819c1,Apple,Clean energy fund for renewable projects in China,apple.com,"Cupertino, California",,183174.0,0.03,Public Markets,1012000000.0,,True,132900111
c0b53572-175f-4959-9b7d-49a4180145bf,Applied Carbon,Crop residue into biochar technology provider,appliedcarbon.com,"New York, New York","['Susquehanna Foundation', 'S2G Ventures', 'Wireframe Ventures', 'TELUS Pollinator Fund for Good', 'Grantham Foundation', 'Elemental Excelerator', 'Congruent Ventures', 'Anglo American', 'Overture.vc', 'US Endowment for Forestry and Communities', 'TO VC', 'Microsoft Climate Innovation Fund', 'Autodesk Foundation']",22.0,0.0,Series A,21500000.0,,True,297765954
0da05e2c-b44f-49d3-bbaf-b2d6e2fa57c6,applied ev,Developing autonomous driving software for EVs,,,,,,,,,False,Not in Affinity
b10e1204-3314-48fb-8d35-32e586ebfcc1,Applied Intuition,Autonomous vehicle software maker,appliedintuition.com,"Sunnyvale, California","['General Catalyst', 'Elad Gil', 'Andreessen Horowitz', 'Lux Capital', 'M12', 'Ray Dalio', 'John Quinn', 'Porsche Investments Management S.A.', 'Henry Kravis', 'Nico Rosberg', 'Mustafa Suleyman', 'Human Capital', 'Coatue Management', 'Bilal Zuberi at Lux Capital', 'Floodgate Fund, LP', 'Mary Meeker at BOND', 'General Catalyst Partners', 'Addition capital', 'La Famiglia', 'Sozo Ventures, L.L.C.', 'Kleiner Perkins', 'Andreessen Horowitz LLC', 'BOND', 'Fidelity Management & Research Company', 'Abu Dhabi Investment Council', 'Addition', 'BlackRock-managed funds and accounts', 'Premji Invest', 'Qatar Investment Authority', 'Tribe Capital', '137 Ventures', 'Greycroft', 'Franklin Templeton', 'Stripes', 'BAM Elevate', 'Lux']",740.0,38.32,Late Stage,600000000.0,"['Peter Ludwig (CTO, Co-founder): https://linkedin.com/in/peterwludwig', 'Qasar Younis (Founder, CEO): https://linkedin.com/in/qasar']",True,197472559
096cfd13-2b0d-4e56-8487-a8d799ab6dc7,Applied XL,"Information company tracking health of people, places, and climate",appliedxl.com,"Brooklyn, NY",,,,,,,False,280702166
60156b75-a346-45a5-ac4e-aee449af0677,Apptronik,Robotics company,apptronik.com,"Austin, TX",,,,,,,False,164757592
3a7836d9-ebbd-4241-a696-a48a8c8bd680,Appwrite,Open source backend-as-a-service platform,appwrite.io,"Tel Aviv, Israel",,,,,,,False,220935173
c46ae3df-ecab-46d7-93cd-e3549a505bec,Apricus Generation,Distributed solar and battery energy storage IPP,apricus.energy,"Boca Raton, FL",,,,,,,False,294833306
c53987ab-227d-40cd-9203-7aee0ba81acb,Apromore,Process mining software provider,apromore.com,"Melbourne, Australia",,,,,,,False,291845397
c10dfa58-df8c-407b-9a2d-ff12bcc7b544,aqua cultured foods,Seafood alternatives startup,,,,,,,,,False,Not in Affinity
5d15d4e3-a65a-4b0e-b190-c3c4ddcf27da,Aqua Membranes,Developer of water filtration system,aquamembranes.com,"Albuquerque, New Mexico","['Clean Energy Ventures', 'micron.com', 'cleanenergyventures.com', 'Kurita Water Industries Ltd', 'MUUS Climate Partners', 'Helios Climate Ventures', 'SQN Venture Partners', 'Burnt Island Ventures', 'Osmoflo Water Management']",21.0,40.0,Series B,,Craig Beckman (CEO): https://linkedin.com/in/craig-beckman-5673706,True,220430419
9ab96221-1fcf-440e-a680-98599e9861b1,Aqua-Yield,Sustainable fertilizer company,aquayield.com,"Draper, UT",,,,,,,False,116046831
53656b3f-819c-4b49-bf24-873270768d12,aquabattery,Water-based energy storage developer,,,,,,,,,False,Not in Affinity
f4fa779f-2c57-46d6-b730-567af8b307d7,Aquabyte,Machine learning platform for sustainable aquaculture,aquabyte.no,"San Francisco, California","['Struck Capital', 'Costanoa Ventures', 'Princeton University', 'Alliance Venture', 'Alaya Capital Partners', 'other strategic US and Norwegian investors', 'New Enterprise Associates, Inc. (NEA)', 'other angel investors', 'New Enterprise Associates (NEA)']",62.0,3.33,Series A,10000000.0,Bryton Shang (Founder & CEO): https://linkedin.com/in/bryton-shang-bb675b26,True,124409143
dbc9357f-af29-42b0-8840-b3bbb459283d,aquaconnect,Uses satellites and AI to monitor and analyze aquaculture farms,,,,,,,,,False,Not in Affinity
332dfb45-f88c-42f1-9b98-efa0726effa5,aquagreen,Pyrolysis technology for waste conversion developer,,,,,,,,,False,Not in Affinity
d56353b1-f136-4c02-93f5-f2b71f3d45ae,Aqualung Carbon Capture,Membrane carbon capture and separation technology,aqualung-cc.com,"Oslo, Norway",,,,,,,False,284377736
cbd4a167-71a1-4b8b-bbdc-dd0de1b15d20,Elite Aquaria,Air water infrastructure developer,aquaria.com,San Francisco,,,,,,,False,292174337
081d27a2-5d3c-4c79-89a9-50c836a44bb3,Aquicore,Cloud-based software provider for commercial real estate energy management,aquicore.com,"Washington, District of Columbia","['A/O Proptech', 'Navitas Capital', 'The Westly Group', 'Keyframe Capital Partners', 'Kiddar Capital', 'GroupSense', 'FifthWall', '1776 Venture Capital']",5.0,-37.5,Series A,14000000.0,"['Cleve Adams (Chief Executive Officer): https://linkedin.com/in/cleveadams', 'Logan Soya (Founder & CEO): https://linkedin.com/in/logansoya']",True,1662928
01f23f6a-e3c1-438a-9a3f-8c19821ba293,Arable,Field intelligence company for agriculture,arable.com,"San Francisco, California","['Middleland Capital', 'Galvanize Climate Solutions', 'Ajax Strategies', 'Grupo Jacto', 'Cantos VC', 'Prelude Ventures', 'M2O', 'Spark Labs', 'S2G Ventures', 'Qualcomm Ventures', 'Tridon', ""AVG's Nassau Street Ventures"", 'Chase Field', 'iSelect']",66.0,-18.52,Series C,40000000.0,"['James Ethington (CEO): https://linkedin.com/in/james-ethington-181b757', 'Brian Bolton (Retired Antelliq CEO (Merck Animal Health). Winemaker, Car Collector, Non Exec Board Director): https://linkedin.com/in/brian-bolton-2236764', 'Kelly Caylor (Founder): https://linkedin.com/in/kellycaylor', 'Adam Wolf (Founder and CEO): https://linkedin.com/in/adamateion']",True,28296408
a2aa9e22-0349-4f92-aa27-0719a0be5667,Arbol,Parametric insurance products and financial risk management,arbolmarket.com,"New York, New York","['Finch Finance LLC', 'Space Capital', 'Mubadala Capital-Ventures']",25.0,,Series A,7000000.0,"['Hong Guo (CEO, Arbol Underwriters Ltd. (Bermuda MGU)): https://linkedin.com/in/hong-guo-00121421', 'Siddhartha Jha (CEO): https://linkedin.com/in/siddhartha-jha-ba4b7534', 'Osho Jha (Co-Founder & Chief Data Scientist): https://linkedin.com/in/osho-jha-9a759a80', 'Philippe Heilberg (co-Founder & COO/CFO): https://linkedin.com/in/philippe-heilberg-2bb97a91']",True,223143789
f600cff1-a8ba-46f6-9e90-d705629fdb45,Arbonics,Climate tech startup,arbonics.com,"Tallinn, Estonia","['Plural', 'Tilia Impact Ventures', 'NordicNinja', 'Plural Platform', 'Taavet Hinrikus']",32.0,33.33,Seed,5500000.0,"['Lisett Luik (Co-Founder): https://linkedin.com/in/lisettluik', 'Kristjan Lepik (Co-founder and CEO): https://linkedin.com/in/kristjan-lepik-0111407']",True,287456746
1cbd5a26-3292-4b32-b8cd-6f5cf873313e,Arbor,Home energy solutions and analytics platform,joinarbor.com,"Austin, Texas","['Spring Tide', 'Obvious Ventures', 'First Round Capital']",34.0,54.55,Seed,9000000.0,Andrew Meyer (Founder): https://linkedin.com/in/meyer-andrew,True,285714101
bb0c484a-4493-4ebf-99e4-081cd347881e,arborea,Cultivated protein startup,,,,,,,,,False,Not in Affinity
0ff61338-e3ac-407c-8808-358606618f8d,archiveintel.com,Electric boat maker,archiveintel.com,"Alpharetta, Georgia",Social Leverage,11.0,175.0,Seed,1000000.0,,True,293327034
840acfa5-cca0-412f-8a00-d73d953143f3,arc clean energy canada,Advanced small modular reactor technology provider,,,,,,,,,False,Not in Affinity
f878933d-0a70-4a11-aadb-61c49db8f4ed,ARC Clean Technology,Small modular reactor developer,arc-cleantech.com,"Saint John, Canada",,,,,,,False,291863450
8de97e32-526d-4f4c-a42d-cca49cff45d4,arc electric boats,Startup focused on electrifying boating,,,,,,,,,False,Not in Affinity
82a60a74-d44c-4e90-83a2-0343f6acae87,Arcadia,Provides access to renewable energy without changing power companies,arcadia.com,"Washington, District of Columbia","['Triangle Peak Partners', 'Reimagined Ventures', 'Broadscale Group', 'Box Group', 'McKnight Foundation', 'Dan Leff', 'Inclusive Capital', 'Tiger Global Management', 'Mitsui USA', 'Ben Kortlang', 'Wellington Management Co.', 'Tiger Global Management LLC', 'G2VP', 'BoxGroup', 'Seek Ventures', 'G2 Venture Partners', 'ValueAct Spring Fund', 'Cendana Capital', 'MCJ Collective', 'Magnetar Capital', 'Energy Impact Partners (EIP)', 'Drawdown Fund', 'existing investors', 'Keyframe Capital', 'Energy Impact Partners', 'Opower', 'Macquarie Group', 'Wellington Management', 'J.P. Morgan Asset Management', ""Macquarie Asset Management's Green Investment Group"", 'Wonder Ventures', 'Camber Creek', 'Macquarie Asset Management']",649.0,-5.81,Debt,30000000.0,"['Kiran Bhatraju (Founder and CEO): https://linkedin.com/in/kiran-bhatraju-834a7118', 'Ryan Nesbitt (Co-Founder & President): https://linkedin.com/in/jryannesbitt']",True,1720537
183de1a0-9efa-48d5-a0fa-d2fdd9e42c6f,Arcadia eFuels,Low-carbon synfuels producer,arcadiaefuels.com,"Austin, Texas","['SWEN Capital Partners', ""KGAL's ESPF 6""]",26.0,13.04,Other,,"['Louisa Colombo (Chief Legal Officer & Co-founder): https://linkedin.com/in/louisa-colombo-645076ba', 'Amy Hebert (Chief Executive Officer): https://linkedin.com/in/amy-hebert-47710b3a']",True,284349786
7b675e76-09fe-4ba8-8ff6-77c0f033ea6f,arcelormittal calvert,Build electrical steel plant,,,,,,,,,False,Not in Affinity
010f1f16-af5c-4982-903b-0a8091fe3701,Arch,Data intelligence platform for HVAC contractors,getarch.com,"San Francisco, California","['Coatue', 'Floodgate', 'ReGen Ventures', 'MCJ Collective', 'Gigascale Capital']",7.0,0.0,Seed,6200000.0,"['Sacha Schmitz (Co-Founder): https://linkedin.com/in/sachaschmitz', 'Phil Krinner (Co-Founder & CEO): https://linkedin.com/in/pkrinner']",True,289168692
86326e9e-0bf4-4ab9-80c0-653b48e0084b,Country Archer Jerky,eVTOL developer,countryarcher.com,"None, None",Monogram Capital Partners,68.0,6.25,Series C,12000000.0,,True,126877916
1f6bc30c-5f6f-493c-9c9f-36e93dd713b6,archer aviation,eVTOL developer,https://archer.com/,,,,,,,,False,Not in Affinity
50ae8852-bda6-4902-933f-bfc4dc005a1b,archipelago,Commercial property risk analysis platform,,,,,,,,,False,Not in Affinity
1599c6dd-acba-4dd2-a7a5-4502b4679e50,Archive,Resale and circular fashion platform,archive.com,"Culver City, California","['305 Ventures', 'Stripe', 'Sugar Capital', 'Lux Capital', 'Human Capital', 'Tiger Global', 'Red Antler', 'Battery Ventures', 'Anti Fund']",29.0,38.1,Seed,8000000.0,"['Paul Benigeri (Co-Founder & CEO): https://linkedin.com/in/benigeri', 'Geoffrey Woo (Co-founder & Chairman): https://linkedin.com/in/geoffreywoo']",True,1799860
f8ba58b4-8712-4e82-bfcb-629e149bc54a,arclight clean transition corp.,Renewable energy-focused SPAC,,,,,,,,,False,Not in Affinity
1a7cc4db-bd54-4835-9e61-537a89b6e0a7,arclight infrastructure partners,SkyVest Renewables unit,,,,,,,,,False,Not in Affinity
ddfd965b-9b74-4a3d-aa86-130fadc4350d,Arda Biomaterials,Biodegradable materials manufacturer,arda.bio,"London, England",,,,,,,False,290865872
223b0ebf-d490-4200-8df3-8dfeec8141bb,arena,AI-powered platform for hardware engineers,arena.com,New York,,,,,,,False,278429543
b25a938a-4dca-4b5a-8ffe-a99162841b9e,ARENKO,Energy storage and optimization developer,arenko.com,"London, England",,,,,,,False,291778282
1221d700-81dd-43cc-99f0-83fb556480f9,Arevo AB,Biotech platform focused on plant growth,arevo.se,"Umeå, Sweden",,,,,,,False,286927156
6402ca4c-22d8-4c3d-82d5-552b07fc21b9,arevon energy,Solar-plus-storage project in California,,,,,,,,,False,Not in Affinity
709bdcdb-8f16-4b69-a98f-aee01ac7e0d0,aris machina,AI manufacturing company,https://arismachina.com/,,,,,,,,False,Not in Affinity
7d7a68ed-1bd6-4dab-93ef-9862eb1a99d4,ARK Capture Solutions,Modular carbon capture systems,arkcapturesolutions.com,"Brussels, Belgium",,,,,,,False,296677604
46028f0c-81da-4f34-b116-abffdf6dd0b1,Arkea Bio,Maker of cow vaccines for enteric emissions,arkeabio.com,"Boston, Massachusetts","['AgriZeroNZ', 'Breakthrough Energy Ventures (BEV)', 'The Grantham Foundation for the Protection of the Environment', 'Rabo Ventures', 'Overview Capital', 'Breakthrough Energy Ventures', 'The51 Food & AgTech Fund']",30.0,36.36,Series A,26500000.0,Colin South (CEO): https://linkedin.com/in/colin-south-9456422,True,286362757
a72042c8-f65a-47ec-a7f7-907b8735b8e9,arkeon biotechnologies,Turning CO2 into food ingredients,,,,,,,,,False,Not in Affinity
6e1556e7-d9e8-4211-98d3-fa1da906cd68,Arkion SA,Analytics platform for power grids,arkion.com,"Stockholm, Sweden",,,,,,,False,204079573
2293df2b-37e0-42a1-a9f3-8cec0d018898,arlo,AI-powered health insurance provider for small and medium-sized businesses,,,,,,,,,False,Not in Affinity
677819d3-84de-4ca4-ad93-9609a03d0e14,Arnergy,Solar sales business,arnergy.com,"Lagos, Nigeria",,,,,,,False,1777736
7db38e41-af46-438d-9ce2-d6ac569fba78,Arnica,Behavior-based solution for software supply chain security,arnica.io,"Johns Creek, Georgia","['Avi Shua', 'Baruch Sadogursky', 'Joule Ventures', 'Dror Davidoff', 'First Rays Venture Partners']",36.0,63.64,Seed,7000000.0,Eran Medan (Co-Founder and CTO): https://linkedin.com/in/eranmedan,True,283199369
61c94eee-d7e0-40d8-af4c-1ebfcf61252a,aro homes,Carbon-negative homebuilding startup,https://www.arohomes.com/,,,,,,,,False,Not in Affinity
56df4657-c949-4898-98c1-4cf7e850a242,Array Technologies,Maker of ground-mounting systems for solar energy projects,arraytechinc.com,"Albuquerque, New Mexico",,428.0,1.66,Public Markets,1050000000.0,"['Jim Fusaro (President & CEO): https://linkedin.com/in/jim-fusaro-a869a91', 'Kevin Hostetler (Chief Executive Officer): https://linkedin.com/in/kevinghostetler', 'Duncan Palmer (CEO - Array South Africa): https://linkedin.com/in/duncan-palmer-185a4840']",True,1600437
d07881e3-86ae-421f-a154-68b3980ee756,Arrcus,Provider of software driven solutions,arrcus.com,"San Jose, California","['General Catalyst', 'Lightspeed Venture Partners', 'Liberty Global', 'Prosperity7 Ventures', 'Clear Ventures', 'Silicon Valley Bank', 'U.S. Small Business Administration.', 'Lightspeed', 'Hitachi Ventures', 'NVIDIA']",155.0,3.33,Series C,30000000.0,"['Shekar Ayyar (Chief Executive Officer): https://linkedin.com/in/shekarayyar', 'Devesh Garg (Founder & CEO): https://linkedin.com/in/devesh-garg-3b41b12']",True,161852981
0cb07129-7324-4d69-9868-bf2d9af0fef1,Arrikto,Machine learning development startup,arrikto.com,"San Mateo, California",Unusual Ventures,6.0,0.0,Series A,10000000.0,"['Joe Costello (Executive Chairman): https://linkedin.com/in/joe-costello-566ab53', 'Vangelis Koukis (Founder & CTO): https://linkedin.com/in/vangelis-koukis-48290911', 'Constantinos Venetsanopoulos (Founder & CEO): https://linkedin.com/in/constantinos-venetsanopoulos-1aa0639b']",True,2181552
0063999c-bbcf-46e4-bd34-cdb5c19b1e99,arrival,Electric vehicle company,,,,,,,,,False,Not in Affinity
081d820f-8bf9-4e9e-9843-0c8a806cb660,arrive recommerce,Resale platform,,,,,,,,,False,Not in Affinity
57621c64-0659-4f4a-ab3c-1c53d5b02dc7,Arsenale BioYards,Advanced bioreactors with AI-driven software for biomanufacturing,arsenale.bio,"Milan, Italy",,,,,,,False,291478038
d64b86f8-caf2-4a6c-a6e1-337cf1bd1fed,Artem,Software and hardware platform for CBAM compliance,artem.com,"Cham, Germany",,,,,,,False,287951431
089b0054-b4fa-4905-94df-20440db5038a,Arturo,AI-powered analytics provider of property predictive analysis,arturo.ai,"Chicago, Illinois","['Crosslink Capital', 'RPS Ventures', 'IAG Firemark Ventures', 'Atlantic Bridge Capital']",36.0,12.5,Series B,25000000.0,"John-Isaac ""jC"" Clark (Chief Executive Officer): https://linkedin.com/in/johnisaacclark",True,164759002
2b2bfe8a-4005-41ba-8f52-1a8ae64fba52,Artyc,Cold supply chain technology including a lithium-ion battery and a solid-state heat pump,shipartyc.com,"San Francisco, California",N/A,25.0,-3.85,,14000000.0,,True,287096624
0a1ff987-4bd5-4f11-bc91-55979dd285f0,Arya,Agritech credit provider,arya.ag,"Noida, India",,,,,,,False,291785857
9f781311-84fd-4f98-85cc-8de159e5213b,Ascend Analytics,Energy transition analytics platform,ascendanalytics.com,"Boulder, Colorado","['Silversmith Capital Partners', 'Rubicon Technology Partner', 'Galvanize Climate Solutions']",137.0,5.38,Other,,,True,144272324
27894052-39ab-4b56-b525-b1ac89ac057f,Ascend Elements,Lithium-ion battery recycling service,ascendelements.com,"Westborough, MA","['Orbia Ventures', 'At One Ventures', 'Clearvision Ventures', 'Just Climate', 'Mirae Asset Capital & LS', 'TDK Ventures', 'Fifth Wall', 'Oman Investment Authority', 'Shinhan GIB', 'SK ecoplant', 'Agave Partners', ""GLy Capital Management's New Mobility Fund"", 'Alliance Resource Partners', 'Hitachi Ventures', 'Fifth Wall Climate', 'Qatar Investment Authority', 'Tenaska', 'Mirae Asset', 'Doral Energy-Tech Ventures', 'Temasek', 'Lithium Americas Corporation', 'Alumni Ventures', 'BHP Ventures', ""Jaguar Land Rover's InMotion Ventures"", 'TRUMPF Venture', 'PULSE - CMA CGM Energy Fund', 'Decarbonization Partners']",213.0,-17.12,Series D,162000000.0,Mike O'Kronley (Chief Executive Officer): https://linkedin.com/in/mike-o-kronley-32173715,True,284504218
026a4db6-1a5c-4ced-85aa-415cfe93eeb2,Aspen Creek Digital,Renewable Bitcoin mining operator,acdigitalcorp.com,"El Segundo, California","['Galaxy Digital', 'CMT Digital', 'Copper River Energy Partners', 'Luxor Technologies', 'Mana Ventures', 'Polychain Capital', 'Gaingels', 'Jamie Leeof Tamarack Global', 'Alex Robertson of Tiger Management']",4.0,0.0,Series A,8000000.0,Alexandra DaCosta (Chief Executive Officer): https://linkedin.com/in/alexandra-dacosta-9a580783,True,284807166
953fa704-6e08-4eda-bb6d-1c6b1a6de367,Aspen Power Partners,Provider of community and C&I solar and storage,aspenpower.com,"Dallas, Texas","['Lombard Odier', 'J.P. Morgan', 'Mitsubishi UFJ Financial Group, Inc']",73.0,2.82,Debt,241000000.0,"['Scott Delaney (Managing Partner & Co-Founder): https://linkedin.com/in/scottfdelaney', 'Jorge Vargas (Managing Partner & Co-Founder): https://linkedin.com/in/jorge-vargas-605a801', 'Jackson Lehr (Managing Partner & Co-Founder): https://linkedin.com/in/jackson-lehr-5954842', 'David Berv (Principal & Co-Founder): https://linkedin.com/in/david-berv-2438b414']",True,285760444
9b3e3645-1559-45eb-8811-5754c86478b2,Aspiration,Socially- and environmentally-conscious fintech startup,aspiration.com,"Marina del Rey, California","['Alpha Edison', 'Sutter Rock', 'AGO Partners', 'UBS', 'DNS Capital', 'U.S. Small Business Administration.', 'Social Impact Finance', 'Capricorn Investment Group', 'Radicle Impact', 'Oaktree Capital Management, L.P', 'Allen and Company', 'Brian Weinstein', 'Frank Yeary', 'Orlando Bloom', 'Joseph Sanberg', 'Deborah Hopkins', 'Renren', 'Alexis Maybank', 'Lenny Mendonca', 'Bill Lee', 'Steven Rattner', 'GSV Capital', 'Matthew Salzberg', 'Omidyar Network', 'IGSB Mission', 'Reyl & Cie', 'Gordon Crawford', 'Tom Unterman', 'Joe Lonsdale', 'David Bonderman', 'Doc Rivers', 'Rick Hess', 'Matthew Dowd', 'Capricorn Investments', 'Dan Rosensweig']",5.0,-38.0,Other,315000000.0,,True,1727396
cc017713-8ab1-401e-bb83-49a5a27c0744,aspiration partners,Sustainable banking startup,https://www.aspiration.com/,,,,,,,,False,Not in Affinity
f92cbdcd-04b6-4919-a24f-5577b547405f,Aspiring Materials,Carbon capture startup,aspiringmaterials.com,New Zealand,,,,,,,False,283715708
2e6b8d61-be09-4078-9b14-b93752d1c71a,Assembly OSM,Modular construction startup,assemblyosm.com,"New York, New York","['Moving Capital', 'Fifth Wall', 'Signia', 'Jefferies Group', 'FJ Labs', 'New Vista Capital', 'Atento Capital', 'Atento', 'Manta Ray Ventures', 'Tectonic', 'Gaingels', 'New York City Energy Efficiency Corporation']",31.0,-34.04,Other,3000000.0,Andrew Staniforth (Chief Executive Officer): https://linkedin.com/in/astaniforth,True,280701223
3cb2baaa-425b-4338-b3c3-342219a115ac,Assetcool,Power lines robotics and coatings developer,assetcool.com,"Leeds, England",,,,,,,False,262001205
625b571d-a808-43bc-8d90-13667886ed40,AssetWatch,Asset monitoring and predictive maintenance business,assetwatch.com,"Westerville, OH, U.S.","['Standard Investments', 'Triangle Peak Partners', 'G2 Venture Partners', 'Wellington Management', 'JobsOhio Growth Capital Fund', 'Osage University Partners']",199.0,28.39,Series B,38000000.0,,True,289168211
313edcb1-4d9f-4a10-9db6-4fea57283076,Astanor Ventures,Focused on European agri-food tech startups,astanor.com,,,43.0,2.38,Investment Fund,384278400.0,Eric Archambeau (Co-Founder): https://linkedin.com/in/ericarchambeau,True,220243380
07fa88ba-a325-4fe9-9166-4b2521a457cc,Astraea,Satellite intelligence company leveraging geospatial data to address climate change,astraea.earth,"Charlottesville, Virginia","['Carbon Drawdown Collective', 'Aligned Climate Capital', 'Tydall Investment Partners', 'CAV Angels', 'University of Virginia (UVA) Seed Fund']",8.0,-20.0,Series A,6500000.0,"['Simeon Fitch (Co-Founder & VP of R&D): https://linkedin.com/in/simeon-fitch-643650', 'Daniel Bailey (Co-Founder & CTO): https://linkedin.com/in/daniel-bailey-05841349', 'Kimberly Scott (Co-Founder and VP of Data Science): https://linkedin.com/in/kimberlysscott', 'Simeon Fitch (Co-Founder, Chief Technology Officer): https://linkedin.com/in/simeon-fitch-643650']",True,159740213
d9c29942-f5da-4af3-a388-14996535842e,Astral Systems,Develops multistate fusion technology,astralsystems.com,"Bristol, U.K.",,,,,,,False,301253313
33af011a-3f18-435d-87c3-cb9c1d4f91cf,AstroForge,Mining resources in space,astroforge.com,"Huntington Beach, CA",,,,,,,False,300635160
373711d0-83d8-45e7-9640-9fc98d5f6e74,astroscale,Company removing space debris,,,,,,,,,False,Not in Affinity
a4227a0c-dbe8-439a-b301-686245ba2a8f,ASUENE Inc.,Carbon emission visualization platform,asuene.com,"None, Japan",,106.0,,,5530950.0,,True,300248548
a244c30f-e41b-4c20-b4b1-2f6ceefd3f51,At One Ventures,Investment firm,atoneventures.com,"San Francisco, CA",,19.0,5.56,Investment Fund,375000000.0,,True,263366544
2086fc56-3c4a-4b46-9a63-160810f3bfd3,atarraya,Developing sustainable shrimp farming technology,https://www.atarraya.com/,,,,,,,,False,Not in Affinity
35618f0c-84a8-4632-881b-dc7929afea30,atec,Smart stove technology platform,,,,,,,,,False,Not in Affinity
e477b4d7-83a5-4838-8154-186ded4d13e8,Ather Energy,Electric scooter maker,atherenergy.com,India,,,,,,,False,1687788
deb99855-8e48-4678-b545-ee6bb550f2eb,athian,Livestock carbon marketplace,,,,,,,,,False,Not in Affinity
0013f2f4-6850-4361-81f6-32ae37605f4d,Ati Motors,Autonomous electric vehicles designed for industrial settings,atimotors.com,"Bangalore, India",,,,,,,False,268337766
e1170f60-0562-4e33-b85b-ffa59986ec8b,Atinary Technologies,Materials discovery platform for climate solutions,atinary.com,"Épalinges, Switzerland","['Cherubic Ventures', 'Innosuisse', 'AgFunder']",23.0,4.55,Seed,5000000.0,"['Hermann Tribukait (Co-Founder & CEO): https://linkedin.com/in/htribukait', 'Loïc Roch (Co-founder and CTO): https://linkedin.com/in/lo%C3%AFc-roch-832a6812b', 'Florian Häse (Co-founder and Head of Research at ChemOS Inc.): https://linkedin.com/in/florian-h%C3%A4se-84059a180']",True,279426962
9f9aa44a-aecf-4613-8e80-7656eba0dd82,Atlas AI,Provider of economic and agricultural insights,atlasai.co,"Palo Alto, California","['Micron Technology', 'The Rockefeller Foundation', 'Airbus Ventures']",25.0,-16.67,Series A,7000000.0,"['Abe Tarapani (Chief Executive Officer): https://linkedin.com/in/abe-tarapani', 'David Lobell (Co-Founder): https://linkedin.com/in/david-lobell-7a477410', 'Marshall Burke (Co-Founder): https://linkedin.com/in/marshall-burke-6654324']",True,220248054
ea41e115-b9fc-4a36-8d83-32a41d249616,ATLAS MATERIALS,Technology platform processing low-grade nickel ores,atlasmaterials.com,"Mount Prospect, Illinois","['Voyager Ventures', 'Grantham Environmental Trust']",7.0,-12.5,Series A,27000000.0,,True,290145168
401b90ef-1c0d-48c0-99ae-2caed098bc34,Atlas Metrics,Build an online platform for tracking ESG metrics,atlasmetrics.io,"Berlin, Germany","['Cherry Ventures', 'Rivus Capital', 'TD Veen', 'b2venture', 'another.vc', 'Global Founders Capital', 'Charlie Songhurst', 'R Ventures / Redstone', 'Cameron Hepburn', 'Martin Blessing', 'Matthias Hilpert', 'MMC Ventures', 'Redstone']",51.0,70.0,Series A,12200000.0,"['Wladimir Nikoluk (Founder and CEO): https://linkedin.com/in/wladimir-nikoluk-2b498732', 'Lauren Maupetit (Founder Associate): https://linkedin.com/in/lauren-maupetit-810619170']",True,280001868
5a2edb2a-d256-41f3-a1af-84e94400baeb,Atlas Renewable Energy,Energy storage projects in Chile,atlasrenewableenergy.com,Miami,,,,,,,False,150792486
fac520c0-a9ee-4adc-ab75-61d8f70f7b1a,atlast food co,Producer of plant-based meats,https://atlastfood.co/,,,,,,,,False,Not in Affinity
ba184df2-c76a-43f0-a765-4b0067e678d6,atmen,Automated sustainability certification platform,,,,,,,,,False,Not in Affinity
6c9d76b9-5a20-4f90-ab1a-ef209cb58712,Atmio,Methane leak detection platform,atmio.com,"Hamburg, Germany","['SquareOne', 'Bernhard Mohr', 'Notion Capital', 'HCVC', 'Robin Capital', 'VOYAGERS Climate-Tech Fund']",19.0,46.15,Seed,5100000.0,,True,1576714
3e5859dc-4910-4d24-ade6-737bfbfc49de,ATC English version,Evaporative cooling systems using seawater,atmocooling.com,"Seattle, WA",,,,,,,False,288868811
597ea5c9-14bb-4eeb-b305-ae68c8bd6493,atmosic technologies,Ultra-low power wireless connectivity technology,https://www.beta.team/,,,,,,,,False,Not in Affinity
772e69f3-ca3d-47c5-99ee-020b75355148,AtmosZero,Modular electrified boilers platform,atmoszero.energy,"Fort Collins, Colorado","['AENU', 'Energy Impact Partners', 'Constellation Technology Ventures', 'Starlight Ventures', 'Engine Ventures']",29.0,31.82,Series A,21000000.0,"['Todd Bandhauer (CTO and Co-Founder): https://linkedin.com/in/todd-bandhauer-43b72523', 'Addison Stark (CEO): https://linkedin.com/in/addison-stark']",True,286208874
bc0f47b0-b91b-4ebc-8ec9-52b740d2b91b,AtoB,Help truck drivers and fleet managers manage fuel and other expenses more efficiently,atob.com,"San Francisco, CA",,,,,,,True,289002207
a4be10e7-11ce-49fa-b786-b1b0bd35b7fb,Atom Power,Provider of EV charging solutions,atompower.com,"Huntersville, North Carolina","['U.S. Small Business Administration.', 'Valor Equity Partners', 'Siemens AG', 'next47', 'ABB Technology Ventures', 'Atreides Management', 'Rockwell Automation, Inc.']",52.0,-44.09,Series B,17750000.0,"['Ryan Kennedy, PE (CEO): https://linkedin.com/in/ryanjkennedy', 'Dr. Bartosz Wojszczyk (Market Maker / Megadeals (CEO office)): https://linkedin.com/in/bartoszwojszczyk']",True,117394537
e433de66-e7f4-4509-8921-3c621cdf2a77,Atomberg Technology,Smart and energy-efficient appliances company,atomberg.com,"Mumbai, India",,,,,,,False,27927193
81894173-79b5-48e6-8cbc-2655fefbf80e,Atomic Canyon,AI-powered operations solutions for the nuclear energy sector,atomiccanyon.com,"San Luis Obispo, CA",,1.0,0.0,,,,True,299307297
a064f7eb-ce43-49c7-86a5-799bd5b67bba,Atomo Coffee,Developer of sustainable coffee through upcycled ingredients,atomocoffee.com,"Seattle, WA",,,,,,,False,221910726
2b34d3cc-2d98-4fc0-accc-174dc2b2c98e,auar,Robotic microfactories for timber home construction,,,,,,,,,False,Not in Affinity
9e507cfe-c275-435c-9023-78e88589fabb,audette,Net zero planning platform for commercial real estate,,,,,,,,,False,Not in Affinity
bfff89b5-25a8-42d3-b9cf-dda3925368dc,Augmenta AI,Building design automation company for the construction industry,augmenta.ai,"Toronto, Canada","['Hazelview Ventures', 'Eclipse', 'Suffolk Technologies', 'Whiteshell Group Inc.', 'Ferguson Ventures', 'BDC Capital’s Deep Tech Venture Fund', 'Prelude Ventures', 'Montage Ventures']",47.0,-16.07,Seed,10000000.0,"['Davide Panelli (Co-Founder): https://linkedin.com/in/dpanelli', 'Francesco Iorio (CEO): https://linkedin.com/in/francescoiorio']",True,280706160
d03d40a7-f208-44e5-ae01-5dadd5e823e0,Augmentus,Developer of intelligent and no-code robotics software solutions,augmentus.tech,"Austin, Texas","['Cocoon Capital', 'Sierra Ventures']",34.0,41.67,Series A,5000000.0,"['Yong Shin Leong (Co-Founder): https://linkedin.com/in/yong-shin-leong-0a439a9b', 'Daryl Lim (Co-Founder): https://linkedin.com/in/daryllimyq']",True,225100089
6a6a8074-5de0-4ebf-8c35-29909e7f41d8,augury,Machine diagnostics provider,,,,,,,,,False,Not in Affinity
5320e929-0810-4afe-95d8-3e0ceecb3535,august,Creating biodegradable period care products,,,,,,,,,False,Not in Affinity
7719ff72-a5f5-4cf6-93df-b1b928015723,aura power,Solar and battery storage provider,https://aypapower.com/,,,,,,,,False,Not in Affinity
a422cc41-726b-4319-aa98-9806a08b8a8e,Aurea Imaging,Sensor systems designed for orchard farmers,aureaimaging.com,"Utrecht, Netherlands",,,,,,,False,204035538
a2c5d229-ad1c-48be-a5dd-384bdeaede21,Auriga Space,Electromagnetic space launch developer,aurigaspace.com,"Los Angeles, CA",,,,,,,False,292526040
e7d9f224-2061-4ebd-9583-66bb358f5a72,Aurora Hydrogen,Hydrogen production technology company,aurorahydrogen.com,"Edmonton, Canada",,,,,,,False,283665432
a9296ef5-8a70-4fb0-9839-a810329319dc,Aurora Solar,Solar design software company,aurorasolar.com,"San Francisco, California","['Coatue', 'Fifth Wall', 'Iconiq Capital', 'Energize Ventures', 'U.S. Small Business Administration.', 'Lux Capital', 'S28 Capital', 'ICONIQ', 'Emerson Collective', 'Pear', 'Pear VC']",371.0,-19.0,Series D,200000000.0,"['Samuel Adeyemo (Co-Founder): https://linkedin.com/in/sdadeyemo', 'Christopher Hopper (Co-Founder): https://linkedin.com/in/christopher-hopper']",True,33107890
f05fe96f-0214-428a-b8c0-5c9daf5c29d5,autodrive,Autonomous vehicle technology,https://www.autodrive.com/,,,,,,,,False,Not in Affinity
056cec4c-bdec-4e94-b464-5c598d74e600,Autofleet,AI-powered fleet optimization and vehicle-as-a-service solutions,autofleet.io,"Tel Aviv-Yafo, Israel","['MizMaa Ventures', 'Liil Ventures', 'Next Gear Ventures', 'Maniv Mobility']",78.0,8.33,Series A,7500000.0,"['Dor Shay (Co-Founder & CTO): https://linkedin.com/in/dorshay', 'Avi Hauben (CMO & Co-Founder): https://linkedin.com/in/avi-hauben', 'Kobi Eisenberg (Co-Founder & CEO): https://linkedin.com/in/kobieisenberg']",True,200339136
2283beac-5549-4fc9-9b10-21b9ca6fa212,autoflight,Developing electric autonomous aircraft,,,,,,,,,False,Not in Affinity
42c36725-c67d-45f5-bb39-5f2b78da4fc0,Autogrid,Virtual power plant software provider,auto-grid.com,"Redwood City, California","['SolarEdge Technologies', 'Moore Strategic Ventures', 'Shell Ventures', 'Envision Ventures', 'GS Futures', 'Microsoft Climate Innovation Fund', 'Energy Impact Partners', 'National Grid Partners', 'Foundation Capital', 'Advanced Research Projects Agency-Energy', 'Total Carbon Neutrality Ventures', 'SE Ventures', 'Total Energy Ventures', 'Envision Energy', 'innogy', 'Orstead', 'Ørsted', 'Clearsky Power & Technology Fund', 'E.ON', 'CLP Group', 'Voyager Capital', 'Shell Ventures LLC', 'Tenaska', 'CLP Holdings Group', 'Energy Impact Partners (EIP)', 'Stanford University', 'National Grid']",55.0,-23.61,Series D,85000000.0,"['Amit Narayan (Founder / CEO): https://linkedin.com/in/amitnarayan', 'Bobby Napiltonia (Mentor, Advisor and Partner in Crime to CEO): https://linkedin.com/in/bobby-napiltonia-8b82624', 'Ruben Llanes (Chief Executive Officer): https://linkedin.com/in/ruben-llanes-7386319']",True,1600251
96b34ee7-c189-49d9-b681-58bc4e770861,automated architecture,Robotic home construction,,,,,,,,,False,Not in Affinity
14593a04-9cf4-48b6-8ef9-b388ff510bd4,ACC - Automotive Cells Company,Lithium-ion battery cell gigafactories,acc-emotion.com,"Paris, France",,,,,,,False,283633976
bcd0866b-989e-46ff-be18-c9bb02e28d1c,automotus,Automated curb management solution,,,,,,,,,False,Not in Affinity
63e6f0cb-8585-472d-93a7-bc2b3db5832d,AutoNxt Automation,High-voltage electric powertrains,autonxt.in,"Bhiwandi, India",,,,,,,False,221911828
5c982a59-b1e4-4fdc-85f5-e066e805d53c,avaada,Green hydrogen ammonia producer,,,,,,,,,False,Not in Affinity
06308d4d-97bb-4909-8459-f8eaba692c01,Avalo,Genome analysis platform for climate-resilient crops,avalo.ai,"Durham, North Carolina",,22.0,22.22,Series A,10000000.0,Mariano Alvarez (Co-Founder): https://linkedin.com/in/mariano-alvarez-5bb74148,True,280830055
4da30e76-f3a5-4e20-9c8e-2775618e97ff,avangrid,Power company,,,,,,,,,False,Not in Affinity
3e5a0734-ce47-40b7-a3c5-cbb57347fb7d,avant,Plant-based protein producer,,,,,,,,,False,Not in Affinity
cf2314ae-6c98-45bc-9fd0-762ebed177f5,Avantus credit,Utility-scale solar and battery energy storage,avantus.com,"Folsom, California","['KKR Funds', 'EIG']",167.0,2.45,,1000000000.0,"Tom Buttgenbach, Ph.D. (Founder & CEO): https://linkedin.com/in/tomb4",True,154902028
8e121487-a480-45d2-aab7-5a09a9ca11f6,avidxchange,Accounts payable automation for mid-size businesses,,,,,,,,,False,Not in Affinity
95354087-59df-4abd-a682-159ed297ab82,avisomo,Automated vertical farming technologies,,,,,,,,,False,Not in Affinity
d8c2b4ed-74dc-4801-b03b-c0527cdd2a3d,aviwell,Animal healthy platform,https://aviwell.com/,,,,,,,,False,Not in Affinity
4b84e0ae-3db6-4b6a-bf55-fd632ed5fb32,avnos,Direct air capture startup using a CO2 adsorbent,,,,,,,,,False,Not in Affinity
07cb5390-98f9-4a93-b5c8-6fccaa475ff2,Avoxt,Membrane-free electrolyzer technology for hydrogen production,avoxt.com,"Eindhoven, Netherlands",,,,,,,False,286456107
42f85dfa-5561-45c9-bd39-3825a85ce9a8,axeleo capital,"Investment firm across energy, chemicals, materials, agriculture",,,,,,,,,False,Not in Affinity
4c43d8e6-8bd2-456f-b093-c6baa82d1cf5,Axine Water Technologies,Wastewater treatment technology designer,axinewater.com,"Vancouver, Canada",,,,,,,False,1596858
d915d3e6-1449-4f46-803b-aee4231e7684,axiom cloud,Refrigeration management software designed to reduce energy usage and costs,,,,,,,,,False,Not in Affinity
99e75781-2aa4-48b1-9c6d-d9f21653c9a4,axle ai,AI company that automates workflows for compliance teams,axle.ai,"San Francisco, CA",,,,,,,False,1733305
da82c2b8-2ad7-4f8b-90e4-f89da430f81f,axle energy,Energy demand flexibility software startup,axle.energy,"London, UK","['Picus Capital', 'Eka Ventures', 'Amit Gudka', 'Nico Rosberg', 'Sierra Peterson', 'Hanno Renner', 'Accel']",13.0,85.71,Seed,9000000.0,"['Karl Bach (Co-Founder): https://linkedin.com/in/karlbach', 'Archy de Berker (Co-Founder): https://linkedin.com/in/archy-de-berker']",True,291106119
1d92e70e-63ee-4e16-aed1-d3ba3ad16feb,Aymium,Biocarbon and biohydrogen producer,aymium.com,"Gwinn, MI",,,,,,,False,286976378
8ac26ba7-12f5-402e-ad8d-fcb8fcca2c3a,AYPAL: Building API Community Power since 1998,Utility-scale energy storage development business,aypal.org,"Austin, TX",,,,,,,False,289563912
c9739663-6295-490f-9f03-68519f1cf7b4,ayro,Wingsail developer for cargo ships and yachts,,,,,,,,,False,Not in Affinity
4b408a9d-a2df-453b-a2af-49a56b9f860b,Ayrton Energy,Liquid organic hydrogen carrier technology developer,ayrtonenergy.com,"Calgary, Canada",,,,,,,False,287731657
ecf2d283-ae02-4879-883b-a6ae1de88d3c,New York Botanical Garden,Plastic recycling robotics company,nybg.org,"New York, New York",Bezos Earth Fund,526.0,-0.38,Other,50000.0,,True,79717895
0f09fe88-348c-4030-b063-a92e122e0179,baaz bikes,Electric scooter manufacturer,,,,,,,,,False,Not in Affinity
1d2a720a-83b0-48d2-9e41-4b6e4e47e503,babylon micro-farms,On-site vertical farming provider,https://www.babylonmicrofarms.com/,,,,,,,,False,Not in Affinity
e026215f-88a0-42b5-855c-83aeefe4e010,bacta,Carbon-negative natural rubber producer,,,,,,,,,False,Not in Affinity
fa57766c-97d4-40fd-a992-322a6495d964,Balena,Developer of infrastructure for IoT device management,balena.io,"Seattle, Washington","['GE Ventures', 'Aspect Ventures', 'Threshold Ventures', 'OpenView']",71.0,1.43,Series B,14400000.0,"['Petros Angelatos (Founder / CTO): https://linkedin.com/in/petros-angelatos-2104772a', 'Pagan Gazzard (Founder / Senior Software Engineer): https://linkedin.com/in/pagan-gazzard', 'Ralf Kernchen (Co-Founder and Director): https://linkedin.com/in/ralfkernchen']",True,1756930
89046123-c4c0-4c8a-a1d0-8b9817a23df0,BalkanID,Cloud access governance solution developer,balkan.id,"Austin, TX",,,,,,,False,285947888
1ad3e483-fff3-48f7-8f43-0535b3e1089a,ballard power systems,"New fuel cell Gigafactory in Rockwall, TX",,,,,,,,,False,Not in Affinity
3c3256e5-8376-4d1e-be66-12ea04481d34,Balto Energy,Connect homeowners for electrification,baltoenergy.com,"Palo Alto, California",,5.0,66.67,Seed,1000000.0,,True,296120812
c52ff415-5c9f-4a82-9ae0-3b6ccfdf9411,Bambrew,Sustainable packaging solutions,bambrew.in,"Bengaluru, India",,,,,,,False,223241326
7f81114f-23bf-408d-833a-f2e443ca8033,Banyan Street Capital,Project finance platform for sustainable infrastructure,banyanstreet.com,"Miami, Florida",PPP,103.0,0.0,PPP Loan,2000000.0,,True,205545308
95428c95-6633-49cb-809d-ea6da7c074d5,Banyan Infrastructure Corporation,Financing software platform,banyaninfrastructure.com,"San Francisco, California","['Elemental Excelerator', 'Ulu Ventures', 'Energize Ventures', 'VoLo Earth', 'SE Ventures']",49.0,-23.44,Series B,25000000.0,"['Tad Neeley (Co-Founder & President): https://linkedin.com/in/tadneeley', 'Amanda Li (Co-Founder, CPO): https://linkedin.com/in/amandacrystalli', 'Jeremy Friesen 🦬 (Founder): https://linkedin.com/in/jrfriesen', 'John Ryan (Co-Founder, president): https://linkedin.com/in/johnconorryan']",True,220090635
c906f3fa-387f-4bd4-83c8-8b037281b9db,Banyu Carbon,Sunlight-driven process to strip CO2 from seawater,banyucarbon.com,"Seattle, WA",,,,,,,False,289967331
62f0beff-30af-40e1-a160-e6d6ec108a94,Barton Blakeley Technologies,Chemical process to turn CO2 emissions into synthetic silica,bartonblakeley.com,"Harpenden, U.K.",,,,,,,False,287147942
682780ae-6717-4be9-8551-f848211c1c42,Barvecue,Maker of wood-smoked plant-based meats,barvecue.com,"Cornelius, NC",,,,,,,False,279069731
90b4812e-0351-4b34-9816-790f3c70b48b,base power,Energy company,https://www.basepower.com/,,,,,,,,False,Not in Affinity
50edd3e8-d24a-4fe5-9c4b-b69ce81de97c,Basecamp Research,Developer of protein products for biodiversity,basecamp-research.com,"London, United Kingdom","['Systemiq Ventures', 'Hummingbird Ventures', 'True Ventures', 'Blue Horizon', 'Valo', 'André Hoffmann', 'redalpine', 'Unilever', 'Feike Sijbesma', 'Broad Institute', 'Dr. David R. Liu', 'Roche', 'Singular', 'Hummingbird', 'Paul Polman', 'S32', 'DSM', 'Royal Philips']",41.0,10.81,Series B,60000000.0,"['Oliver Vince (Co-Founder): https://linkedin.com/in/olivervince', 'Glen Gowers (Co-Founder): https://linkedin.com/in/glen-gowers']",True,262894690
dbb8dc02-244c-4636-93ce-e552c068053f,Baseload Capital,Geothermal energy projects,baseloadcap.com,"Stockholm, Sweden",,,,,,,False,220431233
273ff023-0643-422b-8afa-67add6af0be9,BasiGo,Electric buses,basi-go.com,"Nairobi, Kenya",,,,,,,False,283041586
208906ab-c458-4371-90e0-14ea0b944b57,basis climate,Marketplace for buying and selling clean energy tax credits,,,,,,,,,False,Not in Affinity
83674918-b3aa-4e4f-99f5-73a6f582ba6b,BastCore,Manufacturing industrial hemp fiber processing company,bastcore.com,"Montgomery, AL",,,,,,,False,198217878
132439ad-bf16-4d15-9618-7ec752f4f34c,Battery Resourcers,Battery recycling company,batteryresourcers.com,"Westborough, Massachusetts","['Jaguar Land Rover’s InMotion Ventures', 'Doral Energy', 'One Ventures', 'Orbia Ventures', 'TDK Ventures', 'At One Ventures', ""Jaguar Land Rover's InMotion Ventures"", 'TRUMPF Venture', 'Doral Energy-Tech Ventures']",109.0,,Series B,70000000.0,Mike O'Kronley (Chief Executive Officer): https://linkedin.com/in/mike-o-kronley-32173715,True,152820114
5590a82f-210b-4264-99b1-7b39f553f9e4,Battery Smart,Battery swapping network service,batterysmart.in,"Gurugram, India","['Tiger Global', 'Blume Ventures', 'The Ecosystem Integrity Fund (EIF)', 'British International Investment (BII)']",513.0,8.69,Series B,33000000.0,"['Siddharth Sikka (Co-Founder): https://linkedin.com/in/sikkasiddharth', 'Pulkit Khurana (Co Founder): https://linkedin.com/in/pulkitkhurana']",True,279596661
b3903482-f70f-439c-82c5-c2d1040cce6e,BattGenie,Battery charging startup,battgenie.life,"Seattle, Washington",,10.0,0.0,Other,300000.0,"['Chintan Pathak (Co-Founder): https://linkedin.com/in/chintanpathak', 'Manan Pathak (Chief Executive Officer): https://linkedin.com/in/manan-pathak-73788a197']",True,262852732
4ae5fdab-935d-4e1f-ba9d-097515ebd721,Battle Approved Motors,Manufacturing vocational electric fleet trucks,battleapproved.com,"New Philadelphia, OH",,,,,,,False,283089645
0d39319d-1c47-439b-9069-bec46d1fa077,battolyser systems,Make electrolyzers for green hydrogen,,,,,,,,,False,Not in Affinity
96c9e16f-cfcf-446f-8eb5-76972ed58636,BatX Energies,Lithium battery recycling company,batxenergies.com,India,,,,,,,False,291716964
764a5a0e-5558-45cc-9c5f-ebeb12b6bcf5,bayotech,Producer of on-site hydrogen,,,,,,,,,False,Not in Affinity
bd8db61f-6198-4fb3-af16-f51200115949,Bcomp,High-performance sustainable materials from natural fibers,bcomp.ch,"Fribourg, Switzerland",,,,,,,False,124901033
0b7994e5-d4b8-4ff2-aa06-f6153055ae22,Be.EV,To expand its fast EV charging network,be-ev.co.uk,"Manchester, U.K.",,,,,,,False,285624775
8b1645ec-34fc-4ca7-9772-7c1f0371758e,beacon power services,Energy management software and analytics provider,,,,,,,,,False,Not in Affinity
48f42a2d-0d9b-4c54-abb4-8324cd3b13aa,Beam,Micromobility startup offering e-scooter rentals,beamforall.com,"San Diego, California",Amiga DOO Kraljevo,69.0,-6.76,Public Markets,10000000.0,"['Robert Noble (Founder, past Chairman, past CEO): https://linkedin.com/in/robert-noble-12a4565', 'Bill Adelson, AIA MBA (Envision Solar, Co-Founder and President): https://linkedin.com/in/billadelson']",True,263656525
de5375b5-5e84-4393-8460-c9883f66e5c0,beams,Home renovation platform,,,,,,,,,False,Not in Affinity
fc305c68-a5e7-4189-9a53-56165384c3fa,"One Hundred Feet, Inc.",Location intelligence and mapping platform for logistics,beans.ai,"Palo Alto, California","['Mubadala Capital', 'Venture Highway', 'Saama Capital']",62.0,-10.14,Other,17000000.0,"['Nitin Gupta (Founder): https://linkedin.com/in/xnitingupta', 'Akash Agarwal (Founder & Chief Business Officer): https://linkedin.com/in/akash-agarwal-79953917']",True,205504935
3b232cbf-2dac-4457-ab6f-b26665dfbd0c,Bear Flag Robotics,Producer of autonomous tractors,bearflagrobotics.com,"Newark, CA",,,,,,,False,164006176
26ed4172-e9ee-4402-9fc3-76d92fdf46bd,Bearing,AI maritime shipping AI company,bearing.ai,"Palo Alto, California","['Mitsui & Co., Ltd', 'AI Fund']",30.0,-28.57,Seed,7000000.0,Dylan Keil (Cofounder & CEO): https://linkedin.com/in/dylankeil,True,222330146
b15af472-dcce-41ab-b080-0ef02e4c7fd5,becis,Develop and operate distributed energy solutions for commercial and industrial customers,,,,,,,,,False,Not in Affinity
39d9360f-b5a3-44c2-9deb-736e92a0ebc1,Bedrock Energy,Geothermal HVAC systems for buildings,bedrockenergy.com,"Los Angeles, California","['Divergent Capital', 'Cantos', 'Wireframe Ventures', 'First Star Ventures', 'Climate Capital', 'Toba Capital', 'Long Journey Ventures', 'Overture Climate VC', 'Energy Impact Partners', 'Overture Ventures', 'Sustainable Future Ventures', 'Elemental Impact', 'Titanium Ventures']",18.0,-14.29,Series A,12000000.0,"['Joel Wishkovsky (Co-Founder): https://linkedin.com/in/joelwish', 'Joselyn Lai (Co-founder & CEO): https://linkedin.com/in/joselynlai']",True,286266415
29d85958-0a8f-4cda-9f3d-4ea89555770c,bedrock materials,Sodium-ion battery materials development,,,,,,,,,False,Not in Affinity
66353a7b-46d3-45bd-b5cb-952ec808355a,Bedrock Ocean Exploration,Autonomous underwater robots,bedrockocean.com,"New York, New York","['Northzone', 'R7 Partners', 'Primary Venture Partners', 'Quiet Capital', 'Valor Equity Partners', 'R7', 'ENIAC Ventures', 'Eniac Ventures']",37.0,-11.9,Series A,25500000.0,Anthony DiMare (CEO & Co-founder): https://linkedin.com/in/anthonydimare,True,224204698
01f7ceb7-8536-4241-8b69-b156675f0a6f,Bedrock Ocean Exploration,Seafloor data exploration platform,bedrockocean.com,"New York, New York","['Northzone', 'R7 Partners', 'Primary Venture Partners', 'Quiet Capital', 'Valor Equity Partners', 'R7', 'ENIAC Ventures', 'Eniac Ventures']",37.0,-11.9,Series A,25500000.0,Anthony DiMare (CEO & Co-founder): https://linkedin.com/in/anthonydimare,True,224204698
3596f810-3d64-4428-ba49-c12545209a47,beebop.ai,Control DERs in homes,beebop.ai,"New York, New York","['Angular Ventures', 'Contrarian Ventures']",19.0,35.71,Seed,5500000.0,Jan-Willem Rombouts (Founder & Executive Chair): https://linkedin.com/in/jan-willem-rombouts-a4211b1b,True,292893089
a91da54f-2412-44b0-b5a7-6f714bb0f9b1,beeflow,Startup looking to protect bees,https://www.ecoflow.com/,,,,,,,,False,Not in Affinity
8a0e111b-0eaf-4f9f-99f8-aced5b735b8e,BeeHero,Apiculture startup,beehero.io,"Fresno, CA",,,,,,,False,197478963
0e63213f-6fec-4dc4-b91c-36b3518e490c,beem,Energy management company,,,,,,,,,False,Not in Affinity
d5f8ab98-fade-4e86-9f88-7df3571f6bd8,beem energy,Residential solar kit company,,,,,,,,,False,Not in Affinity
6aba3a5f-55ef-43fb-a974-c80170164925,Beep,"Provider of multi-passenger, autonomous EVs",go-beep.com,"Orlando, Florida",U.S. Small Business Administration.,25.0,,PPP Loan,150000.0,"['Joe Moye (CEO): https://linkedin.com/in/joe-moye-2947674', 'Rodney Rogers (Co-founder & Lead Board Director): https://linkedin.com/in/rodney-rogers-73b56030']",True,262864978
c60d9955-dca3-444a-b4ba-9200c58d08f4,Bees & Bears,Software for cleaner energy installations,beesandbears.com,"Berlin, Germany",unlisted bank in the DACH region,16.0,60.0,,500000000.0,Jakob von Egidy (Founder): https://linkedin.com/in/jakobvonegidy,True,292525908
7a8f4265-6753-4812-900a-0d1e956ac008,beewise,AI-run beehive management solutions startup,,,,,,,,,False,Not in Affinity
7104cd08-f1a7-49f5-93c4-fca28c11ee69,Begas Motor,Makes engines that run on biogas,begasmotor.com,Madrid,,,,,,,False,224621165
63efea97-29cb-4bf0-bd15-d6cc9ee048c2,beleaf,Smart farming company,https://www.beleaf.com/,,,,,,,,False,Not in Affinity
b4df7c06-9bf5-4483-b38f-b4ca4779226c,believ,Electric vehicle charge point operator,,,,,,,,,False,Not in Affinity
c8da14a6-daf8-4a2f-91a7-a042b97c4355,Bend,Carbon removal corporate spend company,usebend.com,"New York, New York",,7.0,75.0,Seed,2500000.0,"['Ted Power (Co-Founder): https://linkedin.com/in/tedpower', 'Thomas Constantine Moore (Co-Founder): https://linkedin.com/in/thomasmost']",True,290766213
6e2b935a-5d7a-4fed-9f5f-1c848d8688ee,bendi,AI-powered supply chain ESG risk platform,https://www.bendi.com/,,,,,,,,False,Not in Affinity
903a086d-57fa-416b-921a-834a58aa4fb8,bene bono,D2C food waste platform,,,,,,,,,False,Not in Affinity
60af516b-2af7-4844-b153-9952f141e6cb,Beni,Second-hand shopping browsing extension,joinbeni.com,"Santa Barbara, California","['Buoyant Ventures', 'Better Ventures', 'Chingona Ventures', 'XYZ Venture Capital', 'Starting Line Ventures']",22.0,0.0,Seed,4000000.0,,True,288786809
8d510cde-d6cb-4a2c-a0ab-8c616ef3446f,benson hill,Agricultural breeding startup for sustainable foods,,,,,,,,,False,Not in Affinity
959b4867-f120-4715-804f-708112b4ce6f,beSirius,AI-powered sustainability intelligence platform,besirius.com,"Amsterdam, Netherlands","['Wepa Ventures', 'NAP', 'Techstars', 'Golden Egg Check', 'Fund F', 'Blackwood']",29.0,,Seed,3000000.0,,True,302513244
26dbceda-f08f-45f3-9495-11435e61c7de,Bestmile,Fleet orchestration platform,bestmile.com,"San Francisco, USA",,,,,,,False,1757688
272a4f96-1a73-42e7-9688-b8567f17d33f,beta bugs,Insect protein for animal feed developer,,,,,,,,,False,Not in Affinity
bee0c49d-5eba-4679-8135-1486116905db,beta technologies,Electric aerospace company,,,,,,,,,False,Not in Affinity
3ac2d1a2-9817-4518-b644-dfd77d81c22c,Better Dairy,Sustainable dairy products startup,betterdairy.com,"London, UK",,,,,,,False,290084614
d95b2d27-7550-4f0d-bd3b-768e6d7b6bed,better origin,AI powered-insect farms developer,,,,,,,,,False,Not in Affinity
de310e96-1e70-446a-9f90-7feafc1b7180,better world acquisition,SPAC targeting ESG companies,,,,,,,,,False,Not in Affinity
50acc105-1e5c-46ec-b1c1-f2e2344def0f,Betterfleet,EV fleet management software,betterfleet.com,"Sydney, Australia","['Ecosystem Integrity Fund (eif)', 'Remarkable Ventures Climate', 'Aligned Climate Capital']",10.0,11.11,Series A,15000000.0,,True,289942074
e8dc2022-7866-4a17-8ac3-6c51d5aa1148,betterseeds,Utilizing gene editing to create resilient crops,,,,,,,,,False,Not in Affinity
5bf5fa20-96c5-47c4-a759-ce313c15d50c,bevc,Investment firm for climate-related companies,,,,,,,,,False,Not in Affinity
2bd1e056-b967-47f9-be82-1c6e6d029427,Bevi,Smart water cooler developer and provider,bevi.co,"Boston, Massachusetts","['Trinity Ventures', 'Cowen Sustainable Investments', 'Horizons Ventures', 'Horizons Ventures, the Hong Kong based private investment fund of Mr. Li Ka-shing', 'Tamarisc', 'Rochester Angel Network', 'TechU Angels']",201.0,8.06,Series D,70000000.0,Eliza Becton (Co-Founder | Head of Product): https://linkedin.com/in/elizabecton,True,1758850
d4afed93-b5ff-4163-a7b5-ae464fd4bdbc,Beyond Aero,Hydrogen-electric planes,beyondaero.com,"Toulouse, France",,,,,,,False,221833193
1211bf28-58ec-4ddd-8d40-9e9339e23ec0,BeZero Carbon,Carbon ratings agency,bezerocarbon.com,"London, United Kingdom","['Contrarian Ventures', 'Quantum Energy Partners', 'Molten Ventures', 'Norrsken VC', 'Illuminate Financial', 'Qima', 'Hitachi Ventures', 'EDF Group', 'Intercontinental Exchange (ICE)', 'GenZero', 'Translink Innovation Fund', 'Japan Airlines', 'EDF Pulse Ventures', 'Quantum Innovation Fund']",191.0,15.76,Series C,31000000.0,"['Sebastien Cross (Co-Founder): https://linkedin.com/in/sebastien-cross-81105a48', 'Tom Powell (Co-founder & Chief Operating Officer): https://linkedin.com/in/tom-powell-61b30082', 'Tommy Ricketts (CEO & Co-founder): https://linkedin.com/in/tommy-ricketts-61158850']",True,279432307
e250e02e-3619-47dd-86e4-604ca3cd1d88,bezos earth fund,Research into livestock methane reduction,,,,,,,,,False,Not in Affinity
98c588ca-9a6e-4bd6-82c4-a458f496667d,bforeai,AI for predicting and blocking cyberattacks,,,,,,,,,False,Not in Affinity
c3c6887a-61e7-49d7-ade9-4d4d04833aa0,bhp group,Mining giants merger,,,,,,,,,False,Not in Affinity
dce571c2-67cc-499a-9926-9dbbb8c926c7,Business Intelligence Advisors (BIA),Smart meter data analysis platform,biadvisors.com,"Boston, Massachusetts",PPP,47.0,4.44,PPP Loan,802000.0,David Nydam (CEO): https://linkedin.com/in/david-nydam-094822,True,1698438
f8271182-f01d-41ac-a703-84949ba654a0,Bia Energy,Smart meter and retail energy platform,bia.app,"Bogota, Colombia","['Opera Ventures', 'Nazca', '8VC', 'BBVA Spark', 'Kaszek', 'Global Founders Capital', 'Marathon Ventures', 'Canary', 'MatterScale Ventures', 'Ewa Capital', 'IDB Lab.', 'RA Capital Planetary Health']",160.0,-12.09,Other,8500000.0,"['Sebastian Ruales (CEO & Co-Founder): https://linkedin.com/in/sebastianruales', 'Guillermo Plaza Roche (Product - Co-Founder): https://linkedin.com/in/guillermo-plaza-roche-33a70356', 'Leonardo Velazquez (Co-Founder & COO @ Bia Energy): https://linkedin.com/in/leonardovelazquez']",True,286522352
07d2bc58-ee4b-4d81-b77a-939d2f1bba1d,bibak,Provider of software for reusable containers,,,,,,,,,False,Not in Affinity
47fe6336-e969-4dae-b253-c182decb73c6,Bidgely,Grid energy data platform,bidgely.com,"Mountain View, California","['Constellation Technology Ventures', 'Khosla Ventures', 'Georgian Partners', 'CIBC Innovation Banking', 'Future Energy Ventures', 'E.ON', 'Accurant International', 'Georgian', 'innogy', 'Exelon Corporation', 'RWE', 'Moore Strategic Ventures (MSV)']",229.0,3.15,Series C,26000000.0,,True,1600224
a93ea2f3-1365-4625-ad35-1dde29742e5b,bigsis,Chemical-free insect control robotics platform,,,,,,,,,False,Not in Affinity
9173a47d-d947-43dc-abc6-b21194fd3b88,BillionElectric,e-Mobility-as-a-Service (eMaaS) platform,billionemobility.com,"Vadodara, India",,,,,,,False,301972369
a8abca21-a5d5-4283-8599-b73e9206b660,bio-logical,Nature-based carbon removal services provider,,,,,,,,,False,Not in Affinity
ccb481e4-ae51-47ae-a18d-2ad82ec76cd9,biobetter,Cultivated meat startup utilizing tobacco plants,,,,,,,,,False,Not in Affinity
f4ca0af6-f965-49df-a1d0-fe233b9a4f53,Biobot Analytics,Technology company deploying wastewater monitoring equipment,biobot.io,"Somerville, Massachusetts",,,,,,,False,148818491
f76edd37-350e-4527-bdad-803e31d26b59,BiOceanOr,Predictive analytics provider for water quality,bioceanor.com,"Valbonne, France",,20.0,5.26,Other,1630995.0,"['Charlotte Dupont (COO & Co-founder): https://linkedin.com/in/charlotte-cousin-dupont', 'Samuel Dupont (CEO, BIOCEANOR SAS): https://linkedin.com/in/samueldupont22', 'Samuel Dupont (Principal Chief Executive Officer): https://linkedin.com/in/samuel-dupont-7437b71a4']",True,223157546
edf97ac9-2987-414e-9c1f-8a9a2b94f911,BioConsortia,Microbial products designed to improve crop yields without negative environmental impacts,bioconsortia.com,"Davis, CA",,,,,,,False,1673822
f642a772-1244-429a-a583-39c445b74e31,biocsol,Microbial biopesticides for crops,,,,,,,,,False,Not in Affinity
e4ee3282-9cde-4b3b-ac04-86626ced2d8d,bioelements,Bioplastics for packaging,,,,,,,,,False,Not in Affinity
a92f6c05-1473-4c1b-950c-23e42b96577e,Bioenergy DevCo,Organic waste recycling company,bioenergydevco.com,"Columbia, MD",,,,,,,False,222342628
3dfc3329-5f83-401c-b5e2-f25941e5d483,Bioeutectics,Green alternatives to solvents used in industrial products and processes,bioeutectics.com,"Mendoza, Argentina","['GridX', 'Atento Capital', 'IndieBio', 'Fen Ventures']",18.0,-25.0,Seed,2100000.0,Fernanda Silva (Co Founder and Scientific Leader Bioeutectics): https://linkedin.com/in/maria-fernanda-silva-96ab6538,True,284931979
d38582f8-94f9-4083-957c-bb01078f0d69,bioflyte,Biothreat detection firm,,,,,,,,,False,Not in Affinity
2518958d-b720-41f3-acd8-670ffe09919b,bioform technologies,Biodegradable plastics manufacturer,,,,,,,,,False,Not in Affinity
504a803c-470b-4db2-8743-f98bfc69a655,BioMASON,Startup using microorganisms to produce cement,biomason.com,"Durham, NC",,,,,,,False,1795548
fc9dda45-fc9f-403f-ae33-24adfe38cdc9,biomatter,"Make new enzymes for use in chemical manufacturing, agriculture, and more",https://www.biomatter.com/,,,,,,,,False,Not in Affinity
15860b6e-62a3-42c0-81a8-04c0625e8f16,Biome Makers,Technology company using data analytics and AI to analyze soil's ecosystem,biomemakers.com,"San Francisco, CA",,,,,,,False,1800595
c1499671-0ae1-46f6-a3be-2f44c5580810,BIOMILQ,Sustainable infant nutrition producer,biomilq.com,"Durham, NC",,,,,,,False,224200007
c6bc7399-f4ad-414a-a10a-283b9e6980f9,bioomix,Microbial solutions for agriculture developer,,,,,,,,,False,Not in Affinity
9a46cb34-7491-46aa-bc15-092ab5c6e5bb,biosphere,Make advanced UV-sterilized bioreactors for biomanufacturing,,,,,,,,,False,Not in Affinity
f2904b3b-c174-4ca0-bc05-c77c8b21fd6b,BioSqueeze®️,Developer of biomineralization technology to seal methane leaks,biosqueeze.com,"Butte, MT",,,,,,,False,280220393
5006a735-4d3c-4187-964b-51148e897791,biotic,Providing bio-based plastic alternatives,,,,,,,,,False,Not in Affinity
5cfcd709-b2bb-4332-b68a-8ce64f451f13,bioveritas,Upcycling food waste into ingredients,,,,,,,,,False,Not in Affinity
bbf93bad-c1cf-4ddb-933c-357668bb9a86,biovox,Sustainable medical-grade bioplastics,http://www.biovox.de/,,,,,,,,False,Not in Affinity
6c2a42b3-2e54-42bd-b526-9c65b6a89732,Birdstop,Drone remote sensing platform for safeguarding critical infrastructure,birdstop.io,"San Francisco, California","['Correlation Ventures', 'Techstars', 'Lerer Hippeau', 'Graph Ventures', 'Anorak Ventures', 'Data Tech Fund', 'Timberline Holdings', 'strategic investors in energy and telecommunications']",7.0,-22.22,,2300000.0,Bill Liu (Co-Founder): https://linkedin.com/in/bill-010101,True,220444868
5bd3adbb-aa46-460f-890b-7dfa7cd37487,Bisly,Smart building system products,bisly.com,"Tallinn, Estonia","['Aconterra', 'several angel investors', 'Paul Padrik', 'Enterprise Estonia', 'Second Century Ventures', 'Pinorena Capital', 'Martin Henk', 'Timo Rein', 'EfTEN Capital', 'Martin Tajur', 'SmartCap Green Fund', 'REACH UK', 'Peep Vain', 'Foxway founders Urvo Männama', 'angel investors']",40.0,25.0,Series A,6200000.0,Mihkel Kõrgmaa (Co-Founder): https://linkedin.com/in/mihkel-k%C3%B5rgmaa-10b107153,True,282941666
67114c5e-bf0c-4b52-b463-2da8abebafae,bison ventures,Investment firm,,,,,,,,,False,Not in Affinity
907821ce-e637-4651-9a29-23ed34d0ee96,bit.io,Postgres database building and collaboration platform,bit.io,"San Francisco, CA",,,,,,,False,200351200
fdd2e73b-144d-4594-a139-2a20b7281f69,Bitsensing,High-resolution radar technology for autonomous driving,bitsensing.com,"Seoul, South Korea",,,,,,,False,160424533
5c7e3c09-5a70-480d-ba87-f271268f5015,Black Sheep Foods,Maker of plant-based lamb alternatives,blacksheepfoods.com,"San Francisco, CA",,,,,,,False,224618333
7e29815e-b7c1-44d4-b5d8-65159ed6d785,Blackhorn Ventures,Investment firm,blackhornvc.com,"Denver, CO",,22.0,0.0,Investment Fund,150000000.0,"[""Philip O'Connor (Co Founder and Managing Partner): https://linkedin.com/in/philip-o-connor-a0a48635"", 'Trevor Zimmerman (Co-Founder and Managing Partner): https://linkedin.com/in/trevorzimmerman', 'Ryan Hurst (Co-Founder and Development Partner): https://linkedin.com/in/ryan-hurst-91ba2788']",True,95105353
af32e1cb-80fc-4dcd-bf64-49bf838077db,BlackRock,Investment firm,blackrock.com,"New York, NY",AMP Wealth Management NZ,23686.0,6.79,Public Markets,17400000.0,,True,280703322
e34f01fa-4ab3-4de2-9f54-4bce309cc8f4,Blackstone Group,Energy-transition-focused private equity fund,blackstone.com,"New York, NY",,6488.0,4.9,Public Markets,2600000000.0,,True,1621319
a79736b3-70c2-4960-867d-ef8c6df89b2f,Blastr Green Steel,Builds hydrogen-powered steel plants,blastr.no,"Lysaker, Norway",,,,,,,False,291646631
cac485e7-1541-46e4-8f83-86737d38775d,Blickfeld,Light detection and ranging (LiDAR) sensing technology developer,blickfeld.com,"Munich, Germany",,,,,,,False,131591412
97cc5502-4ca7-44c7-9d53-540e5905289d,bling energy,Residential solar business,,,,,,,,,False,Not in Affinity
ac1cdf57-d290-4f99-b293-8427ffc6db62,blitz,Electric vehicle-based logistics service platform,,,,,,,,,False,Not in Affinity
cd4858a3-33b8-4b6b-b5fc-2db164db8fee,Blitz Electric Mobility,EV logistics startup,rideblitz.com,"South Jakarta, Indonesia",,,,,,,False,268110112
daa552f9-7180-4027-88e5-f0c597b6e93d,Blixt,Solid state circuit breakers developer,blixt.tech,"Stockholm, Sweden","['Energy Revolution Ventures', 'Union Square Ventures']",17.0,21.43,Series C,5000000.0,"['Jens Peter Schroer (CTO / Co-Founder): https://linkedin.com/in/jens-peter-schroer', 'Trued Holmquist (Co-Founder): https://linkedin.com/in/truedholmquist', 'Jan Johansson (Sr R&D / Co-Founder): https://linkedin.com/in/jan-johansson-54430a105']",True,205503220
e4e21676-57a6-4ff8-ac1c-9e9b2b1a636d,Blocktexx,Chemical textile recycling business,blocktexx.com,"Loganholme, Australia",,,,,,,False,208431001
68f366ca-8330-46cc-9bf4-9eb0b9a475f9,blocpower,Climate technology company,,,,,,,,,False,Not in Affinity
36bb28f3-aaca-4d6a-a556-86b6c3deee92,Bloom Biorenewables Ltd,Transforms biomass to produce petroleum-based products,bloombiorenewables.com,"Fribourg, Switzerland",,,,,,,False,224692306
83ec4407-536c-424e-93c1-5028c6a15103,bloom energy,Fuel cell factory,,,,,,,,,False,Not in Affinity
a38b84f3-b555-42a9-a69b-cb36255b9abe,bloom science,Microbe-based neurological disorder therapeutics developer,,,,,,,,,False,Not in Affinity
d89e8230-a5e0-4415-922b-890ad01ab07b,Bloomfield Robotics,AI-based inspection agriculture robotics platform,bloomfield.ai,"Pittsburgh, Pennsylvania","['Kubota Corporation', 'Oppy', 'SVG Ventures']",32.0,0.0,Other,6077684.0,"['Tim Mueller-Sim (Co-Founder): https://linkedin.com/in/tmuellersim', 'George Kantor (Chief Scientist & Cofounder): https://linkedin.com/in/george-kantor-83375a26', 'Mark DeSantis (Chief Executive Officer): https://linkedin.com/in/mark-desantis-21480']",True,225170246
1a553a90-1d77-4e17-9cbb-83a9e9cfec09,bloomx,Startup providing AI pollination for crops,,,,,,,,,False,Not in Affinity
68122bd5-0ab7-4d40-a9ef-c66d642cc525,Blubrake,E-mobility solutions provider,blubrake.com,Italy,,,,,,,False,111632662
ccbcd1e8-1ebe-4878-b47b-12c7468fa836,blue bear capital,Invest in early-stage climate tech,,,,,,,,,False,Not in Affinity
e92669a4-2f30-4eaa-ab59-43e187394b5f,Blue Current,Solid-state battery developer,bluecurrent.com,"Hayward, California",Umicore,55.0,-3.51,Other,16249995.0,"['Ben Eiref (Chief Executive Officer): https://linkedin.com/in/beneiref', 'Nancy Gioia (Executive Chairman): https://linkedin.com/in/nancy-gioia-a11390aa', 'Joseph DeSimone (Co-founder and Member of the Board of Directors): https://linkedin.com/in/joseph-desimone-35148310', 'Nitash Balsara (Co-Founder): https://linkedin.com/in/nitash-balsara-9b30ba22a']",True,223705661
113f99ea-76bc-40da-aaae-59c8b6d88387,"Blue Planet Energy Systems, LLC",Build small modular nuclear reactors underwater,blueplanetenergy.com,"Honolulu, Hawaii",U.S. Small Business Administration.,9.0,-35.71,PPP Loan,150000.0,"['Christopher Johnson (Chief Executive Officer): https://linkedin.com/in/enlighten', 'Henk Rogers (Chief Executive Officer): https://linkedin.com/in/henkrogers']",True,201815710
c5f0e22c-0793-4bc8-92a6-d2b676194796,blue farm,Plant-based producer of powdered oat milk,,,,,,,,,False,Not in Affinity
1bc99df3-6824-4a7c-a930-4b293844c880,blue frontier,Sustainable air conditioning technology company,,,,,,,,,False,Not in Affinity
a7632012-3155-4e31-8280-23759bcfc8d2,blue horizon ventures,Sustainable food technology focused venture capital fund,https://bluehorizon.com/,,,,,,,,False,Not in Affinity
9ed9dade-a029-47ae-bc9b-6d86efca8c97,Blue Laser Fusion,Laser-based fusion developer,bluelaserfusion.com,"Santa Barbara, CA",,,,,,,False,292524872
2402497b-a984-4bdf-9e0b-8ecfe5abc169,Blue Ocean Barns,Producer of a cattle supplement which significantly reduces the animal’s methane emissions,blueoceanbarns.com,"Redwood City, California","['Tao Capital Partners', 'Valor Siren Ventures', 'strategic investors']",35.0,-7.89,Series A,20000000.0,"['Joan King Salwen (CEO): https://linkedin.com/in/joan-king-salwen-0103a253', 'Mike Bracco (Co-Founder): https://linkedin.com/in/michaelbracco', 'Matt Rothe (Co-Founder & Chief Design Officer): https://linkedin.com/in/matt-rothe-7812721', 'Joan Salwen (CEO): https://linkedin.com/in/joan-salwen-0103a253']",True,263239562
99738a04-ea08-4947-8909-43b9bfcc754e,"Blue Planet Energy Systems, LLC",Developer of carbon capture technology,blueplanetenergy.com,"Honolulu, Hawaii",U.S. Small Business Administration.,9.0,-35.71,PPP Loan,150000.0,"['Christopher Johnson (Chief Executive Officer): https://linkedin.com/in/enlighten', 'Henk Rogers (Chief Executive Officer): https://linkedin.com/in/henkrogers']",True,201815710
0901b948-ea71-4bee-bde7-25f5cccca5b0,Blue Sky Analytics,Geospatial data intelligence startup,blueskyhq.in,"Gurugram, India","['Rainmatter Capital Pvt. Ltd', 'Stanford Angels & Entrepreneurs', 'Beenext']",109.0,,Seed,1200000.0,"['Abhilasha Purwar (Founder & CEO): https://linkedin.com/in/abhilashapurwar', 'Kshitij Purwar (Co-Founder and CTO): https://linkedin.com/in/kshitijpurwar', 'Jashanpreet S. (Co-Founder): https://linkedin.com/in/jashanpreetsinghbhullar']",True,214000390
86c97ee5-9577-4b13-aa78-e1ed24c86823,Blue Stripes,Sustainable consumer food products from ‘upcycled’ cacao fruit,bluestripes.com,New York,,,,,,,False,224673261
799f77d1-35b3-452d-9e32-40b0429c1e46,blue water autonomy,Fully autonomous naval ships,blw.ai,Boston,,,,,,,False,298060062
ec846bc4-6e76-4d38-bc0a-6e81cf06cb9c,blue whale materials,Lithium-ion battery recycling platform,,,,,,,,,False,Not in Affinity
0f50adf3-4675-4546-9636-909c55eaadb4,blue white robotics,Agriculture robotics company,,,,,,,,,False,Not in Affinity
f246b2cf-a78b-47bb-a742-c0eee7cd6ebf,Blue World Technologies,Developer of methanol fuel cells,blue.world,Denmark,,,,,,,False,260727921
88a27a53-53f9-4ce1-b81a-b8c86d32bf00,bluedot,EV charging payments platform,,,,,,,,,False,Not in Affinity
917cdd26-e7b2-4ffc-94a8-828f75a24e64,BlueDot Photonics,Innovator in new applications of perovskite materials,bluedotphotonics.com,"Seattle, WA",,,,,,,False,225145536
740675ac-37ea-40eb-b2be-e27a41f14bf6,bluefront,Investment firm targeting sustainable seafood companies,https://bluefront.com/,,,,,,,,False,Not in Affinity
7e46fe54-9265-42fb-a585-34977df3452f,BlueGreen Ventures,Investment firm targeting early-stage startups,bluegreen.vc,"Washington, DC",,,,,,,False,300894322
292dad2f-4b84-4925-a4fb-dbeb585df868,Blueland,Producer of cleaning products focused on reducing single use plastics,blueland.com,"New York, NY",,,,,,,False,222023896
da591b8a-3524-4379-9ac4-ac7c83506075,BlueLayer,Carbon project management software platform,bluelayer.io,"Berlin, Germany","['Point Nine', 'several angel investors', 'industry experts']",31.0,10.71,Seed,5600000.0,,True,285940115
2ecb9c75-8749-49da-841b-a9cfaa544a07,BlueNalu,Cellular aquaculture developer,bluenalu.com,"San Diego, CA",,,,,,,False,163282054
ffd11e83-e269-415a-b63a-ff95aac194cd,BlueOval SK,EV battery manufacturing joint venture with Ford,blueovalsk.com,"Stanton, TN",,,,,,,False,291037109
